scenario,legacy_scenario,architecture,control_mode,time_s,helics_time_transmission_s,helics_time_distribution_s,helics_time_controller_s,griddyn_poi_voltage_pu,helics_poi_voltage_pu,datacenter_ac_voltage_pu,mv_bus_voltage_pu,load_boundary,load_boundary_nominal_voltage_v,load_boundary_voltage_pu,dc_buffer_enabled,local_q_kvar,central_q_kvar,load_kw,served_load_kw,load_served_fraction,load_kvar,tx_observed_load_kw,below_trip_threshold_s,ac_voltage_trip_flag,trip_flag,opendss_converged
C1,baseline,traditional_ac_480v,baseline,0.0,0.02,0.02,0.02,1.01660454,1.01660454,0.9783852692053562,0.9893685437393305,480 V AC facility distribution,480.0,0.9783852692053562,False,0.0,0.0,79999.56965835202,79999.56965835202,1.0,24998.345494288922,0.0,0.0,False,False,True
C1,baseline,traditional_ac_480v,baseline,0.02,0.04,0.04,0.04,1.01656852,1.01656852,0.9783475843185433,0.989331290602378,480 V AC facility distribution,480.0,0.9783475843185433,False,0.0,0.0,79999.56871527918,79999.56871527918,1.0,24998.342252687493,0.0,0.0,False,False,True
C1,baseline,traditional_ac_480v,baseline,0.04,0.060000000000000005,0.060000000000000005,0.060000000000000005,1.01670801,1.01670801,0.9784935208478805,0.9894755553486713,480 V AC facility distribution,480.0,0.9784935208478805,False,0.0,0.0,79999.57236340482,79999.57236340482,1.0,24998.354798566834,79999.56871527918,0.0,False,False,True
C1,baseline,traditional_ac_480v,baseline,0.06,0.08,0.08,0.08,1.01681083,1.01681083,0.9786010911846347,0.9895818937343005,480 V AC facility distribution,480.0,0.9786010911846347,False,0.0,0.0,79999.5750456042,79999.5750456042,1.0,24998.364033452926,79999.57236340482,0.0,False,False,True
C1,baseline,traditional_ac_480v,baseline,0.08,0.1,0.1,0.1,1.01684617,1.01684617,0.9786380636191088,0.9896184428052275,480 V AC facility distribution,480.0,0.9786380636191088,False,0.0,0.0,79999.57596614811,79999.57596614811,1.0,24998.36720503529,79999.5750456042,0.0,False,False,True
C1,baseline,traditional_ac_480v,baseline,0.1,0.12000000000000001,0.12000000000000001,0.12000000000000001,1.01682941,1.01682941,0.9786205294554268,0.9896011094174805,480 V AC facility distribution,480.0,0.9786205294554268,False,0.0,0.0,79999.57552966598,79999.57552966598,1.0,24998.365701072355,79999.57596614811,0.0,False,False,True
C1,baseline,traditional_ac_480v,baseline,0.12,0.14,0.14,0.14,1.01678109,1.01678109,0.9785699773112141,0.989551136164606,480 V AC facility distribution,480.0,0.9785699773112141,False,0.0,0.0,79999.57427039606,79999.57427039606,1.0,24998.361363444208,79999.57552966598,0.0,False,False,True
C1,baseline,traditional_ac_480v,baseline,0.14,0.16,0.16,0.16,1.01671722,1.01671722,0.9785031564061148,0.989485080544226,480 V AC facility distribution,480.0,0.9785031564061148,False,0.0,0.0,79999.57260389831,79999.57260389831,1.0,24998.355626217235,79999.57427039606,0.0,False,False,True
C1,baseline,traditional_ac_480v,baseline,0.16,0.18000000000000002,0.18000000000000002,0.18000000000000002,1.01664852,1.01664852,0.9784312818024189,0.989414029223327,480 V AC facility distribution,480.0,0.9784312818024189,False,0.0,0.0,79999.57080885993,79999.57080885993,1.0,24998.349450429592,79999.57260389831,0.0,False,False,True
C1,baseline,traditional_ac_480v,baseline,0.18,0.2,0.2,0.2,1.01658159,1.01658159,0.9783612584472657,0.9893448080648162,480 V AC facility distribution,480.0,0.9783612584472657,False,0.0,0.0,79999.56905755989,79999.56905755989,1.0,24998.343429070366,79999.57080885993,0.0,False,False,True
C1,baseline,traditional_ac_480v,baseline,0.2,0.22,0.22,0.22,1.01652022,1.01652022,0.9782970515921732,0.989281336874894,480 V AC facility distribution,480.0,0.9782970515921732,False,0.0,0.0,79999.5674495656,79999.5674495656,1.0,24998.337903849748,79999.56905755989,0.0,False,False,True
C1,baseline,traditional_ac_480v,baseline,0.22,0.24000000000000002,0.24000000000000002,0.24000000000000002,1.01646632,1.01646632,0.9782406596695655,0.9892255911574047,480 V AC facility distribution,480.0,0.9782406596695655,False,0.0,0.0,79999.56603557794,79999.56603557794,1.0,24998.333047951783,79999.5674495656,0.0,False,False,True
C1,baseline,traditional_ac_480v,baseline,0.24,0.26,0.26,0.26,1.01642061,1.01642061,0.9781928361174117,0.989178315683529,480 V AC facility distribution,480.0,0.9781928361174117,False,0.0,0.0,79999.56483518211,79999.56483518211,1.0,24998.328927543575,79999.56603557794,0.0,False,False,True
C1,baseline,traditional_ac_480v,baseline,0.26,0.28,0.28,0.28,1.01638305,1.01638305,0.9781535392202052,0.9891394691864818,480 V AC facility distribution,480.0,0.9781535392202052,False,0.0,0.0,79999.56384794801,79999.56384794801,1.0,24998.325540177706,79999.56483518211,0.0,False,False,True
C1,baseline,traditional_ac_480v,baseline,0.28,0.30000000000000004,0.30000000000000004,0.30000000000000004,1.01635317,1.01635317,0.978122277350741,0.9891085656503644,480 V AC facility distribution,480.0,0.978122277350741,False,0.0,0.0,79999.563062018,79999.563062018,1.0,24998.322844393253,79999.56384794801,0.0,False,False,True
C1,baseline,traditional_ac_480v,baseline,0.3,0.32,0.32,0.32,1.01633025,1.01633025,0.9780982972901027,0.9890848604725573,480 V AC facility distribution,480.0,0.9780982972901027,False,0.0,0.0,79999.56245882058,79999.56245882058,1.0,24998.320775916043,79999.563062018,0.0,False,False,True
C1,baseline,traditional_ac_480v,baseline,0.32,0.34,0.34,0.34,1.01631347,1.01631347,0.9780807411674478,0.9890675056040249,480 V AC facility distribution,480.0,0.9780807411674478,False,0.0,0.0,79999.56201702802,79999.56201702802,1.0,24998.319261214736,79999.56245882058,0.0,False,False,True
C1,baseline,traditional_ac_480v,baseline,0.34,0.36000000000000004,0.36000000000000004,0.36000000000000004,1.01630196,1.01630196,0.9780686987777714,0.9890556012662152,480 V AC facility distribution,480.0,0.9780686987777714,False,0.0,0.0,79999.56171389642,79999.56171389642,1.0,24998.31822205849,79999.56201702802,0.0,False,False,True
C1,baseline,traditional_ac_480v,baseline,0.36,0.38,0.38,0.38,1.01629492,1.01629492,0.978061333138042,0.9890483200666143,480 V AC facility distribution,480.0,0.978061333138042,False,0.0,0.0,79999.56152845218,79999.56152845218,1.0,24998.3175863992,79999.56171389642,0.0,False,False,True
C1,baseline,traditional_ac_480v,baseline,0.38,0.4,0.4,0.4,1.01629159,1.01629159,0.9780578491046823,0.9890448759748709,480 V AC facility distribution,480.0,0.9780578491046823,False,0.0,0.0,79999.56144072537,79999.56144072537,1.0,24998.317285707242,79999.56152845218,0.0,False,False,True
C1,baseline,traditional_ac_480v,baseline,0.4,0.42000000000000004,0.42000000000000004,0.42000000000000004,1.01629128,1.01629128,0.9780575247651732,0.9890445553536658,480 V AC facility distribution,480.0,0.9780575247651732,False,0.0,0.0,79999.56143255832,79999.56143255832,1.0,24998.3172577143,79999.56144072537,0.0,False,False,True
C1,baseline,traditional_ac_480v,baseline,0.42,0.44,0.44,0.44,1.01629342,1.01629342,0.9780597637538103,0.9890467686740635,480 V AC facility distribution,480.0,0.9780597637538103,False,0.0,0.0,79999.56148893638,79999.56148893638,1.0,24998.317450953793,79999.56143255832,0.0,False,False,True
C1,baseline,traditional_ac_480v,baseline,0.44,0.46,0.46,0.46,1.0162975,1.0162975,0.9780640324782904,0.9890509884613159,480 V AC facility distribution,480.0,0.9780640324782904,False,0.0,0.0,79999.56159641646,79999.56159641646,1.0,24998.317819359847,79999.56148893638,0.0,False,False,True
C1,baseline,traditional_ac_480v,baseline,0.46,0.48000000000000004,0.48000000000000004,0.48000000000000004,1.01630309,1.01630309,0.9780698810460958,0.9890567699810666,480 V AC facility distribution,480.0,0.9780698810460958,False,0.0,0.0,79999.56174365975,79999.56174365975,1.0,24998.31832408426,79999.56159641646,0.0,False,False,True
C1,baseline,traditional_ac_480v,baseline,0.48,0.5,0.5,0.5,1.01630985,1.01630985,0.9780769537277473,0.989063761582502,480 V AC facility distribution,480.0,0.9780769537277473,False,0.0,0.0,79999.56192169827,79999.56192169827,1.0,24998.31893440541,79999.56174365975,0.0,False,False,True
C1,baseline,traditional_ac_480v,baseline,0.5,0.52,0.52,0.52,1.01631747,1.01631747,0.978084926181867,0.9890716426429779,480 V AC facility distribution,480.0,0.978084926181867,False,0.0,0.0,79999.56212235628,79999.56212235628,1.0,24998.319622314237,79999.56192169827,0.0,False,False,True
C1,baseline,traditional_ac_480v,baseline,0.52,0.54,0.54,0.54,1.01632573,1.01632573,0.9780935682305828,0.9890801856237527,480 V AC facility distribution,480.0,0.9780935682305828,False,0.0,0.0,79999.56233983106,79999.56233983106,1.0,24998.32036793224,79999.56212235628,0.0,False,False,True
C1,baseline,traditional_ac_480v,baseline,0.54,0.56,0.56,0.56,1.01633442,1.01633442,0.9781026601592172,0.9890891733291881,480 V AC facility distribution,480.0,0.9781026601592172,False,0.0,0.0,79999.56256858629,79999.56256858629,1.0,24998.321152289427,79999.56233983106,0.0,False,False,True
C1,baseline,traditional_ac_480v,baseline,0.56,0.5800000000000001,0.5800000000000001,0.5800000000000001,1.01634339,1.01634339,0.9781120450288924,0.9890984506196788,480 V AC facility distribution,480.0,0.9781120450288924,False,0.0,0.0,79999.56280466836,79999.56280466836,1.0,24998.321961837326,79999.56256858629,0.0,False,False,True
C1,baseline,traditional_ac_480v,baseline,0.58,0.6000000000000001,0.6000000000000001,0.6000000000000001,1.01635251,1.01635251,0.9781215868263141,0.989107883041209,480 V AC facility distribution,480.0,0.9781215868263141,False,0.0,0.0,79999.56304465252,79999.56304465252,1.0,24998.322784837394,79999.56280466836,0.0,False,False,True
C1,baseline,traditional_ac_480v,baseline,0.6,0.62,0.62,0.62,1.01636168,1.01636168,0.9781311809261859,0.9891173671678533,480 V AC facility distribution,480.0,0.9781311809261859,False,0.0,0.0,79999.56328590593,79999.56328590593,1.0,24998.32361226268,79999.56304465252,0.0,False,False,True
C1,baseline,traditional_ac_480v,baseline,0.62,0.64,0.64,0.64,1.01637081,1.01637081,0.9781407331661153,0.9891268099165685,480 V AC facility distribution,480.0,0.9781407331661153,False,0.0,0.0,79999.56352606062,79999.56352606062,1.0,24998.324435992232,79999.56328590593,0.0,False,False,True
C1,baseline,traditional_ac_480v,baseline,0.64,0.66,0.66,0.66,1.01637983,1.01637983,0.9781501703090204,0.989136138889688,480 V AC facility distribution,480.0,0.9781501703090204,False,0.0,0.0,79999.56376327653,79999.56376327653,1.0,24998.325249712565,79999.56352606062,0.0,False,False,True
C1,baseline,traditional_ac_480v,baseline,0.66,0.68,0.68,0.68,1.01638868,1.01638868,0.9781594295805681,0.989145292032308,480 V AC facility distribution,480.0,0.9781594295805681,False,0.0,0.0,79999.5639959778,79999.5639959778,1.0,24998.326048014867,79999.56376327653,0.0,False,False,True
C1,baseline,traditional_ac_480v,baseline,0.68,0.7000000000000001,0.7000000000000001,0.7000000000000001,1.01639732,1.01639732,0.9781684691315462,0.9891542279747557,480 V AC facility distribution,480.0,0.9781684691315462,False,0.0,0.0,79999.56422311545,79999.56422311545,1.0,24998.326827296194,79999.5639959778,0.0,False,False,True
C1,baseline,traditional_ac_480v,baseline,0.7,0.7200000000000001,0.7200000000000001,0.7200000000000001,1.0164057,1.0164057,0.9781772366504662,0.9891628950049611,480 V AC facility distribution,480.0,0.9781772366504662,False,0.0,0.0,79999.56444337845,79999.56444337845,1.0,24998.327583053117,79999.56422311545,0.0,False,False,True
C1,baseline,traditional_ac_480v,baseline,0.72,0.74,0.74,0.74,1.01641378,1.01641378,0.9781856902884375,0.9891712517534998,480 V AC facility distribution,480.0,0.9781856902884375,False,0.0,0.0,79999.56465571928,79999.56465571928,1.0,24998.32831168548,79999.56444337845,0.0,False,False,True
C1,baseline,traditional_ac_480v,baseline,0.74,0.76,0.76,0.76,1.01642154,1.01642154,0.9781938091215115,0.9891792775360415,480 V AC facility distribution,480.0,0.9781938091215115,False,0.0,0.0,79999.5648596165,79999.5648596165,1.0,24998.329011397524,79999.56465571928,0.0,False,False,True
C1,baseline,traditional_ac_480v,baseline,0.76,0.78,0.78,0.78,1.01642896,1.01642896,0.9782015722257795,0.9891869516682863,480 V AC facility distribution,480.0,0.9782015722257795,False,0.0,0.0,79999.56505454886,79999.56505454886,1.0,24998.329680393814,79999.5648596165,0.0,False,False,True
C1,baseline,traditional_ac_480v,baseline,0.78,0.8,0.8,0.8,1.01643601,1.01643601,0.9782089482149723,0.9891942431234728,480 V AC facility distribution,480.0,0.9782089482149723,False,0.0,0.0,79999.56523973268,79999.56523973268,1.0,24998.33031597767,79999.56505454886,0.0,False,False,True
C1,baseline,traditional_ac_480v,baseline,0.8,0.8200000000000001,0.8200000000000001,0.8200000000000001,1.01644267,1.01644267,0.9782159161652578,0.9892011312173604,480 V AC facility distribution,480.0,0.9782159161652578,False,0.0,0.0,79999.56541464695,79999.56541464695,1.0,24998.330916354345,79999.56523973268,0.0,False,False,True
C1,baseline,traditional_ac_480v,baseline,0.82,0.8400000000000001,0.8400000000000001,0.8400000000000001,1.01644893,1.01644893,0.9782224656151931,0.9892076056081928,480 V AC facility distribution,480.0,0.9782224656151931,False,0.0,0.0,79999.56557903344,79999.56557903344,1.0,24998.331480630513,79999.56541464695,0.0,False,False,True
C1,baseline,traditional_ac_480v,baseline,0.84,0.8600000000000001,0.8600000000000001,0.8600000000000001,1.01645478,1.01645478,0.9782285861033071,0.989213655954192,480 V AC facility distribution,480.0,0.9782285861033071,False,0.0,0.0,79999.56573263381,79999.56573263381,1.0,24998.33200791266,79999.56557903344,0.0,False,False,True
C1,baseline,traditional_ac_480v,baseline,0.86,0.88,0.88,0.88,1.01646021,1.01646021,0.9782342671680974,0.9892192719135561,480 V AC facility distribution,480.0,0.9782342671680974,False,0.0,0.0,79999.5658751895,79999.5658751895,1.0,24998.33249730698,79999.56573263381,0.0,False,False,True
C1,baseline,traditional_ac_480v,baseline,0.88,0.9,0.9,0.9,1.01646523,1.01646523,0.9782395192727411,0.9892244638293763,480 V AC facility distribution,480.0,0.9782395192727411,False,0.0,0.0,79999.56600696676,79999.56600696676,1.0,24998.332949721742,79999.5658751895,0.0,False,False,True
C1,baseline,traditional_ac_480v,baseline,0.9,0.92,0.92,0.92,1.01646984,1.01646984,0.9782443424179752,0.9892292317022191,480 V AC facility distribution,480.0,0.9782443424179752,False,0.0,0.0,79999.56612796908,79999.56612796908,1.0,24998.333365163337,79999.56600696676,0.0,False,False,True
C1,baseline,traditional_ac_480v,baseline,0.92,0.9400000000000001,0.9400000000000001,0.9400000000000001,1.01647403,1.01647403,0.9782487261421317,0.9892335651901552,480 V AC facility distribution,480.0,0.9782487261421317,False,0.0,0.0,79999.56623793709,79999.56623793709,1.0,24998.333742736526,79999.56612796908,0.0,False,False,True
C1,baseline,traditional_ac_480v,baseline,0.94,0.9600000000000001,0.9600000000000001,0.9600000000000001,1.01647782,1.01647782,0.978252691370527,0.9892374849785676,480 V AC facility distribution,480.0,0.978252691370527,False,0.0,0.0,79999.5663373986,79999.5663373986,1.0,24998.334084248905,79999.56623793709,0.0,False,False,True
C1,baseline,traditional_ac_480v,baseline,0.96,0.9800000000000001,0.9800000000000001,0.9800000000000001,1.01648122,1.01648122,0.9782562485660421,0.9892410014103187,480 V AC facility distribution,480.0,0.9782562485660421,False,0.0,0.0,79999.56642661852,79999.56642661852,1.0,24998.334390606193,79999.5663373986,0.0,False,False,True
C1,baseline,traditional_ac_480v,baseline,0.98,1.0,1.0,1.0,1.01648425,1.01648425,0.9782594186538209,0.9892441351706591,480 V AC facility distribution,480.0,0.9782594186538209,False,0.0,0.0,79999.56650612381,79999.56650612381,1.0,24998.334663614536,79999.56642661852,0.0,False,False,True
C1,baseline,traditional_ac_480v,baseline,1.0,1.02,1.02,1.02,0.10224176,0.10224176,0.0985663988881339,0.09962511183540547,480 V AC facility distribution,480.0,0.0985663988881339,False,0.0,0.0,777.2267991809194,777.2267991809194,1.0,242.88337474403727,79999.56650612381,0.020000000000000018,False,False,True
C1,baseline,traditional_ac_480v,baseline,1.02,1.04,1.04,1.04,0.09603573,0.09603573,0.09258346169601464,0.09357791123162201,480 V AC facility distribution,480.0,0.09258346169601464,False,0.0,0.0,685.7357903684593,0.0,0.0,214.2924344901435,777.2267991809194,0.040000000000000036,True,True,True
C1,baseline,traditional_ac_480v,baseline,1.04,1.06,1.06,1.06,0.09359132,0.09359132,0.09022692273281463,0.0911960604142888,480 V AC facility distribution,480.0,0.09022692273281463,False,0.0,0.0,651.2718068657778,0.0,0.0,203.5224396455555,685.7357903684593,0.06000000000000005,True,True,True
C1,baseline,traditional_ac_480v,baseline,1.06,1.08,1.08,1.08,0.0919935,0.0919935,0.0886865407649041,0.08963913302774103,480 V AC facility distribution,480.0,0.0886865407649041,False,0.0,0.0,629.2242010267432,0.0,0.0,196.63256282085723,651.2718068657778,0.08000000000000007,True,True,True
C1,baseline,traditional_ac_480v,baseline,1.08,1.1,1.1,1.1,0.90856399,0.90856399,0.8726348377527858,0.8829313197057463,480 V AC facility distribution,480.0,0.8726348377527858,False,0.0,0.0,66851.38731297103,66851.38731297103,1.0,20896.996627838846,629.2242010267432,0.0,False,False,True
C1,baseline,traditional_ac_480v,baseline,1.1,1.12,1.12,1.12,0.94997064,0.94997064,0.9122047255058392,0.9230243622492745,480 V AC facility distribution,480.0,0.9122047255058392,False,0.0,0.0,73429.10906094153,73429.10906094153,1.0,22953.617230406635,66851.38731297103,0.0,False,False,True
C1,baseline,traditional_ac_480v,baseline,1.12,1.1400000000000001,1.1400000000000001,1.1400000000000001,0.97747884,0.97747884,0.9384926172270728,0.9496598113299274,480 V AC facility distribution,480.0,0.9384926172270728,False,0.0,0.0,77969.06014911631,77969.06014911631,1.0,24373.11973160933,73429.10906094153,0.0,False,False,True
C1,baseline,traditional_ac_480v,baseline,1.14,1.16,1.16,1.16,0.99612096,0.99612096,0.9569291644101553,0.9681638808018755,480 V AC facility distribution,480.0,0.9569291644101553,False,0.0,0.0,79998.90968844155,79998.90968844155,1.0,24996.27021644143,77969.06014911631,0.0,False,False,True
C1,baseline,traditional_ac_480v,baseline,1.16,1.18,1.18,1.18,1.0098213,1.0098213,0.971285738547005,0.9823509555207833,480 V AC facility distribution,480.0,0.971285738547005,False,0.0,0.0,79999.37912728901,79999.37912728901,1.0,24997.710859704515,79998.90968844155,0.0,False,False,True
C1,baseline,traditional_ac_480v,baseline,1.18,1.2,1.2,1.2,1.02085653,1.02085653,0.9828408145847045,0.9937711863987497,480 V AC facility distribution,480.0,0.9828408145847045,False,0.0,0.0,79996.03202174288,79996.03202174288,1.0,24984.29281633286,79999.37912728901,0.0,False,False,True
C1,baseline,traditional_ac_480v,baseline,1.2,1.22,1.22,1.22,1.0301645,1.0301645,0.9925644219411808,1.0033867759827975,480 V AC facility distribution,480.0,0.9925644219411808,False,0.0,0.0,79998.42449939015,79998.42449939015,1.0,24993.32054883365,79996.03202174288,0.0,False,False,True
C1,baseline,traditional_ac_480v,baseline,1.22,1.24,1.24,1.24,1.03832361,1.03832361,1.0010803330730456,1.0118097401903696,480 V AC facility distribution,480.0,1.0010803330730456,False,0.0,0.0,80000.21143702736,80000.21143702736,1.0,25000.954798544546,79998.42449939015,0.0,False,False,True
C1,baseline,traditional_ac_480v,baseline,1.24,1.26,1.26,1.26,1.04551542,1.04551542,1.0085809818024782,1.0192297724338262,480 V AC facility distribution,480.0,1.0085809818024782,False,0.0,0.0,80001.5621417952,80001.5621417952,1.0,25007.47703133626,80000.21143702736,0.0,False,False,True
C1,baseline,traditional_ac_480v,baseline,1.26,1.28,1.28,1.28,1.05171547,1.05171547,1.0150431337985517,1.025623388547597,480 V AC facility distribution,480.0,1.0150431337985517,False,0.0,0.0,80002.56766499626,80002.56766499626,1.0,25012.950046727936,80001.5621417952,0.0,False,False,True
C1,baseline,traditional_ac_480v,baseline,1.28,1.3,1.3,1.3,1.05664112,1.05664112,1.0201813771868544,1.0307058490974121,480 V AC facility distribution,480.0,1.0201813771868544,False,0.0,0.0,80000.22506769188,80000.22506769188,1.0,25001.21966049765,80002.56766499626,0.0,False,False,True
C1,baseline,traditional_ac_480v,baseline,1.3,1.32,1.32,1.32,1.06032734,1.06032734,1.0240209643258718,1.034505206707134,480 V AC facility distribution,480.0,1.0240209643258718,False,0.0,0.0,80000.25100699904,80000.25100699904,1.0,25001.420863215928,80000.22506769188,0.0,False,False,True
C1,baseline,traditional_ac_480v,baseline,1.32,1.34,1.34,1.34,1.0628999,1.0628999,1.0266997448859034,1.0371561021859899,480 V AC facility distribution,480.0,1.0266997448859034,False,0.0,0.0,80000.26615260249,80000.26615260249,1.0,25001.55586293052,80000.25100699904,0.0,False,False,True
C1,baseline,traditional_ac_480v,baseline,1.34,1.36,1.36,1.36,1.06450612,1.06450612,1.02837195022149,1.0388109757332742,480 V AC facility distribution,480.0,1.02837195022149,False,0.0,0.0,80000.27440666866,80000.27440666866,1.0,25001.63795159628,80000.26615260249,0.0,False,False,True
C1,baseline,traditional_ac_480v,baseline,1.36,1.38,1.38,1.38,1.06529789,1.06529789,1.029196152799617,1.039626656923105,480 V AC facility distribution,480.0,1.029196152799617,False,0.0,0.0,80000.2781406409,80000.2781406409,1.0,25001.677803934002,80000.27440666866,0.0,False,False,True
C1,baseline,traditional_ac_480v,baseline,1.38,1.4,1.4,1.4,1.0654211,1.0654211,1.029324404165238,1.0397535835577443,480 V AC facility distribution,480.0,1.029324404165238,False,0.0,0.0,80000.27870197705,80000.27870197705,1.0,25001.683969425016,80000.2781406409,0.0,False,False,True
C1,baseline,traditional_ac_480v,baseline,1.4,1.42,1.42,1.42,1.06500934,1.06500934,1.0288957903670557,1.0393293983073177,480 V AC facility distribution,480.0,1.0288957903670557,False,0.0,0.0,80000.27680527722,80000.27680527722,1.0,25001.663326797585,80000.27870197705,0.0,False,False,True
C1,baseline,traditional_ac_480v,baseline,1.42,1.44,1.44,1.44,1.06418067,1.06418067,1.0280331510831946,1.0384756834698918,480 V AC facility distribution,480.0,1.0280331510831946,False,0.0,0.0,80000.27280800023,80000.27280800023,1.0,25001.62145385405,80000.27680527722,0.0,False,False,True
C1,baseline,traditional_ac_480v,baseline,1.44,1.46,1.46,1.46,1.06303649,1.06303649,1.0268419561486117,1.0372968372382136,480 V AC facility distribution,480.0,1.0268419561486117,False,0.0,0.0,80000.26689016311,80000.26689016311,1.0,25001.56290883127,80000.27280800023,0.0,False,False,True
C1,baseline,traditional_ac_480v,baseline,1.46,1.48,1.48,1.48,1.06166178,1.06166178,1.0254105859344647,1.0358803443086544,480 V AC facility distribution,480.0,1.0254105859344647,False,0.0,0.0,80000.25916196988,80000.25916196988,1.0,25001.49143709842,80000.26689016311,0.0,False,False,True
C1,baseline,traditional_ac_480v,baseline,1.48,1.5,1.5,1.5,1.0601263,1.0601263,1.0238115954165619,1.0342980235287813,480 V AC facility distribution,480.0,1.0238115954165619,False,0.0,0.0,80000.24972212443,80000.24972212443,1.0,25001.410127828105,80000.25916196988,0.0,False,False,True
C1,baseline,traditional_ac_480v,baseline,1.5,1.52,1.52,1.52,1.05848618,1.05848618,1.022103374199597,1.0326076696636222,480 V AC facility distribution,480.0,1.022103374199597,False,0.0,0.0,80000.23868370145,80000.23868370145,1.0,25001.321527707594,80000.24972212443,0.0,False,False,True
C1,baseline,traditional_ac_480v,baseline,1.52,1.54,1.54,1.54,1.05678588,1.05678588,1.0203321860640377,1.0308550720287788,480 V AC facility distribution,480.0,1.0203321860640377,False,0.0,0.0,80000.22618233223,80000.22618233223,1.0,25001.22773779518,80000.23868370145,0.0,False,False,True
C1,baseline,traditional_ac_480v,baseline,1.54,1.56,1.56,1.56,1.05506012,1.05506012,1.0185276135685302,1.02907126014402,480 V AC facility distribution,480.0,1.0185276135685302,False,0.0,0.0,80003.05178925164,80003.05178925164,1.0,25015.846576643096,80000.22618233223,0.0,False,False,True
C1,baseline,traditional_ac_480v,baseline,1.56,1.58,1.58,1.58,1.05333568,1.05333568,1.0167312153778336,1.0272937048722681,480 V AC facility distribution,480.0,1.0167312153778336,False,0.0,0.0,80002.80717637864,80002.80717637864,1.0,25014.35800612934,80003.05178925164,0.0,False,False,True
C1,baseline,traditional_ac_480v,baseline,1.58,1.6,1.6,1.6,1.05163314,1.05163314,1.0149573481206287,1.0255385071906398,480 V AC facility distribution,480.0,1.0149573481206287,False,0.0,0.0,80002.55524148831,80002.55524148831,1.0,25012.878258492477,80002.80717637864,0.0,False,False,True
C1,baseline,traditional_ac_480v,baseline,1.6,1.62,1.62,1.62,1.04996823,1.04996823,1.013222413823653,1.0238218935522303,480 V AC facility distribution,480.0,1.013222413823653,False,0.0,0.0,80002.29871075478,80002.29871075478,1.0,25011.42144234288,80002.55524148831,0.0,False,False,True
C1,baseline,traditional_ac_480v,baseline,1.62,1.6400000000000001,1.6400000000000001,1.6400000000000001,1.04835312,1.04835312,1.0115391140370087,1.0221564269574184,480 V AC facility distribution,480.0,1.0115391140370087,False,0.0,0.0,80002.0401147997,80002.0401147997,1.0,25009.99888496095,80002.29871075478,0.0,False,False,True
C1,baseline,traditional_ac_480v,baseline,1.64,1.6600000000000001,1.6600000000000001,1.6600000000000001,1.04679727,1.04679727,1.0099173326257926,1.0205518810841387,480 V AC facility distribution,480.0,1.0099173326257926,False,0.0,0.0,80001.78181475663,80001.78181475663,1.0,25008.619772002683,80002.0401147997,0.0,False,False,True
C1,baseline,traditional_ac_480v,baseline,1.66,1.6800000000000002,1.6800000000000002,1.6800000000000002,1.04530816,1.04530816,1.008364894286358,1.0190159912820982,480 V AC facility distribution,480.0,1.008364894286358,False,0.0,0.0,80001.52603609489,80001.52603609489,1.0,25007.291708971847,80001.78181475663,0.0,False,False,True
C1,baseline,traditional_ac_480v,baseline,1.68,1.7000000000000002,1.7000000000000002,1.7000000000000002,1.04389177,1.04389177,1.0068880631152453,1.0175549482374928,480 V AC facility distribution,480.0,1.0068880631152453,False,0.0,0.0,80001.27488327424,80001.27488327424,1.0,25006.02108363837,80001.52603609489,0.0,False,False,True
C1,baseline,traditional_ac_480v,baseline,1.7,1.7200000000000002,1.7200000000000002,1.7200000000000002,1.04255285,1.04255285,1.005491822676859,1.0161736753694417,480 V AC facility distribution,480.0,1.005491822676859,False,0.0,0.0,80001.03033305785,80001.03033305785,1.0,25004.813256109825,80001.27488327424,0.0,False,False,True
C1,baseline,traditional_ac_480v,baseline,1.72,1.74,1.74,1.74,1.04129508,1.04129508,1.004180041653645,1.0148759929701248,480 V AC facility distribution,480.0,1.004180041653645,False,0.0,0.0,80000.79421765704,80000.79421765704,1.0,25003.6726597941,80001.03033305785,0.0,False,False,True
C1,baseline,traditional_ac_480v,baseline,1.74,1.76,1.76,1.76,1.04012115,1.04012115,1.002955556265507,1.0136646999628485,480 V AC facility distribution,480.0,1.002955556265507,False,0.0,0.0,80000.56819976908,80000.56819976908,1.0,25002.60283689873,80000.79421765704,0.0,False,False,True
C1,baseline,traditional_ac_480v,baseline,1.76,1.78,1.78,1.78,1.03903267,1.03903267,1.0018200754979836,1.0125414803487514,480 V AC facility distribution,480.0,1.0018200754979836,False,0.0,0.0,80000.35371915865,80000.35371915865,1.0,25001.60632346535,80000.56819976908,0.0,False,False,True
C1,baseline,traditional_ac_480v,baseline,1.78,1.8,1.8,1.8,1.03803016,1.03803016,1.0007741698520363,1.011506892258054,480 V AC facility distribution,480.0,1.0007741698520363,False,0.0,0.0,80000.15195703918,80000.15195703918,1.0,25000.684609896023,80000.35371915865,0.0,False,False,True
C1,baseline,traditional_ac_480v,baseline,1.8,1.82,1.82,1.82,1.03711301,1.03711301,0.9998172289166734,1.0105603261344507,480 V AC facility distribution,480.0,0.9998172289166734,False,0.0,0.0,79999.96379877103,79999.96379877103,1.0,24999.83807818678,80000.15195703918,0.0,False,False,True
C1,baseline,traditional_ac_480v,baseline,1.82,1.84,1.84,1.84,1.03627937,1.03627937,0.9989473460134863,1.009699890757892,480 V AC facility distribution,480.0,0.9989473460134863,False,0.0,0.0,79999.78978624917,79999.78978624917,1.0,24999.06587844546,79999.96379877103,0.0,False,False,True
C1,baseline,traditional_ac_480v,baseline,1.84,1.86,1.86,1.86,1.03552623,1.03552623,0.9981614012181629,1.0089224954640446,480 V AC facility distribution,480.0,0.9981614012181629,False,0.0,0.0,79999.63011447794,79999.63011447794,1.0,24998.365985639008,79999.78978624917,0.0,False,False,True
C1,baseline,traditional_ac_480v,baseline,1.86,1.88,1.88,1.88,1.03484939,1.03484939,0.9974550297660199,1.0082238189559114,480 V AC facility distribution,480.0,0.9974550297660199,False,0.0,0.0,79999.48461184563,79999.48461184563,1.0,24997.7351605514,79999.63011447794,0.0,False,False,True
C1,baseline,traditional_ac_480v,baseline,1.88,1.9,1.9,1.9,1.0342436,1.0342436,0.9968227680139014,1.0075984537070197,480 V AC facility distribution,480.0,0.9968227680139014,False,0.0,0.0,79999.35276264802,79999.35276264802,1.0,24997.169074329886,79999.48461184563,0.0,False,False,True
C1,baseline,traditional_ac_480v,baseline,1.9,1.92,1.92,1.92,1.03370268,1.03370268,0.9962581786943101,1.007040029846206,480 V AC facility distribution,480.0,0.9962581786943101,False,0.0,0.0,79999.23373214438,79999.23373214438,1.0,24996.66242051547,79999.35276264802,0.0,False,False,True
C1,baseline,traditional_ac_480v,baseline,1.92,1.94,1.94,1.94,1.03321967,1.03321967,0.9957540076068412,1.0065413701091022,480 V AC facility distribution,480.0,0.9957540076068412,False,0.0,0.0,79999.12640348545,79999.12640348545,1.0,24996.209059835965,79999.23373214438,0.0,False,False,True
C1,baseline,traditional_ac_480v,baseline,1.94,1.96,1.96,1.96,1.03278709,1.03278709,0.9953024552300392,1.006094758431645,480 V AC facility distribution,480.0,0.9953024552300392,False,0.0,0.0,79999.02944343245,79999.02944343245,1.0,24995.802272057368,79999.12640348545,0.0,False,False,True
C1,baseline,traditional_ac_480v,baseline,1.96,1.98,1.98,1.98,1.03239711,1.03239711,0.9948953544626864,1.0056921156833585,480 V AC facility distribution,480.0,0.9948953544626864,False,0.0,0.0,79998.94135125286,79998.94135125286,1.0,24995.434926106842,79999.02944343245,0.0,False,False,True
C1,baseline,traditional_ac_480v,baseline,1.98,2.0,2.0,2.0,1.03204183,1.03204183,0.9945244632211252,1.005325288993129,480 V AC facility distribution,480.0,0.9945244632211252,False,0.0,0.0,79998.86053376777,79998.86053376777,1.0,24995.09975487158,79998.94135125286,0.0,False,False,True
C1,baseline,traditional_ac_480v,baseline,2.0,2.02,2.02,2.02,1.03171349,1.03171349,0.994181683974637,1.0049862688107516,480 V AC facility distribution,480.0,0.994181683974637,False,0.0,0.0,79998.78536521575,79998.78536521575,1.0,24994.78956452964,79998.86053376777,0.0,False,False,True
C1,baseline,traditional_ac_480v,baseline,2.02,2.04,2.04,2.04,1.03140469,1.03140469,0.9938592937024914,1.0046674162799174,480 V AC facility distribution,480.0,0.9938592937024914,False,0.0,0.0,79998.71424880618,79998.71424880618,1.0,24994.49745270529,79998.78536521575,0.0,False,False,True
C1,baseline,traditional_ac_480v,baseline,2.04,2.06,2.06,2.06,1.03110861,1.03110861,0.9935501738261087,1.0043616905921164,480 V AC facility distribution,480.0,0.9935501738261087,False,0.0,0.0,79998.64567735998,79998.64567735998,1.0,24994.217025738508,79998.71424880618,0.0,False,False,True
C1,baseline,traditional_ac_480v,baseline,2.06,2.08,2.08,2.08,1.03081918,1.03081918,0.9932479879125594,1.0040628246912395,480 V AC facility distribution,480.0,0.9932479879125594,False,0.0,0.0,79998.57828135902,79998.57828135902,1.0,24993.94256764071,79998.64567735998,0.0,False,False,True
C1,baseline,traditional_ac_480v,baseline,2.08,2.1,2.1,2.1,1.03053116,1.03053116,0.9929472653826654,1.003765408021862,480 V AC facility distribution,480.0,0.9929472653826654,False,0.0,0.0,79998.51085491001,79998.51085491001,1.0,24993.669122655607,79998.57828135902,0.0,False,False,True
C1,baseline,traditional_ac_480v,baseline,2.1,2.12,2.12,2.12,1.03024029,1.03024029,0.9926435582824901,1.0034650415429731,480 V AC facility distribution,480.0,0.9926435582824901,False,0.0,0.0,79998.44239715768,79998.44239715768,1.0,24993.39264340931,79998.51085491001,0.0,False,False,True
C1,baseline,traditional_ac_480v,baseline,2.12,2.14,2.14,2.14,1.02994326,1.02994326,0.9923334101042103,1.0031583068599201,480 V AC facility distribution,480.0,0.9923334101042103,False,0.0,0.0,79998.37211109017,79998.37211109017,1.0,24993.109967730772,79998.44239715768,0.0,False,False,True
C1,baseline,traditional_ac_480v,baseline,2.14,2.16,2.16,2.16,1.02963775,1.02963775,0.9920143976851544,1.0028428076331575,480 V AC facility distribution,480.0,0.9920143976851544,False,0.0,0.0,79998.29941838278,79998.29941838278,1.0,24992.81886160226,79998.37211109017,0.0,False,False,True
C1,baseline,traditional_ac_480v,baseline,2.16,2.18,2.18,2.18,1.02932237,1.02932237,0.9916850686907024,1.002517107720014,480 V AC facility distribution,480.0,0.9916850686907024,False,0.0,0.0,79998.22395061076,79998.22395061076,1.0,24992.51796696063,79998.29941838278,0.0,False,False,True
C1,baseline,traditional_ac_480v,baseline,2.18,2.2,2.2,2.2,1.02899653,1.02899653,0.9913448059945826,1.002180597020862,480 V AC facility distribution,480.0,0.9913448059945826,False,0.0,0.0,79998.1455234609,79998.1455234609,1.0,24992.20668247657,79998.22395061076,0.0,False,False,True
C1,baseline,traditional_ac_480v,baseline,2.2,2.22,2.22,2.22,1.02866037,1.02866037,0.9909937547037648,1.001833419281596,480 V AC facility distribution,480.0,0.9909937547037648,False,0.0,0.0,79998.0641249437,79998.0641249437,1.0,24991.88510124553,79998.1455234609,0.0,False,False,True
C1,baseline,traditional_ac_480v,baseline,2.22,2.24,2.24,2.24,1.02831461,1.02831461,0.9906326656329266,1.001476317269038,480 V AC facility distribution,480.0,0.9906326656329266,False,0.0,0.0,79997.97988398379,79997.97988398379,1.0,24991.55387171125,79998.0641249437,0.0,False,False,True
C1,baseline,traditional_ac_480v,baseline,2.24,2.26,2.26,2.26,1.02796037,1.02796037,0.9902627074251262,1.0011104469439815,480 V AC facility distribution,480.0,0.9902627074251262,False,0.0,0.0,79997.89303073967,79997.89303073967,1.0,24991.214028975148,79997.97988398379,0.0,False,False,True
C1,baseline,traditional_ac_480v,baseline,2.26,2.2800000000000002,2.2800000000000002,2.2800000000000002,1.02759907,1.02759907,0.9898853621932534,1.0007372742385146,480 V AC facility distribution,480.0,0.9898853621932534,False,0.0,0.0,79997.80387535803,79997.80387535803,1.0,24990.8669017852,79997.89303073967,0.0,False,False,True
C1,baseline,traditional_ac_480v,baseline,2.28,2.3,2.3,2.3,1.02723227,1.02723227,0.9895022584737491,1.0003584098438694,480 V AC facility distribution,480.0,0.9895022584737491,False,0.0,0.0,79997.71277097796,79997.71277097796,1.0,24990.513961023793,79997.80387535803,0.0,False,False,True
C1,baseline,traditional_ac_480v,baseline,2.3,2.32,2.32,2.32,1.02686158,1.02686158,0.9891150772588905,0.9999755162753855,480 V AC facility distribution,480.0,0.9891150772588905,False,0.0,0.0,79997.62009276915,79997.62009276915,1.0,24990.156734333807,79997.71277097796,0.0,False,False,True
C1,baseline,traditional_ac_480v,baseline,2.32,2.34,2.34,2.34,1.02648853,1.02648853,0.9887254162242125,0.9995901736011176,480 V AC facility distribution,480.0,0.9887254162242125,False,0.0,0.0,79997.52620592146,79997.52620592146,1.0,24989.796681256616,79997.62009276915,0.0,False,False,True
C1,baseline,traditional_ac_480v,baseline,2.34,2.36,2.36,2.36,1.02611457,1.02611457,0.9883347897186495,0.999203879434274,480 V AC facility distribution,480.0,0.9883347897186495,False,0.0,0.0,79997.4314652752,79997.4314652752,1.0,24989.43519287875,79997.52620592146,0.0,False,False,True
C1,baseline,traditional_ac_480v,baseline,2.36,2.38,2.38,2.38,1.02574097,1.02574097,0.9879445242891972,0.9988179456206826,480 V AC facility distribution,480.0,0.9879445242891972,False,0.0,0.0,79997.33618925104,79997.33618925104,1.0,24989.073494488024,79997.4314652752,0.0,False,False,True
C1,baseline,traditional_ac_480v,baseline,2.38,2.4,2.4,2.4,1.02536889,1.02536889,0.9875558317728,0.9984335705261607,480 V AC facility distribution,480.0,0.9875558317728,False,0.0,0.0,79997.24067645663,79997.24067645663,1.0,24988.712712213328,79997.33618925104,0.0,False,False,True
C1,baseline,traditional_ac_480v,baseline,2.4,2.42,2.42,2.42,1.02499933,1.02499933,0.9871697570384891,0.998051787364712,480 V AC facility distribution,480.0,0.9871697570384891,False,0.0,0.0,79997.14519181676,79997.14519181676,1.0,24988.353823603447,79997.24067645663,0.0,False,False,True
C1,baseline,traditional_ac_480v,baseline,2.42,2.44,2.44,2.44,1.02463319,1.02463319,0.9867872406386815,0.9976735261599808,480 V AC facility distribution,480.0,0.9867872406386815,False,0.0,0.0,79997.04998084783,79997.04998084783,1.0,24987.997714786157,79997.14519181676,0.0,False,False,True
C1,baseline,traditional_ac_480v,baseline,2.44,2.46,2.46,2.46,1.02427135,1.02427135,0.9864092023698301,0.9972996963802094,480 V AC facility distribution,480.0,0.9864092023698301,False,0.0,0.0,79996.95528974949,79996.95528974949,1.0,24987.645257630516,79997.04998084783,0.0,False,False,True
C1,baseline,traditional_ac_480v,baseline,2.46,2.48,2.48,2.48,1.02391464,1.02391464,0.9860365099205444,0.9969311559373394,480 V AC facility distribution,480.0,0.9860365099205444,False,0.0,0.0,79996.86135720264,79996.86135720264,1.0,24987.29728020007,79996.95528974949,0.0,False,False,True
C1,baseline,traditional_ac_480v,baseline,2.48,2.5,2.5,2.5,1.02356396,1.02356396,0.9856701042415099,0.9965688351617189,480 V AC facility distribution,480.0,0.9856701042415099,False,0.0,0.0,79996.76844570783,79996.76844570783,1.0,24986.954683571763,79996.86135720264,0.0,False,False,True
C1,baseline,traditional_ac_480v,baseline,2.5,2.52,2.52,2.52,1.02322027,1.02322027,0.9853109891049204,0.9962137264762211,480 V AC facility distribution,480.0,0.9853109891049204,False,0.0,0.0,79996.67683928905,79996.67683928905,1.0,24986.61843236744,79996.76844570783,0.0,False,False,True
C1,baseline,traditional_ac_480v,baseline,2.52,2.54,2.54,2.54,1.02288465,1.02288465,0.9849602938056125,0.9958669463960568,480 V AC facility distribution,480.0,0.9849602938056125,False,0.0,0.0,79996.5868598574,79996.5868598574,1.0,24986.28961377177,79996.67683928905,0.0,False,False,True
C1,baseline,traditional_ac_480v,baseline,2.54,2.56,2.56,2.56,1.02255828,1.02255828,0.9846192522754968,0.995529714873586,480 V AC facility distribution,480.0,0.9846192522754968,False,0.0,0.0,79996.49886241187,79996.49886241187,1.0,24985.96941842328,79996.5868598574,0.0,False,False,True
C1,baseline,traditional_ac_480v,baseline,2.56,2.58,2.58,2.58,1.02224245,1.02224245,0.9842892135410538,0.995203365637257,480 V AC facility distribution,480.0,0.9842892135410538,False,0.0,0.0,79996.41323809438,79996.41323809438,1.0,24985.659150530148,79996.49886241187,0.0,False,False,True
C1,baseline,traditional_ac_480v,baseline,2.58,2.6,2.6,2.6,1.02193854,1.02193854,0.9839716208284804,0.9948893255292698,480 V AC facility distribution,480.0,0.9839716208284804,False,0.0,0.0,79996.33040899601,79996.33040899601,1.0,24985.36020841304,79996.41323809438,0.0,False,False,True
C1,baseline,traditional_ac_480v,baseline,2.6,2.62,2.62,2.62,1.02164798,1.02164798,0.9836679697597289,0.9945890731699176,480 V AC facility distribution,480.0,0.9836679697597289,False,0.0,0.0,79996.25081714132,79996.25081714132,1.0,24985.07404504921,79996.33040899601,0.0,False,False,True
C1,baseline,traditional_ac_480v,baseline,2.62,2.64,2.64,2.64,1.02137218,1.02137218,0.9833797351842853,0.9943040666114793,480 V AC facility distribution,480.0,0.9833797351842853,False,0.0,0.0,79996.17490471253,79996.17490471253,1.0,24984.802098595537,79996.25081714132,0.0,False,False,True
C1,baseline,traditional_ac_480v,baseline,2.64,2.66,2.66,2.66,1.02111254,1.02111254,0.9831083816058604,0.9940357536534274,480 V AC facility distribution,480.0,0.9831083816058604,False,0.0,0.0,79996.10311577801,79996.10311577801,1.0,24984.545801343913,79996.17490471253,0.0,False,False,True
C1,baseline,traditional_ac_480v,baseline,2.66,2.68,2.68,2.68,1.0208703,1.0208703,0.982855206384028,0.9937854168078647,480 V AC facility distribution,480.0,0.982855206384028,False,0.0,0.0,79996.03585348795,79996.03585348795,1.0,24984.306430482364,79996.10311577801,0.0,False,False,True
C1,baseline,traditional_ac_480v,baseline,2.68,2.7,2.7,2.7,1.02064655,1.02064655,0.9826131255935331,0.9935481770424317,480 V AC facility distribution,480.0,0.9826131255935331,False,0.0,0.0,79999.67098414668,79999.67098414668,1.0,24998.700852818598,79996.03585348795,0.0,False,False,True
C1,baseline,traditional_ac_480v,baseline,2.7,2.72,2.72,2.72,1.02044214,1.02044214,0.9823993634858079,0.9933368429354557,480 V AC facility distribution,480.0,0.9823993634858079,False,0.0,0.0,79999.6660716114,79999.6660716114,1.0,24998.68327649826,79999.67098414668,0.0,False,False,True
C1,baseline,traditional_ac_480v,baseline,2.72,2.74,2.74,2.74,1.02025765,1.02025765,0.9822064285291114,0.9931461003429244,480 V AC facility distribution,480.0,0.9822064285291114,False,0.0,0.0,79999.66161867185,79999.66161867185,1.0,24998.66737735193,79999.6660716114,0.0,False,False,True
C1,baseline,traditional_ac_480v,baseline,2.74,2.76,2.76,2.76,1.02009333,1.02009333,0.9820345834700265,0.9929762087397027,480 V AC facility distribution,480.0,0.9820345834700265,False,0.0,0.0,79999.65763725105,79999.65763725105,1.0,24998.65318789499,79999.66161867185,0.0,False,False,True
C1,baseline,traditional_ac_480v,baseline,2.76,2.7800000000000002,2.7800000000000002,2.7800000000000002,1.01994909,1.01994909,0.9818837353542164,0.992827075971881,480 V AC facility distribution,480.0,0.9818837353542164,False,0.0,0.0,79999.65413045224,79999.65413045224,1.0,24998.640710200823,79999.65763725105,0.0,False,False,True
C1,baseline,traditional_ac_480v,baseline,2.78,2.8,2.8,2.8,1.01982449,1.01982449,0.9817534250367811,0.9926982478933177,480 V AC facility distribution,480.0,0.9817534250367811,False,0.0,0.0,79999.65109216998,79999.65109216998,1.0,24998.629914763354,79999.65413045224,0.0,False,False,True
C1,baseline,traditional_ac_480v,baseline,2.8,2.8200000000000003,2.8200000000000003,2.8200000000000003,1.01971874,1.01971874,0.9816428271622633,0.9925889083502496,480 V AC facility distribution,480.0,0.9816428271622633,False,0.0,0.0,79999.64850699637,79999.64850699637,1.0,24998.620740322425,79999.65109216998,0.0,False,False,True
C1,baseline,traditional_ac_480v,baseline,2.82,2.84,2.84,2.84,1.01963073,1.01963073,0.981550781532096,0.9924979101935655,480 V AC facility distribution,480.0,0.981550781532096,False,0.0,0.0,79999.6463509169,79999.6463509169,1.0,24998.613096395184,79999.64850699637,0.0,False,False,True
C1,baseline,traditional_ac_480v,baseline,2.84,2.8600000000000003,2.8600000000000003,2.8600000000000003,1.01955904,1.01955904,0.9814758035667607,0.9924237856211046,480 V AC facility distribution,480.0,0.9814758035667607,False,0.0,0.0,79999.64459156958,79999.64459156958,1.0,24998.60686417151,79999.6463509169,0.0,False,False,True
C1,baseline,traditional_ac_480v,baseline,2.86,2.88,2.88,2.88,1.019502,1.019502,0.9814161470702161,0.992364808224934,480 V AC facility distribution,480.0,0.9814161470702161,False,0.0,0.0,79999.64318977369,79999.64318977369,1.0,24998.60190183395,79999.64459156958,0.0,False,False,True
C1,baseline,traditional_ac_480v,baseline,2.88,2.9,2.9,2.9,1.01945776,1.01945776,0.9813698774610417,0.9923190653844377,480 V AC facility distribution,480.0,0.9813698774610417,False,0.0,0.0,79999.64210134056,79999.64210134056,1.0,24998.59805081651,79999.64318977369,0.0,False,False,True
C1,baseline,traditional_ac_480v,baseline,2.9,2.92,2.92,2.92,1.01942428,1.01942428,0.9813348613372203,0.9922844479447316,480 V AC facility distribution,480.0,0.9813348613372203,False,0.0,0.0,79999.64127693432,79999.64127693432,1.0,24998.595135132906,79999.64210134056,0.0,False,False,True
C1,baseline,traditional_ac_480v,baseline,2.92,2.94,2.94,2.94,1.01939947,1.01939947,0.9813089129234326,0.9922587949913166,480 V AC facility distribution,480.0,0.9813089129234326,False,0.0,0.0,79999.64066562735,79999.64066562735,1.0,24998.592973770297,79999.64127693432,0.0,False,False,True
C1,baseline,traditional_ac_480v,baseline,2.94,2.96,2.96,2.96,1.01938122,1.01938122,0.9812898254706289,0.9922399248870724,480 V AC facility distribution,480.0,0.9812898254706289,False,0.0,0.0,79999.64021574406,79999.64021574406,1.0,24998.59138349785,79999.64066562735,0.0,False,False,True
C1,baseline,traditional_ac_480v,baseline,2.96,2.98,2.98,2.98,1.01936742,1.01936742,0.9812753921925016,0.9922256559662176,480 V AC facility distribution,480.0,0.9812753921925016,False,0.0,0.0,79999.63987543918,79999.63987543918,1.0,24998.590180768297,79999.64021574406,0.0,False,False,True
C1,baseline,traditional_ac_480v,baseline,2.98,3.0,3.0,3.0,1.01935607,1.01935607,0.981263521327311,0.9922139202828232,480 V AC facility distribution,480.0,0.981263521327311,False,0.0,0.0,79999.63959547385,79999.63959547385,1.0,24998.589191423416,79999.63987543918,0.0,False,False,True
C2,local_34p5kv,ac_corridor_sst_800vdc,local_34p5kv,0.0,0.02,0.02,0.02,1.01660454,1.01660454,0.9783852692053562,0.9893685437393305,800 V DC SST output,800.0,0.9783852692053562,False,0.0,0.0,79999.56965835202,79999.56965835202,1.0,24998.345494288922,0.0,0.0,False,False,True
C2,local_34p5kv,ac_corridor_sst_800vdc,local_34p5kv,0.02,0.04,0.04,0.04,1.01656852,1.01656852,0.9783475843185433,0.989331290602378,800 V DC SST output,800.0,0.9783475843185433,False,0.0,0.0,79999.56871527918,79999.56871527918,1.0,24998.342252687493,0.0,0.0,False,False,True
C2,local_34p5kv,ac_corridor_sst_800vdc,local_34p5kv,0.04,0.060000000000000005,0.060000000000000005,0.060000000000000005,1.01670801,1.01670801,0.9784935208478805,0.9894755553486713,800 V DC SST output,800.0,0.9784935208478805,False,0.0,0.0,79999.57236340482,79999.57236340482,1.0,24998.354798566834,79999.56871527918,0.0,False,False,True
C2,local_34p5kv,ac_corridor_sst_800vdc,local_34p5kv,0.06,0.08,0.08,0.08,1.01681083,1.01681083,0.9786010911846347,0.9895818937343005,800 V DC SST output,800.0,0.9786010911846347,False,0.0,0.0,79999.5750456042,79999.5750456042,1.0,24998.364033452926,79999.57236340482,0.0,False,False,True
C2,local_34p5kv,ac_corridor_sst_800vdc,local_34p5kv,0.08,0.1,0.1,0.1,1.01684617,1.01684617,0.9786380636191088,0.9896184428052275,800 V DC SST output,800.0,0.9786380636191088,False,0.0,0.0,79999.57596614811,79999.57596614811,1.0,24998.36720503529,79999.5750456042,0.0,False,False,True
C2,local_34p5kv,ac_corridor_sst_800vdc,local_34p5kv,0.1,0.12000000000000001,0.12000000000000001,0.12000000000000001,1.01682941,1.01682941,0.9786205294554268,0.9896011094174805,800 V DC SST output,800.0,0.9786205294554268,False,0.0,0.0,79999.57552966598,79999.57552966598,1.0,24998.365701072355,79999.57596614811,0.0,False,False,True
C2,local_34p5kv,ac_corridor_sst_800vdc,local_34p5kv,0.12,0.14,0.14,0.14,1.01678109,1.01678109,0.9785699773112141,0.989551136164606,800 V DC SST output,800.0,0.9785699773112141,False,0.0,0.0,79999.57427039606,79999.57427039606,1.0,24998.361363444208,79999.57552966598,0.0,False,False,True
C2,local_34p5kv,ac_corridor_sst_800vdc,local_34p5kv,0.14,0.16,0.16,0.16,1.01671722,1.01671722,0.9785031564061148,0.989485080544226,800 V DC SST output,800.0,0.9785031564061148,False,0.0,0.0,79999.57260389831,79999.57260389831,1.0,24998.355626217235,79999.57427039606,0.0,False,False,True
C2,local_34p5kv,ac_corridor_sst_800vdc,local_34p5kv,0.16,0.18000000000000002,0.18000000000000002,0.18000000000000002,1.01664852,1.01664852,0.9784312818024189,0.989414029223327,800 V DC SST output,800.0,0.9784312818024189,False,0.0,0.0,79999.57080885993,79999.57080885993,1.0,24998.349450429592,79999.57260389831,0.0,False,False,True
C2,local_34p5kv,ac_corridor_sst_800vdc,local_34p5kv,0.18,0.2,0.2,0.2,1.01658159,1.01658159,0.9783612584472657,0.9893448080648162,800 V DC SST output,800.0,0.9783612584472657,False,0.0,0.0,79999.56905755989,79999.56905755989,1.0,24998.343429070366,79999.57080885993,0.0,False,False,True
C2,local_34p5kv,ac_corridor_sst_800vdc,local_34p5kv,0.2,0.22,0.22,0.22,1.01652022,1.01652022,0.9782970515921732,0.989281336874894,800 V DC SST output,800.0,0.9782970515921732,False,0.0,0.0,79999.5674495656,79999.5674495656,1.0,24998.337903849748,79999.56905755989,0.0,False,False,True
C2,local_34p5kv,ac_corridor_sst_800vdc,local_34p5kv,0.22,0.24000000000000002,0.24000000000000002,0.24000000000000002,1.01646632,1.01646632,0.9782406596695655,0.9892255911574047,800 V DC SST output,800.0,0.9782406596695655,False,0.0,0.0,79999.56603557794,79999.56603557794,1.0,24998.333047951783,79999.5674495656,0.0,False,False,True
C2,local_34p5kv,ac_corridor_sst_800vdc,local_34p5kv,0.24,0.26,0.26,0.26,1.01642061,1.01642061,0.9781928361174117,0.989178315683529,800 V DC SST output,800.0,0.9781928361174117,False,0.0,0.0,79999.56483518211,79999.56483518211,1.0,24998.328927543575,79999.56603557794,0.0,False,False,True
C2,local_34p5kv,ac_corridor_sst_800vdc,local_34p5kv,0.26,0.28,0.28,0.28,1.01638305,1.01638305,0.9781535392202052,0.9891394691864818,800 V DC SST output,800.0,0.9781535392202052,False,0.0,0.0,79999.56384794801,79999.56384794801,1.0,24998.325540177706,79999.56483518211,0.0,False,False,True
C2,local_34p5kv,ac_corridor_sst_800vdc,local_34p5kv,0.28,0.30000000000000004,0.30000000000000004,0.30000000000000004,1.01635317,1.01635317,0.978122277350741,0.9891085656503644,800 V DC SST output,800.0,0.978122277350741,False,0.0,0.0,79999.563062018,79999.563062018,1.0,24998.322844393253,79999.56384794801,0.0,False,False,True
C2,local_34p5kv,ac_corridor_sst_800vdc,local_34p5kv,0.3,0.32,0.32,0.32,1.01633025,1.01633025,0.9780982972901027,0.9890848604725573,800 V DC SST output,800.0,0.9780982972901027,False,0.0,0.0,79999.56245882058,79999.56245882058,1.0,24998.320775916043,79999.563062018,0.0,False,False,True
C2,local_34p5kv,ac_corridor_sst_800vdc,local_34p5kv,0.32,0.34,0.34,0.34,1.01631347,1.01631347,0.9780807411674478,0.9890675056040249,800 V DC SST output,800.0,0.9780807411674478,False,0.0,0.0,79999.56201702802,79999.56201702802,1.0,24998.319261214736,79999.56245882058,0.0,False,False,True
C2,local_34p5kv,ac_corridor_sst_800vdc,local_34p5kv,0.34,0.36000000000000004,0.36000000000000004,0.36000000000000004,1.01630196,1.01630196,0.9780686987777714,0.9890556012662152,800 V DC SST output,800.0,0.9780686987777714,False,0.0,0.0,79999.56171389642,79999.56171389642,1.0,24998.31822205849,79999.56201702802,0.0,False,False,True
C2,local_34p5kv,ac_corridor_sst_800vdc,local_34p5kv,0.36,0.38,0.38,0.38,1.01629492,1.01629492,0.978061333138042,0.9890483200666143,800 V DC SST output,800.0,0.978061333138042,False,0.0,0.0,79999.56152845218,79999.56152845218,1.0,24998.3175863992,79999.56171389642,0.0,False,False,True
C2,local_34p5kv,ac_corridor_sst_800vdc,local_34p5kv,0.38,0.4,0.4,0.4,1.01629159,1.01629159,0.9780578491046823,0.9890448759748709,800 V DC SST output,800.0,0.9780578491046823,False,0.0,0.0,79999.56144072537,79999.56144072537,1.0,24998.317285707242,79999.56152845218,0.0,False,False,True
C2,local_34p5kv,ac_corridor_sst_800vdc,local_34p5kv,0.4,0.42000000000000004,0.42000000000000004,0.42000000000000004,1.01629128,1.01629128,0.9780575247651732,0.9890445553536658,800 V DC SST output,800.0,0.9780575247651732,False,0.0,0.0,79999.56143255832,79999.56143255832,1.0,24998.3172577143,79999.56144072537,0.0,False,False,True
C2,local_34p5kv,ac_corridor_sst_800vdc,local_34p5kv,0.42,0.44,0.44,0.44,1.01629342,1.01629342,0.9780597637538103,0.9890467686740635,800 V DC SST output,800.0,0.9780597637538103,False,0.0,0.0,79999.56148893638,79999.56148893638,1.0,24998.317450953793,79999.56143255832,0.0,False,False,True
C2,local_34p5kv,ac_corridor_sst_800vdc,local_34p5kv,0.44,0.46,0.46,0.46,1.0162975,1.0162975,0.9780640324782904,0.9890509884613159,800 V DC SST output,800.0,0.9780640324782904,False,0.0,0.0,79999.56159641646,79999.56159641646,1.0,24998.317819359847,79999.56148893638,0.0,False,False,True
C2,local_34p5kv,ac_corridor_sst_800vdc,local_34p5kv,0.46,0.48000000000000004,0.48000000000000004,0.48000000000000004,1.01630309,1.01630309,0.9780698810460958,0.9890567699810666,800 V DC SST output,800.0,0.9780698810460958,False,0.0,0.0,79999.56174365975,79999.56174365975,1.0,24998.31832408426,79999.56159641646,0.0,False,False,True
C2,local_34p5kv,ac_corridor_sst_800vdc,local_34p5kv,0.48,0.5,0.5,0.5,1.01630985,1.01630985,0.9780769537277473,0.989063761582502,800 V DC SST output,800.0,0.9780769537277473,False,0.0,0.0,79999.56192169827,79999.56192169827,1.0,24998.31893440541,79999.56174365975,0.0,False,False,True
C2,local_34p5kv,ac_corridor_sst_800vdc,local_34p5kv,0.5,0.52,0.52,0.52,1.01631747,1.01631747,0.978084926181867,0.9890716426429779,800 V DC SST output,800.0,0.978084926181867,False,0.0,0.0,79999.56212235628,79999.56212235628,1.0,24998.319622314237,79999.56192169827,0.0,False,False,True
C2,local_34p5kv,ac_corridor_sst_800vdc,local_34p5kv,0.52,0.54,0.54,0.54,1.01632573,1.01632573,0.9780935682305828,0.9890801856237527,800 V DC SST output,800.0,0.9780935682305828,False,0.0,0.0,79999.56233983106,79999.56233983106,1.0,24998.32036793224,79999.56212235628,0.0,False,False,True
C2,local_34p5kv,ac_corridor_sst_800vdc,local_34p5kv,0.54,0.56,0.56,0.56,1.01633442,1.01633442,0.9781026601592172,0.9890891733291881,800 V DC SST output,800.0,0.9781026601592172,False,0.0,0.0,79999.56256858629,79999.56256858629,1.0,24998.321152289427,79999.56233983106,0.0,False,False,True
C2,local_34p5kv,ac_corridor_sst_800vdc,local_34p5kv,0.56,0.5800000000000001,0.5800000000000001,0.5800000000000001,1.01634339,1.01634339,0.9781120450288924,0.9890984506196788,800 V DC SST output,800.0,0.9781120450288924,False,0.0,0.0,79999.56280466836,79999.56280466836,1.0,24998.321961837326,79999.56256858629,0.0,False,False,True
C2,local_34p5kv,ac_corridor_sst_800vdc,local_34p5kv,0.58,0.6000000000000001,0.6000000000000001,0.6000000000000001,1.01635251,1.01635251,0.9781215868263141,0.989107883041209,800 V DC SST output,800.0,0.9781215868263141,False,0.0,0.0,79999.56304465252,79999.56304465252,1.0,24998.322784837394,79999.56280466836,0.0,False,False,True
C2,local_34p5kv,ac_corridor_sst_800vdc,local_34p5kv,0.6,0.62,0.62,0.62,1.01636168,1.01636168,0.9781311809261859,0.9891173671678533,800 V DC SST output,800.0,0.9781311809261859,False,0.0,0.0,79999.56328590593,79999.56328590593,1.0,24998.32361226268,79999.56304465252,0.0,False,False,True
C2,local_34p5kv,ac_corridor_sst_800vdc,local_34p5kv,0.62,0.64,0.64,0.64,1.01637081,1.01637081,0.9781407331661153,0.9891268099165685,800 V DC SST output,800.0,0.9781407331661153,False,0.0,0.0,79999.56352606062,79999.56352606062,1.0,24998.324435992232,79999.56328590593,0.0,False,False,True
C2,local_34p5kv,ac_corridor_sst_800vdc,local_34p5kv,0.64,0.66,0.66,0.66,1.01637983,1.01637983,0.9781501703090204,0.989136138889688,800 V DC SST output,800.0,0.9781501703090204,False,0.0,0.0,79999.56376327653,79999.56376327653,1.0,24998.325249712565,79999.56352606062,0.0,False,False,True
C2,local_34p5kv,ac_corridor_sst_800vdc,local_34p5kv,0.66,0.68,0.68,0.68,1.01638868,1.01638868,0.9781594295805681,0.989145292032308,800 V DC SST output,800.0,0.9781594295805681,False,0.0,0.0,79999.5639959778,79999.5639959778,1.0,24998.326048014867,79999.56376327653,0.0,False,False,True
C2,local_34p5kv,ac_corridor_sst_800vdc,local_34p5kv,0.68,0.7000000000000001,0.7000000000000001,0.7000000000000001,1.01639732,1.01639732,0.9781684691315462,0.9891542279747557,800 V DC SST output,800.0,0.9781684691315462,False,0.0,0.0,79999.56422311545,79999.56422311545,1.0,24998.326827296194,79999.5639959778,0.0,False,False,True
C2,local_34p5kv,ac_corridor_sst_800vdc,local_34p5kv,0.7,0.7200000000000001,0.7200000000000001,0.7200000000000001,1.0164057,1.0164057,0.9781772366504662,0.9891628950049611,800 V DC SST output,800.0,0.9781772366504662,False,0.0,0.0,79999.56444337845,79999.56444337845,1.0,24998.327583053117,79999.56422311545,0.0,False,False,True
C2,local_34p5kv,ac_corridor_sst_800vdc,local_34p5kv,0.72,0.74,0.74,0.74,1.01641378,1.01641378,0.9781856902884375,0.9891712517534998,800 V DC SST output,800.0,0.9781856902884375,False,0.0,0.0,79999.56465571928,79999.56465571928,1.0,24998.32831168548,79999.56444337845,0.0,False,False,True
C2,local_34p5kv,ac_corridor_sst_800vdc,local_34p5kv,0.74,0.76,0.76,0.76,1.01642154,1.01642154,0.9781938091215115,0.9891792775360415,800 V DC SST output,800.0,0.9781938091215115,False,0.0,0.0,79999.5648596165,79999.5648596165,1.0,24998.329011397524,79999.56465571928,0.0,False,False,True
C2,local_34p5kv,ac_corridor_sst_800vdc,local_34p5kv,0.76,0.78,0.78,0.78,1.01642896,1.01642896,0.9782015722257795,0.9891869516682863,800 V DC SST output,800.0,0.9782015722257795,False,0.0,0.0,79999.56505454886,79999.56505454886,1.0,24998.329680393814,79999.5648596165,0.0,False,False,True
C2,local_34p5kv,ac_corridor_sst_800vdc,local_34p5kv,0.78,0.8,0.8,0.8,1.01643601,1.01643601,0.9782089482149723,0.9891942431234728,800 V DC SST output,800.0,0.9782089482149723,False,0.0,0.0,79999.56523973268,79999.56523973268,1.0,24998.33031597767,79999.56505454886,0.0,False,False,True
C2,local_34p5kv,ac_corridor_sst_800vdc,local_34p5kv,0.8,0.8200000000000001,0.8200000000000001,0.8200000000000001,1.01644267,1.01644267,0.9782159161652578,0.9892011312173604,800 V DC SST output,800.0,0.9782159161652578,False,0.0,0.0,79999.56541464695,79999.56541464695,1.0,24998.330916354345,79999.56523973268,0.0,False,False,True
C2,local_34p5kv,ac_corridor_sst_800vdc,local_34p5kv,0.82,0.8400000000000001,0.8400000000000001,0.8400000000000001,1.01644893,1.01644893,0.9782224656151931,0.9892076056081928,800 V DC SST output,800.0,0.9782224656151931,False,0.0,0.0,79999.56557903344,79999.56557903344,1.0,24998.331480630513,79999.56541464695,0.0,False,False,True
C2,local_34p5kv,ac_corridor_sst_800vdc,local_34p5kv,0.84,0.8600000000000001,0.8600000000000001,0.8600000000000001,1.01645478,1.01645478,0.9782285861033071,0.989213655954192,800 V DC SST output,800.0,0.9782285861033071,False,0.0,0.0,79999.56573263381,79999.56573263381,1.0,24998.33200791266,79999.56557903344,0.0,False,False,True
C2,local_34p5kv,ac_corridor_sst_800vdc,local_34p5kv,0.86,0.88,0.88,0.88,1.01646021,1.01646021,0.9782342671680974,0.9892192719135561,800 V DC SST output,800.0,0.9782342671680974,False,0.0,0.0,79999.5658751895,79999.5658751895,1.0,24998.33249730698,79999.56573263381,0.0,False,False,True
C2,local_34p5kv,ac_corridor_sst_800vdc,local_34p5kv,0.88,0.9,0.9,0.9,1.01646523,1.01646523,0.9782395192727411,0.9892244638293763,800 V DC SST output,800.0,0.9782395192727411,False,0.0,0.0,79999.56600696676,79999.56600696676,1.0,24998.332949721742,79999.5658751895,0.0,False,False,True
C2,local_34p5kv,ac_corridor_sst_800vdc,local_34p5kv,0.9,0.92,0.92,0.92,1.01646984,1.01646984,0.9782443424179752,0.9892292317022191,800 V DC SST output,800.0,0.9782443424179752,False,0.0,0.0,79999.56612796908,79999.56612796908,1.0,24998.333365163337,79999.56600696676,0.0,False,False,True
C2,local_34p5kv,ac_corridor_sst_800vdc,local_34p5kv,0.92,0.9400000000000001,0.9400000000000001,0.9400000000000001,1.01647403,1.01647403,0.9782487261421317,0.9892335651901552,800 V DC SST output,800.0,0.9782487261421317,False,0.0,0.0,79999.56623793709,79999.56623793709,1.0,24998.333742736526,79999.56612796908,0.0,False,False,True
C2,local_34p5kv,ac_corridor_sst_800vdc,local_34p5kv,0.94,0.9600000000000001,0.9600000000000001,0.9600000000000001,1.01647782,1.01647782,0.978252691370527,0.9892374849785676,800 V DC SST output,800.0,0.978252691370527,False,0.0,0.0,79999.5663373986,79999.5663373986,1.0,24998.334084248905,79999.56623793709,0.0,False,False,True
C2,local_34p5kv,ac_corridor_sst_800vdc,local_34p5kv,0.96,0.9800000000000001,0.9800000000000001,0.9800000000000001,1.01648122,1.01648122,0.9782562485660421,0.9892410014103187,800 V DC SST output,800.0,0.9782562485660421,False,0.0,0.0,79999.56642661852,79999.56642661852,1.0,24998.334390606193,79999.5663373986,0.0,False,False,True
C2,local_34p5kv,ac_corridor_sst_800vdc,local_34p5kv,0.98,1.0,1.0,1.0,1.01648425,1.01648425,0.9782594186538209,0.9892441351706591,800 V DC SST output,800.0,0.9782594186538209,False,0.0,0.0,79999.56650612381,79999.56650612381,1.0,24998.334663614536,79999.56642661852,0.0,False,False,True
C2,local_34p5kv,ac_corridor_sst_800vdc,local_34p5kv,1.0,1.02,1.02,1.02,0.10224176,0.10224176,0.0985663988881339,0.09962511183540547,800 V DC SST output,800.0,0.0985663988881339,False,0.0,0.0,777.2267991809194,777.2267991809194,1.0,242.88337474403727,79999.56650612381,0.020000000000000018,False,False,True
C2,local_34p5kv,ac_corridor_sst_800vdc,local_34p5kv,1.02,1.04,1.04,1.04,0.09603573,0.09603573,0.09258346169601464,0.09357791123162201,800 V DC SST output,800.0,0.09258346169601464,False,0.0,0.0,685.7357903684593,0.0,0.0,214.2924344901435,777.2267991809194,0.040000000000000036,True,True,True
C2,local_34p5kv,ac_corridor_sst_800vdc,local_34p5kv,1.04,1.06,1.06,1.06,0.09359132,0.09359132,0.1039058120854163,0.10181059282353173,800 V DC SST output,800.0,0.1039058120854163,False,120000.0,0.0,863.1989765742426,0.0,0.0,269.39277952457667,685.7357903684593,0.06000000000000005,True,True,True
C2,local_34p5kv,ac_corridor_sst_800vdc,local_34p5kv,1.06,1.08,1.08,1.08,0.0919935,0.0919935,0.1021318998821659,0.10007245085240354,800 V DC SST output,800.0,0.1021318998821659,False,120000.0,0.0,833.9769672756132,0.0,0.0,260.27298383217095,863.1989765742426,0.08000000000000007,True,True,True
C2,local_34p5kv,ac_corridor_sst_800vdc,local_34p5kv,1.08,1.1,1.1,1.1,0.90856399,0.90856399,0.983099354998178,0.9685570775265339,800 V DC SST output,800.0,0.983099354998178,False,120000.0,0.0,80008.2330218143,80008.2330218143,1.0,24994.102572849675,833.9769672756132,0.0,False,False,True
C2,local_34p5kv,ac_corridor_sst_800vdc,local_34p5kv,1.1,1.12,1.12,1.12,0.94997064,0.94997064,1.0219957257368095,1.0079898772117983,800 V DC SST output,800.0,1.0219957257368095,False,120000.0,0.0,79991.86064545717,79991.86064545717,1.0,25006.518416362123,80008.2330218143,0.0,False,False,True
C2,local_34p5kv,ac_corridor_sst_800vdc,local_34p5kv,1.12,1.1400000000000001,1.1400000000000001,1.1400000000000001,0.97747884,0.97747884,0.9384926172270728,0.9496598113299274,800 V DC SST output,800.0,0.9384926172270728,False,0.0,0.0,77969.06014911631,77969.06014911631,1.0,24373.11973160933,79991.86064545717,0.0,False,False,True
C2,local_34p5kv,ac_corridor_sst_800vdc,local_34p5kv,1.14,1.16,1.16,1.16,0.99612096,0.99612096,0.9569291644101553,0.9681638808018755,800 V DC SST output,800.0,0.9569291644101553,False,0.0,0.0,79998.90968844155,79998.90968844155,1.0,24996.27021644143,77969.06014911631,0.0,False,False,True
C2,local_34p5kv,ac_corridor_sst_800vdc,local_34p5kv,1.16,1.18,1.18,1.18,1.0098213,1.0098213,0.9781232913711118,0.9876329157195093,800 V DC SST output,800.0,0.9781232913711118,False,6904.429663756307,0.0,79996.770075009,79996.770075009,1.0,24982.6661371807,79998.90968844155,0.0,False,False,True
C2,local_34p5kv,ac_corridor_sst_800vdc,local_34p5kv,1.18,1.2,1.2,1.2,1.02085653,1.02085653,0.9828408145847045,0.9937711863987497,800 V DC SST output,800.0,0.9828408145847045,False,0.0,0.0,79996.03202174288,79996.03202174288,1.0,24984.29281633286,79996.770075009,0.0,False,False,True
C2,local_34p5kv,ac_corridor_sst_800vdc,local_34p5kv,1.2,1.22,1.22,1.22,1.0301645,1.0301645,0.9925644219411808,1.0033867759827975,800 V DC SST output,800.0,0.9925644219411808,False,0.0,0.0,79998.42449939015,79998.42449939015,1.0,24993.32054883365,79996.03202174288,0.0,False,False,True
C2,local_34p5kv,ac_corridor_sst_800vdc,local_34p5kv,1.22,1.24,1.24,1.24,1.03832361,1.03832361,1.0010803330730456,1.0118097401903696,800 V DC SST output,800.0,1.0010803330730456,False,0.0,0.0,80000.21143702736,80000.21143702736,1.0,25000.954798544546,79998.42449939015,0.0,False,False,True
C2,local_34p5kv,ac_corridor_sst_800vdc,local_34p5kv,1.24,1.26,1.26,1.26,1.04551542,1.04551542,1.0085809818024782,1.0192297724338262,800 V DC SST output,800.0,1.0085809818024782,False,0.0,0.0,80001.5621417952,80001.5621417952,1.0,25007.47703133626,80000.21143702736,0.0,False,False,True
C2,local_34p5kv,ac_corridor_sst_800vdc,local_34p5kv,1.26,1.28,1.28,1.28,1.05171547,1.05171547,1.0150431337985517,1.025623388547597,800 V DC SST output,800.0,1.0150431337985517,False,0.0,0.0,80002.56766499626,80002.56766499626,1.0,25012.950046727936,80001.5621417952,0.0,False,False,True
C2,local_34p5kv,ac_corridor_sst_800vdc,local_34p5kv,1.28,1.3,1.3,1.3,1.05664112,1.05664112,1.0201813771868544,1.0307058490974121,800 V DC SST output,800.0,1.0201813771868544,False,0.0,0.0,80000.22506769188,80000.22506769188,1.0,25001.21966049765,80002.56766499626,0.0,False,False,True
C2,local_34p5kv,ac_corridor_sst_800vdc,local_34p5kv,1.3,1.32,1.32,1.32,1.06032734,1.06032734,1.0240209643258718,1.034505206707134,800 V DC SST output,800.0,1.0240209643258718,False,0.0,0.0,80000.25100699904,80000.25100699904,1.0,25001.420863215928,80000.22506769188,0.0,False,False,True
C2,local_34p5kv,ac_corridor_sst_800vdc,local_34p5kv,1.32,1.34,1.34,1.34,1.0628999,1.0628999,1.0266997448859034,1.0371561021859899,800 V DC SST output,800.0,1.0266997448859034,False,0.0,0.0,80000.26615260249,80000.26615260249,1.0,25001.55586293052,80000.25100699904,0.0,False,False,True
C2,local_34p5kv,ac_corridor_sst_800vdc,local_34p5kv,1.34,1.36,1.36,1.36,1.06450612,1.06450612,1.02837195022149,1.0388109757332742,800 V DC SST output,800.0,1.02837195022149,False,0.0,0.0,80000.27440666866,80000.27440666866,1.0,25001.63795159628,80000.26615260249,0.0,False,False,True
C2,local_34p5kv,ac_corridor_sst_800vdc,local_34p5kv,1.36,1.38,1.38,1.38,1.06529789,1.06529789,1.029196152799617,1.039626656923105,800 V DC SST output,800.0,1.029196152799617,False,0.0,0.0,80000.2781406409,80000.2781406409,1.0,25001.677803934002,80000.27440666866,0.0,False,False,True
C2,local_34p5kv,ac_corridor_sst_800vdc,local_34p5kv,1.38,1.4,1.4,1.4,1.0654211,1.0654211,1.029324404165238,1.0397535835577443,800 V DC SST output,800.0,1.029324404165238,False,0.0,0.0,80000.27870197705,80000.27870197705,1.0,25001.683969425016,80000.2781406409,0.0,False,False,True
C2,local_34p5kv,ac_corridor_sst_800vdc,local_34p5kv,1.4,1.42,1.42,1.42,1.06500934,1.06500934,1.0288957903670557,1.0393293983073177,800 V DC SST output,800.0,1.0288957903670557,False,0.0,0.0,80000.27680527722,80000.27680527722,1.0,25001.663326797585,80000.27870197705,0.0,False,False,True
C2,local_34p5kv,ac_corridor_sst_800vdc,local_34p5kv,1.42,1.44,1.44,1.44,1.06418067,1.06418067,1.0280331510831946,1.0384756834698918,800 V DC SST output,800.0,1.0280331510831946,False,0.0,0.0,80000.27280800023,80000.27280800023,1.0,25001.62145385405,80000.27680527722,0.0,False,False,True
C2,local_34p5kv,ac_corridor_sst_800vdc,local_34p5kv,1.44,1.46,1.46,1.46,1.06303649,1.06303649,1.0268419561486117,1.0372968372382136,800 V DC SST output,800.0,1.0268419561486117,False,0.0,0.0,80000.26689016311,80000.26689016311,1.0,25001.56290883127,80000.27280800023,0.0,False,False,True
C2,local_34p5kv,ac_corridor_sst_800vdc,local_34p5kv,1.46,1.48,1.48,1.48,1.06166178,1.06166178,1.0254105859344647,1.0358803443086544,800 V DC SST output,800.0,1.0254105859344647,False,0.0,0.0,80000.25916196988,80000.25916196988,1.0,25001.49143709842,80000.26689016311,0.0,False,False,True
C2,local_34p5kv,ac_corridor_sst_800vdc,local_34p5kv,1.48,1.5,1.5,1.5,1.0601263,1.0601263,1.0238115954165619,1.0342980235287813,800 V DC SST output,800.0,1.0238115954165619,False,0.0,0.0,80000.24972212443,80000.24972212443,1.0,25001.410127828105,80000.25916196988,0.0,False,False,True
C2,local_34p5kv,ac_corridor_sst_800vdc,local_34p5kv,1.5,1.52,1.52,1.52,1.05848618,1.05848618,1.022103374199597,1.0326076696636222,800 V DC SST output,800.0,1.022103374199597,False,0.0,0.0,80000.23868370145,80000.23868370145,1.0,25001.321527707594,80000.24972212443,0.0,False,False,True
C2,local_34p5kv,ac_corridor_sst_800vdc,local_34p5kv,1.52,1.54,1.54,1.54,1.05678588,1.05678588,1.0203321860640377,1.0308550720287788,800 V DC SST output,800.0,1.0203321860640377,False,0.0,0.0,80000.22618233223,80000.22618233223,1.0,25001.22773779518,80000.23868370145,0.0,False,False,True
C2,local_34p5kv,ac_corridor_sst_800vdc,local_34p5kv,1.54,1.56,1.56,1.56,1.05506012,1.05506012,1.0185276135685302,1.02907126014402,800 V DC SST output,800.0,1.0185276135685302,False,0.0,0.0,80003.05178925164,80003.05178925164,1.0,25015.846576643096,80000.22618233223,0.0,False,False,True
C2,local_34p5kv,ac_corridor_sst_800vdc,local_34p5kv,1.56,1.58,1.58,1.58,1.05333568,1.05333568,1.0167312153778336,1.0272937048722681,800 V DC SST output,800.0,1.0167312153778336,False,0.0,0.0,80002.80717637864,80002.80717637864,1.0,25014.35800612934,80003.05178925164,0.0,False,False,True
C2,local_34p5kv,ac_corridor_sst_800vdc,local_34p5kv,1.58,1.6,1.6,1.6,1.05163314,1.05163314,1.0149573481206287,1.0255385071906398,800 V DC SST output,800.0,1.0149573481206287,False,0.0,0.0,80002.55524148831,80002.55524148831,1.0,25012.878258492477,80002.80717637864,0.0,False,False,True
C2,local_34p5kv,ac_corridor_sst_800vdc,local_34p5kv,1.6,1.62,1.62,1.62,1.04996823,1.04996823,1.013222413823653,1.0238218935522303,800 V DC SST output,800.0,1.013222413823653,False,0.0,0.0,80002.29871075478,80002.29871075478,1.0,25011.42144234288,80002.55524148831,0.0,False,False,True
C2,local_34p5kv,ac_corridor_sst_800vdc,local_34p5kv,1.62,1.6400000000000001,1.6400000000000001,1.6400000000000001,1.04835312,1.04835312,1.0115391140370087,1.0221564269574184,800 V DC SST output,800.0,1.0115391140370087,False,0.0,0.0,80002.0401147997,80002.0401147997,1.0,25009.99888496095,80002.29871075478,0.0,False,False,True
C2,local_34p5kv,ac_corridor_sst_800vdc,local_34p5kv,1.64,1.6600000000000001,1.6600000000000001,1.6600000000000001,1.04679727,1.04679727,1.0099173326257926,1.0205518810841387,800 V DC SST output,800.0,1.0099173326257926,False,0.0,0.0,80001.78181475663,80001.78181475663,1.0,25008.619772002683,80002.0401147997,0.0,False,False,True
C2,local_34p5kv,ac_corridor_sst_800vdc,local_34p5kv,1.66,1.6800000000000002,1.6800000000000002,1.6800000000000002,1.04530816,1.04530816,1.008364894286358,1.0190159912820982,800 V DC SST output,800.0,1.008364894286358,False,0.0,0.0,80001.52603609489,80001.52603609489,1.0,25007.291708971847,80001.78181475663,0.0,False,False,True
C2,local_34p5kv,ac_corridor_sst_800vdc,local_34p5kv,1.68,1.7000000000000002,1.7000000000000002,1.7000000000000002,1.04389177,1.04389177,1.0068880631152453,1.0175549482374928,800 V DC SST output,800.0,1.0068880631152453,False,0.0,0.0,80001.27488327424,80001.27488327424,1.0,25006.02108363837,80001.52603609489,0.0,False,False,True
C2,local_34p5kv,ac_corridor_sst_800vdc,local_34p5kv,1.7,1.7200000000000002,1.7200000000000002,1.7200000000000002,1.04255285,1.04255285,1.005491822676859,1.0161736753694417,800 V DC SST output,800.0,1.005491822676859,False,0.0,0.0,80001.03033305785,80001.03033305785,1.0,25004.813256109825,80001.27488327424,0.0,False,False,True
C2,local_34p5kv,ac_corridor_sst_800vdc,local_34p5kv,1.72,1.74,1.74,1.74,1.04129508,1.04129508,1.004180041653645,1.0148759929701248,800 V DC SST output,800.0,1.004180041653645,False,0.0,0.0,80000.79421765704,80000.79421765704,1.0,25003.6726597941,80001.03033305785,0.0,False,False,True
C2,local_34p5kv,ac_corridor_sst_800vdc,local_34p5kv,1.74,1.76,1.76,1.76,1.04012115,1.04012115,1.002955556265507,1.0136646999628485,800 V DC SST output,800.0,1.002955556265507,False,0.0,0.0,80000.56819976908,80000.56819976908,1.0,25002.60283689873,80000.79421765704,0.0,False,False,True
C2,local_34p5kv,ac_corridor_sst_800vdc,local_34p5kv,1.76,1.78,1.78,1.78,1.03903267,1.03903267,1.0018200754979836,1.0125414803487514,800 V DC SST output,800.0,1.0018200754979836,False,0.0,0.0,80000.35371915865,80000.35371915865,1.0,25001.60632346535,80000.56819976908,0.0,False,False,True
C2,local_34p5kv,ac_corridor_sst_800vdc,local_34p5kv,1.78,1.8,1.8,1.8,1.03803016,1.03803016,1.0007741698520363,1.011506892258054,800 V DC SST output,800.0,1.0007741698520363,False,0.0,0.0,80000.15195703918,80000.15195703918,1.0,25000.684609896023,80000.35371915865,0.0,False,False,True
C2,local_34p5kv,ac_corridor_sst_800vdc,local_34p5kv,1.8,1.82,1.82,1.82,1.03711301,1.03711301,0.9998172289166734,1.0105603261344507,800 V DC SST output,800.0,0.9998172289166734,False,0.0,0.0,79999.96379877103,79999.96379877103,1.0,24999.83807818678,80000.15195703918,0.0,False,False,True
C2,local_34p5kv,ac_corridor_sst_800vdc,local_34p5kv,1.82,1.84,1.84,1.84,1.03627937,1.03627937,0.9989473460134863,1.009699890757892,800 V DC SST output,800.0,0.9989473460134863,False,0.0,0.0,79999.78978624917,79999.78978624917,1.0,24999.06587844546,79999.96379877103,0.0,False,False,True
C2,local_34p5kv,ac_corridor_sst_800vdc,local_34p5kv,1.84,1.86,1.86,1.86,1.03552623,1.03552623,0.9981614012181629,1.0089224954640446,800 V DC SST output,800.0,0.9981614012181629,False,0.0,0.0,79999.63011447794,79999.63011447794,1.0,24998.365985639008,79999.78978624917,0.0,False,False,True
C2,local_34p5kv,ac_corridor_sst_800vdc,local_34p5kv,1.86,1.88,1.88,1.88,1.03484939,1.03484939,0.9974550297660199,1.0082238189559114,800 V DC SST output,800.0,0.9974550297660199,False,0.0,0.0,79999.48461184563,79999.48461184563,1.0,24997.7351605514,79999.63011447794,0.0,False,False,True
C2,local_34p5kv,ac_corridor_sst_800vdc,local_34p5kv,1.88,1.9,1.9,1.9,1.0342436,1.0342436,0.9968227680139014,1.0075984537070197,800 V DC SST output,800.0,0.9968227680139014,False,0.0,0.0,79999.35276264802,79999.35276264802,1.0,24997.169074329886,79999.48461184563,0.0,False,False,True
C2,local_34p5kv,ac_corridor_sst_800vdc,local_34p5kv,1.9,1.92,1.92,1.92,1.03370268,1.03370268,0.9962581786943101,1.007040029846206,800 V DC SST output,800.0,0.9962581786943101,False,0.0,0.0,79999.23373214438,79999.23373214438,1.0,24996.66242051547,79999.35276264802,0.0,False,False,True
C2,local_34p5kv,ac_corridor_sst_800vdc,local_34p5kv,1.92,1.94,1.94,1.94,1.03321967,1.03321967,0.9957540076068412,1.0065413701091022,800 V DC SST output,800.0,0.9957540076068412,False,0.0,0.0,79999.12640348545,79999.12640348545,1.0,24996.209059835965,79999.23373214438,0.0,False,False,True
C2,local_34p5kv,ac_corridor_sst_800vdc,local_34p5kv,1.94,1.96,1.96,1.96,1.03278709,1.03278709,0.9953024552300392,1.006094758431645,800 V DC SST output,800.0,0.9953024552300392,False,0.0,0.0,79999.02944343245,79999.02944343245,1.0,24995.802272057368,79999.12640348545,0.0,False,False,True
C2,local_34p5kv,ac_corridor_sst_800vdc,local_34p5kv,1.96,1.98,1.98,1.98,1.03239711,1.03239711,0.9948953544626864,1.0056921156833585,800 V DC SST output,800.0,0.9948953544626864,False,0.0,0.0,79998.94135125286,79998.94135125286,1.0,24995.434926106842,79999.02944343245,0.0,False,False,True
C2,local_34p5kv,ac_corridor_sst_800vdc,local_34p5kv,1.98,2.0,2.0,2.0,1.03204183,1.03204183,0.9945244632211252,1.005325288993129,800 V DC SST output,800.0,0.9945244632211252,False,0.0,0.0,79998.86053376777,79998.86053376777,1.0,24995.09975487158,79998.94135125286,0.0,False,False,True
C2,local_34p5kv,ac_corridor_sst_800vdc,local_34p5kv,2.0,2.02,2.02,2.02,1.03171349,1.03171349,0.994181683974637,1.0049862688107516,800 V DC SST output,800.0,0.994181683974637,False,0.0,0.0,79998.78536521575,79998.78536521575,1.0,24994.78956452964,79998.86053376777,0.0,False,False,True
C2,local_34p5kv,ac_corridor_sst_800vdc,local_34p5kv,2.02,2.04,2.04,2.04,1.03140469,1.03140469,0.9938592937024914,1.0046674162799174,800 V DC SST output,800.0,0.9938592937024914,False,0.0,0.0,79998.71424880618,79998.71424880618,1.0,24994.49745270529,79998.78536521575,0.0,False,False,True
C2,local_34p5kv,ac_corridor_sst_800vdc,local_34p5kv,2.04,2.06,2.06,2.06,1.03110861,1.03110861,0.9935501738261087,1.0043616905921164,800 V DC SST output,800.0,0.9935501738261087,False,0.0,0.0,79998.64567735998,79998.64567735998,1.0,24994.217025738508,79998.71424880618,0.0,False,False,True
C2,local_34p5kv,ac_corridor_sst_800vdc,local_34p5kv,2.06,2.08,2.08,2.08,1.03081918,1.03081918,0.9932479879125594,1.0040628246912395,800 V DC SST output,800.0,0.9932479879125594,False,0.0,0.0,79998.57828135902,79998.57828135902,1.0,24993.94256764071,79998.64567735998,0.0,False,False,True
C2,local_34p5kv,ac_corridor_sst_800vdc,local_34p5kv,2.08,2.1,2.1,2.1,1.03053116,1.03053116,0.9929472653826654,1.003765408021862,800 V DC SST output,800.0,0.9929472653826654,False,0.0,0.0,79998.51085491001,79998.51085491001,1.0,24993.669122655607,79998.57828135902,0.0,False,False,True
C2,local_34p5kv,ac_corridor_sst_800vdc,local_34p5kv,2.1,2.12,2.12,2.12,1.03024029,1.03024029,0.9926435582824901,1.0034650415429731,800 V DC SST output,800.0,0.9926435582824901,False,0.0,0.0,79998.44239715768,79998.44239715768,1.0,24993.39264340931,79998.51085491001,0.0,False,False,True
C2,local_34p5kv,ac_corridor_sst_800vdc,local_34p5kv,2.12,2.14,2.14,2.14,1.02994326,1.02994326,0.9923334101042103,1.0031583068599201,800 V DC SST output,800.0,0.9923334101042103,False,0.0,0.0,79998.37211109017,79998.37211109017,1.0,24993.109967730772,79998.44239715768,0.0,False,False,True
C2,local_34p5kv,ac_corridor_sst_800vdc,local_34p5kv,2.14,2.16,2.16,2.16,1.02963775,1.02963775,0.9920143976851544,1.0028428076331575,800 V DC SST output,800.0,0.9920143976851544,False,0.0,0.0,79998.29941838278,79998.29941838278,1.0,24992.81886160226,79998.37211109017,0.0,False,False,True
C2,local_34p5kv,ac_corridor_sst_800vdc,local_34p5kv,2.16,2.18,2.18,2.18,1.02932237,1.02932237,0.9916850686907024,1.002517107720014,800 V DC SST output,800.0,0.9916850686907024,False,0.0,0.0,79998.22395061076,79998.22395061076,1.0,24992.51796696063,79998.29941838278,0.0,False,False,True
C2,local_34p5kv,ac_corridor_sst_800vdc,local_34p5kv,2.18,2.2,2.2,2.2,1.02899653,1.02899653,0.9913448059945826,1.002180597020862,800 V DC SST output,800.0,0.9913448059945826,False,0.0,0.0,79998.1455234609,79998.1455234609,1.0,24992.20668247657,79998.22395061076,0.0,False,False,True
C2,local_34p5kv,ac_corridor_sst_800vdc,local_34p5kv,2.2,2.22,2.22,2.22,1.02866037,1.02866037,0.9909937547037648,1.001833419281596,800 V DC SST output,800.0,0.9909937547037648,False,0.0,0.0,79998.0641249437,79998.0641249437,1.0,24991.88510124553,79998.1455234609,0.0,False,False,True
C2,local_34p5kv,ac_corridor_sst_800vdc,local_34p5kv,2.22,2.24,2.24,2.24,1.02831461,1.02831461,0.9906326656329266,1.001476317269038,800 V DC SST output,800.0,0.9906326656329266,False,0.0,0.0,79997.97988398379,79997.97988398379,1.0,24991.55387171125,79998.0641249437,0.0,False,False,True
C2,local_34p5kv,ac_corridor_sst_800vdc,local_34p5kv,2.24,2.26,2.26,2.26,1.02796037,1.02796037,0.9902627074251262,1.0011104469439815,800 V DC SST output,800.0,0.9902627074251262,False,0.0,0.0,79997.89303073967,79997.89303073967,1.0,24991.214028975148,79997.97988398379,0.0,False,False,True
C2,local_34p5kv,ac_corridor_sst_800vdc,local_34p5kv,2.26,2.2800000000000002,2.2800000000000002,2.2800000000000002,1.02759907,1.02759907,0.9898853621932534,1.0007372742385146,800 V DC SST output,800.0,0.9898853621932534,False,0.0,0.0,79997.80387535803,79997.80387535803,1.0,24990.8669017852,79997.89303073967,0.0,False,False,True
C2,local_34p5kv,ac_corridor_sst_800vdc,local_34p5kv,2.28,2.3,2.3,2.3,1.02723227,1.02723227,0.9895022584737491,1.0003584098438694,800 V DC SST output,800.0,0.9895022584737491,False,0.0,0.0,79997.71277097796,79997.71277097796,1.0,24990.513961023793,79997.80387535803,0.0,False,False,True
C2,local_34p5kv,ac_corridor_sst_800vdc,local_34p5kv,2.3,2.32,2.32,2.32,1.02686158,1.02686158,0.9891150772588905,0.9999755162753855,800 V DC SST output,800.0,0.9891150772588905,False,0.0,0.0,79997.62009276915,79997.62009276915,1.0,24990.156734333807,79997.71277097796,0.0,False,False,True
C2,local_34p5kv,ac_corridor_sst_800vdc,local_34p5kv,2.32,2.34,2.34,2.34,1.02648853,1.02648853,0.9887254162242125,0.9995901736011176,800 V DC SST output,800.0,0.9887254162242125,False,0.0,0.0,79997.52620592146,79997.52620592146,1.0,24989.796681256616,79997.62009276915,0.0,False,False,True
C2,local_34p5kv,ac_corridor_sst_800vdc,local_34p5kv,2.34,2.36,2.36,2.36,1.02611457,1.02611457,0.9883347897186495,0.999203879434274,800 V DC SST output,800.0,0.9883347897186495,False,0.0,0.0,79997.4314652752,79997.4314652752,1.0,24989.43519287875,79997.52620592146,0.0,False,False,True
C2,local_34p5kv,ac_corridor_sst_800vdc,local_34p5kv,2.36,2.38,2.38,2.38,1.02574097,1.02574097,0.9879445242891972,0.9988179456206826,800 V DC SST output,800.0,0.9879445242891972,False,0.0,0.0,79997.33618925104,79997.33618925104,1.0,24989.073494488024,79997.4314652752,0.0,False,False,True
C2,local_34p5kv,ac_corridor_sst_800vdc,local_34p5kv,2.38,2.4,2.4,2.4,1.02536889,1.02536889,0.9875558317728,0.9984335705261607,800 V DC SST output,800.0,0.9875558317728,False,0.0,0.0,79997.24067645663,79997.24067645663,1.0,24988.712712213328,79997.33618925104,0.0,False,False,True
C2,local_34p5kv,ac_corridor_sst_800vdc,local_34p5kv,2.4,2.42,2.42,2.42,1.02499933,1.02499933,0.9871697570384891,0.998051787364712,800 V DC SST output,800.0,0.9871697570384891,False,0.0,0.0,79997.14519181676,79997.14519181676,1.0,24988.353823603447,79997.24067645663,0.0,False,False,True
C2,local_34p5kv,ac_corridor_sst_800vdc,local_34p5kv,2.42,2.44,2.44,2.44,1.02463319,1.02463319,0.9867872406386815,0.9976735261599808,800 V DC SST output,800.0,0.9867872406386815,False,0.0,0.0,79997.04998084783,79997.04998084783,1.0,24987.997714786157,79997.14519181676,0.0,False,False,True
C2,local_34p5kv,ac_corridor_sst_800vdc,local_34p5kv,2.44,2.46,2.46,2.46,1.02427135,1.02427135,0.9864092023698301,0.9972996963802094,800 V DC SST output,800.0,0.9864092023698301,False,0.0,0.0,79996.95528974949,79996.95528974949,1.0,24987.645257630516,79997.04998084783,0.0,False,False,True
C2,local_34p5kv,ac_corridor_sst_800vdc,local_34p5kv,2.46,2.48,2.48,2.48,1.02391464,1.02391464,0.9860365099205444,0.9969311559373394,800 V DC SST output,800.0,0.9860365099205444,False,0.0,0.0,79996.86135720264,79996.86135720264,1.0,24987.29728020007,79996.95528974949,0.0,False,False,True
C2,local_34p5kv,ac_corridor_sst_800vdc,local_34p5kv,2.48,2.5,2.5,2.5,1.02356396,1.02356396,0.9856701042415099,0.9965688351617189,800 V DC SST output,800.0,0.9856701042415099,False,0.0,0.0,79996.76844570783,79996.76844570783,1.0,24986.954683571763,79996.86135720264,0.0,False,False,True
C2,local_34p5kv,ac_corridor_sst_800vdc,local_34p5kv,2.5,2.52,2.52,2.52,1.02322027,1.02322027,0.9853109891049204,0.9962137264762211,800 V DC SST output,800.0,0.9853109891049204,False,0.0,0.0,79996.67683928905,79996.67683928905,1.0,24986.61843236744,79996.76844570783,0.0,False,False,True
C2,local_34p5kv,ac_corridor_sst_800vdc,local_34p5kv,2.52,2.54,2.54,2.54,1.02288465,1.02288465,0.9849602938056125,0.9958669463960568,800 V DC SST output,800.0,0.9849602938056125,False,0.0,0.0,79996.5868598574,79996.5868598574,1.0,24986.28961377177,79996.67683928905,0.0,False,False,True
C2,local_34p5kv,ac_corridor_sst_800vdc,local_34p5kv,2.54,2.56,2.56,2.56,1.02255828,1.02255828,0.9846192522754968,0.995529714873586,800 V DC SST output,800.0,0.9846192522754968,False,0.0,0.0,79996.49886241187,79996.49886241187,1.0,24985.96941842328,79996.5868598574,0.0,False,False,True
C2,local_34p5kv,ac_corridor_sst_800vdc,local_34p5kv,2.56,2.58,2.58,2.58,1.02224245,1.02224245,0.9842892135410538,0.995203365637257,800 V DC SST output,800.0,0.9842892135410538,False,0.0,0.0,79996.41323809438,79996.41323809438,1.0,24985.659150530148,79996.49886241187,0.0,False,False,True
C2,local_34p5kv,ac_corridor_sst_800vdc,local_34p5kv,2.58,2.6,2.6,2.6,1.02193854,1.02193854,0.9839716208284804,0.9948893255292698,800 V DC SST output,800.0,0.9839716208284804,False,0.0,0.0,79996.33040899601,79996.33040899601,1.0,24985.36020841304,79996.41323809438,0.0,False,False,True
C2,local_34p5kv,ac_corridor_sst_800vdc,local_34p5kv,2.6,2.62,2.62,2.62,1.02164798,1.02164798,0.9836679697597289,0.9945890731699176,800 V DC SST output,800.0,0.9836679697597289,False,0.0,0.0,79996.25081714132,79996.25081714132,1.0,24985.07404504921,79996.33040899601,0.0,False,False,True
C2,local_34p5kv,ac_corridor_sst_800vdc,local_34p5kv,2.62,2.64,2.64,2.64,1.02137218,1.02137218,0.9833797351842853,0.9943040666114793,800 V DC SST output,800.0,0.9833797351842853,False,0.0,0.0,79996.17490471253,79996.17490471253,1.0,24984.802098595537,79996.25081714132,0.0,False,False,True
C2,local_34p5kv,ac_corridor_sst_800vdc,local_34p5kv,2.64,2.66,2.66,2.66,1.02111254,1.02111254,0.9831083816058604,0.9940357536534274,800 V DC SST output,800.0,0.9831083816058604,False,0.0,0.0,79996.10311577801,79996.10311577801,1.0,24984.545801343913,79996.17490471253,0.0,False,False,True
C2,local_34p5kv,ac_corridor_sst_800vdc,local_34p5kv,2.66,2.68,2.68,2.68,1.0208703,1.0208703,0.982855206384028,0.9937854168078647,800 V DC SST output,800.0,0.982855206384028,False,0.0,0.0,79996.03585348795,79996.03585348795,1.0,24984.306430482364,79996.10311577801,0.0,False,False,True
C2,local_34p5kv,ac_corridor_sst_800vdc,local_34p5kv,2.68,2.7,2.7,2.7,1.02064655,1.02064655,0.9826131255935331,0.9935481770424317,800 V DC SST output,800.0,0.9826131255935331,False,0.0,0.0,79999.67098414668,79999.67098414668,1.0,24998.700852818598,79996.03585348795,0.0,False,False,True
C2,local_34p5kv,ac_corridor_sst_800vdc,local_34p5kv,2.7,2.72,2.72,2.72,1.02044214,1.02044214,0.9823993634858079,0.9933368429354557,800 V DC SST output,800.0,0.9823993634858079,False,0.0,0.0,79999.6660716114,79999.6660716114,1.0,24998.68327649826,79999.67098414668,0.0,False,False,True
C2,local_34p5kv,ac_corridor_sst_800vdc,local_34p5kv,2.72,2.74,2.74,2.74,1.02025765,1.02025765,0.9822064285291114,0.9931461003429244,800 V DC SST output,800.0,0.9822064285291114,False,0.0,0.0,79999.66161867185,79999.66161867185,1.0,24998.66737735193,79999.6660716114,0.0,False,False,True
C2,local_34p5kv,ac_corridor_sst_800vdc,local_34p5kv,2.74,2.76,2.76,2.76,1.02009333,1.02009333,0.9820345834700265,0.9929762087397027,800 V DC SST output,800.0,0.9820345834700265,False,0.0,0.0,79999.65763725105,79999.65763725105,1.0,24998.65318789499,79999.66161867185,0.0,False,False,True
C2,local_34p5kv,ac_corridor_sst_800vdc,local_34p5kv,2.76,2.7800000000000002,2.7800000000000002,2.7800000000000002,1.01994909,1.01994909,0.9818837353542164,0.992827075971881,800 V DC SST output,800.0,0.9818837353542164,False,0.0,0.0,79999.65413045224,79999.65413045224,1.0,24998.640710200823,79999.65763725105,0.0,False,False,True
C2,local_34p5kv,ac_corridor_sst_800vdc,local_34p5kv,2.78,2.8,2.8,2.8,1.01982449,1.01982449,0.9817534250367811,0.9926982478933177,800 V DC SST output,800.0,0.9817534250367811,False,0.0,0.0,79999.65109216998,79999.65109216998,1.0,24998.629914763354,79999.65413045224,0.0,False,False,True
C2,local_34p5kv,ac_corridor_sst_800vdc,local_34p5kv,2.8,2.8200000000000003,2.8200000000000003,2.8200000000000003,1.01971874,1.01971874,0.9816428271622633,0.9925889083502496,800 V DC SST output,800.0,0.9816428271622633,False,0.0,0.0,79999.64850699637,79999.64850699637,1.0,24998.620740322425,79999.65109216998,0.0,False,False,True
C2,local_34p5kv,ac_corridor_sst_800vdc,local_34p5kv,2.82,2.84,2.84,2.84,1.01963073,1.01963073,0.981550781532096,0.9924979101935655,800 V DC SST output,800.0,0.981550781532096,False,0.0,0.0,79999.6463509169,79999.6463509169,1.0,24998.613096395184,79999.64850699637,0.0,False,False,True
C2,local_34p5kv,ac_corridor_sst_800vdc,local_34p5kv,2.84,2.8600000000000003,2.8600000000000003,2.8600000000000003,1.01955904,1.01955904,0.9814758035667607,0.9924237856211046,800 V DC SST output,800.0,0.9814758035667607,False,0.0,0.0,79999.64459156958,79999.64459156958,1.0,24998.60686417151,79999.6463509169,0.0,False,False,True
C2,local_34p5kv,ac_corridor_sst_800vdc,local_34p5kv,2.86,2.88,2.88,2.88,1.019502,1.019502,0.9814161470702161,0.992364808224934,800 V DC SST output,800.0,0.9814161470702161,False,0.0,0.0,79999.64318977369,79999.64318977369,1.0,24998.60190183395,79999.64459156958,0.0,False,False,True
C2,local_34p5kv,ac_corridor_sst_800vdc,local_34p5kv,2.88,2.9,2.9,2.9,1.01945776,1.01945776,0.9813698774610417,0.9923190653844377,800 V DC SST output,800.0,0.9813698774610417,False,0.0,0.0,79999.64210134056,79999.64210134056,1.0,24998.59805081651,79999.64318977369,0.0,False,False,True
C2,local_34p5kv,ac_corridor_sst_800vdc,local_34p5kv,2.9,2.92,2.92,2.92,1.01942428,1.01942428,0.9813348613372203,0.9922844479447316,800 V DC SST output,800.0,0.9813348613372203,False,0.0,0.0,79999.64127693432,79999.64127693432,1.0,24998.595135132906,79999.64210134056,0.0,False,False,True
C2,local_34p5kv,ac_corridor_sst_800vdc,local_34p5kv,2.92,2.94,2.94,2.94,1.01939947,1.01939947,0.9813089129234326,0.9922587949913166,800 V DC SST output,800.0,0.9813089129234326,False,0.0,0.0,79999.64066562735,79999.64066562735,1.0,24998.592973770297,79999.64127693432,0.0,False,False,True
C2,local_34p5kv,ac_corridor_sst_800vdc,local_34p5kv,2.94,2.96,2.96,2.96,1.01938122,1.01938122,0.9812898254706289,0.9922399248870724,800 V DC SST output,800.0,0.9812898254706289,False,0.0,0.0,79999.64021574406,79999.64021574406,1.0,24998.59138349785,79999.64066562735,0.0,False,False,True
C2,local_34p5kv,ac_corridor_sst_800vdc,local_34p5kv,2.96,2.98,2.98,2.98,1.01936742,1.01936742,0.9812753921925016,0.9922256559662176,800 V DC SST output,800.0,0.9812753921925016,False,0.0,0.0,79999.63987543918,79999.63987543918,1.0,24998.590180768297,79999.64021574406,0.0,False,False,True
C2,local_34p5kv,ac_corridor_sst_800vdc,local_34p5kv,2.98,3.0,3.0,3.0,1.01935607,1.01935607,0.981263521327311,0.9922139202828232,800 V DC SST output,800.0,0.981263521327311,False,0.0,0.0,79999.63959547385,79999.63959547385,1.0,24998.589191423416,79999.63987543918,0.0,False,False,True
C3,central_138kv,bipolar_dc_corridor_800vdc,central_138kv,0.0,0.02,0.02,0.02,1.01660454,1.01660454,0.9783852692053562,0.9893685437393305,800 V DC corridor output,800.0,1.0,True,0.0,0.0,79999.56965835202,79999.56965835202,1.0,24998.345494288922,0.0,0.0,False,False,True
C3,central_138kv,bipolar_dc_corridor_800vdc,central_138kv,0.02,0.04,0.04,0.04,1.01656852,1.01656852,0.9783475843185433,0.989331290602378,800 V DC corridor output,800.0,1.0,True,0.0,0.0,79999.56871527918,79999.56871527918,1.0,24998.342252687493,0.0,0.0,False,False,True
C3,central_138kv,bipolar_dc_corridor_800vdc,central_138kv,0.04,0.060000000000000005,0.060000000000000005,0.060000000000000005,1.01670801,1.01670801,0.9784935208478805,0.9894755553486713,800 V DC corridor output,800.0,1.0,True,0.0,0.0,79999.57236340482,79999.57236340482,1.0,24998.354798566834,79999.56871527918,0.0,False,False,True
C3,central_138kv,bipolar_dc_corridor_800vdc,central_138kv,0.06,0.08,0.08,0.08,1.01681083,1.01681083,0.9786010911846347,0.9895818937343005,800 V DC corridor output,800.0,1.0,True,0.0,0.0,79999.5750456042,79999.5750456042,1.0,24998.364033452926,79999.57236340482,0.0,False,False,True
C3,central_138kv,bipolar_dc_corridor_800vdc,central_138kv,0.08,0.1,0.1,0.1,1.01684617,1.01684617,0.9786380636191088,0.9896184428052275,800 V DC corridor output,800.0,1.0,True,0.0,0.0,79999.57596614811,79999.57596614811,1.0,24998.36720503529,79999.5750456042,0.0,False,False,True
C3,central_138kv,bipolar_dc_corridor_800vdc,central_138kv,0.1,0.12000000000000001,0.12000000000000001,0.12000000000000001,1.01682941,1.01682941,0.9786205294554268,0.9896011094174805,800 V DC corridor output,800.0,1.0,True,0.0,0.0,79999.57552966598,79999.57552966598,1.0,24998.365701072355,79999.57596614811,0.0,False,False,True
C3,central_138kv,bipolar_dc_corridor_800vdc,central_138kv,0.12,0.14,0.14,0.14,1.01678109,1.01678109,0.9785699773112141,0.989551136164606,800 V DC corridor output,800.0,1.0,True,0.0,0.0,79999.57427039606,79999.57427039606,1.0,24998.361363444208,79999.57552966598,0.0,False,False,True
C3,central_138kv,bipolar_dc_corridor_800vdc,central_138kv,0.14,0.16,0.16,0.16,1.01671722,1.01671722,0.9785031564061148,0.989485080544226,800 V DC corridor output,800.0,1.0,True,0.0,0.0,79999.57260389831,79999.57260389831,1.0,24998.355626217235,79999.57427039606,0.0,False,False,True
C3,central_138kv,bipolar_dc_corridor_800vdc,central_138kv,0.16,0.18000000000000002,0.18000000000000002,0.18000000000000002,1.01664852,1.01664852,0.9784312818024189,0.989414029223327,800 V DC corridor output,800.0,1.0,True,0.0,0.0,79999.57080885993,79999.57080885993,1.0,24998.349450429592,79999.57260389831,0.0,False,False,True
C3,central_138kv,bipolar_dc_corridor_800vdc,central_138kv,0.18,0.2,0.2,0.2,1.01658159,1.01658159,0.9783612584472657,0.9893448080648162,800 V DC corridor output,800.0,1.0,True,0.0,0.0,79999.56905755989,79999.56905755989,1.0,24998.343429070366,79999.57080885993,0.0,False,False,True
C3,central_138kv,bipolar_dc_corridor_800vdc,central_138kv,0.2,0.22,0.22,0.22,1.01652022,1.01652022,0.9782970515921732,0.989281336874894,800 V DC corridor output,800.0,1.0,True,0.0,0.0,79999.5674495656,79999.5674495656,1.0,24998.337903849748,79999.56905755989,0.0,False,False,True
C3,central_138kv,bipolar_dc_corridor_800vdc,central_138kv,0.22,0.24000000000000002,0.24000000000000002,0.24000000000000002,1.01646632,1.01646632,0.9782406596695655,0.9892255911574047,800 V DC corridor output,800.0,1.0,True,0.0,0.0,79999.56603557794,79999.56603557794,1.0,24998.333047951783,79999.5674495656,0.0,False,False,True
C3,central_138kv,bipolar_dc_corridor_800vdc,central_138kv,0.24,0.26,0.26,0.26,1.01642061,1.01642061,0.9781928361174117,0.989178315683529,800 V DC corridor output,800.0,1.0,True,0.0,0.0,79999.56483518211,79999.56483518211,1.0,24998.328927543575,79999.56603557794,0.0,False,False,True
C3,central_138kv,bipolar_dc_corridor_800vdc,central_138kv,0.26,0.28,0.28,0.28,1.01638305,1.01638305,0.9781535392202052,0.9891394691864818,800 V DC corridor output,800.0,1.0,True,0.0,0.0,79999.56384794801,79999.56384794801,1.0,24998.325540177706,79999.56483518211,0.0,False,False,True
C3,central_138kv,bipolar_dc_corridor_800vdc,central_138kv,0.28,0.30000000000000004,0.30000000000000004,0.30000000000000004,1.01635317,1.01635317,0.978122277350741,0.9891085656503644,800 V DC corridor output,800.0,1.0,True,0.0,0.0,79999.563062018,79999.563062018,1.0,24998.322844393253,79999.56384794801,0.0,False,False,True
C3,central_138kv,bipolar_dc_corridor_800vdc,central_138kv,0.3,0.32,0.32,0.32,1.01633025,1.01633025,0.9780982972901027,0.9890848604725573,800 V DC corridor output,800.0,1.0,True,0.0,0.0,79999.56245882058,79999.56245882058,1.0,24998.320775916043,79999.563062018,0.0,False,False,True
C3,central_138kv,bipolar_dc_corridor_800vdc,central_138kv,0.32,0.34,0.34,0.34,1.01631347,1.01631347,0.9780807411674478,0.9890675056040249,800 V DC corridor output,800.0,1.0,True,0.0,0.0,79999.56201702802,79999.56201702802,1.0,24998.319261214736,79999.56245882058,0.0,False,False,True
C3,central_138kv,bipolar_dc_corridor_800vdc,central_138kv,0.34,0.36000000000000004,0.36000000000000004,0.36000000000000004,1.01630196,1.01630196,0.9780686987777714,0.9890556012662152,800 V DC corridor output,800.0,1.0,True,0.0,0.0,79999.56171389642,79999.56171389642,1.0,24998.31822205849,79999.56201702802,0.0,False,False,True
C3,central_138kv,bipolar_dc_corridor_800vdc,central_138kv,0.36,0.38,0.38,0.38,1.01629492,1.01629492,0.978061333138042,0.9890483200666143,800 V DC corridor output,800.0,1.0,True,0.0,0.0,79999.56152845218,79999.56152845218,1.0,24998.3175863992,79999.56171389642,0.0,False,False,True
C3,central_138kv,bipolar_dc_corridor_800vdc,central_138kv,0.38,0.4,0.4,0.4,1.01629159,1.01629159,0.9780578491046823,0.9890448759748709,800 V DC corridor output,800.0,1.0,True,0.0,0.0,79999.56144072537,79999.56144072537,1.0,24998.317285707242,79999.56152845218,0.0,False,False,True
C3,central_138kv,bipolar_dc_corridor_800vdc,central_138kv,0.4,0.42000000000000004,0.42000000000000004,0.42000000000000004,1.01629128,1.01629128,0.9780575247651732,0.9890445553536658,800 V DC corridor output,800.0,1.0,True,0.0,0.0,79999.56143255832,79999.56143255832,1.0,24998.3172577143,79999.56144072537,0.0,False,False,True
C3,central_138kv,bipolar_dc_corridor_800vdc,central_138kv,0.42,0.44,0.44,0.44,1.01629342,1.01629342,0.9780597637538103,0.9890467686740635,800 V DC corridor output,800.0,1.0,True,0.0,0.0,79999.56148893638,79999.56148893638,1.0,24998.317450953793,79999.56143255832,0.0,False,False,True
C3,central_138kv,bipolar_dc_corridor_800vdc,central_138kv,0.44,0.46,0.46,0.46,1.0162975,1.0162975,0.9780640324782904,0.9890509884613159,800 V DC corridor output,800.0,1.0,True,0.0,0.0,79999.56159641646,79999.56159641646,1.0,24998.317819359847,79999.56148893638,0.0,False,False,True
C3,central_138kv,bipolar_dc_corridor_800vdc,central_138kv,0.46,0.48000000000000004,0.48000000000000004,0.48000000000000004,1.01630309,1.01630309,0.9780698810460958,0.9890567699810666,800 V DC corridor output,800.0,1.0,True,0.0,0.0,79999.56174365975,79999.56174365975,1.0,24998.31832408426,79999.56159641646,0.0,False,False,True
C3,central_138kv,bipolar_dc_corridor_800vdc,central_138kv,0.48,0.5,0.5,0.5,1.01630985,1.01630985,0.9780769537277473,0.989063761582502,800 V DC corridor output,800.0,1.0,True,0.0,0.0,79999.56192169827,79999.56192169827,1.0,24998.31893440541,79999.56174365975,0.0,False,False,True
C3,central_138kv,bipolar_dc_corridor_800vdc,central_138kv,0.5,0.52,0.52,0.52,1.01631747,1.01631747,0.978084926181867,0.9890716426429779,800 V DC corridor output,800.0,1.0,True,0.0,0.0,79999.56212235628,79999.56212235628,1.0,24998.319622314237,79999.56192169827,0.0,False,False,True
C3,central_138kv,bipolar_dc_corridor_800vdc,central_138kv,0.52,0.54,0.54,0.54,1.01632573,1.01632573,0.9780935682305828,0.9890801856237527,800 V DC corridor output,800.0,1.0,True,0.0,0.0,79999.56233983106,79999.56233983106,1.0,24998.32036793224,79999.56212235628,0.0,False,False,True
C3,central_138kv,bipolar_dc_corridor_800vdc,central_138kv,0.54,0.56,0.56,0.56,1.01633442,1.01633442,0.9781026601592172,0.9890891733291881,800 V DC corridor output,800.0,1.0,True,0.0,0.0,79999.56256858629,79999.56256858629,1.0,24998.321152289427,79999.56233983106,0.0,False,False,True
C3,central_138kv,bipolar_dc_corridor_800vdc,central_138kv,0.56,0.5800000000000001,0.5800000000000001,0.5800000000000001,1.01634339,1.01634339,0.9781120450288924,0.9890984506196788,800 V DC corridor output,800.0,1.0,True,0.0,0.0,79999.56280466836,79999.56280466836,1.0,24998.321961837326,79999.56256858629,0.0,False,False,True
C3,central_138kv,bipolar_dc_corridor_800vdc,central_138kv,0.58,0.6000000000000001,0.6000000000000001,0.6000000000000001,1.01635251,1.01635251,0.9781215868263141,0.989107883041209,800 V DC corridor output,800.0,1.0,True,0.0,0.0,79999.56304465252,79999.56304465252,1.0,24998.322784837394,79999.56280466836,0.0,False,False,True
C3,central_138kv,bipolar_dc_corridor_800vdc,central_138kv,0.6,0.62,0.62,0.62,1.01636168,1.01636168,0.9781311809261859,0.9891173671678533,800 V DC corridor output,800.0,1.0,True,0.0,0.0,79999.56328590593,79999.56328590593,1.0,24998.32361226268,79999.56304465252,0.0,False,False,True
C3,central_138kv,bipolar_dc_corridor_800vdc,central_138kv,0.62,0.64,0.64,0.64,1.01637081,1.01637081,0.9781407331661153,0.9891268099165685,800 V DC corridor output,800.0,1.0,True,0.0,0.0,79999.56352606062,79999.56352606062,1.0,24998.324435992232,79999.56328590593,0.0,False,False,True
C3,central_138kv,bipolar_dc_corridor_800vdc,central_138kv,0.64,0.66,0.66,0.66,1.01637983,1.01637983,0.9781501703090204,0.989136138889688,800 V DC corridor output,800.0,1.0,True,0.0,0.0,79999.56376327653,79999.56376327653,1.0,24998.325249712565,79999.56352606062,0.0,False,False,True
C3,central_138kv,bipolar_dc_corridor_800vdc,central_138kv,0.66,0.68,0.68,0.68,1.01638868,1.01638868,0.9781594295805681,0.989145292032308,800 V DC corridor output,800.0,1.0,True,0.0,0.0,79999.5639959778,79999.5639959778,1.0,24998.326048014867,79999.56376327653,0.0,False,False,True
C3,central_138kv,bipolar_dc_corridor_800vdc,central_138kv,0.68,0.7000000000000001,0.7000000000000001,0.7000000000000001,1.01639732,1.01639732,0.9781684691315462,0.9891542279747557,800 V DC corridor output,800.0,1.0,True,0.0,0.0,79999.56422311545,79999.56422311545,1.0,24998.326827296194,79999.5639959778,0.0,False,False,True
C3,central_138kv,bipolar_dc_corridor_800vdc,central_138kv,0.7,0.7200000000000001,0.7200000000000001,0.7200000000000001,1.0164057,1.0164057,0.9781772366504662,0.9891628950049611,800 V DC corridor output,800.0,1.0,True,0.0,0.0,79999.56444337845,79999.56444337845,1.0,24998.327583053117,79999.56422311545,0.0,False,False,True
C3,central_138kv,bipolar_dc_corridor_800vdc,central_138kv,0.72,0.74,0.74,0.74,1.01641378,1.01641378,0.9781856902884375,0.9891712517534998,800 V DC corridor output,800.0,1.0,True,0.0,0.0,79999.56465571928,79999.56465571928,1.0,24998.32831168548,79999.56444337845,0.0,False,False,True
C3,central_138kv,bipolar_dc_corridor_800vdc,central_138kv,0.74,0.76,0.76,0.76,1.01642154,1.01642154,0.9781938091215115,0.9891792775360415,800 V DC corridor output,800.0,1.0,True,0.0,0.0,79999.5648596165,79999.5648596165,1.0,24998.329011397524,79999.56465571928,0.0,False,False,True
C3,central_138kv,bipolar_dc_corridor_800vdc,central_138kv,0.76,0.78,0.78,0.78,1.01642896,1.01642896,0.9782015722257795,0.9891869516682863,800 V DC corridor output,800.0,1.0,True,0.0,0.0,79999.56505454886,79999.56505454886,1.0,24998.329680393814,79999.5648596165,0.0,False,False,True
C3,central_138kv,bipolar_dc_corridor_800vdc,central_138kv,0.78,0.8,0.8,0.8,1.01643601,1.01643601,0.9782089482149723,0.9891942431234728,800 V DC corridor output,800.0,1.0,True,0.0,0.0,79999.56523973268,79999.56523973268,1.0,24998.33031597767,79999.56505454886,0.0,False,False,True
C3,central_138kv,bipolar_dc_corridor_800vdc,central_138kv,0.8,0.8200000000000001,0.8200000000000001,0.8200000000000001,1.01644267,1.01644267,0.9782159161652578,0.9892011312173604,800 V DC corridor output,800.0,1.0,True,0.0,0.0,79999.56541464695,79999.56541464695,1.0,24998.330916354345,79999.56523973268,0.0,False,False,True
C3,central_138kv,bipolar_dc_corridor_800vdc,central_138kv,0.82,0.8400000000000001,0.8400000000000001,0.8400000000000001,1.01644893,1.01644893,0.9782224656151931,0.9892076056081928,800 V DC corridor output,800.0,1.0,True,0.0,0.0,79999.56557903344,79999.56557903344,1.0,24998.331480630513,79999.56541464695,0.0,False,False,True
C3,central_138kv,bipolar_dc_corridor_800vdc,central_138kv,0.84,0.8600000000000001,0.8600000000000001,0.8600000000000001,1.01645478,1.01645478,0.9782285861033071,0.989213655954192,800 V DC corridor output,800.0,1.0,True,0.0,0.0,79999.56573263381,79999.56573263381,1.0,24998.33200791266,79999.56557903344,0.0,False,False,True
C3,central_138kv,bipolar_dc_corridor_800vdc,central_138kv,0.86,0.88,0.88,0.88,1.01646021,1.01646021,0.9782342671680974,0.9892192719135561,800 V DC corridor output,800.0,1.0,True,0.0,0.0,79999.5658751895,79999.5658751895,1.0,24998.33249730698,79999.56573263381,0.0,False,False,True
C3,central_138kv,bipolar_dc_corridor_800vdc,central_138kv,0.88,0.9,0.9,0.9,1.01646523,1.01646523,0.9782395192727411,0.9892244638293763,800 V DC corridor output,800.0,1.0,True,0.0,0.0,79999.56600696676,79999.56600696676,1.0,24998.332949721742,79999.5658751895,0.0,False,False,True
C3,central_138kv,bipolar_dc_corridor_800vdc,central_138kv,0.9,0.92,0.92,0.92,1.01646984,1.01646984,0.9782443424179752,0.9892292317022191,800 V DC corridor output,800.0,1.0,True,0.0,0.0,79999.56612796908,79999.56612796908,1.0,24998.333365163337,79999.56600696676,0.0,False,False,True
C3,central_138kv,bipolar_dc_corridor_800vdc,central_138kv,0.92,0.9400000000000001,0.9400000000000001,0.9400000000000001,1.01647403,1.01647403,0.9782487261421317,0.9892335651901552,800 V DC corridor output,800.0,1.0,True,0.0,0.0,79999.56623793709,79999.56623793709,1.0,24998.333742736526,79999.56612796908,0.0,False,False,True
C3,central_138kv,bipolar_dc_corridor_800vdc,central_138kv,0.94,0.9600000000000001,0.9600000000000001,0.9600000000000001,1.01647782,1.01647782,0.978252691370527,0.9892374849785676,800 V DC corridor output,800.0,1.0,True,0.0,0.0,79999.5663373986,79999.5663373986,1.0,24998.334084248905,79999.56623793709,0.0,False,False,True
C3,central_138kv,bipolar_dc_corridor_800vdc,central_138kv,0.96,0.9800000000000001,0.9800000000000001,0.9800000000000001,1.01648122,1.01648122,0.9782562485660421,0.9892410014103187,800 V DC corridor output,800.0,1.0,True,0.0,0.0,79999.56642661852,79999.56642661852,1.0,24998.334390606193,79999.5663373986,0.0,False,False,True
C3,central_138kv,bipolar_dc_corridor_800vdc,central_138kv,0.98,1.0,1.0,1.0,1.01648425,1.01648425,0.9782594186538209,0.9892441351706591,800 V DC corridor output,800.0,1.0,True,0.0,0.0,79999.56650612381,79999.56650612381,1.0,24998.334663614536,79999.56642661852,0.0,False,False,True
C3,central_138kv,bipolar_dc_corridor_800vdc,central_138kv,1.0,1.02,1.02,1.02,0.10224176,0.10224176,0.0985663988881339,0.09962511183540547,800 V DC corridor output,800.0,1.0,True,0.0,0.0,777.2267991809194,777.2267991809194,1.0,242.88337474403727,79999.56650612381,0.020000000000000018,False,False,True
C3,central_138kv,bipolar_dc_corridor_800vdc,central_138kv,1.02,1.04,1.04,1.04,0.09603573,0.09603573,0.09258346169601464,0.09357791123162201,800 V DC corridor output,800.0,1.0,True,0.0,0.0,685.7357903684593,685.7357903684593,1.0,214.2924344901435,777.2267991809194,0.040000000000000036,True,False,True
C3,central_138kv,bipolar_dc_corridor_800vdc,central_138kv,1.04,1.06,1.06,1.06,0.09359132,0.09359132,0.09285972632081295,0.09385714324630667,800 V DC corridor output,800.0,1.0,True,0.0,120000.0,689.8185008610067,689.8185008610067,1.0,215.5559286255786,685.7357903684593,0.06000000000000005,True,False,True
C3,central_138kv,bipolar_dc_corridor_800vdc,central_138kv,1.06,1.08,1.08,1.08,0.0919935,0.0919935,0.0912743963146765,0.09225478502952106,800 V DC corridor output,800.0,1.0,True,0.0,120000.0,666.465967790906,666.465967790906,1.0,208.2586802255978,689.8185008610067,0.08000000000000007,True,False,True
C3,central_138kv,bipolar_dc_corridor_800vdc,central_138kv,1.08,1.1,1.1,1.1,0.90856399,0.90856399,0.8966011975756168,0.9072143734655651,800 V DC corridor output,800.0,1.0,True,0.0,120000.0,70798.5971798338,70798.5971798338,1.0,22124.632771198623,666.465967790906,0.0,False,False,True
C3,central_138kv,bipolar_dc_corridor_800vdc,central_138kv,1.1,1.12,1.12,1.12,0.94997064,0.94997064,0.9351771055186279,0.9463005682329203,800 V DC corridor output,800.0,1.0,True,0.0,120000.0,77394.31958719576,77394.31958719576,1.0,24191.813729661037,70798.5971798338,0.0,False,False,True
C3,central_138kv,bipolar_dc_corridor_800vdc,central_138kv,1.12,1.1400000000000001,1.1400000000000001,1.1400000000000001,0.97747884,0.97747884,0.9445696897059674,0.9558172056076806,800 V DC corridor output,800.0,1.0,True,0.0,32039.281454629865,79037.573496628,79037.573496628,1.0,24706.574751150227,77394.31958719576,0.0,False,False,True
C3,central_138kv,bipolar_dc_corridor_800vdc,central_138kv,1.14,1.16,1.16,1.16,0.99612096,0.99612096,0.9587542162280556,0.9699671123652249,800 V DC corridor output,800.0,1.0,True,0.0,8893.73668882325,79999.01177828704,79999.01177828704,1.0,24996.53157594174,79037.573496628,0.0,False,False,True
C3,central_138kv,bipolar_dc_corridor_800vdc,central_138kv,1.16,1.18,1.18,1.18,1.0098213,1.0098213,0.9719448791005095,0.9830024387656111,800 V DC corridor output,800.0,1.0,True,0.0,3258.1861764195087,79999.40368098495,79999.40368098495,1.0,24997.778225971924,79999.01177828704,0.0,False,False,True
C3,central_138kv,bipolar_dc_corridor_800vdc,central_138kv,1.18,1.2,1.2,1.2,1.02085653,1.02085653,0.9828408145847045,0.9937711863987497,800 V DC corridor output,800.0,1.0,True,0.0,0.0,79996.03202174288,79996.03202174288,1.0,24984.29281633286,79999.40368098495,0.0,False,False,True
C3,central_138kv,bipolar_dc_corridor_800vdc,central_138kv,1.2,1.22,1.22,1.22,1.0301645,1.0301645,0.9925644219411808,1.0033867759827975,800 V DC corridor output,800.0,1.0,True,0.0,0.0,79998.42449939015,79998.42449939015,1.0,24993.32054883365,79996.03202174288,0.0,False,False,True
C3,central_138kv,bipolar_dc_corridor_800vdc,central_138kv,1.22,1.24,1.24,1.24,1.03832361,1.03832361,1.0010803330730456,1.0118097401903696,800 V DC corridor output,800.0,1.0,True,0.0,0.0,80000.21143702736,80000.21143702736,1.0,25000.954798544546,79998.42449939015,0.0,False,False,True
C3,central_138kv,bipolar_dc_corridor_800vdc,central_138kv,1.24,1.26,1.26,1.26,1.04551542,1.04551542,1.0085809818024782,1.0192297724338262,800 V DC corridor output,800.0,1.0,True,0.0,0.0,80001.5621417952,80001.5621417952,1.0,25007.47703133626,80000.21143702736,0.0,False,False,True
C3,central_138kv,bipolar_dc_corridor_800vdc,central_138kv,1.26,1.28,1.28,1.28,1.05171547,1.05171547,1.0150431337985517,1.025623388547597,800 V DC corridor output,800.0,1.0,True,0.0,0.0,80002.56766499626,80002.56766499626,1.0,25012.950046727936,80001.5621417952,0.0,False,False,True
C3,central_138kv,bipolar_dc_corridor_800vdc,central_138kv,1.28,1.3,1.3,1.3,1.05664112,1.05664112,1.0201813771868544,1.0307058490974121,800 V DC corridor output,800.0,1.0,True,0.0,0.0,80000.22506769188,80000.22506769188,1.0,25001.21966049765,80002.56766499626,0.0,False,False,True
C3,central_138kv,bipolar_dc_corridor_800vdc,central_138kv,1.3,1.32,1.32,1.32,1.06032734,1.06032734,1.0240209643258718,1.034505206707134,800 V DC corridor output,800.0,1.0,True,0.0,0.0,80000.25100699904,80000.25100699904,1.0,25001.420863215928,80000.22506769188,0.0,False,False,True
C3,central_138kv,bipolar_dc_corridor_800vdc,central_138kv,1.32,1.34,1.34,1.34,1.0628999,1.0628999,1.0266997448859034,1.0371561021859899,800 V DC corridor output,800.0,1.0,True,0.0,0.0,80000.26615260249,80000.26615260249,1.0,25001.55586293052,80000.25100699904,0.0,False,False,True
C3,central_138kv,bipolar_dc_corridor_800vdc,central_138kv,1.34,1.36,1.36,1.36,1.06450612,1.06450612,1.02837195022149,1.0388109757332742,800 V DC corridor output,800.0,1.0,True,0.0,0.0,80000.27440666866,80000.27440666866,1.0,25001.63795159628,80000.26615260249,0.0,False,False,True
C3,central_138kv,bipolar_dc_corridor_800vdc,central_138kv,1.36,1.38,1.38,1.38,1.06529789,1.06529789,1.029196152799617,1.039626656923105,800 V DC corridor output,800.0,1.0,True,0.0,0.0,80000.2781406409,80000.2781406409,1.0,25001.677803934002,80000.27440666866,0.0,False,False,True
C3,central_138kv,bipolar_dc_corridor_800vdc,central_138kv,1.38,1.4,1.4,1.4,1.0654211,1.0654211,1.029324404165238,1.0397535835577443,800 V DC corridor output,800.0,1.0,True,0.0,0.0,80000.27870197705,80000.27870197705,1.0,25001.683969425016,80000.2781406409,0.0,False,False,True
C3,central_138kv,bipolar_dc_corridor_800vdc,central_138kv,1.4,1.42,1.42,1.42,1.06500934,1.06500934,1.0288957903670557,1.0393293983073177,800 V DC corridor output,800.0,1.0,True,0.0,0.0,80000.27680527722,80000.27680527722,1.0,25001.663326797585,80000.27870197705,0.0,False,False,True
C3,central_138kv,bipolar_dc_corridor_800vdc,central_138kv,1.42,1.44,1.44,1.44,1.06418067,1.06418067,1.0280331510831946,1.0384756834698918,800 V DC corridor output,800.0,1.0,True,0.0,0.0,80000.27280800023,80000.27280800023,1.0,25001.62145385405,80000.27680527722,0.0,False,False,True
C3,central_138kv,bipolar_dc_corridor_800vdc,central_138kv,1.44,1.46,1.46,1.46,1.06303649,1.06303649,1.0268419561486117,1.0372968372382136,800 V DC corridor output,800.0,1.0,True,0.0,0.0,80000.26689016311,80000.26689016311,1.0,25001.56290883127,80000.27280800023,0.0,False,False,True
C3,central_138kv,bipolar_dc_corridor_800vdc,central_138kv,1.46,1.48,1.48,1.48,1.06166178,1.06166178,1.0254105859344647,1.0358803443086544,800 V DC corridor output,800.0,1.0,True,0.0,0.0,80000.25916196988,80000.25916196988,1.0,25001.49143709842,80000.26689016311,0.0,False,False,True
C3,central_138kv,bipolar_dc_corridor_800vdc,central_138kv,1.48,1.5,1.5,1.5,1.0601263,1.0601263,1.0238115954165619,1.0342980235287813,800 V DC corridor output,800.0,1.0,True,0.0,0.0,80000.24972212443,80000.24972212443,1.0,25001.410127828105,80000.25916196988,0.0,False,False,True
C3,central_138kv,bipolar_dc_corridor_800vdc,central_138kv,1.5,1.52,1.52,1.52,1.05848618,1.05848618,1.022103374199597,1.0326076696636222,800 V DC corridor output,800.0,1.0,True,0.0,0.0,80000.23868370145,80000.23868370145,1.0,25001.321527707594,80000.24972212443,0.0,False,False,True
C3,central_138kv,bipolar_dc_corridor_800vdc,central_138kv,1.52,1.54,1.54,1.54,1.05678588,1.05678588,1.0203321860640377,1.0308550720287788,800 V DC corridor output,800.0,1.0,True,0.0,0.0,80000.22618233223,80000.22618233223,1.0,25001.22773779518,80000.23868370145,0.0,False,False,True
C3,central_138kv,bipolar_dc_corridor_800vdc,central_138kv,1.54,1.56,1.56,1.56,1.05506012,1.05506012,1.0185276135685302,1.02907126014402,800 V DC corridor output,800.0,1.0,True,0.0,0.0,80003.05178925164,80003.05178925164,1.0,25015.846576643096,80000.22618233223,0.0,False,False,True
C3,central_138kv,bipolar_dc_corridor_800vdc,central_138kv,1.56,1.58,1.58,1.58,1.05333568,1.05333568,1.0167312153778336,1.0272937048722681,800 V DC corridor output,800.0,1.0,True,0.0,0.0,80002.80717637864,80002.80717637864,1.0,25014.35800612934,80003.05178925164,0.0,False,False,True
C3,central_138kv,bipolar_dc_corridor_800vdc,central_138kv,1.58,1.6,1.6,1.6,1.05163314,1.05163314,1.0149573481206287,1.0255385071906398,800 V DC corridor output,800.0,1.0,True,0.0,0.0,80002.55524148831,80002.55524148831,1.0,25012.878258492477,80002.80717637864,0.0,False,False,True
C3,central_138kv,bipolar_dc_corridor_800vdc,central_138kv,1.6,1.62,1.62,1.62,1.04996823,1.04996823,1.013222413823653,1.0238218935522303,800 V DC corridor output,800.0,1.0,True,0.0,0.0,80002.29871075478,80002.29871075478,1.0,25011.42144234288,80002.55524148831,0.0,False,False,True
C3,central_138kv,bipolar_dc_corridor_800vdc,central_138kv,1.62,1.6400000000000001,1.6400000000000001,1.6400000000000001,1.04835312,1.04835312,1.0115391140370087,1.0221564269574184,800 V DC corridor output,800.0,1.0,True,0.0,0.0,80002.0401147997,80002.0401147997,1.0,25009.99888496095,80002.29871075478,0.0,False,False,True
C3,central_138kv,bipolar_dc_corridor_800vdc,central_138kv,1.64,1.6600000000000001,1.6600000000000001,1.6600000000000001,1.04679727,1.04679727,1.0099173326257926,1.0205518810841387,800 V DC corridor output,800.0,1.0,True,0.0,0.0,80001.78181475663,80001.78181475663,1.0,25008.619772002683,80002.0401147997,0.0,False,False,True
C3,central_138kv,bipolar_dc_corridor_800vdc,central_138kv,1.66,1.6800000000000002,1.6800000000000002,1.6800000000000002,1.04530816,1.04530816,1.008364894286358,1.0190159912820982,800 V DC corridor output,800.0,1.0,True,0.0,0.0,80001.52603609489,80001.52603609489,1.0,25007.291708971847,80001.78181475663,0.0,False,False,True
C3,central_138kv,bipolar_dc_corridor_800vdc,central_138kv,1.68,1.7000000000000002,1.7000000000000002,1.7000000000000002,1.04389177,1.04389177,1.0068880631152453,1.0175549482374928,800 V DC corridor output,800.0,1.0,True,0.0,0.0,80001.27488327424,80001.27488327424,1.0,25006.02108363837,80001.52603609489,0.0,False,False,True
C3,central_138kv,bipolar_dc_corridor_800vdc,central_138kv,1.7,1.7200000000000002,1.7200000000000002,1.7200000000000002,1.04255285,1.04255285,1.005491822676859,1.0161736753694417,800 V DC corridor output,800.0,1.0,True,0.0,0.0,80001.03033305785,80001.03033305785,1.0,25004.813256109825,80001.27488327424,0.0,False,False,True
C3,central_138kv,bipolar_dc_corridor_800vdc,central_138kv,1.72,1.74,1.74,1.74,1.04129508,1.04129508,1.004180041653645,1.0148759929701248,800 V DC corridor output,800.0,1.0,True,0.0,0.0,80000.79421765704,80000.79421765704,1.0,25003.6726597941,80001.03033305785,0.0,False,False,True
C3,central_138kv,bipolar_dc_corridor_800vdc,central_138kv,1.74,1.76,1.76,1.76,1.04012115,1.04012115,1.002955556265507,1.0136646999628485,800 V DC corridor output,800.0,1.0,True,0.0,0.0,80000.56819976908,80000.56819976908,1.0,25002.60283689873,80000.79421765704,0.0,False,False,True
C3,central_138kv,bipolar_dc_corridor_800vdc,central_138kv,1.76,1.78,1.78,1.78,1.03903267,1.03903267,1.0018200754979836,1.0125414803487514,800 V DC corridor output,800.0,1.0,True,0.0,0.0,80000.35371915865,80000.35371915865,1.0,25001.60632346535,80000.56819976908,0.0,False,False,True
C3,central_138kv,bipolar_dc_corridor_800vdc,central_138kv,1.78,1.8,1.8,1.8,1.03803016,1.03803016,1.0007741698520363,1.011506892258054,800 V DC corridor output,800.0,1.0,True,0.0,0.0,80000.15195703918,80000.15195703918,1.0,25000.684609896023,80000.35371915865,0.0,False,False,True
C3,central_138kv,bipolar_dc_corridor_800vdc,central_138kv,1.8,1.82,1.82,1.82,1.03711301,1.03711301,0.9998172289166734,1.0105603261344507,800 V DC corridor output,800.0,1.0,True,0.0,0.0,79999.96379877103,79999.96379877103,1.0,24999.83807818678,80000.15195703918,0.0,False,False,True
C3,central_138kv,bipolar_dc_corridor_800vdc,central_138kv,1.82,1.84,1.84,1.84,1.03627937,1.03627937,0.9989473460134863,1.009699890757892,800 V DC corridor output,800.0,1.0,True,0.0,0.0,79999.78978624917,79999.78978624917,1.0,24999.06587844546,79999.96379877103,0.0,False,False,True
C3,central_138kv,bipolar_dc_corridor_800vdc,central_138kv,1.84,1.86,1.86,1.86,1.03552623,1.03552623,0.9981614012181629,1.0089224954640446,800 V DC corridor output,800.0,1.0,True,0.0,0.0,79999.63011447794,79999.63011447794,1.0,24998.365985639008,79999.78978624917,0.0,False,False,True
C3,central_138kv,bipolar_dc_corridor_800vdc,central_138kv,1.86,1.88,1.88,1.88,1.03484939,1.03484939,0.9974550297660199,1.0082238189559114,800 V DC corridor output,800.0,1.0,True,0.0,0.0,79999.48461184563,79999.48461184563,1.0,24997.7351605514,79999.63011447794,0.0,False,False,True
C3,central_138kv,bipolar_dc_corridor_800vdc,central_138kv,1.88,1.9,1.9,1.9,1.0342436,1.0342436,0.9968227680139014,1.0075984537070197,800 V DC corridor output,800.0,1.0,True,0.0,0.0,79999.35276264802,79999.35276264802,1.0,24997.169074329886,79999.48461184563,0.0,False,False,True
C3,central_138kv,bipolar_dc_corridor_800vdc,central_138kv,1.9,1.92,1.92,1.92,1.03370268,1.03370268,0.9962581786943101,1.007040029846206,800 V DC corridor output,800.0,1.0,True,0.0,0.0,79999.23373214438,79999.23373214438,1.0,24996.66242051547,79999.35276264802,0.0,False,False,True
C3,central_138kv,bipolar_dc_corridor_800vdc,central_138kv,1.92,1.94,1.94,1.94,1.03321967,1.03321967,0.9957540076068412,1.0065413701091022,800 V DC corridor output,800.0,1.0,True,0.0,0.0,79999.12640348545,79999.12640348545,1.0,24996.209059835965,79999.23373214438,0.0,False,False,True
C3,central_138kv,bipolar_dc_corridor_800vdc,central_138kv,1.94,1.96,1.96,1.96,1.03278709,1.03278709,0.9953024552300392,1.006094758431645,800 V DC corridor output,800.0,1.0,True,0.0,0.0,79999.02944343245,79999.02944343245,1.0,24995.802272057368,79999.12640348545,0.0,False,False,True
C3,central_138kv,bipolar_dc_corridor_800vdc,central_138kv,1.96,1.98,1.98,1.98,1.03239711,1.03239711,0.9948953544626864,1.0056921156833585,800 V DC corridor output,800.0,1.0,True,0.0,0.0,79998.94135125286,79998.94135125286,1.0,24995.434926106842,79999.02944343245,0.0,False,False,True
C3,central_138kv,bipolar_dc_corridor_800vdc,central_138kv,1.98,2.0,2.0,2.0,1.03204183,1.03204183,0.9945244632211252,1.005325288993129,800 V DC corridor output,800.0,1.0,True,0.0,0.0,79998.86053376777,79998.86053376777,1.0,24995.09975487158,79998.94135125286,0.0,False,False,True
C3,central_138kv,bipolar_dc_corridor_800vdc,central_138kv,2.0,2.02,2.02,2.02,1.03171349,1.03171349,0.994181683974637,1.0049862688107516,800 V DC corridor output,800.0,1.0,True,0.0,0.0,79998.78536521575,79998.78536521575,1.0,24994.78956452964,79998.86053376777,0.0,False,False,True
C3,central_138kv,bipolar_dc_corridor_800vdc,central_138kv,2.02,2.04,2.04,2.04,1.03140469,1.03140469,0.9938592937024914,1.0046674162799174,800 V DC corridor output,800.0,1.0,True,0.0,0.0,79998.71424880618,79998.71424880618,1.0,24994.49745270529,79998.78536521575,0.0,False,False,True
C3,central_138kv,bipolar_dc_corridor_800vdc,central_138kv,2.04,2.06,2.06,2.06,1.03110861,1.03110861,0.9935501738261087,1.0043616905921164,800 V DC corridor output,800.0,1.0,True,0.0,0.0,79998.64567735998,79998.64567735998,1.0,24994.217025738508,79998.71424880618,0.0,False,False,True
C3,central_138kv,bipolar_dc_corridor_800vdc,central_138kv,2.06,2.08,2.08,2.08,1.03081918,1.03081918,0.9932479879125594,1.0040628246912395,800 V DC corridor output,800.0,1.0,True,0.0,0.0,79998.57828135902,79998.57828135902,1.0,24993.94256764071,79998.64567735998,0.0,False,False,True
C3,central_138kv,bipolar_dc_corridor_800vdc,central_138kv,2.08,2.1,2.1,2.1,1.03053116,1.03053116,0.9929472653826654,1.003765408021862,800 V DC corridor output,800.0,1.0,True,0.0,0.0,79998.51085491001,79998.51085491001,1.0,24993.669122655607,79998.57828135902,0.0,False,False,True
C3,central_138kv,bipolar_dc_corridor_800vdc,central_138kv,2.1,2.12,2.12,2.12,1.03024029,1.03024029,0.9926435582824901,1.0034650415429731,800 V DC corridor output,800.0,1.0,True,0.0,0.0,79998.44239715768,79998.44239715768,1.0,24993.39264340931,79998.51085491001,0.0,False,False,True
C3,central_138kv,bipolar_dc_corridor_800vdc,central_138kv,2.12,2.14,2.14,2.14,1.02994326,1.02994326,0.9923334101042103,1.0031583068599201,800 V DC corridor output,800.0,1.0,True,0.0,0.0,79998.37211109017,79998.37211109017,1.0,24993.109967730772,79998.44239715768,0.0,False,False,True
C3,central_138kv,bipolar_dc_corridor_800vdc,central_138kv,2.14,2.16,2.16,2.16,1.02963775,1.02963775,0.9920143976851544,1.0028428076331575,800 V DC corridor output,800.0,1.0,True,0.0,0.0,79998.29941838278,79998.29941838278,1.0,24992.81886160226,79998.37211109017,0.0,False,False,True
C3,central_138kv,bipolar_dc_corridor_800vdc,central_138kv,2.16,2.18,2.18,2.18,1.02932237,1.02932237,0.9916850686907024,1.002517107720014,800 V DC corridor output,800.0,1.0,True,0.0,0.0,79998.22395061076,79998.22395061076,1.0,24992.51796696063,79998.29941838278,0.0,False,False,True
C3,central_138kv,bipolar_dc_corridor_800vdc,central_138kv,2.18,2.2,2.2,2.2,1.02899653,1.02899653,0.9913448059945826,1.002180597020862,800 V DC corridor output,800.0,1.0,True,0.0,0.0,79998.1455234609,79998.1455234609,1.0,24992.20668247657,79998.22395061076,0.0,False,False,True
C3,central_138kv,bipolar_dc_corridor_800vdc,central_138kv,2.2,2.22,2.22,2.22,1.02866037,1.02866037,0.9909937547037648,1.001833419281596,800 V DC corridor output,800.0,1.0,True,0.0,0.0,79998.0641249437,79998.0641249437,1.0,24991.88510124553,79998.1455234609,0.0,False,False,True
C3,central_138kv,bipolar_dc_corridor_800vdc,central_138kv,2.22,2.24,2.24,2.24,1.02831461,1.02831461,0.9906326656329266,1.001476317269038,800 V DC corridor output,800.0,1.0,True,0.0,0.0,79997.97988398379,79997.97988398379,1.0,24991.55387171125,79998.0641249437,0.0,False,False,True
C3,central_138kv,bipolar_dc_corridor_800vdc,central_138kv,2.24,2.26,2.26,2.26,1.02796037,1.02796037,0.9902627074251262,1.0011104469439815,800 V DC corridor output,800.0,1.0,True,0.0,0.0,79997.89303073967,79997.89303073967,1.0,24991.214028975148,79997.97988398379,0.0,False,False,True
C3,central_138kv,bipolar_dc_corridor_800vdc,central_138kv,2.26,2.2800000000000002,2.2800000000000002,2.2800000000000002,1.02759907,1.02759907,0.9898853621932534,1.0007372742385146,800 V DC corridor output,800.0,1.0,True,0.0,0.0,79997.80387535803,79997.80387535803,1.0,24990.8669017852,79997.89303073967,0.0,False,False,True
C3,central_138kv,bipolar_dc_corridor_800vdc,central_138kv,2.28,2.3,2.3,2.3,1.02723227,1.02723227,0.9895022584737491,1.0003584098438694,800 V DC corridor output,800.0,1.0,True,0.0,0.0,79997.71277097796,79997.71277097796,1.0,24990.513961023793,79997.80387535803,0.0,False,False,True
C3,central_138kv,bipolar_dc_corridor_800vdc,central_138kv,2.3,2.32,2.32,2.32,1.02686158,1.02686158,0.9891150772588905,0.9999755162753855,800 V DC corridor output,800.0,1.0,True,0.0,0.0,79997.62009276915,79997.62009276915,1.0,24990.156734333807,79997.71277097796,0.0,False,False,True
C3,central_138kv,bipolar_dc_corridor_800vdc,central_138kv,2.32,2.34,2.34,2.34,1.02648853,1.02648853,0.9887254162242125,0.9995901736011176,800 V DC corridor output,800.0,1.0,True,0.0,0.0,79997.52620592146,79997.52620592146,1.0,24989.796681256616,79997.62009276915,0.0,False,False,True
C3,central_138kv,bipolar_dc_corridor_800vdc,central_138kv,2.34,2.36,2.36,2.36,1.02611457,1.02611457,0.9883347897186495,0.999203879434274,800 V DC corridor output,800.0,1.0,True,0.0,0.0,79997.4314652752,79997.4314652752,1.0,24989.43519287875,79997.52620592146,0.0,False,False,True
C3,central_138kv,bipolar_dc_corridor_800vdc,central_138kv,2.36,2.38,2.38,2.38,1.02574097,1.02574097,0.9879445242891972,0.9988179456206826,800 V DC corridor output,800.0,1.0,True,0.0,0.0,79997.33618925104,79997.33618925104,1.0,24989.073494488024,79997.4314652752,0.0,False,False,True
C3,central_138kv,bipolar_dc_corridor_800vdc,central_138kv,2.38,2.4,2.4,2.4,1.02536889,1.02536889,0.9875558317728,0.9984335705261607,800 V DC corridor output,800.0,1.0,True,0.0,0.0,79997.24067645663,79997.24067645663,1.0,24988.712712213328,79997.33618925104,0.0,False,False,True
C3,central_138kv,bipolar_dc_corridor_800vdc,central_138kv,2.4,2.42,2.42,2.42,1.02499933,1.02499933,0.9871697570384891,0.998051787364712,800 V DC corridor output,800.0,1.0,True,0.0,0.0,79997.14519181676,79997.14519181676,1.0,24988.353823603447,79997.24067645663,0.0,False,False,True
C3,central_138kv,bipolar_dc_corridor_800vdc,central_138kv,2.42,2.44,2.44,2.44,1.02463319,1.02463319,0.9867872406386815,0.9976735261599808,800 V DC corridor output,800.0,1.0,True,0.0,0.0,79997.04998084783,79997.04998084783,1.0,24987.997714786157,79997.14519181676,0.0,False,False,True
C3,central_138kv,bipolar_dc_corridor_800vdc,central_138kv,2.44,2.46,2.46,2.46,1.02427135,1.02427135,0.9864092023698301,0.9972996963802094,800 V DC corridor output,800.0,1.0,True,0.0,0.0,79996.95528974949,79996.95528974949,1.0,24987.645257630516,79997.04998084783,0.0,False,False,True
C3,central_138kv,bipolar_dc_corridor_800vdc,central_138kv,2.46,2.48,2.48,2.48,1.02391464,1.02391464,0.9860365099205444,0.9969311559373394,800 V DC corridor output,800.0,1.0,True,0.0,0.0,79996.86135720264,79996.86135720264,1.0,24987.29728020007,79996.95528974949,0.0,False,False,True
C3,central_138kv,bipolar_dc_corridor_800vdc,central_138kv,2.48,2.5,2.5,2.5,1.02356396,1.02356396,0.9856701042415099,0.9965688351617189,800 V DC corridor output,800.0,1.0,True,0.0,0.0,79996.76844570783,79996.76844570783,1.0,24986.954683571763,79996.86135720264,0.0,False,False,True
C3,central_138kv,bipolar_dc_corridor_800vdc,central_138kv,2.5,2.52,2.52,2.52,1.02322027,1.02322027,0.9853109891049204,0.9962137264762211,800 V DC corridor output,800.0,1.0,True,0.0,0.0,79996.67683928905,79996.67683928905,1.0,24986.61843236744,79996.76844570783,0.0,False,False,True
C3,central_138kv,bipolar_dc_corridor_800vdc,central_138kv,2.52,2.54,2.54,2.54,1.02288465,1.02288465,0.9849602938056125,0.9958669463960568,800 V DC corridor output,800.0,1.0,True,0.0,0.0,79996.5868598574,79996.5868598574,1.0,24986.28961377177,79996.67683928905,0.0,False,False,True
C3,central_138kv,bipolar_dc_corridor_800vdc,central_138kv,2.54,2.56,2.56,2.56,1.02255828,1.02255828,0.9846192522754968,0.995529714873586,800 V DC corridor output,800.0,1.0,True,0.0,0.0,79996.49886241187,79996.49886241187,1.0,24985.96941842328,79996.5868598574,0.0,False,False,True
C3,central_138kv,bipolar_dc_corridor_800vdc,central_138kv,2.56,2.58,2.58,2.58,1.02224245,1.02224245,0.9842892135410538,0.995203365637257,800 V DC corridor output,800.0,1.0,True,0.0,0.0,79996.41323809438,79996.41323809438,1.0,24985.659150530148,79996.49886241187,0.0,False,False,True
C3,central_138kv,bipolar_dc_corridor_800vdc,central_138kv,2.58,2.6,2.6,2.6,1.02193854,1.02193854,0.9839716208284804,0.9948893255292698,800 V DC corridor output,800.0,1.0,True,0.0,0.0,79996.33040899601,79996.33040899601,1.0,24985.36020841304,79996.41323809438,0.0,False,False,True
C3,central_138kv,bipolar_dc_corridor_800vdc,central_138kv,2.6,2.62,2.62,2.62,1.02164798,1.02164798,0.9836679697597289,0.9945890731699176,800 V DC corridor output,800.0,1.0,True,0.0,0.0,79996.25081714132,79996.25081714132,1.0,24985.07404504921,79996.33040899601,0.0,False,False,True
C3,central_138kv,bipolar_dc_corridor_800vdc,central_138kv,2.62,2.64,2.64,2.64,1.02137218,1.02137218,0.9833797351842853,0.9943040666114793,800 V DC corridor output,800.0,1.0,True,0.0,0.0,79996.17490471253,79996.17490471253,1.0,24984.802098595537,79996.25081714132,0.0,False,False,True
C3,central_138kv,bipolar_dc_corridor_800vdc,central_138kv,2.64,2.66,2.66,2.66,1.02111254,1.02111254,0.9831083816058604,0.9940357536534274,800 V DC corridor output,800.0,1.0,True,0.0,0.0,79996.10311577801,79996.10311577801,1.0,24984.545801343913,79996.17490471253,0.0,False,False,True
C3,central_138kv,bipolar_dc_corridor_800vdc,central_138kv,2.66,2.68,2.68,2.68,1.0208703,1.0208703,0.982855206384028,0.9937854168078647,800 V DC corridor output,800.0,1.0,True,0.0,0.0,79996.03585348795,79996.03585348795,1.0,24984.306430482364,79996.10311577801,0.0,False,False,True
C3,central_138kv,bipolar_dc_corridor_800vdc,central_138kv,2.68,2.7,2.7,2.7,1.02064655,1.02064655,0.9826131255935331,0.9935481770424317,800 V DC corridor output,800.0,1.0,True,0.0,0.0,79999.67098414668,79999.67098414668,1.0,24998.700852818598,79996.03585348795,0.0,False,False,True
C3,central_138kv,bipolar_dc_corridor_800vdc,central_138kv,2.7,2.72,2.72,2.72,1.02044214,1.02044214,0.9823993634858079,0.9933368429354557,800 V DC corridor output,800.0,1.0,True,0.0,0.0,79999.6660716114,79999.6660716114,1.0,24998.68327649826,79999.67098414668,0.0,False,False,True
C3,central_138kv,bipolar_dc_corridor_800vdc,central_138kv,2.72,2.74,2.74,2.74,1.02025765,1.02025765,0.9822064285291114,0.9931461003429244,800 V DC corridor output,800.0,1.0,True,0.0,0.0,79999.66161867185,79999.66161867185,1.0,24998.66737735193,79999.6660716114,0.0,False,False,True
C3,central_138kv,bipolar_dc_corridor_800vdc,central_138kv,2.74,2.76,2.76,2.76,1.02009333,1.02009333,0.9820345834700265,0.9929762087397027,800 V DC corridor output,800.0,1.0,True,0.0,0.0,79999.65763725105,79999.65763725105,1.0,24998.65318789499,79999.66161867185,0.0,False,False,True
C3,central_138kv,bipolar_dc_corridor_800vdc,central_138kv,2.76,2.7800000000000002,2.7800000000000002,2.7800000000000002,1.01994909,1.01994909,0.9818837353542164,0.992827075971881,800 V DC corridor output,800.0,1.0,True,0.0,0.0,79999.65413045224,79999.65413045224,1.0,24998.640710200823,79999.65763725105,0.0,False,False,True
C3,central_138kv,bipolar_dc_corridor_800vdc,central_138kv,2.78,2.8,2.8,2.8,1.01982449,1.01982449,0.9817534250367811,0.9926982478933177,800 V DC corridor output,800.0,1.0,True,0.0,0.0,79999.65109216998,79999.65109216998,1.0,24998.629914763354,79999.65413045224,0.0,False,False,True
C3,central_138kv,bipolar_dc_corridor_800vdc,central_138kv,2.8,2.8200000000000003,2.8200000000000003,2.8200000000000003,1.01971874,1.01971874,0.9816428271622633,0.9925889083502496,800 V DC corridor output,800.0,1.0,True,0.0,0.0,79999.64850699637,79999.64850699637,1.0,24998.620740322425,79999.65109216998,0.0,False,False,True
C3,central_138kv,bipolar_dc_corridor_800vdc,central_138kv,2.82,2.84,2.84,2.84,1.01963073,1.01963073,0.981550781532096,0.9924979101935655,800 V DC corridor output,800.0,1.0,True,0.0,0.0,79999.6463509169,79999.6463509169,1.0,24998.613096395184,79999.64850699637,0.0,False,False,True
C3,central_138kv,bipolar_dc_corridor_800vdc,central_138kv,2.84,2.8600000000000003,2.8600000000000003,2.8600000000000003,1.01955904,1.01955904,0.9814758035667607,0.9924237856211046,800 V DC corridor output,800.0,1.0,True,0.0,0.0,79999.64459156958,79999.64459156958,1.0,24998.60686417151,79999.6463509169,0.0,False,False,True
C3,central_138kv,bipolar_dc_corridor_800vdc,central_138kv,2.86,2.88,2.88,2.88,1.019502,1.019502,0.9814161470702161,0.992364808224934,800 V DC corridor output,800.0,1.0,True,0.0,0.0,79999.64318977369,79999.64318977369,1.0,24998.60190183395,79999.64459156958,0.0,False,False,True
C3,central_138kv,bipolar_dc_corridor_800vdc,central_138kv,2.88,2.9,2.9,2.9,1.01945776,1.01945776,0.9813698774610417,0.9923190653844377,800 V DC corridor output,800.0,1.0,True,0.0,0.0,79999.64210134056,79999.64210134056,1.0,24998.59805081651,79999.64318977369,0.0,False,False,True
C3,central_138kv,bipolar_dc_corridor_800vdc,central_138kv,2.9,2.92,2.92,2.92,1.01942428,1.01942428,0.9813348613372203,0.9922844479447316,800 V DC corridor output,800.0,1.0,True,0.0,0.0,79999.64127693432,79999.64127693432,1.0,24998.595135132906,79999.64210134056,0.0,False,False,True
C3,central_138kv,bipolar_dc_corridor_800vdc,central_138kv,2.92,2.94,2.94,2.94,1.01939947,1.01939947,0.9813089129234326,0.9922587949913166,800 V DC corridor output,800.0,1.0,True,0.0,0.0,79999.64066562735,79999.64066562735,1.0,24998.592973770297,79999.64127693432,0.0,False,False,True
C3,central_138kv,bipolar_dc_corridor_800vdc,central_138kv,2.94,2.96,2.96,2.96,1.01938122,1.01938122,0.9812898254706289,0.9922399248870724,800 V DC corridor output,800.0,1.0,True,0.0,0.0,79999.64021574406,79999.64021574406,1.0,24998.59138349785,79999.64066562735,0.0,False,False,True
C3,central_138kv,bipolar_dc_corridor_800vdc,central_138kv,2.96,2.98,2.98,2.98,1.01936742,1.01936742,0.9812753921925016,0.9922256559662176,800 V DC corridor output,800.0,1.0,True,0.0,0.0,79999.63987543918,79999.63987543918,1.0,24998.590180768297,79999.64021574406,0.0,False,False,True
C3,central_138kv,bipolar_dc_corridor_800vdc,central_138kv,2.98,3.0,3.0,3.0,1.01935607,1.01935607,0.981263521327311,0.9922139202828232,800 V DC corridor output,800.0,1.0,True,0.0,0.0,79999.63959547385,79999.63959547385,1.0,24998.589191423416,79999.63987543918,0.0,False,False,True
