t, 165_1_V, 165_1_Pg, 165_1_Qg,165_1_angle, 165_1_speed, 165_1_Efd, 165_1_Pm, 165_1_PowerAngle, 165_2_V, 165_2_Pg, 165_2_Qg,165_2_angle, 165_2_speed, 165_2_Efd, 165_2_Pm, 165_2_PowerAngle, 165_3_V, 165_3_Pg, 165_3_Qg,165_3_angle, 165_3_speed, 165_3_Efd, 165_3_Pm, 165_3_PowerAngle, 170_1_V, 170_1_Pg, 170_1_Qg,170_1_angle, 170_1_speed, 170_1_Efd, 170_1_Pm, 170_1_PowerAngle, 170_2_V, 170_2_Pg, 170_2_Qg,170_2_angle, 170_2_speed, 170_2_Efd, 170_2_Pm, 170_2_PowerAngle, 172_1_V, 172_1_Pg, 172_1_Qg,172_1_angle, 172_1_speed, 172_1_Efd, 172_1_Pm, 172_1_PowerAngle, 172_2_V, 172_2_Pg, 172_2_Qg,172_2_angle, 172_2_speed, 172_2_Efd, 172_2_Pm, 172_2_PowerAngle, 172_3_V, 172_3_Pg, 172_3_Qg,172_3_angle, 172_3_speed, 172_3_Efd, 172_3_Pm, 172_3_PowerAngle
  0.0000,1.040000,2.056680,0.626840,0.491798, 1.000000, 1.959223, 0.831049, 31.904756,1.040000,2.056680,0.626840,0.491798, 1.000000, 1.959223, 0.831049, 31.904756,1.040000,2.028830,0.626840,0.485700, 1.000000, 1.952478, 0.819796, 31.555339,1.040000,1.977890,-0.146562,0.697730, 1.000000, 1.495946, 0.831046, 39.170934,1.040000,1.977890,-0.146562,0.697730, 1.000000, 1.495946, 0.831046, 39.170934,1.040000,2.124160,-0.058243,0.677785, 1.000000, 1.546415, 0.831049, 38.127901,1.040000,1.722420,-0.058243,0.579112, 1.000000, 1.431827, 0.673873, 32.474390,1.040000,1.716870,-0.058243,0.577651, 1.000000, 1.430433, 0.671702, 32.390687
  0.0050,1.039971,2.056680,0.626840,0.491798, 1.000000, 1.959223, 0.831049, 31.925582,1.039971,2.056680,0.626840,0.491798, 1.000000, 1.959223, 0.831049, 31.925582,1.039971,2.028830,0.626840,0.485699, 1.000000, 1.952478, 0.819796, 31.576164,1.039980,1.977890,-0.146562,0.697730, 1.000000, 1.495946, 0.831046, 39.185954,1.039980,1.977890,-0.146562,0.697730, 1.000000, 1.495946, 0.831046, 39.185954,1.039979,2.124160,-0.058243,0.677784, 1.000000, 1.546415, 0.831049, 38.143145,1.039979,1.722420,-0.058243,0.579112, 1.000000, 1.431827, 0.673873, 32.489634,1.039979,1.716870,-0.058243,0.577651, 1.000000, 1.430433, 0.671702, 32.405930
  0.0100,1.039973,2.060840,0.627266,0.491796, 0.999999, 1.959616, 0.831049, 31.945608,1.039973,2.060840,0.627266,0.491796, 0.999999, 1.959616, 0.831049, 31.945608,1.039973,2.032980,0.627272,0.485698, 0.999999, 1.952872, 0.819796, 31.596191,1.039990,1.980757,-0.146234,0.697729, 0.999999, 1.496242, 0.831046, 39.201301,1.039990,1.980757,-0.146234,0.697729, 0.999999, 1.496242, 0.831046, 39.201301,1.039988,2.127284,-0.057879,0.677783, 0.999999, 1.546721, 0.831049, 38.158669,1.039988,1.725414,-0.057805,0.579111, 0.999999, 1.432133, 0.673873, 32.505159,1.039988,1.719862,-0.057804,0.577650, 0.999999, 1.430739, 0.671702, 32.421455
  0.0150,1.039996,2.064055,0.627736,0.491793, 0.999998, 1.960001, 0.831049, 31.964742,1.039996,2.064055,0.627736,0.491793, 0.999998, 1.960001, 0.831049, 31.964742,1.039996,2.036179,0.627745,0.485695, 0.999998, 1.953256, 0.819796, 31.615325,1.040021,1.983212,-0.145935,0.697727, 0.999998, 1.496486, 0.831046, 39.216654,1.040021,1.983212,-0.145935,0.697727, 0.999998, 1.496486, 0.831046, 39.216654,1.040018,2.129939,-0.057548,0.677781, 0.999998, 1.546980, 0.831049, 38.174162,1.040018,1.727859,-0.057433,0.579109, 0.999999, 1.432391, 0.673873, 32.520657,1.040018,1.722304,-0.057432,0.577648, 0.999999, 1.430997, 0.671702, 32.436954
  0.0200,1.040033,2.066641,0.628164,0.491788, 0.999997, 1.960189, 0.831049, 31.982575,1.040033,2.066641,0.628164,0.491788, 0.999997, 1.960189, 0.831049, 31.982575,1.040033,2.038747,0.628172,0.485690, 0.999997, 1.953444, 0.819796, 31.633159,1.040063,1.985344,-0.145674,0.697723, 0.999998, 1.496508, 0.831046, 39.231486,1.040063,1.985344,-0.145674,0.697723, 0.999998, 1.496508, 0.831046, 39.231486,1.040060,2.132229,-0.057262,0.677777, 0.999998, 1.547020, 0.831049, 38.189103,1.040060,1.729903,-0.057135,0.579105, 0.999998, 1.432432, 0.673873, 32.535611,1.040060,1.724345,-0.057134,0.577644, 0.999998, 1.431038, 0.671702, 32.451907
  0.0250,1.040076,2.068718,0.628543,0.491781, 0.999995, 1.960097, 0.831049, 31.998902,1.040076,2.068718,0.628543,0.491781, 0.999995, 1.960097, 0.831049, 31.998902,1.040076,2.040807,0.628550,0.485683, 0.999995, 1.953352, 0.819796, 31.649487,1.040113,1.987159,-0.145431,0.697718, 0.999996, 1.496235, 0.831046, 39.245464,1.040113,1.987159,-0.145431,0.697718, 0.999996, 1.496235, 0.831046, 39.245464,1.040109,2.134171,-0.057000,0.677772, 0.999996, 1.546766, 0.831049, 38.203167,1.040109,1.731587,-0.056883,0.579100, 0.999997, 1.432178, 0.673873, 32.549694,1.040109,1.726025,-0.056883,0.577639, 0.999997, 1.430784, 0.671702, 32.465991
  0.0300,1.040121,2.070386,0.628874,0.491771, 0.999994, 1.959704, 0.831049, 32.013647,1.040121,2.070386,0.628874,0.491771, 0.999994, 1.959704, 0.831049, 32.013647,1.040121,2.042458,0.628879,0.485672, 0.999994, 1.952959, 0.819796, 31.664236,1.040163,1.988685,-0.145199,0.697710, 0.999995, 1.495650, 0.831047, 39.258398,1.040163,1.988685,-0.145199,0.697710, 0.999995, 1.495650, 0.831047, 39.258398,1.040159,2.135797,-0.056755,0.677764, 0.999995, 1.546201, 0.831049, 38.216166,1.040159,1.732962,-0.056664,0.579093, 0.999996, 1.431613, 0.673874, 32.562727,1.040159,1.727396,-0.056665,0.577632, 0.999996, 1.430219, 0.671702, 32.479024
  0.0350,1.040165,2.071724,0.629159,0.491758, 0.999992, 1.959032, 0.831050, 32.026825,1.040165,2.071724,0.629159,0.491758, 0.999992, 1.959032, 0.831050, 32.026825,1.040165,2.043780,0.629161,0.485660, 0.999992, 1.952287, 0.819796, 31.677417,1.040213,1.989956,-0.144980,0.697699, 0.999994, 1.494777, 0.831047, 39.270200,1.040213,1.989956,-0.144980,0.697699, 0.999994, 1.494777, 0.831047, 39.270200,1.040208,2.137147,-0.056525,0.677753, 0.999994, 1.545348, 0.831049, 38.228019,1.040208,1.734076,-0.056470,0.579083, 0.999994, 1.430760, 0.673874, 32.574626,1.040208,1.728507,-0.056472,0.577622, 0.999994, 1.429366, 0.671702, 32.490924
  0.0400,1.040206,2.072796,0.629401,0.491742, 0.999991, 1.958122, 0.831050, 32.038502,1.040206,2.072796,0.629401,0.491742, 0.999991, 1.958122, 0.831050, 32.038502,1.040206,2.044838,0.629400,0.485644, 0.999991, 1.951377, 0.819797, 31.689099,1.040259,1.991005,-0.144776,0.697687, 0.999992, 1.493661, 0.831047, 39.280853,1.040259,1.991005,-0.144776,0.697687, 0.999992, 1.493661, 0.831047, 39.280853,1.040254,2.138260,-0.056312,0.677741, 0.999992, 1.544251, 0.831049, 38.238710,1.040254,1.734975,-0.056296,0.579071, 0.999993, 1.429663, 0.673874, 32.585381,1.040254,1.729404,-0.056299,0.577611, 0.999993, 1.428269, 0.671703, 32.501679
  0.0450,1.040243,2.073652,0.629604,0.491723, 0.999989, 1.957028, 0.831051, 32.048779,1.040243,2.073652,0.629604,0.491723, 0.999989, 1.957028, 0.831051, 32.048779,1.040243,2.045683,0.629601,0.485624, 0.999989, 1.950283, 0.819797, 31.699381,1.040301,1.991867,-0.144587,0.697671, 0.999991, 1.492358, 0.831048, 39.290387,1.040301,1.991867,-0.144587,0.697671, 0.999991, 1.492358, 0.831048, 39.290387,1.040296,2.139172,-0.056118,0.677725, 0.999991, 1.542966, 0.831050, 38.248273,1.040296,1.735698,-0.056141,0.579057, 0.999992, 1.428377, 0.673875, 32.595025,1.040296,1.730124,-0.056144,0.577596, 0.999992, 1.426984, 0.671703, 32.511325
  0.0500,1.040275,2.074334,0.629772,0.491700, 0.999987, 1.955805, 0.831052, 32.057771,1.040275,2.074334,0.629772,0.491700, 0.999987, 1.955805, 0.831052, 32.057771,1.040275,2.046355,0.629767,0.485602, 0.999987, 1.949060, 0.819798, 31.708381,1.040337,1.992570,-0.144417,0.697653, 0.999989, 1.490924, 0.831048, 39.298861,1.040337,1.992570,-0.144417,0.697653, 0.999989, 1.490924, 0.831048, 39.298861,1.040332,2.139914,-0.055943,0.677706, 0.999989, 1.541549, 0.831051, 38.256769,1.040332,1.736278,-0.056002,0.579040, 0.999990, 1.426961, 0.673875, 32.603623,1.040332,1.730701,-0.056006,0.577580, 0.999990, 1.425567, 0.671704, 32.519925
  0.0550,1.040302,2.074874,0.629911,0.491674, 0.999985, 1.954506, 0.831053, 32.065601,1.040302,2.074874,0.629911,0.491674, 0.999985, 1.954506, 0.831053, 32.065601,1.040302,2.046887,0.629903,0.485576, 0.999985, 1.947761, 0.819799, 31.716220,1.040368,1.993140,-0.144265,0.697631, 0.999988, 1.489415, 0.831049, 39.306353,1.040368,1.993140,-0.144265,0.697631, 0.999988, 1.489415, 0.831049, 39.306353,1.040363,2.140515,-0.055788,0.677685, 0.999988, 1.540056, 0.831051, 38.264279,1.040363,1.736742,-0.055878,0.579021, 0.999989, 1.425468, 0.673876, 32.611256,1.040363,1.731163,-0.055883,0.577560, 0.999989, 1.424074, 0.671705, 32.527559
  0.0600,1.040324,2.075299,0.630023,0.491644, 0.999983, 1.953178, 0.831054, 32.072392,1.040324,2.075299,0.630023,0.491644, 0.999983, 1.953178, 0.831054, 32.072392,1.040324,2.047306,0.630014,0.485547, 0.999983, 1.946434, 0.819800, 31.723022,1.040393,1.993598,-0.144132,0.697607, 0.999986, 1.487881, 0.831050, 39.312950,1.040393,1.993598,-0.144132,0.697607, 0.999986, 1.487881, 0.831050, 39.312950,1.040388,2.140998,-0.055652,0.677660, 0.999986, 1.538537, 0.831052, 38.270888,1.040388,1.737112,-0.055768,0.578999, 0.999988, 1.423948, 0.673877, 32.618011,1.040388,1.731532,-0.055773,0.577538, 0.999988, 1.422555, 0.671705, 32.534316
  0.0650,1.040341,2.075630,0.630112,0.491611, 0.999981, 1.951864, 0.831055, 32.078261,1.040341,2.075630,0.630112,0.491611, 0.999981, 1.951864, 0.831055, 32.078261,1.040341,2.047633,0.630102,0.485514, 0.999982, 1.945119, 0.819802, 31.728902,1.040413,1.993963,-0.144017,0.697579, 0.999984, 1.486364, 0.831051, 39.318740,1.040413,1.993963,-0.144017,0.697579, 0.999984, 1.486364, 0.831051, 39.318740,1.040408,2.141382,-0.055536,0.677632, 0.999984, 1.537034, 0.831054, 38.276688,1.040408,1.737408,-0.055670,0.578974, 0.999986, 1.422445, 0.673878, 32.623980,1.040408,1.731827,-0.055676,0.577513, 0.999986, 1.421052, 0.671707, 32.540288
  0.0700,1.040353,2.075885,0.630182,0.491574, 0.999980, 1.950596, 0.831057, 32.083317,1.040353,2.075885,0.630182,0.491574, 0.999980, 1.950596, 0.831057, 32.083317,1.040353,2.047884,0.630171,0.485477, 0.999980, 1.943852, 0.819804, 31.733972,1.040428,1.994251,-0.143920,0.697548, 0.999983, 1.484901, 0.831053, 39.323811,1.040428,1.994251,-0.143920,0.697548, 0.999983, 1.484901, 0.831053, 39.323811,1.040423,2.141686,-0.055438,0.677601, 0.999983, 1.535583, 0.831055, 38.281766,1.040423,1.737643,-0.055584,0.578946, 0.999985, 1.420994, 0.673879, 32.629252,1.040423,1.732061,-0.055590,0.577486, 0.999985, 1.419601, 0.671708, 32.545563
  0.0750,1.040361,2.076077,0.630235,0.491534, 0.999978, 1.949403, 0.831059, 32.087661,1.040361,2.076077,0.630235,0.491534, 0.999978, 1.949403, 0.831059, 32.087661,1.040361,2.048073,0.630224,0.485437, 0.999978, 1.942658, 0.819806, 31.738331,1.040439,1.994474,-0.143839,0.697514, 0.999981, 1.483520, 0.831055, 39.328244,1.040439,1.994474,-0.143839,0.697514, 0.999981, 1.483520, 0.831055, 39.328244,1.040433,2.141921,-0.055356,0.677567, 0.999981, 1.534213, 0.831057, 38.286206,1.040433,1.737831,-0.055508,0.578916, 0.999983, 1.419624, 0.673881, 32.633910,1.040433,1.732248,-0.055515,0.577455, 0.999983, 1.418231, 0.671710, 32.550224
  0.0800,1.040365,2.076217,0.630274,0.491490, 0.999976, 1.948303, 0.831062, 32.091383,1.040365,2.076217,0.630274,0.491490, 0.999976, 1.948303, 0.831062, 32.091383,1.040365,2.048213,0.630263,0.485393, 0.999976, 1.941559, 0.819808, 31.742071,1.040445,1.994644,-0.143773,0.697476, 0.999979, 1.482241, 0.831057, 39.332118,1.040445,1.994644,-0.143773,0.697476, 0.999979, 1.482241, 0.831057, 39.332118,1.040439,2.142101,-0.055290,0.677530, 0.999979, 1.532945, 0.831059, 38.290086,1.040439,1.737979,-0.055441,0.578883, 0.999982, 1.418356, 0.673883, 32.638033,1.040439,1.732396,-0.055448,0.577422, 0.999982, 1.416963, 0.671711, 32.554350
  0.0850,1.040365,2.076316,0.630301,0.491442, 0.999974, 1.947314, 0.831065, 32.094566,1.040365,2.076316,0.630301,0.491442, 0.999974, 1.947314, 0.831065, 32.094566,1.040365,2.048311,0.630290,0.485346, 0.999974, 1.940569, 0.819811, 31.745272,1.040447,1.994769,-0.143721,0.697435, 0.999977, 1.481082, 0.831059, 39.335504,1.040447,1.994769,-0.143721,0.697435, 0.999977, 1.481082, 0.831059, 39.335504,1.040441,2.142234,-0.055237,0.677489, 0.999977, 1.531795, 0.831061, 38.293476,1.040441,1.738098,-0.055382,0.578847, 0.999980, 1.417206, 0.673885, 32.641692,1.040441,1.732514,-0.055389,0.577386, 0.999980, 1.415812, 0.671714, 32.558012
  0.0900,1.040363,2.076379,0.630317,0.491391, 0.999972, 1.946443, 0.831068, 32.097281,1.040363,2.076379,0.630317,0.491391, 0.999972, 1.946443, 0.831068, 32.097281,1.040363,2.048376,0.630307,0.485295, 0.999972, 1.939699, 0.819815, 31.748008,1.040446,1.994857,-0.143681,0.697391, 0.999976, 1.480051, 0.831062, 39.338464,1.040446,1.994857,-0.143681,0.697391, 0.999976, 1.480051, 0.831062, 39.338464,1.040440,2.142330,-0.055196,0.677445, 0.999976, 1.530772, 0.831064, 38.296441,1.040440,1.738192,-0.055331,0.578808, 0.999979, 1.416184, 0.673887, 32.644950,1.040440,1.732608,-0.055337,0.577347, 0.999979, 1.414790, 0.671716, 32.561275
  0.0950,1.040357,2.076415,0.630325,0.491335, 0.999970, 1.945698, 0.831072, 32.099592,1.040357,2.076415,0.630325,0.491335, 0.999970, 1.945698, 0.831072, 32.099592,1.040357,2.048413,0.630316,0.485240, 0.999970, 1.938953, 0.819818, 31.750340,1.040442,1.994916,-0.143651,0.697344, 0.999974, 1.479155, 0.831065, 39.341057,1.040442,1.994916,-0.143651,0.697344, 0.999974, 1.479155, 0.831065, 39.341057,1.040436,2.142394,-0.055166,0.677398, 0.999974, 1.529884, 0.831067, 38.299038,1.040436,1.738267,-0.055285,0.578766, 0.999977, 1.415295, 0.673890, 32.647866,1.040436,1.732683,-0.055292,0.577306, 0.999977, 1.413902, 0.671719, 32.564195
  0.1000,1.040350,2.076427,0.630326,0.491277, 0.999968, 1.945079, 0.831076, 32.101554,1.040350,2.076427,0.630326,0.491277, 0.999968, 1.945079, 0.831076, 32.101554,1.040350,2.048427,0.630318,0.485181, 0.999968, 1.938334, 0.819822, 31.752327,1.040435,1.994949,-0.143631,0.697293, 0.999972, 1.478395, 0.831068, 39.343332,1.040435,1.994949,-0.143631,0.697293, 0.999972, 1.478395, 0.831068, 39.343332,1.040429,2.142432,-0.055146,0.677347, 0.999972, 1.529131, 0.831071, 38.301318,1.040429,1.738327,-0.055245,0.578721, 0.999976, 1.414543, 0.673893, 32.650489,1.040429,1.732743,-0.055251,0.577261, 0.999976, 1.413149, 0.671722, 32.566823
  0.1050,1.040340,2.076420,0.630320,0.491214, 0.999966, 1.944586, 0.831080, 32.103217,1.040340,2.076420,0.630320,0.491214, 0.999966, 1.944586, 0.831080, 32.103217,1.040340,2.048423,0.630314,0.485119, 0.999966, 1.937841, 0.819827, 31.754014,1.040426,1.994962,-0.143619,0.697239, 0.999970, 1.477770, 0.831072, 39.345335,1.040426,1.994962,-0.143619,0.697239, 0.999970, 1.477770, 0.831072, 39.345335,1.040420,2.142449,-0.055134,0.677293, 0.999970, 1.528513, 0.831074, 38.303325,1.040420,1.738375,-0.055209,0.578674, 0.999974, 1.413925, 0.673896, 32.652864,1.040420,1.732792,-0.055215,0.577213, 0.999974, 1.412531, 0.671725, 32.569204
  0.1100,1.040328,2.076398,0.630310,0.491148, 0.999964, 1.944216, 0.831085, 32.104622,1.040328,2.076398,0.630310,0.491148, 0.999964, 1.944216, 0.831085, 32.104622,1.040328,2.048404,0.630305,0.485053, 0.999964, 1.937471, 0.819831, 31.755446,1.040416,1.994959,-0.143614,0.697182, 0.999969, 1.477277, 0.831076, 39.347105,1.040416,1.994959,-0.143614,0.697182, 0.999969, 1.477277, 0.831076, 39.347105,1.040409,2.142449,-0.055129,0.677235, 0.999969, 1.528026, 0.831078, 38.305100,1.040409,1.738415,-0.055177,0.578623, 0.999972, 1.413438, 0.673900, 32.655031,1.040409,1.732833,-0.055183,0.577163, 0.999972, 1.412044, 0.671729, 32.571375
  0.1150,1.040315,2.076363,0.630295,0.491078, 0.999962, 1.943963, 0.831090, 32.105805,1.040315,2.076363,0.630295,0.491078, 0.999962, 1.943963, 0.831090, 32.105805,1.040315,2.048373,0.630293,0.484984, 0.999962, 1.937218, 0.819837, 31.756658,1.040403,1.994942,-0.143615,0.697121, 0.999967, 1.476911, 0.831081, 39.348675,1.040403,1.994942,-0.143615,0.697121, 0.999967, 1.476911, 0.831081, 39.348675,1.040397,2.142435,-0.055130,0.677175, 0.999967, 1.527666, 0.831083, 38.306675,1.040397,1.738449,-0.055148,0.578570, 0.999971, 1.413077, 0.673904, 32.657021,1.040397,1.732867,-0.055154,0.577110, 0.999971, 1.411683, 0.671733, 32.573372
  0.1200,1.040300,2.076317,0.630277,0.491004, 0.999960, 1.943822, 0.831096, 32.106799,1.040300,2.076317,0.630277,0.491004, 0.999960, 1.943822, 0.831096, 32.106799,1.040300,2.048332,0.630277,0.484911, 0.999960, 1.937077, 0.819842, 31.757682,1.040389,1.994914,-0.143622,0.697057, 0.999965, 1.476664, 0.831086, 39.350076,1.040389,1.994914,-0.143622,0.697057, 0.999965, 1.476664, 0.831086, 39.350076,1.040383,2.142410,-0.055136,0.677111, 0.999965, 1.527424, 0.831088, 38.308082,1.040383,1.738477,-0.055122,0.578513, 0.999969, 1.412836, 0.673909, 32.658865,1.040383,1.732896,-0.055127,0.577054, 0.999969, 1.411442, 0.671737, 32.575222
  0.1250,1.040285,2.076264,0.630256,0.490927, 0.999958, 1.943786, 0.831102, 32.107631,1.040285,2.076264,0.630256,0.490927, 0.999958, 1.943786, 0.831102, 32.107631,1.040285,2.048282,0.630258,0.484834, 0.999958, 1.937041, 0.819849, 31.758545,1.040375,1.994878,-0.143633,0.696990, 0.999963, 1.476530, 0.831091, 39.351333,1.040375,1.994878,-0.143633,0.696990, 0.999963, 1.476530, 0.831091, 39.351333,1.040368,2.142376,-0.055147,0.677044, 0.999963, 1.527294, 0.831093, 38.309344,1.040368,1.738503,-0.055099,0.578454, 0.999968, 1.412706, 0.673913, 32.660587,1.040368,1.732922,-0.055103,0.576994, 0.999968, 1.411312, 0.671742, 32.576950
  0.1300,1.040269,2.076203,0.630233,0.490846, 0.999956, 1.943846, 0.831109, 32.108323,1.040269,2.076203,0.630233,0.490846, 0.999956, 1.943846, 0.831109, 32.108323,1.040269,2.048227,0.630237,0.484754, 0.999956, 1.937102, 0.819855, 31.759269,1.040359,1.994835,-0.143647,0.696919, 0.999962, 1.476499, 0.831097, 39.352468,1.040359,1.994835,-0.143647,0.696919, 0.999962, 1.476499, 0.831097, 39.352468,1.040353,2.142336,-0.055162,0.676973, 0.999962, 1.527268, 0.831099, 38.310485,1.040353,1.738527,-0.055077,0.578392, 0.999966, 1.412679, 0.673918, 32.662209,1.040353,1.732947,-0.055081,0.576932, 0.999966, 1.411286, 0.671747, 32.578579
  0.1350,1.040252,2.076138,0.630208,0.490761, 0.999954, 1.943996, 0.831116, 32.108895,1.040252,2.076138,0.630208,0.490761, 0.999954, 1.943996, 0.831116, 32.108895,1.040252,2.048167,0.630215,0.484670, 0.999955, 1.937251, 0.819862, 31.759875,1.040342,1.994788,-0.143665,0.696845, 0.999960, 1.476564, 0.831103, 39.353500,1.040342,1.994788,-0.143665,0.696845, 0.999960, 1.476564, 0.831103, 39.353500,1.040336,2.142290,-0.055180,0.676899, 0.999960, 1.527336, 0.831105, 38.311523,1.040336,1.738549,-0.055056,0.578327, 0.999965, 1.412748, 0.673924, 32.663749,1.040336,1.732970,-0.055060,0.576867, 0.999965, 1.411354, 0.671752, 32.580126
  0.1400,1.040235,2.076069,0.630182,0.490673, 0.999952, 1.944226, 0.831124, 32.109365,1.040235,2.076069,0.630182,0.490673, 0.999952, 1.944226, 0.831124, 32.109365,1.040235,2.048102,0.630191,0.484582, 0.999953, 1.937482, 0.819870, 31.760380,1.040326,1.994736,-0.143686,0.696768, 0.999958, 1.476715, 0.831109, 39.354446,1.040326,1.994736,-0.143686,0.696768, 0.999958, 1.476715, 0.831109, 39.354446,1.040319,2.142241,-0.055200,0.676822, 0.999958, 1.527491, 0.831112, 38.312475,1.040319,1.738572,-0.055037,0.578259, 0.999963, 1.412903, 0.673930, 32.665223,1.040319,1.732994,-0.055040,0.576800, 0.999963, 1.411509, 0.671758, 32.581607
  0.1450,1.040217,2.075996,0.630155,0.490582, 0.999950, 1.944530, 0.831132, 32.109748,1.040217,2.075996,0.630155,0.490582, 0.999950, 1.944530, 0.831132, 32.109748,1.040217,2.048035,0.630166,0.484491, 0.999951, 1.937785, 0.819878, 31.760799,1.040308,1.994683,-0.143708,0.696688, 0.999957, 1.476944, 0.831116, 39.355319,1.040308,1.994683,-0.143708,0.696688, 0.999957, 1.476944, 0.831116, 39.355319,1.040302,2.142190,-0.055223,0.676742, 0.999957, 1.527724, 0.831119, 38.313355,1.040302,1.738596,-0.055019,0.578188, 0.999962, 1.413135, 0.673936, 32.666643,1.040302,1.733018,-0.055021,0.576729, 0.999962, 1.411742, 0.671764, 32.583035
  0.1500,1.040200,2.075922,0.630127,0.490486, 0.999949, 1.944898, 0.831141, 32.110055,1.040200,2.075922,0.630127,0.490486, 0.999949, 1.944898, 0.831141, 32.110055,1.040200,2.047967,0.630141,0.484397, 0.999949, 1.938153, 0.819887, 31.761144,1.040291,1.994628,-0.143733,0.696604, 0.999955, 1.477242, 0.831124, 39.356132,1.040291,1.994628,-0.143733,0.696604, 0.999955, 1.477242, 0.831124, 39.356132,1.040285,2.142137,-0.055247,0.676658, 0.999955, 1.528026, 0.831126, 38.314175,1.040285,1.738620,-0.055001,0.578114, 0.999960, 1.413437, 0.673942, 32.668022,1.040285,1.733044,-0.055003,0.576655, 0.999960, 1.412043, 0.671771, 32.584422
  0.1550,1.040182,2.075846,0.630098,0.490388, 0.999947, 1.945324, 0.831150, 32.110298,1.040182,2.075846,0.630098,0.490388, 0.999947, 1.945324, 0.831150, 32.110298,1.040182,2.047896,0.630115,0.484299, 0.999947, 1.938579, 0.819896, 31.761425,1.040274,1.994573,-0.143759,0.696518, 0.999953, 1.477602, 0.831132, 39.356896,1.040274,1.994573,-0.143759,0.696518, 0.999953, 1.477602, 0.831132, 39.356896,1.040267,2.142084,-0.055273,0.676572, 0.999953, 1.528389, 0.831134, 38.314945,1.040267,1.738646,-0.054984,0.578038, 0.999959, 1.413800, 0.673949, 32.669367,1.040267,1.733071,-0.054985,0.576579, 0.999959, 1.412407, 0.671778, 32.585776
  0.1600,1.040164,2.075769,0.630069,0.490285, 0.999945, 1.945800, 0.831159, 32.110485,1.040164,2.075769,0.630069,0.490285, 0.999945, 1.945800, 0.831159, 32.110485,1.040164,2.047826,0.630089,0.484197, 0.999945, 1.939055, 0.819905, 31.761651,1.040256,1.994517,-0.143786,0.696428, 0.999951, 1.478015, 0.831140, 39.357618,1.040256,1.994517,-0.143786,0.696428, 0.999951, 1.478015, 0.831140, 39.357618,1.040250,2.142031,-0.055300,0.676482, 0.999951, 1.528805, 0.831142, 38.315674,1.040250,1.738675,-0.054967,0.577958, 0.999957, 1.414217, 0.673957, 32.670688,1.040250,1.733100,-0.054967,0.576499, 0.999957, 1.412823, 0.671785, 32.587105
  0.1650,1.040146,2.075692,0.630040,0.490179, 0.999943, 1.946319, 0.831169, 32.110625,1.040146,2.075692,0.630040,0.490179, 0.999943, 1.946319, 0.831169, 32.110625,1.040146,2.047755,0.630063,0.484092, 0.999943, 1.939574, 0.819915, 31.761831,1.040239,1.994463,-0.143814,0.696335, 0.999950, 1.478475, 0.831149, 39.358307,1.040239,1.994463,-0.143814,0.696335, 0.999950, 1.478475, 0.831149, 39.358307,1.040233,2.141978,-0.055328,0.676389, 0.999950, 1.529268, 0.831151, 38.316369,1.040233,1.738705,-0.054950,0.577876, 0.999955, 1.414679, 0.673964, 32.671991,1.040233,1.733132,-0.054950,0.576417, 0.999956, 1.413286, 0.671793, 32.588417
  0.1700,1.040129,2.075615,0.630012,0.490070, 0.999941, 1.946875, 0.831180, 32.110724,1.040129,2.075615,0.630012,0.490070, 0.999941, 1.946875, 0.831180, 32.110724,1.040129,2.047684,0.630037,0.483983, 0.999942, 1.940130, 0.819926, 31.761971,1.040222,1.994409,-0.143843,0.696238, 0.999948, 1.478974, 0.831158, 39.358969,1.040222,1.994409,-0.143843,0.696238, 0.999948, 1.478974, 0.831158, 39.358969,1.040215,2.141927,-0.055357,0.676292, 0.999948, 1.529770, 0.831160, 38.317037,1.040215,1.738738,-0.054934,0.577790, 0.999954, 1.415181, 0.673973, 32.673282,1.040215,1.733166,-0.054933,0.576332, 0.999954, 1.413787, 0.671801, 32.589716
  0.1750,1.040112,2.075539,0.629983,0.489958, 0.999939, 1.947462, 0.831191, 32.110788,1.040112,2.075539,0.629983,0.489958, 0.999939, 1.947462, 0.831191, 32.110788,1.040112,2.047613,0.630011,0.483871, 0.999940, 1.940717, 0.819936, 31.762077,1.040205,1.994357,-0.143872,0.696139, 0.999946, 1.479506, 0.831168, 39.359609,1.040205,1.994357,-0.143872,0.696139, 0.999946, 1.479506, 0.831168, 39.359609,1.040199,2.141878,-0.055386,0.676193, 0.999946, 1.530304, 0.831170, 38.317683,1.040199,1.738774,-0.054918,0.577702, 0.999952, 1.415716, 0.673981, 32.674564,1.040199,1.733203,-0.054916,0.576244, 0.999952, 1.414322, 0.671809, 32.591007
  0.1800,1.040095,2.075463,0.629955,0.489841, 0.999937, 1.948074, 0.831202, 32.110821,1.040095,2.075463,0.629955,0.489841, 0.999937, 1.948074, 0.831202, 32.110821,1.040095,2.047544,0.629985,0.483756, 0.999938, 1.941329, 0.819948, 31.762153,1.040188,1.994307,-0.143902,0.696036, 0.999945, 1.480064, 0.831178, 39.360233,1.040188,1.994307,-0.143902,0.696036, 0.999945, 1.480064, 0.831178, 39.360233,1.040182,2.141830,-0.055415,0.676091, 0.999945, 1.530866, 0.831180, 38.318312,1.040182,1.738812,-0.054901,0.577611, 0.999951, 1.416277, 0.673990, 32.675841,1.040182,1.733242,-0.054899,0.576153, 0.999951, 1.414884, 0.671818, 32.592294
  0.1850,1.040079,2.075389,0.629926,0.489722, 0.999936, 1.948706, 0.831214, 32.110829,1.040079,2.075389,0.629926,0.489722, 0.999936, 1.948706, 0.831214, 32.110829,1.040079,2.047476,0.629960,0.483637, 0.999936, 1.941962, 0.819960, 31.762204,1.040172,1.994260,-0.143931,0.695931, 0.999943, 1.480645, 0.831188, 39.360843,1.040172,1.994260,-0.143931,0.695931, 0.999943, 1.480645, 0.831188, 39.360843,1.040166,2.141785,-0.055445,0.675985, 0.999943, 1.531449, 0.831190, 38.318928,1.040166,1.738854,-0.054885,0.577517, 0.999949, 1.416860, 0.673999, 32.677118,1.040166,1.733285,-0.054882,0.576059, 0.999949, 1.415467, 0.671828, 32.593580
  0.1900,1.040062,2.075316,0.629899,0.489599, 0.999934, 1.949354, 0.831227, 32.110815,1.040062,2.075316,0.629899,0.489599, 0.999934, 1.949354, 0.831227, 32.110815,1.040062,2.047409,0.629935,0.483515, 0.999934, 1.942609, 0.819972, 31.762233,1.040157,1.994215,-0.143961,0.695822, 0.999942, 1.481241, 0.831199, 39.361445,1.040157,1.994215,-0.143961,0.695822, 0.999942, 1.481241, 0.831199, 39.361445,1.040150,2.141743,-0.055474,0.675876, 0.999942, 1.532048, 0.831201, 38.319534,1.040150,1.738898,-0.054869,0.577420, 0.999948, 1.417460, 0.674009, 32.678395,1.040150,1.733330,-0.054865,0.575962, 0.999948, 1.416066, 0.671837, 32.594867
  0.1950,1.040047,2.075244,0.629872,0.489473, 0.999932, 1.950012, 0.831240, 32.110781,1.040047,2.075244,0.629872,0.489473, 0.999932, 1.950012, 0.831240, 32.110781,1.040047,2.047343,0.629911,0.483390, 0.999933, 1.943268, 0.819985, 31.762244,1.040141,1.994173,-0.143991,0.695710, 0.999940, 1.481850, 0.831210, 39.362040,1.040141,1.994173,-0.143991,0.695710, 0.999940, 1.481850, 0.831210, 39.362040,1.040135,2.141703,-0.055504,0.675764, 0.999940, 1.532659, 0.831213, 38.320133,1.040135,1.738945,-0.054852,0.577320, 0.999946, 1.418071, 0.674019, 32.679675,1.040135,1.733378,-0.054848,0.575862, 0.999946, 1.416677, 0.671847, 32.596157
  0.2000,1.040032,2.075174,0.629845,0.489343, 0.999930, 1.950678, 0.831253, 32.110731,1.040032,2.075174,0.629845,0.489343, 0.999930, 1.950678, 0.831253, 32.110731,1.040032,2.047279,0.629887,0.483261, 0.999931, 1.943933, 0.819998, 31.762238,1.040127,1.994133,-0.144021,0.695595, 0.999938, 1.482466, 0.831222, 39.362631,1.040127,1.994133,-0.144021,0.695595, 0.999938, 1.482466, 0.831222, 39.362631,1.040120,2.141666,-0.055534,0.675650, 0.999938, 1.533278, 0.831224, 38.320728,1.040120,1.738995,-0.054836,0.577217, 0.999945, 1.418690, 0.674029, 32.680959,1.040120,1.733430,-0.054831,0.575760, 0.999945, 1.417296, 0.671858, 32.597451
  0.2050,1.040017,2.075106,0.629820,0.489210, 0.999929, 1.951347, 0.831267, 32.110666,1.040017,2.075106,0.629820,0.489210, 0.999929, 1.951347, 0.831267, 32.110666,1.040017,2.047217,0.629864,0.483129, 0.999929, 1.944603, 0.820012, 31.762218,1.040112,1.994097,-0.144051,0.695477, 0.999937, 1.483086, 0.831234, 39.363220,1.040112,1.994097,-0.144051,0.695477, 0.999937, 1.483086, 0.831234, 39.363220,1.040106,2.141633,-0.055563,0.675532, 0.999937, 1.533901, 0.831237, 38.321321,1.040106,1.739048,-0.054819,0.577111, 0.999943, 1.419313, 0.674040, 32.682249,1.040106,1.733484,-0.054814,0.575654, 0.999943, 1.417919, 0.671868, 32.598751
  0.2100,1.040003,2.075039,0.629794,0.489074, 0.999927, 1.952017, 0.831281, 32.110589,1.040003,2.075039,0.629794,0.489074, 0.999927, 1.952017, 0.831281, 32.110589,1.040003,2.047157,0.629841,0.482993, 0.999927, 1.945273, 0.820026, 31.762187,1.040099,1.994063,-0.144080,0.695357, 0.999935, 1.483707, 0.831247, 39.363810,1.040099,1.994063,-0.144080,0.695357, 0.999935, 1.483707, 0.831247, 39.363810,1.040092,2.141602,-0.055592,0.675411, 0.999935, 1.534525, 0.831249, 38.321912,1.040092,1.739104,-0.054802,0.577003, 0.999942, 1.419936, 0.674051, 32.683545,1.040092,1.733541,-0.054796,0.575546, 0.999942, 1.418543, 0.671880, 32.600057
  0.2150,1.039989,2.074975,0.629770,0.488934, 0.999925, 1.952685, 0.831296, 32.110502,1.039989,2.074975,0.629770,0.488934, 0.999925, 1.952685, 0.831296, 32.110502,1.039989,2.047099,0.629819,0.482854, 0.999926, 1.945940, 0.820041, 31.762145,1.040085,1.994033,-0.144110,0.695233, 0.999933, 1.484326, 0.831260, 39.364400,1.040085,1.994033,-0.144110,0.695233, 0.999933, 1.484326, 0.831260, 39.364400,1.040079,2.141575,-0.055621,0.675287, 0.999933, 1.535146, 0.831262, 38.322505,1.040079,1.739163,-0.054786,0.576891, 0.999940, 1.420558, 0.674063, 32.684847,1.040079,1.733601,-0.054779,0.575434, 0.999940, 1.419164, 0.671891, 32.601370
  0.2200,1.039976,2.074912,0.629746,0.488792, 0.999923, 1.953347, 0.831311, 32.110406,1.039976,2.074912,0.629746,0.488792, 0.999923, 1.953347, 0.831311, 32.110406,1.039976,2.047042,0.629798,0.482712, 0.999924, 1.946602, 0.820056, 31.762094,1.040073,1.994006,-0.144139,0.695106, 0.999932, 1.484940, 0.831273, 39.364994,1.040073,1.994006,-0.144139,0.695106, 0.999932, 1.484940, 0.831273, 39.364994,1.040066,2.141551,-0.055650,0.675160, 0.999932, 1.535762, 0.831276, 38.323099,1.040066,1.739224,-0.054769,0.576777, 0.999938, 1.421174, 0.674075, 32.686157,1.040066,1.733663,-0.054761,0.575320, 0.999939, 1.419780, 0.671903, 32.602690
  0.2250,1.039963,2.074852,0.629723,0.488646, 0.999922, 1.954002, 0.831327, 32.110302,1.039963,2.074852,0.629723,0.488646, 0.999922, 1.954002, 0.831327, 32.110302,1.039963,2.046988,0.629777,0.482567, 0.999922, 1.947258, 0.820071, 31.762036,1.040061,1.993982,-0.144167,0.694976, 0.999930, 1.485546, 0.831287, 39.365591,1.040061,1.993982,-0.144167,0.694976, 0.999930, 1.485546, 0.831287, 39.365591,1.040054,2.141530,-0.055678,0.675030, 0.999930, 1.536371, 0.831289, 38.323696,1.040054,1.739288,-0.054752,0.576659, 0.999937, 1.421783, 0.674087, 32.687473,1.040054,1.733728,-0.054744,0.575203, 0.999937, 1.420389, 0.671915, 32.604017
  0.2300,1.039951,2.074793,0.629700,0.488496, 0.999920, 1.954649, 0.831343, 32.110191,1.039951,2.074793,0.629700,0.488496, 0.999920, 1.954649, 0.831343, 32.110191,1.039951,2.046935,0.629758,0.482419, 0.999920, 1.947904, 0.820087, 31.761971,1.040049,1.993962,-0.144196,0.694843, 0.999929, 1.486143, 0.831301, 39.366193,1.040049,1.993962,-0.144196,0.694843, 0.999929, 1.486143, 0.831301, 39.366193,1.040043,2.141512,-0.055706,0.674897, 0.999929, 1.536971, 0.831304, 38.324297,1.040043,1.739355,-0.054735,0.576539, 0.999935, 1.422382, 0.674100, 32.688797,1.040043,1.733796,-0.054726,0.575082, 0.999935, 1.420989, 0.671928, 32.605351
  0.2350,1.039940,2.074737,0.629679,0.488344, 0.999918, 1.955284, 0.831359, 32.110075,1.039940,2.074737,0.629679,0.488344, 0.999918, 1.955284, 0.831359, 32.110075,1.039940,2.046884,0.629738,0.482267, 0.999919, 1.948539, 0.820104, 31.761900,1.040038,1.993944,-0.144224,0.694707, 0.999927, 1.486729, 0.831316, 39.366800,1.040038,1.993944,-0.144224,0.694707, 0.999927, 1.486729, 0.831316, 39.366800,1.040031,2.141498,-0.055733,0.674761, 0.999927, 1.537559, 0.831318, 38.324903,1.040031,1.739424,-0.054719,0.576416, 0.999934, 1.422971, 0.674113, 32.690127,1.040031,1.733865,-0.054709,0.574959, 0.999934, 1.421577, 0.671941, 32.606692
  0.2400,1.039929,2.074682,0.629658,0.488188, 0.999917, 1.955907, 0.831376, 32.109954,1.039929,2.074682,0.629658,0.488188, 0.999917, 1.955907, 0.831376, 32.109954,1.039929,2.046836,0.629720,0.482112, 0.999917, 1.949162, 0.820120, 31.761825,1.040027,1.993930,-0.144252,0.694568, 0.999926, 1.487302, 0.831331, 39.367414,1.040027,1.993930,-0.144252,0.694568, 0.999926, 1.487302, 0.831331, 39.367414,1.040021,2.141487,-0.055761,0.674622, 0.999926, 1.538135, 0.831333, 38.325513,1.040021,1.739495,-0.054702,0.576289, 0.999932, 1.423547, 0.674126, 32.691463,1.040021,1.733938,-0.054692,0.574833, 0.999932, 1.422153, 0.671955, 32.608039
  0.2450,1.039918,2.074630,0.629637,0.488030, 0.999915, 1.956516, 0.831393, 32.109830,1.039918,2.074630,0.629637,0.488030, 0.999915, 1.956516, 0.831393, 32.109830,1.039918,2.046789,0.629702,0.481955, 0.999915, 1.949772, 0.820138, 31.761746,1.040017,1.993918,-0.144279,0.694427, 0.999924, 1.487861, 0.831346, 39.368033,1.040017,1.993918,-0.144279,0.694427, 0.999924, 1.487861, 0.831346, 39.368033,1.040011,2.141479,-0.055787,0.674480, 0.999924, 1.538697, 0.831349, 38.326129,1.040011,1.739568,-0.054686,0.576160, 0.999931, 1.424109, 0.674140, 32.692805,1.040011,1.734012,-0.054675,0.574704, 0.999931, 1.422715, 0.671968, 32.609392
  0.2500,1.039908,2.074580,0.629618,0.487868, 0.999913, 1.957111, 0.831411, 32.109702,1.039908,2.074580,0.629618,0.487868, 0.999913, 1.957111, 0.831411, 32.109702,1.039908,2.046745,0.629685,0.481794, 0.999914, 1.950367, 0.820155, 31.761663,1.040008,1.993910,-0.144306,0.694282, 0.999922, 1.488406, 0.831362, 39.368660,1.040008,1.993910,-0.144306,0.694282, 0.999922, 1.488406, 0.831362, 39.368660,1.040001,2.141474,-0.055814,0.674335, 0.999922, 1.539244, 0.831364, 38.326751,1.040001,1.739643,-0.054669,0.576028, 0.999929, 1.424656, 0.674154, 32.694152,1.040001,1.734088,-0.054658,0.574572, 0.999929, 1.423262, 0.671982, 32.610750
  0.2550,1.039899,2.074531,0.629599,0.487703, 0.999912, 1.957691, 0.831429, 32.109571,1.039899,2.074531,0.629599,0.487703, 0.999912, 1.957691, 0.831429, 32.109571,1.039899,2.046702,0.629668,0.481629, 0.999912, 1.950946, 0.820173, 31.761576,1.039999,1.993905,-0.144332,0.694134, 0.999921, 1.488934, 0.831378, 39.369293,1.039999,1.993905,-0.144332,0.694134, 0.999921, 1.488934, 0.831378, 39.369293,1.039992,2.141472,-0.055840,0.674188, 0.999921, 1.539776, 0.831380, 38.327378,1.039992,1.739720,-0.054653,0.575893, 0.999928, 1.425187, 0.674169, 32.695504,1.039992,1.734166,-0.054641,0.574437, 0.999928, 1.423794, 0.671997, 32.612113
  0.2600,1.039890,2.074485,0.629581,0.487535, 0.999910, 1.958254, 0.831448, 32.109438,1.039890,2.074485,0.629581,0.487535, 0.999910, 1.958254, 0.831448, 32.109438,1.039890,2.046661,0.629652,0.481462, 0.999910, 1.951509, 0.820192, 31.761488,1.039991,1.993903,-0.144358,0.693984, 0.999919, 1.489446, 0.831395, 39.369934,1.039991,1.993903,-0.144358,0.693984, 0.999919, 1.489446, 0.831395, 39.369934,1.039984,2.141472,-0.055866,0.674037, 0.999919, 1.540290, 0.831397, 38.328012,1.039984,1.739799,-0.054638,0.575755, 0.999926, 1.425702, 0.674184, 32.696860,1.039984,1.734246,-0.054625,0.574299, 0.999926, 1.424308, 0.672012, 32.613479
  0.2650,1.039881,2.074441,0.629563,0.487364, 0.999908, 1.958800, 0.831467, 32.109303,1.039881,2.074441,0.629563,0.487364, 0.999908, 1.958800, 0.831467, 32.109303,1.039881,2.046622,0.629637,0.481292, 0.999909, 1.952055, 0.820211, 31.761397,1.039983,1.993903,-0.144384,0.693831, 0.999918, 1.489940, 0.831411, 39.370583,1.039983,1.993903,-0.144384,0.693831, 0.999918, 1.489940, 0.831411, 39.370583,1.039976,2.141476,-0.055891,0.673883, 0.999918, 1.540788, 0.831414, 38.328652,1.039976,1.739879,-0.054622,0.575614, 0.999924, 1.426199, 0.674199, 32.698219,1.039976,1.734327,-0.054609,0.574159, 0.999924, 1.424806, 0.672027, 32.614849
  0.2700,1.039873,2.074398,0.629547,0.487190, 0.999907, 1.959329, 0.831486, 32.109167,1.039873,2.074398,0.629547,0.487190, 0.999907, 1.959329, 0.831486, 32.109167,1.039873,2.046585,0.629623,0.481118, 0.999907, 1.952584, 0.820230, 31.761304,1.039975,1.993906,-0.144410,0.693674, 0.999916, 1.490417, 0.831429, 39.371238,1.039975,1.993906,-0.144410,0.693674, 0.999916, 1.490417, 0.831429, 39.371238,1.039969,2.141483,-0.055916,0.673727, 0.999916, 1.541267, 0.831431, 38.329298,1.039969,1.739960,-0.054607,0.575470, 0.999923, 1.426679, 0.674215, 32.699580,1.039969,1.734409,-0.054593,0.574015, 0.999923, 1.425285, 0.672043, 32.616221
  0.2750,1.039866,2.074358,0.629530,0.487013, 0.999905, 1.959840, 0.831505, 32.109030,1.039866,2.074358,0.629530,0.487013, 0.999905, 1.959840, 0.831505, 32.109030,1.039866,2.046550,0.629608,0.480942, 0.999906, 1.953095, 0.820249, 31.761210,1.039968,1.993912,-0.144435,0.693515, 0.999915, 1.490877, 0.831446, 39.371902,1.039968,1.993912,-0.144435,0.693515, 0.999915, 1.490877, 0.831446, 39.371902,1.039962,2.141492,-0.055940,0.673567, 0.999915, 1.541729, 0.831449, 38.329950,1.039962,1.740043,-0.054592,0.575323, 0.999921, 1.427141, 0.674231, 32.700943,1.039962,1.734493,-0.054578,0.573868, 0.999921, 1.425747, 0.672059, 32.617594
  0.2800,1.039859,2.074319,0.629515,0.486832, 0.999904, 1.960333, 0.831525, 32.108893,1.039859,2.074319,0.629515,0.486832, 0.999904, 1.960333, 0.831525, 32.108893,1.039859,2.046516,0.629595,0.480763, 0.999904, 1.953589, 0.820269, 31.761115,1.039962,1.993921,-0.144459,0.693353, 0.999913, 1.491318, 0.831464, 39.372572,1.039962,1.993921,-0.144459,0.693353, 0.999913, 1.491318, 0.831464, 39.372572,1.039955,2.141504,-0.055965,0.673405, 0.999913, 1.542173, 0.831466, 38.330608,1.039955,1.740127,-0.054578,0.575173, 0.999920, 1.427585, 0.674247, 32.702306,1.039955,1.734578,-0.054563,0.573718, 0.999920, 1.426191, 0.672075, 32.618968
  0.2850,1.039852,2.074282,0.629500,0.486649, 0.999902, 1.960809, 0.831546, 32.108754,1.039852,2.074282,0.629500,0.486649, 0.999902, 1.960809, 0.831546, 32.108754,1.039852,2.046484,0.629582,0.480580, 0.999902, 1.954064, 0.820289, 31.761018,1.039956,1.993932,-0.144484,0.693188, 0.999912, 1.491740, 0.831482, 39.373250,1.039956,1.993932,-0.144484,0.693188, 0.999912, 1.491740, 0.831482, 39.373250,1.039949,2.141518,-0.055989,0.673240, 0.999912, 1.542599, 0.831485, 38.331273,1.039949,1.740212,-0.054564,0.575020, 0.999918, 1.428010, 0.674263, 32.703669,1.039949,1.734664,-0.054549,0.573565, 0.999918, 1.426617, 0.672091, 32.620342
  0.2900,1.039846,2.074247,0.629486,0.486463, 0.999900, 1.961266, 0.831567, 32.108616,1.039846,2.074247,0.629486,0.486463, 0.999900, 1.961266, 0.831567, 32.108616,1.039846,2.046454,0.629570,0.480395, 0.999901, 1.954522, 0.820310, 31.760920,1.039950,1.993945,-0.144508,0.693021, 0.999910, 1.492145, 0.831501, 39.373935,1.039950,1.993945,-0.144508,0.693021, 0.999910, 1.492145, 0.831501, 39.373935,1.039943,2.141534,-0.056012,0.673072, 0.999910, 1.543007, 0.831503, 38.331943,1.039943,1.740297,-0.054551,0.574864, 0.999916, 1.428418, 0.674280, 32.705030,1.039943,1.734750,-0.054535,0.573410, 0.999917, 1.427024, 0.672108, 32.621714
  0.2950,1.039840,2.074214,0.629472,0.486274, 0.999899, 1.961706, 0.831588, 32.108478,1.039840,2.074214,0.629472,0.486274, 0.999899, 1.961706, 0.831588, 32.108478,1.039840,2.046425,0.629558,0.480206, 0.999899, 1.954961, 0.820331, 31.760822,1.039945,1.993961,-0.144532,0.692850, 0.999909, 1.492532, 0.831520, 39.374627,1.039945,1.993961,-0.144532,0.692850, 0.999909, 1.492532, 0.831520, 39.374627,1.039938,2.141553,-0.056036,0.672901, 0.999909, 1.543396, 0.831522, 38.332618,1.039938,1.740383,-0.054539,0.574705, 0.999915, 1.428808, 0.674298, 32.706389,1.039938,1.734837,-0.054522,0.573251, 0.999915, 1.427414, 0.672126, 32.623084
  0.3000,1.039835,2.074182,0.629459,0.486082, 0.999897, 1.962127, 0.831609, 32.108340,1.039835,2.074182,0.629459,0.486082, 0.999897, 1.962127, 0.831609, 32.108340,1.039835,2.046397,0.629546,0.480015, 0.999898, 1.955383, 0.820352, 31.760723,1.039940,1.993979,-0.144555,0.692677, 0.999907, 1.492900, 0.831539, 39.375325,1.039940,1.993979,-0.144555,0.692677, 0.999907, 1.492900, 0.831539, 39.375325,1.039933,2.141574,-0.056059,0.672727, 0.999907, 1.543768, 0.831541, 38.333299,1.039933,1.740470,-0.054527,0.574543, 0.999913, 1.429179, 0.674315, 32.707745,1.039933,1.734924,-0.054509,0.573089, 0.999913, 1.427786, 0.672143, 32.624450
  0.3050,1.039830,2.074152,0.629446,0.485887, 0.999896, 1.962531, 0.831631, 32.108203,1.039830,2.074152,0.629446,0.485887, 0.999896, 1.962531, 0.831631, 32.108203,1.039830,2.046372,0.629536,0.479821, 0.999896, 1.955786, 0.820374, 31.760624,1.039935,1.993999,-0.144578,0.692501, 0.999906, 1.493252, 0.831558, 39.376030,1.039935,1.993999,-0.144578,0.692501, 0.999906, 1.493252, 0.831558, 39.376030,1.039928,2.141597,-0.056081,0.672551, 0.999906, 1.544122, 0.831561, 38.333985,1.039928,1.740557,-0.054516,0.574378, 0.999912, 1.429533, 0.674333, 32.709097,1.039928,1.735012,-0.054497,0.572924, 0.999912, 1.428140, 0.672161, 32.625812
  0.3100,1.039826,2.074123,0.629434,0.485689, 0.999894, 1.962917, 0.831653, 32.108066,1.039826,2.074123,0.629434,0.485689, 0.999894, 1.962917, 0.831653, 32.108066,1.039826,2.046347,0.629525,0.479624, 0.999895, 1.956173, 0.820396, 31.760524,1.039931,1.994021,-0.144601,0.692322, 0.999904, 1.493585, 0.831578, 39.376741,1.039931,1.994021,-0.144601,0.692322, 0.999904, 1.493585, 0.831578, 39.376741,1.039924,2.141621,-0.056104,0.672371, 0.999904, 1.544458, 0.831581, 38.334676,1.039924,1.740644,-0.054505,0.574210, 0.999910, 1.429870, 0.674352, 32.710443,1.039924,1.735100,-0.054486,0.572756, 0.999910, 1.428476, 0.672180, 32.627169
  0.3150,1.039821,2.074096,0.629423,0.485489, 0.999893, 1.963286, 0.831675, 32.107929,1.039821,2.074096,0.629423,0.485489, 0.999893, 1.963286, 0.831675, 32.107929,1.039821,2.046324,0.629515,0.479423, 0.999893, 1.956542, 0.820418, 31.760425,1.039927,1.994044,-0.144624,0.692140, 0.999903, 1.493902, 0.831598, 39.377459,1.039927,1.994044,-0.144624,0.692140, 0.999903, 1.493902, 0.831598, 39.377459,1.039920,2.141648,-0.056126,0.672189, 0.999903, 1.544778, 0.831601, 38.335371,1.039920,1.740731,-0.054495,0.574039, 0.999908, 1.430190, 0.674370, 32.711783,1.039920,1.735188,-0.054476,0.572586, 0.999909, 1.428796, 0.672198, 32.628520
  0.3200,1.039817,2.074070,0.629411,0.485285, 0.999891, 1.963638, 0.831698, 32.107794,1.039817,2.074070,0.629411,0.485285, 0.999891, 1.963638, 0.831698, 32.107794,1.039817,2.046302,0.629505,0.479221, 0.999892, 1.956894, 0.820441, 31.760325,1.039924,1.994070,-0.144646,0.691955, 0.999901, 1.494202, 0.831619, 39.378181,1.039924,1.994070,-0.144646,0.691955, 0.999901, 1.494202, 0.831619, 39.378181,1.039917,2.141676,-0.056149,0.672004, 0.999901, 1.545081, 0.831621, 38.336071,1.039917,1.740817,-0.054486,0.573865, 0.999907, 1.430492, 0.674389, 32.713117,1.039917,1.735275,-0.054467,0.572412, 0.999907, 1.429099, 0.672217, 32.629863
  0.3250,1.039814,2.074046,0.629401,0.485079, 0.999890, 1.963974, 0.831721, 32.107660,1.039814,2.074046,0.629401,0.485079, 0.999890, 1.963974, 0.831721, 32.107660,1.039814,2.046281,0.629496,0.479015, 0.999890, 1.957229, 0.820463, 31.760224,1.039921,1.994097,-0.144668,0.691768, 0.999900, 1.494486, 0.831639, 39.378910,1.039921,1.994097,-0.144668,0.691768, 0.999900, 1.494486, 0.831639, 39.378910,1.039914,2.141706,-0.056171,0.671816, 0.999900, 1.545368, 0.831642, 38.336774,1.039914,1.740904,-0.054478,0.573688, 0.999905, 1.430779, 0.674409, 32.714442,1.039914,1.735362,-0.054458,0.572235, 0.999905, 1.429386, 0.672236, 32.631198
  0.3300,1.039811,2.074023,0.629391,0.484869, 0.999888, 1.964293, 0.831744, 32.107526,1.039811,2.074023,0.629391,0.484869, 0.999888, 1.964293, 0.831744, 32.107526,1.039811,2.046262,0.629487,0.478806, 0.999889, 1.957548, 0.820487, 31.760124,1.039918,1.994126,-0.144690,0.691578, 0.999898, 1.494754, 0.831660, 39.379643,1.039918,1.994126,-0.144690,0.691578, 0.999898, 1.494754, 0.831660, 39.379643,1.039911,2.141737,-0.056192,0.671625, 0.999898, 1.545639, 0.831663, 38.337481,1.039911,1.740990,-0.054471,0.573507, 0.999904, 1.431050, 0.674428, 32.715758,1.039911,1.735449,-0.054450,0.572055, 0.999904, 1.429656, 0.672256, 32.632524
  0.3350,1.039808,2.074001,0.629381,0.484657, 0.999887, 1.964596, 0.831767, 32.107394,1.039808,2.074001,0.629381,0.484657, 0.999887, 1.964596, 0.831767, 32.107394,1.039808,2.046243,0.629479,0.478595, 0.999887, 1.957851, 0.820510, 31.760024,1.039915,1.994156,-0.144712,0.691385, 0.999897, 1.495006, 0.831682, 39.380380,1.039915,1.994156,-0.144712,0.691385, 0.999897, 1.495006, 0.831682, 39.380380,1.039908,2.141770,-0.056214,0.671431, 0.999897, 1.545894, 0.831685, 38.338191,1.039908,1.741075,-0.054464,0.573324, 0.999902, 1.431306, 0.674448, 32.717064,1.039908,1.735535,-0.054443,0.571872, 0.999902, 1.429912, 0.672276, 32.633840
  0.3400,1.039805,2.073980,0.629371,0.484442, 0.999885, 1.964884, 0.831791, 32.107263,1.039805,2.073980,0.629371,0.484442, 0.999885, 1.964884, 0.831791, 32.107263,1.039805,2.046226,0.629471,0.478380, 0.999886, 1.958139, 0.820534, 31.759923,1.039913,1.994187,-0.144734,0.691189, 0.999895, 1.495244, 0.831703, 39.381122,1.039913,1.994187,-0.144734,0.691189, 0.999895, 1.495244, 0.831703, 39.381122,1.039906,2.141804,-0.056236,0.671235, 0.999895, 1.546135, 0.831706, 38.338903,1.039906,1.741160,-0.054459,0.573138, 0.999900, 1.431546, 0.674468, 32.718359,1.039906,1.735621,-0.054438,0.571686, 0.999900, 1.430153, 0.672296, 32.635144
  0.3450,1.039803,2.073961,0.629362,0.484225, 0.999884, 1.965157, 0.831815, 32.107133,1.039803,2.073961,0.629362,0.484225, 0.999884, 1.965157, 0.831815, 32.107133,1.039803,2.046210,0.629463,0.478163, 0.999884, 1.958412, 0.820558, 31.759823,1.039911,1.994220,-0.144755,0.690990, 0.999894, 1.495467, 0.831725, 39.381867,1.039911,1.994220,-0.144755,0.690990, 0.999894, 1.495467, 0.831725, 39.381867,1.039904,2.141839,-0.056257,0.671036, 0.999894, 1.546361, 0.831728, 38.339618,1.039904,1.741244,-0.054455,0.572949, 0.999899, 1.431773, 0.674489, 32.719642,1.039904,1.735705,-0.054433,0.571497, 0.999899, 1.430379, 0.672316, 32.636437
  0.3500,1.039801,2.073942,0.629354,0.484004, 0.999882, 1.965415, 0.831839, 32.107004,1.039801,2.073942,0.629354,0.484004, 0.999882, 1.965415, 0.831839, 32.107004,1.039801,2.046194,0.629455,0.477943, 0.999883, 1.958670, 0.820582, 31.759723,1.039909,1.994254,-0.144777,0.690789, 0.999892, 1.495677, 0.831747, 39.382616,1.039909,1.994254,-0.144777,0.690789, 0.999892, 1.495677, 0.831747, 39.382616,1.039902,2.141875,-0.056278,0.670834, 0.999892, 1.546573, 0.831750, 38.340335,1.039902,1.741326,-0.054451,0.572756, 0.999897, 1.431985, 0.674510, 32.720912,1.039902,1.735789,-0.054429,0.571304, 0.999897, 1.430591, 0.672337, 32.637716
  0.3550,1.039799,2.073925,0.629345,0.483781, 0.999881, 1.965659, 0.831864, 32.106877,1.039799,2.073925,0.629345,0.483781, 0.999881, 1.965659, 0.831864, 32.106877,1.039799,2.046180,0.629448,0.477720, 0.999881, 1.958914, 0.820606, 31.759623,1.039907,1.994289,-0.144798,0.690585, 0.999891, 1.495873, 0.831770, 39.383368,1.039907,1.994289,-0.144798,0.690585, 0.999891, 1.495873, 0.831770, 39.383368,1.039900,2.141912,-0.056300,0.670629, 0.999891, 1.546773, 0.831773, 38.341053,1.039900,1.741408,-0.054449,0.572561, 0.999896, 1.432184, 0.674531, 32.722168,1.039900,1.735871,-0.054426,0.571109, 0.999896, 1.430790, 0.672358, 32.638982
  0.3600,1.039797,2.073909,0.629337,0.483555, 0.999879, 1.965889, 0.831889, 32.106751,1.039797,2.073909,0.629337,0.483555, 0.999879, 1.965889, 0.831889, 32.106751,1.039797,2.046166,0.629441,0.477495, 0.999880, 1.959144, 0.820631, 31.759523,1.039906,1.994324,-0.144819,0.690378, 0.999890, 1.496056, 0.831792, 39.384122,1.039906,1.994324,-0.144819,0.690378, 0.999890, 1.496056, 0.831792, 39.384122,1.039899,2.141949,-0.056321,0.670422, 0.999889, 1.546959, 0.831795, 38.341773,1.039899,1.741489,-0.054448,0.572363, 0.999894, 1.432370, 0.674552, 32.723410,1.039899,1.735952,-0.054424,0.570911, 0.999894, 1.430977, 0.672380, 32.640232
  0.3650,1.039796,2.073894,0.629330,0.483327, 0.999878, 1.966106, 0.831914, 32.106627,1.039796,2.073894,0.629330,0.483327, 0.999878, 1.966106, 0.831914, 32.106627,1.039796,2.046153,0.629434,0.477267, 0.999878, 1.959361, 0.820656, 31.759423,1.039905,1.994361,-0.144840,0.690168, 0.999888, 1.496227, 0.831815, 39.384879,1.039905,1.994361,-0.144840,0.690168, 0.999888, 1.496227, 0.831815, 39.384879,1.039898,2.141988,-0.056342,0.670211, 0.999888, 1.547133, 0.831818, 38.342493,1.039898,1.741568,-0.054447,0.572161, 0.999892, 1.432544, 0.674574, 32.724636,1.039898,1.736032,-0.054424,0.570710, 0.999892, 1.431151, 0.672401, 32.641467
  0.3700,1.039795,2.073880,0.629322,0.483095, 0.999877, 1.966310, 0.831939, 32.106504,1.039795,2.073880,0.629322,0.483095, 0.999877, 1.966310, 0.831939, 32.106504,1.039795,2.046141,0.629428,0.477036, 0.999877, 1.959565, 0.820681, 31.759324,1.039904,1.994398,-0.144861,0.689956, 0.999887, 1.496386, 0.831838, 39.385637,1.039904,1.994398,-0.144861,0.689956, 0.999887, 1.496386, 0.831838, 39.385637,1.039897,2.142027,-0.056363,0.669998, 0.999886, 1.547295, 0.831841, 38.343213,1.039897,1.741645,-0.054448,0.571957, 0.999891, 1.432707, 0.674596, 32.725846,1.039897,1.736110,-0.054424,0.570505, 0.999891, 1.431313, 0.672423, 32.642686
  0.3750,1.039794,2.073866,0.629315,0.482861, 0.999875, 1.966502, 0.831965, 32.106383,1.039794,2.073866,0.629315,0.482861, 0.999875, 1.966502, 0.831965, 32.106383,1.039794,2.046130,0.629421,0.476802, 0.999875, 1.959757, 0.820707, 31.759224,1.039903,1.994436,-0.144882,0.689741, 0.999885, 1.496535, 0.831861, 39.386396,1.039903,1.994436,-0.144882,0.689741, 0.999885, 1.496535, 0.831861, 39.386396,1.039896,2.142067,-0.056384,0.669782, 0.999885, 1.547446, 0.831865, 38.343933,1.039896,1.741721,-0.054450,0.571749, 0.999889, 1.432858, 0.674618, 32.727039,1.039896,1.736187,-0.054426,0.570298, 0.999889, 1.431464, 0.672446, 32.643887
  0.3800,1.039793,2.073854,0.629308,0.482625, 0.999874, 1.966681, 0.831990, 32.106263,1.039793,2.073854,0.629308,0.482625, 0.999874, 1.966681, 0.831990, 32.106263,1.039793,2.046119,0.629415,0.476566, 0.999874, 1.959937, 0.820732, 31.759125,1.039902,1.994475,-0.144903,0.689523, 0.999884, 1.496672, 0.831885, 39.387156,1.039902,1.994475,-0.144903,0.689523, 0.999884, 1.496672, 0.831885, 39.387156,1.039895,2.142107,-0.056405,0.669564, 0.999883, 1.547586, 0.831888, 38.344652,1.039895,1.741796,-0.054454,0.571538, 0.999887, 1.432998, 0.674641, 32.728213,1.039895,1.736262,-0.054429,0.570087, 0.999887, 1.431604, 0.672468, 32.645070
  0.3850,1.039793,2.073842,0.629302,0.482386, 0.999872, 1.966850, 0.832016, 32.106145,1.039793,2.073842,0.629302,0.482386, 0.999872, 1.966850, 0.832016, 32.106145,1.039793,2.046110,0.629409,0.476327, 0.999873, 1.960105, 0.820758, 31.759026,1.039902,1.994514,-0.144924,0.689302, 0.999882, 1.496799, 0.831909, 39.387917,1.039902,1.994514,-0.144924,0.689302, 0.999882, 1.496799, 0.831909, 39.387917,1.039895,2.142147,-0.056427,0.669342, 0.999882, 1.547717, 0.831912, 38.345371,1.039895,1.741869,-0.054458,0.571325, 0.999886, 1.433128, 0.674663, 32.729369,1.039895,1.736335,-0.054433,0.569874, 0.999886, 1.431734, 0.672491, 32.646233
  0.3900,1.039792,2.073831,0.629296,0.482144, 0.999871, 1.967007, 0.832042, 32.106029,1.039792,2.073831,0.629296,0.482144, 0.999871, 1.967007, 0.832042, 32.106029,1.039792,2.046100,0.629403,0.476086, 0.999871, 1.960262, 0.820784, 31.758927,1.039902,1.994553,-0.144944,0.689079, 0.999881, 1.496917, 0.831933, 39.388677,1.039902,1.994553,-0.144944,0.689079, 0.999881, 1.496917, 0.831933, 39.388677,1.039894,2.142188,-0.056448,0.669118, 0.999880, 1.547837, 0.831936, 38.346087,1.039894,1.741939,-0.054464,0.571108, 0.999884, 1.433249, 0.674687, 32.730505,1.039894,1.736407,-0.054439,0.569657, 0.999884, 1.431855, 0.672514, 32.647377
  0.3950,1.039792,2.073821,0.629289,0.481899, 0.999870, 1.967154, 0.832069, 32.105914,1.039792,2.073821,0.629289,0.481899, 0.999870, 1.967154, 0.832069, 32.105914,1.039792,2.046091,0.629397,0.475841, 0.999870, 1.960409, 0.820811, 31.758828,1.039901,1.994593,-0.144965,0.688853, 0.999879, 1.497025, 0.831957, 39.389436,1.039901,1.994593,-0.144965,0.688853, 0.999879, 1.497025, 0.831957, 39.389436,1.039894,2.142228,-0.056469,0.668891, 0.999879, 1.547948, 0.831961, 38.346802,1.039894,1.742008,-0.054471,0.570888, 0.999883, 1.433360, 0.674710, 32.731621,1.039894,1.736476,-0.054445,0.569437, 0.999883, 1.431966, 0.672537, 32.648500
  0.4000,1.039792,2.073811,0.629283,0.481652, 0.999868, 1.967290, 0.832095, 32.105801,1.039792,2.073811,0.629283,0.481652, 0.999868, 1.967290, 0.832095, 32.105801,1.039792,2.046083,0.629392,0.475595, 0.999868, 1.960546, 0.820837, 31.758730,1.039901,1.994633,-0.144986,0.688624, 0.999878, 1.497125, 0.831981, 39.390195,1.039901,1.994633,-0.144986,0.688624, 0.999878, 1.497125, 0.831981, 39.390195,1.039894,2.142269,-0.056490,0.668662, 0.999877, 1.548051, 0.831985, 38.347515,1.039894,1.742075,-0.054479,0.570665, 0.999881, 1.433462, 0.674734, 32.732716,1.039894,1.736544,-0.054453,0.569214, 0.999881, 1.432069, 0.672561, 32.649603
  0.4050,1.039792,2.073802,0.629278,0.481402, 0.999867, 1.967417, 0.832122, 32.105690,1.039792,2.073802,0.629278,0.481402, 0.999867, 1.967417, 0.832122, 32.105690,1.039792,2.046075,0.629386,0.475345, 0.999867, 1.960672, 0.820864, 31.758631,1.039901,1.994673,-0.145007,0.688393, 0.999877, 1.497217, 0.832006, 39.390952,1.039901,1.994673,-0.145007,0.688393, 0.999877, 1.497217, 0.832006, 39.390952,1.039894,2.142310,-0.056512,0.668429, 0.999876, 1.548145, 0.832010, 38.348225,1.039894,1.742140,-0.054488,0.570439, 0.999879, 1.433557, 0.674758, 32.733789,1.039894,1.736609,-0.054462,0.568988, 0.999879, 1.432163, 0.672585, 32.650683
  0.4100,1.039793,2.073794,0.629272,0.481150, 0.999866, 1.967535, 0.832149, 32.105581,1.039793,2.073794,0.629272,0.481150, 0.999866, 1.967535, 0.832149, 32.105581,1.039793,2.046068,0.629381,0.475093, 0.999866, 1.960790, 0.820891, 31.758533,1.039901,1.994713,-0.145028,0.688159, 0.999875, 1.497300, 0.832031, 39.391708,1.039901,1.994713,-0.145028,0.688159, 0.999875, 1.497300, 0.832031, 39.391708,1.039894,2.142351,-0.056533,0.668194, 0.999875, 1.548232, 0.832035, 38.348931,1.039894,1.742203,-0.054499,0.570210, 0.999878, 1.433643, 0.674782, 32.734840,1.039894,1.736672,-0.054472,0.568760, 0.999878, 1.432250, 0.672609, 32.651740
  0.4150,1.039793,2.073787,0.629267,0.480895, 0.999864, 1.967643, 0.832176, 32.105473,1.039793,2.073787,0.629267,0.480895, 0.999864, 1.967643, 0.832176, 32.105473,1.039793,2.046061,0.629375,0.474839, 0.999864, 1.960898, 0.820918, 31.758436,1.039901,1.994753,-0.145049,0.687922, 0.999874, 1.497377, 0.832056, 39.392461,1.039901,1.994753,-0.145049,0.687922, 0.999874, 1.497377, 0.832056, 39.392461,1.039894,2.142392,-0.056555,0.667956, 0.999873, 1.548311, 0.832060, 38.349634,1.039894,1.742263,-0.054511,0.569978, 0.999876, 1.433723, 0.674806, 32.735867,1.039894,1.736733,-0.054484,0.568528, 0.999876, 1.432329, 0.672634, 32.652774
  0.4200,1.039794,2.073780,0.629261,0.480638, 0.999863, 1.967743, 0.832203, 32.105367,1.039794,2.073780,0.629261,0.480638, 0.999863, 1.967743, 0.832203, 32.105367,1.039794,2.046054,0.629370,0.474581, 0.999863, 1.960998, 0.820945, 31.758338,1.039902,1.994793,-0.145070,0.687683, 0.999872, 1.497447, 0.832081, 39.393211,1.039902,1.994793,-0.145070,0.687683, 0.999872, 1.497447, 0.832081, 39.393211,1.039894,2.142432,-0.056576,0.667716, 0.999872, 1.548384, 0.832085, 38.350333,1.039894,1.742321,-0.054524,0.569743, 0.999874, 1.433795, 0.674831, 32.736872,1.039894,1.736791,-0.054497,0.568292, 0.999874, 1.432402, 0.672658, 32.653785
  0.4250,1.039794,2.073773,0.629256,0.480378, 0.999861, 1.967835, 0.832230, 32.105263,1.039794,2.073773,0.629256,0.480378, 0.999861, 1.967835, 0.832230, 32.105263,1.039794,2.046048,0.629365,0.474322, 0.999862, 1.961090, 0.820972, 31.758241,1.039902,1.994833,-0.145091,0.687440, 0.999871, 1.497511, 0.832107, 39.393957,1.039902,1.994833,-0.145091,0.687440, 0.999871, 1.497511, 0.832107, 39.393957,1.039895,2.142472,-0.056598,0.667473, 0.999870, 1.548450, 0.832111, 38.351027,1.039895,1.742376,-0.054538,0.569504, 0.999873, 1.433862, 0.674856, 32.737851,1.039895,1.736847,-0.054511,0.568054, 0.999873, 1.432468, 0.672683, 32.654771
  0.4300,1.039795,2.073767,0.629251,0.480116, 0.999860, 1.967919, 0.832258, 32.105160,1.039795,2.073767,0.629251,0.480116, 0.999860, 1.967919, 0.832258, 32.105160,1.039795,2.046042,0.629360,0.474059, 0.999860, 1.961175, 0.821000, 31.758145,1.039902,1.994873,-0.145112,0.687196, 0.999869, 1.497568, 0.832132, 39.394701,1.039902,1.994873,-0.145112,0.687196, 0.999869, 1.497568, 0.832132, 39.394701,1.039895,2.142512,-0.056620,0.667227, 0.999869, 1.548510, 0.832137, 38.351717,1.039895,1.742430,-0.054554,0.569263, 0.999871, 1.433922, 0.674881, 32.738806,1.039895,1.736900,-0.054527,0.567813, 0.999871, 1.432528, 0.672708, 32.655732
  0.4350,1.039796,2.073762,0.629246,0.479851, 0.999859, 1.967996, 0.832286, 32.105060,1.039796,2.073762,0.629246,0.479851, 0.999859, 1.967996, 0.832286, 32.105060,1.039796,2.046037,0.629355,0.473795, 0.999859, 1.961251, 0.821027, 31.758048,1.039903,1.994912,-0.145134,0.686948, 0.999868, 1.497621, 0.832158, 39.395440,1.039903,1.994912,-0.145134,0.686948, 0.999868, 1.497621, 0.832158, 39.395440,1.039896,2.142552,-0.056642,0.666978, 0.999867, 1.548565, 0.832163, 38.352401,1.039896,1.742480,-0.054571,0.569019, 0.999870, 1.433977, 0.674906, 32.739736,1.039896,1.736951,-0.054543,0.567569, 0.999870, 1.432583, 0.672734, 32.656667
  0.4400,1.039797,2.073757,0.629242,0.479584, 0.999858, 1.968066, 0.832313, 32.104961,1.039797,2.073757,0.629242,0.479584, 0.999858, 1.968066, 0.832313, 32.104961,1.039797,2.046032,0.629350,0.473527, 0.999858, 1.961321, 0.821055, 31.757952,1.039903,1.994951,-0.145155,0.686698, 0.999867, 1.497668, 0.832184, 39.396174,1.039903,1.994951,-0.145155,0.686698, 0.999867, 1.497668, 0.832184, 39.396174,1.039896,2.142590,-0.056664,0.666727, 0.999866, 1.548615, 0.832189, 38.353079,1.039896,1.742528,-0.054589,0.568772, 0.999868, 1.434026, 0.674932, 32.740640,1.039896,1.737000,-0.054561,0.567322, 0.999868, 1.432633, 0.672759, 32.657576
  0.4450,1.039798,2.073752,0.629237,0.479314, 0.999856, 1.968129, 0.832341, 32.104865,1.039798,2.073752,0.629237,0.479314, 0.999856, 1.968129, 0.832341, 32.104865,1.039798,2.046027,0.629345,0.473258, 0.999856, 1.961384, 0.821083, 31.757857,1.039904,1.994989,-0.145177,0.686445, 0.999865, 1.497710, 0.832210, 39.396904,1.039904,1.994989,-0.145177,0.686445, 0.999865, 1.497710, 0.832210, 39.396904,1.039897,2.142629,-0.056687,0.666473, 0.999865, 1.548660, 0.832215, 38.353752,1.039897,1.742574,-0.054608,0.568521, 0.999866, 1.434071, 0.674958, 32.741518,1.039897,1.737046,-0.054581,0.567071, 0.999866, 1.432677, 0.672785, 32.658459
  0.4500,1.039799,2.073748,0.629232,0.479042, 0.999855, 1.968185, 0.832370, 32.104770,1.039799,2.073748,0.629232,0.479042, 0.999855, 1.968185, 0.832370, 32.104770,1.039799,2.046022,0.629340,0.472986, 0.999855, 1.961440, 0.821111, 31.757762,1.039904,1.995027,-0.145198,0.686189, 0.999864, 1.497748, 0.832237, 39.397628,1.039904,1.995027,-0.145198,0.686189, 0.999864, 1.497748, 0.832237, 39.397628,1.039897,2.142667,-0.056709,0.666216, 0.999863, 1.548700, 0.832241, 38.354418,1.039897,1.742617,-0.054629,0.568268, 0.999865, 1.434112, 0.674984, 32.742370,1.039897,1.737089,-0.054601,0.566818, 0.999865, 1.432718, 0.672812, 32.659315
  0.4550,1.039800,2.073745,0.629228,0.478767, 0.999854, 1.968236, 0.832398, 32.104677,1.039800,2.073745,0.629228,0.478767, 0.999854, 1.968236, 0.832398, 32.104677,1.039800,2.046018,0.629335,0.472711, 0.999854, 1.961491, 0.821139, 31.757667,1.039905,1.995065,-0.145220,0.685931, 0.999862, 1.497782, 0.832263, 39.398346,1.039905,1.995065,-0.145220,0.685931, 0.999862, 1.497782, 0.832263, 39.398346,1.039898,2.142704,-0.056732,0.665957, 0.999862, 1.548736, 0.832268, 38.355077,1.039898,1.742657,-0.054651,0.568011, 0.999863, 1.434148, 0.675011, 32.743194,1.039898,1.737129,-0.054623,0.566562, 0.999863, 1.432754, 0.672838, 32.660144
  0.4600,1.039801,2.073741,0.629223,0.478490, 0.999852, 1.968280, 0.832426, 32.104587,1.039801,2.073741,0.629223,0.478490, 0.999852, 1.968280, 0.832426, 32.104587,1.039801,2.046014,0.629330,0.472434, 0.999852, 1.961536, 0.821168, 31.757573,1.039906,1.995102,-0.145242,0.685670, 0.999861, 1.497812, 0.832290, 39.399059,1.039906,1.995102,-0.145242,0.685670, 0.999861, 1.497812, 0.832290, 39.399059,1.039898,2.142740,-0.056755,0.665695, 0.999860, 1.548769, 0.832295, 38.355730,1.039898,1.742694,-0.054675,0.567752, 0.999862, 1.434181, 0.675037, 32.743990,1.039898,1.737167,-0.054647,0.566303, 0.999862, 1.432787, 0.672864, 32.660945
  0.4650,1.039803,2.073738,0.629219,0.478211, 0.999851, 1.968319, 0.832455, 32.104498,1.039803,2.073738,0.629219,0.478211, 0.999851, 1.968319, 0.832455, 32.104498,1.039803,2.046010,0.629325,0.472154, 0.999851, 1.961575, 0.821196, 31.757480,1.039906,1.995138,-0.145264,0.685407, 0.999860, 1.497839, 0.832317, 39.399764,1.039906,1.995138,-0.145264,0.685407, 0.999860, 1.497839, 0.832317, 39.399764,1.039899,2.142776,-0.056778,0.665431, 0.999859, 1.548798, 0.832322, 38.356374,1.039899,1.742729,-0.054699,0.567490, 0.999860, 1.434210, 0.675064, 32.744760,1.039899,1.737202,-0.054671,0.566040, 0.999860, 1.432816, 0.672891, 32.661718
  0.4700,1.039804,2.073736,0.629215,0.477929, 0.999850, 1.968353, 0.832483, 32.104411,1.039804,2.073736,0.629215,0.477929, 0.999850, 1.968353, 0.832483, 32.104411,1.039804,2.046006,0.629320,0.471873, 0.999850, 1.961609, 0.821225, 31.757387,1.039907,1.995174,-0.145286,0.685141, 0.999858, 1.497863, 0.832344, 39.400463,1.039907,1.995174,-0.145286,0.685141, 0.999858, 1.497863, 0.832344, 39.400463,1.039900,2.142810,-0.056801,0.665164, 0.999858, 1.548825, 0.832349, 38.357011,1.039900,1.742761,-0.054725,0.567224, 0.999858, 1.434236, 0.675091, 32.745501,1.039900,1.737234,-0.054697,0.565775, 0.999858, 1.432843, 0.672918, 32.662462
  0.4750,1.039806,2.073734,0.629210,0.477645, 0.999849, 1.968382, 0.832512, 32.104327,1.039806,2.073734,0.629210,0.477645, 0.999849, 1.968382, 0.832512, 32.104327,1.039806,2.046003,0.629315,0.471588, 0.999849, 1.961638, 0.821254, 31.757295,1.039908,1.995209,-0.145309,0.684872, 0.999857, 1.497885, 0.832371, 39.401154,1.039908,1.995209,-0.145309,0.684872, 0.999857, 1.497885, 0.832371, 39.401154,1.039900,2.142844,-0.056824,0.664894, 0.999856, 1.548848, 0.832376, 38.357640,1.039900,1.742791,-0.054752,0.566956, 0.999857, 1.434260, 0.675118, 32.746213,1.039900,1.737264,-0.054724,0.565507, 0.999857, 1.432866, 0.672946, 32.663178
  0.4800,1.039807,2.073732,0.629206,0.477359, 0.999847, 1.968407, 0.832541, 32.104244,1.039807,2.073732,0.629206,0.477359, 0.999847, 1.968407, 0.832541, 32.104244,1.039807,2.045999,0.629310,0.471302, 0.999847, 1.961662, 0.821282, 31.757203,1.039908,1.995243,-0.145331,0.684601, 0.999855, 1.497903, 0.832398, 39.401838,1.039908,1.995243,-0.145331,0.684601, 0.999855, 1.497903, 0.832398, 39.401838,1.039901,2.142878,-0.056848,0.664621, 0.999855, 1.548869, 0.832404, 38.358260,1.039901,1.742817,-0.054780,0.566684, 0.999855, 1.434281, 0.675146, 32.746898,1.039901,1.737290,-0.054752,0.565235, 0.999855, 1.432887, 0.672973, 32.663865
  0.4850,1.039809,2.073730,0.629202,0.477070, 0.999846, 1.968427, 0.832569, 32.104164,1.039809,2.073730,0.629202,0.477070, 0.999846, 1.968427, 0.832569, 32.104164,1.039809,2.045996,0.629305,0.471013, 0.999846, 1.961682, 0.821311, 31.757112,1.039909,1.995277,-0.145354,0.684327, 0.999854, 1.497920, 0.832425, 39.402514,1.039909,1.995277,-0.145354,0.684327, 0.999854, 1.497920, 0.832425, 39.402514,1.039902,2.142910,-0.056872,0.664346, 0.999853, 1.548888, 0.832431, 38.358871,1.039902,1.742841,-0.054810,0.566410, 0.999854, 1.434299, 0.675173, 32.747553,1.039902,1.737314,-0.054781,0.564961, 0.999854, 1.432906, 0.673001, 32.664524
  0.4900,1.039810,2.073729,0.629198,0.476779, 0.999845, 1.968443, 0.832598, 32.104086,1.039810,2.073729,0.629198,0.476779, 0.999845, 1.968443, 0.832598, 32.104086,1.039810,2.045993,0.629300,0.470722, 0.999845, 1.961698, 0.821340, 31.757022,1.039910,1.995309,-0.145377,0.684051, 0.999853, 1.497935, 0.832453, 39.403181,1.039910,1.995309,-0.145377,0.684051, 0.999853, 1.497935, 0.832453, 39.403181,1.039902,2.142941,-0.056895,0.664069, 0.999852, 1.548905, 0.832459, 38.359473,1.039902,1.742862,-0.054840,0.566133, 0.999852, 1.434316, 0.675201, 32.748180,1.039902,1.737335,-0.054812,0.564684, 0.999852, 1.432923, 0.673029, 32.665153
  0.4950,1.039812,2.073728,0.629194,0.476486, 0.999844, 1.968454, 0.832627, 32.104010,1.039812,2.073728,0.629194,0.476486, 0.999844, 1.968454, 0.832627, 32.104010,1.039812,2.045990,0.629295,0.470428, 0.999844, 1.961710, 0.821369, 31.756933,1.039910,1.995341,-0.145400,0.683772, 0.999851, 1.497948, 0.832481, 39.403840,1.039910,1.995341,-0.145400,0.683772, 0.999851, 1.497948, 0.832481, 39.403840,1.039903,2.142971,-0.056920,0.663788, 0.999851, 1.548920, 0.832487, 38.360066,1.039903,1.742880,-0.054872,0.565853, 0.999851, 1.434331, 0.675229, 32.748777,1.039903,1.737354,-0.054844,0.564404, 0.999851, 1.432938, 0.673057, 32.665752
  0.5000,1.039813,2.073727,0.629189,0.476190, 0.999843, 1.968462, 0.832656, 32.103936,1.039813,2.073727,0.629189,0.476190, 0.999843, 1.968462, 0.832656, 32.103936,1.039813,2.045987,0.629290,0.470132, 0.999842, 1.961718, 0.821398, 31.756845,1.039911,1.995371,-0.145423,0.683490, 0.999850, 1.497960, 0.832509, 39.404490,1.039911,1.995371,-0.145423,0.683490, 0.999850, 1.497960, 0.832509, 39.404490,1.039904,2.143000,-0.056944,0.663505, 0.999849, 1.548934, 0.832515, 38.360649,1.039904,1.742896,-0.054905,0.565570, 0.999849, 1.434345, 0.675258, 32.749345,1.039904,1.737369,-0.054877,0.564121, 0.999849, 1.432951, 0.673085, 32.666323
  0.5050,1.039815,2.073726,0.629185,0.475892, 0.999841, 1.968467, 0.832686, 32.103865,1.039815,2.073726,0.629185,0.475892, 0.999841, 1.968467, 0.832686, 32.103865,1.039815,2.045985,0.629284,0.469834, 0.999841, 1.961722, 0.821428, 31.756758,1.039912,1.995401,-0.145446,0.683206, 0.999849, 1.497970, 0.832537, 39.405130,1.039912,1.995401,-0.145446,0.683206, 0.999849, 1.497970, 0.832537, 39.405130,1.039904,2.143029,-0.056968,0.663220, 0.999848, 1.548946, 0.832543, 38.361223,1.039904,1.742908,-0.054939,0.565284, 0.999847, 1.434357, 0.675286, 32.749884,1.039904,1.737382,-0.054911,0.563835, 0.999848, 1.432964, 0.673113, 32.666863
  0.5100,1.039817,2.073726,0.629181,0.475592, 0.999840, 1.968468, 0.832715, 32.103796,1.039817,2.073726,0.629181,0.475592, 0.999840, 1.968468, 0.832715, 32.103796,1.039817,2.045982,0.629279,0.469533, 0.999840, 1.961724, 0.821457, 31.756672,1.039912,1.995430,-0.145470,0.682919, 0.999847, 1.497980, 0.832565, 39.405760,1.039912,1.995430,-0.145470,0.682919, 0.999847, 1.497980, 0.832565, 39.405760,1.039905,2.143056,-0.056993,0.662932, 0.999847, 1.548957, 0.832571, 38.361786,1.039905,1.742918,-0.054974,0.564995, 0.999846, 1.434369, 0.675315, 32.750394,1.039905,1.737391,-0.054946,0.563546, 0.999846, 1.432975, 0.673142, 32.667374
  0.5150,1.039819,2.073726,0.629177,0.475289, 0.999839, 1.968466, 0.832744, 32.103729,1.039819,2.073726,0.629177,0.475289, 0.999839, 1.968466, 0.832744, 32.103729,1.039819,2.045980,0.629274,0.469231, 0.999839, 1.961722, 0.821486, 31.756587,1.039913,1.995458,-0.145493,0.682630, 0.999846, 1.497989, 0.832593, 39.406381,1.039913,1.995458,-0.145493,0.682630, 0.999846, 1.497989, 0.832593, 39.406381,1.039906,2.143082,-0.057018,0.662641, 0.999845, 1.548968, 0.832599, 38.362338,1.039906,1.742925,-0.055011,0.564703, 0.999844, 1.434379, 0.675343, 32.750874,1.039906,1.737399,-0.054983,0.563254, 0.999844, 1.432986, 0.673171, 32.667856
  0.5200,1.039820,2.073727,0.629173,0.474985, 0.999838, 1.968461, 0.832774, 32.103665,1.039820,2.073727,0.629173,0.474985, 0.999838, 1.968461, 0.832774, 32.103665,1.039820,2.045978,0.629269,0.468926, 0.999838, 1.961717, 0.821516, 31.756503,1.039914,1.995484,-0.145517,0.682338, 0.999845, 1.497997, 0.832621, 39.406992,1.039914,1.995484,-0.145517,0.682338, 0.999845, 1.497997, 0.832621, 39.406992,1.039906,2.143106,-0.057043,0.662348, 0.999844, 1.548978, 0.832628, 38.362880,1.039906,1.742929,-0.055048,0.564408, 0.999843, 1.434389, 0.675372, 32.751325,1.039906,1.737403,-0.055020,0.562959, 0.999843, 1.432996, 0.673200, 32.668307
  0.5250,1.039822,2.073727,0.629169,0.474678, 0.999837, 1.968454, 0.832803, 32.103603,1.039822,2.073727,0.629169,0.474678, 0.999837, 1.968454, 0.832803, 32.103603,1.039822,2.045975,0.629263,0.468619, 0.999836, 1.961709, 0.821545, 31.756421,1.039914,1.995510,-0.145541,0.682044, 0.999843, 1.498005, 0.832650, 39.407592,1.039914,1.995510,-0.145541,0.682044, 0.999843, 1.498005, 0.832650, 39.407592,1.039907,2.143130,-0.057068,0.662053, 0.999843, 1.548987, 0.832656, 38.363411,1.039907,1.742931,-0.055086,0.564111, 0.999841, 1.434399, 0.675402, 32.751747,1.039907,1.737404,-0.055058,0.562662, 0.999841, 1.433005, 0.673229, 32.668730
  0.5300,1.039824,2.073728,0.629165,0.474369, 0.999835, 1.968443, 0.832833, 32.103543,1.039824,2.073728,0.629165,0.474369, 0.999835, 1.968443, 0.832833, 32.103543,1.039824,2.045973,0.629258,0.468309, 0.999835, 1.961699, 0.821575, 31.756339,1.039915,1.995535,-0.145565,0.681747, 0.999842, 1.498012, 0.832678, 39.408181,1.039915,1.995535,-0.145565,0.681747, 0.999842, 1.498012, 0.832678, 39.408181,1.039908,2.143153,-0.057093,0.661755, 0.999841, 1.548996, 0.832685, 38.363930,1.039908,1.742930,-0.055126,0.563811, 0.999840, 1.434408, 0.675431, 32.752140,1.039908,1.737403,-0.055098,0.562362, 0.999840, 1.433014, 0.673258, 32.669122
  0.5350,1.039826,2.073729,0.629160,0.474058, 0.999834, 1.968431, 0.832862, 32.103486,1.039826,2.073729,0.629160,0.474058, 0.999834, 1.968431, 0.832862, 32.103486,1.039826,2.045971,0.629252,0.467998, 0.999834, 1.961686, 0.821605, 31.756259,1.039915,1.995558,-0.145590,0.681447, 0.999841, 1.498020, 0.832707, 39.408759,1.039915,1.995558,-0.145590,0.681447, 0.999841, 1.498020, 0.832707, 39.408759,1.039908,2.143174,-0.057119,0.661454, 0.999840, 1.549005, 0.832714, 38.364439,1.039908,1.742926,-0.055166,0.563507, 0.999838, 1.434417, 0.675460, 32.752503,1.039908,1.737399,-0.055138,0.562058, 0.999838, 1.433023, 0.673288, 32.669486
  0.5400,1.039828,2.073730,0.629156,0.473745, 0.999833, 1.968416, 0.832892, 32.103432,1.039828,2.073730,0.629156,0.473745, 0.999833, 1.968416, 0.832892, 32.103432,1.039828,2.045970,0.629247,0.467684, 0.999833, 1.961671, 0.821634, 31.756181,1.039916,1.995581,-0.145614,0.681145, 0.999839, 1.498027, 0.832736, 39.409326,1.039916,1.995581,-0.145614,0.681145, 0.999839, 1.498027, 0.832736, 39.409326,1.039909,2.143194,-0.057145,0.661151, 0.999839, 1.549014, 0.832743, 38.364936,1.039909,1.742920,-0.055207,0.563201, 0.999837, 1.434425, 0.675490, 32.752838,1.039909,1.737393,-0.055180,0.561752, 0.999837, 1.433032, 0.673317, 32.669820
  0.5450,1.039830,2.073731,0.629152,0.473429, 0.999832, 1.968398, 0.832921, 32.103380,1.039830,2.073731,0.629152,0.473429, 0.999832, 1.968398, 0.832921, 32.103380,1.039830,2.045968,0.629242,0.467368, 0.999832, 1.961654, 0.821664, 31.756104,1.039916,1.995602,-0.145639,0.680841, 0.999838, 1.498035, 0.832764, 39.409882,1.039916,1.995602,-0.145639,0.680841, 0.999838, 1.498035, 0.832764, 39.409882,1.039909,2.143213,-0.057171,0.660845, 0.999837, 1.549023, 0.832772, 38.365421,1.039909,1.742911,-0.055249,0.562893, 0.999835, 1.434434, 0.675520, 32.753143,1.039909,1.737383,-0.055222,0.561444, 0.999835, 1.433041, 0.673347, 32.670125
  0.5500,1.039831,2.073733,0.629148,0.473111, 0.999831, 1.968379, 0.832951, 32.103331,1.039831,2.073733,0.629148,0.473111, 0.999831, 1.968379, 0.832951, 32.103331,1.039831,2.045966,0.629236,0.467050, 0.999831, 1.961634, 0.821694, 31.756029,1.039917,1.995622,-0.145664,0.680534, 0.999837, 1.498043, 0.832793, 39.410426,1.039917,1.995622,-0.145664,0.680534, 0.999837, 1.498043, 0.832793, 39.410426,1.039910,2.143231,-0.057197,0.660537, 0.999836, 1.549032, 0.832801, 38.365894,1.039910,1.742899,-0.055292,0.562581, 0.999834, 1.434444, 0.675550, 32.753420,1.039910,1.737372,-0.055265,0.561132, 0.999834, 1.433050, 0.673377, 32.670401
  0.5550,1.039833,2.073735,0.629144,0.472792, 0.999830, 1.968358, 0.832981, 32.103284,1.039833,2.073735,0.629144,0.472792, 0.999830, 1.968358, 0.832981, 32.103284,1.039833,2.045965,0.629230,0.466730, 0.999830, 1.961613, 0.821723, 31.755955,1.039917,1.995641,-0.145689,0.680225, 0.999835, 1.498051, 0.832823, 39.410958,1.039917,1.995641,-0.145689,0.680225, 0.999835, 1.498051, 0.832823, 39.410958,1.039910,2.143247,-0.057223,0.660227, 0.999835, 1.549042, 0.832830, 38.366356,1.039910,1.742885,-0.055336,0.562267, 0.999833, 1.434453, 0.675580, 32.753669,1.039910,1.737357,-0.055309,0.560818, 0.999833, 1.433060, 0.673407, 32.670648
  0.5600,1.039835,2.073737,0.629140,0.472470, 0.999829, 1.968335, 0.833010, 32.103240,1.039835,2.073737,0.629140,0.472470, 0.999829, 1.968335, 0.833010, 32.103240,1.039835,2.045964,0.629225,0.466408, 0.999828, 1.961590, 0.821753, 31.755883,1.039918,1.995659,-0.145714,0.679913, 0.999834, 1.498060, 0.832852, 39.411478,1.039918,1.995659,-0.145714,0.679913, 0.999834, 1.498060, 0.832852, 39.411478,1.039911,2.143262,-0.057249,0.659914, 0.999833, 1.549052, 0.832860, 38.366805,1.039911,1.742868,-0.055381,0.561950, 0.999831, 1.434463, 0.675610, 32.753889,1.039911,1.737340,-0.055354,0.560501, 0.999831, 1.433070, 0.673438, 32.670867
  0.5650,1.039837,2.073739,0.629135,0.472146, 0.999828, 1.968310, 0.833040, 32.103199,1.039837,2.073739,0.629135,0.472146, 0.999828, 1.968310, 0.833040, 32.103199,1.039837,2.045963,0.629219,0.466083, 0.999827, 1.961566, 0.821783, 31.755813,1.039918,1.995675,-0.145739,0.679599, 0.999833, 1.498070, 0.832881, 39.411987,1.039918,1.995675,-0.145739,0.679599, 0.999833, 1.498070, 0.832881, 39.411987,1.039911,2.143276,-0.057276,0.659598, 0.999832, 1.549062, 0.832889, 38.367242,1.039911,1.742849,-0.055426,0.561630, 0.999830, 1.434474, 0.675641, 32.754081,1.039911,1.737321,-0.055400,0.560181, 0.999830, 1.433080, 0.673468, 32.671058
  0.5700,1.039839,2.073741,0.629131,0.471820, 0.999827, 1.968284, 0.833070, 32.103160,1.039839,2.073741,0.629131,0.471820, 0.999827, 1.968284, 0.833070, 32.103160,1.039839,2.045961,0.629213,0.465757, 0.999826, 1.961539, 0.821813, 31.755745,1.039918,1.995691,-0.145765,0.679283, 0.999831, 1.498080, 0.832910, 39.412482,1.039918,1.995691,-0.145765,0.679283, 0.999831, 1.498080, 0.832910, 39.412482,1.039911,2.143289,-0.057303,0.659281, 0.999831, 1.549074, 0.832918, 38.367667,1.039911,1.742828,-0.055473,0.561308, 0.999828, 1.434485, 0.675671, 32.754246,1.039911,1.737299,-0.055446,0.559859, 0.999828, 1.433091, 0.673499, 32.671220
  0.5750,1.039841,2.073744,0.629127,0.471492, 0.999825, 1.968256, 0.833100, 32.103125,1.039841,2.073744,0.629127,0.471492, 0.999825, 1.968256, 0.833100, 32.103125,1.039841,2.045961,0.629207,0.465428, 0.999825, 1.961512, 0.821843, 31.755679,1.039918,1.995705,-0.145790,0.678964, 0.999830, 1.498091, 0.832940, 39.412966,1.039918,1.995705,-0.145790,0.678964, 0.999830, 1.498091, 0.832940, 39.412966,1.039912,2.143300,-0.057329,0.658960, 0.999829, 1.549086, 0.832948, 38.368079,1.039912,1.742804,-0.055520,0.560983, 0.999827, 1.434497, 0.675702, 32.754383,1.039912,1.737275,-0.055493,0.559534, 0.999827, 1.433103, 0.673529, 32.671356
  0.5800,1.039843,2.073747,0.629123,0.471162, 0.999824, 1.968227, 0.833130, 32.103092,1.039843,2.073747,0.629123,0.471162, 0.999824, 1.968227, 0.833130, 32.103092,1.039843,2.045960,0.629202,0.465098, 0.999824, 1.961483, 0.821873, 31.755615,1.039919,1.995718,-0.145816,0.678642, 0.999829, 1.498103, 0.832969, 39.413436,1.039919,1.995718,-0.145816,0.678642, 0.999829, 1.498103, 0.832969, 39.413436,1.039912,2.143311,-0.057356,0.658638, 0.999828, 1.549098, 0.832978, 38.368478,1.039912,1.742778,-0.055567,0.560655, 0.999825, 1.434510, 0.675733, 32.754494,1.039912,1.737249,-0.055541,0.559206, 0.999825, 1.433116, 0.673560, 32.671463
  0.5850,1.039845,2.073750,0.629118,0.470830, 0.999823, 1.968197, 0.833159, 32.103062,1.039845,2.073750,0.629118,0.470830, 0.999823, 1.968197, 0.833159, 32.103062,1.039845,2.045959,0.629196,0.464765, 0.999823, 1.961452, 0.821903, 31.755553,1.039919,1.995730,-0.145842,0.678319, 0.999828, 1.498116, 0.832999, 39.413894,1.039919,1.995730,-0.145842,0.678319, 0.999828, 1.498116, 0.832999, 39.413894,1.039912,2.143320,-0.057383,0.658313, 0.999827, 1.549112, 0.833007, 38.368865,1.039912,1.742749,-0.055615,0.560325, 0.999824, 1.434524, 0.675764, 32.754577,1.039912,1.737220,-0.055590,0.558876, 0.999824, 1.433130, 0.673591, 32.671545
  0.5900,1.039847,2.073753,0.629114,0.470496, 0.999822, 1.968166, 0.833189, 32.103035,1.039847,2.073753,0.629114,0.470496, 0.999822, 1.968166, 0.833189, 32.103035,1.039847,2.045959,0.629190,0.464430, 0.999822, 1.961421, 0.821933, 31.755494,1.039919,1.995740,-0.145868,0.677993, 0.999826, 1.498130, 0.833028, 39.414339,1.039919,1.995740,-0.145868,0.677993, 0.999826, 1.498130, 0.833028, 39.414339,1.039912,2.143327,-0.057410,0.657985, 0.999826, 1.549127, 0.833037, 38.369240,1.039912,1.742718,-0.055664,0.559992, 0.999823, 1.434538, 0.675795, 32.754635,1.039912,1.737189,-0.055639,0.558543, 0.999823, 1.433145, 0.673622, 32.671599
  0.5950,1.039848,2.073757,0.629110,0.470160, 0.999821, 1.968133, 0.833219, 32.103011,1.039848,2.073757,0.629110,0.470160, 0.999821, 1.968133, 0.833219, 32.103011,1.039848,2.045958,0.629184,0.464094, 0.999821, 1.961388, 0.821963, 31.755437,1.039919,1.995750,-0.145894,0.677664, 0.999825, 1.498145, 0.833058, 39.414772,1.039919,1.995750,-0.145894,0.677664, 0.999825, 1.498145, 0.833058, 39.414772,1.039913,2.143334,-0.057438,0.657656, 0.999824, 1.549142, 0.833067, 38.369601,1.039913,1.742686,-0.055714,0.559657, 0.999821, 1.434554, 0.675826, 32.754667,1.039913,1.737156,-0.055688,0.558207, 0.999821, 1.433160, 0.673653, 32.671628
  0.6000,1.039850,2.073760,0.629105,0.469822, 0.999820, 1.968099, 0.833249, 32.102990,1.039850,2.073760,0.629105,0.469822, 0.999820, 1.968099, 0.833249, 32.102990,1.039850,2.045958,0.629178,0.463755, 0.999820, 1.961355, 0.821992, 31.755382,1.039919,1.995758,-0.145921,0.677333, 0.999824, 1.498161, 0.833088, 39.415191,1.039919,1.995758,-0.145921,0.677333, 0.999824, 1.498161, 0.833088, 39.415191,1.039913,2.143339,-0.057465,0.657324, 0.999823, 1.549159, 0.833097, 38.369950,1.039913,1.742651,-0.055764,0.559319, 0.999820, 1.434571, 0.675857, 32.754673,1.039913,1.737121,-0.055738,0.557869, 0.999820, 1.433177, 0.673684, 32.671630
  0.6050,1.039852,2.073764,0.629101,0.469482, 0.999819, 1.968065, 0.833279, 32.102972,1.039852,2.073764,0.629101,0.469482, 0.999819, 1.968065, 0.833279, 32.102972,1.039852,2.045958,0.629172,0.463415, 0.999819, 1.961320, 0.822022, 31.755330,1.039920,1.995765,-0.145947,0.677000, 0.999823, 1.498179, 0.833117, 39.415597,1.039920,1.995765,-0.145947,0.677000, 0.999823, 1.498179, 0.833117, 39.415597,1.039913,2.143343,-0.057493,0.656989, 0.999822, 1.549177, 0.833127, 38.370286,1.039913,1.742614,-0.055814,0.558978, 0.999819, 1.434588, 0.675888, 32.754655,1.039913,1.737083,-0.055789,0.557529, 0.999819, 1.433195, 0.673716, 32.671608
  0.6100,1.039854,2.073768,0.629096,0.469140, 0.999818, 1.968029, 0.833308, 32.102957,1.039854,2.073768,0.629096,0.469140, 0.999818, 1.968029, 0.833308, 32.102957,1.039854,2.045958,0.629166,0.463072, 0.999818, 1.961285, 0.822052, 31.755280,1.039920,1.995771,-0.145974,0.676665, 0.999821, 1.498197, 0.833147, 39.415990,1.039920,1.995771,-0.145974,0.676665, 0.999821, 1.498197, 0.833147, 39.415990,1.039913,2.143346,-0.057520,0.656653, 0.999821, 1.549196, 0.833157, 38.370609,1.039913,1.742575,-0.055865,0.558635, 0.999817, 1.434607, 0.675920, 32.754611,1.039913,1.737044,-0.055840,0.557186, 0.999817, 1.433214, 0.673747, 32.671561
  0.6150,1.039856,2.073772,0.629092,0.468797, 0.999817, 1.967993, 0.833338, 32.102945,1.039856,2.073772,0.629092,0.468797, 0.999817, 1.967993, 0.833338, 32.102945,1.039856,2.045958,0.629160,0.462728, 0.999817, 1.961249, 0.822082, 31.755233,1.039920,1.995776,-0.146000,0.676327, 0.999820, 1.498217, 0.833177, 39.416371,1.039920,1.995776,-0.146000,0.676327, 0.999820, 1.498217, 0.833177, 39.416371,1.039913,2.143348,-0.057548,0.656314, 0.999820, 1.549216, 0.833187, 38.370920,1.039913,1.742534,-0.055916,0.558289, 0.999816, 1.434627, 0.675951, 32.754544,1.039913,1.737003,-0.055892,0.556840, 0.999816, 1.433234, 0.673779, 32.671490
  0.6200,1.039858,2.073777,0.629087,0.468451, 0.999816, 1.967956, 0.833368, 32.102937,1.039858,2.073777,0.629087,0.468451, 0.999816, 1.967956, 0.833368, 32.102937,1.039858,2.045959,0.629154,0.462381, 0.999816, 1.961212, 0.822112, 31.755189,1.039920,1.995779,-0.146027,0.675987, 0.999819, 1.498238, 0.833207, 39.416737,1.039920,1.995779,-0.146027,0.675987, 0.999819, 1.498238, 0.833207, 39.416737,1.039913,2.143349,-0.057575,0.655973, 0.999818, 1.549237, 0.833217, 38.371218,1.039913,1.742492,-0.055968,0.557941, 0.999815, 1.434649, 0.675983, 32.754454,1.039913,1.736960,-0.055944,0.556492, 0.999815, 1.433255, 0.673810, 32.671395
  0.6250,1.039860,2.073782,0.629083,0.468103, 0.999815, 1.967919, 0.833398, 32.102931,1.039860,2.073782,0.629083,0.468103, 0.999815, 1.967919, 0.833398, 32.102931,1.039860,2.045960,0.629148,0.462033, 0.999815, 1.961174, 0.822142, 31.755148,1.039920,1.995781,-0.146054,0.675645, 0.999818, 1.498260, 0.833237, 39.417091,1.039920,1.995781,-0.146054,0.675645, 0.999818, 1.498260, 0.833237, 39.417091,1.039913,2.143348,-0.057603,0.655629, 0.999817, 1.549259, 0.833247, 38.371503,1.039913,1.742447,-0.056020,0.557591, 0.999813, 1.434671, 0.676014, 32.754341,1.039913,1.736915,-0.055996,0.556141, 0.999813, 1.433277, 0.673842, 32.671277
  0.6300,1.039861,2.073786,0.629078,0.467754, 0.999814, 1.967881, 0.833427, 32.102929,1.039861,2.073786,0.629078,0.467754, 0.999814, 1.967881, 0.833427, 32.102929,1.039861,2.045960,0.629142,0.461683, 0.999814, 1.961136, 0.822172, 31.755109,1.039920,1.995783,-0.146081,0.675300, 0.999817, 1.498284, 0.833267, 39.417432,1.039920,1.995783,-0.146081,0.675300, 0.999817, 1.498284, 0.833267, 39.417432,1.039913,2.143346,-0.057631,0.655283, 0.999816, 1.549283, 0.833277, 38.371775,1.039913,1.742401,-0.056072,0.557238, 0.999812, 1.434695, 0.676046, 32.754205,1.039913,1.736869,-0.056049,0.555788, 0.999812, 1.433301, 0.673874, 32.671137
  0.6350,1.039863,2.073791,0.629074,0.467402, 0.999813, 1.967842, 0.833457, 32.102930,1.039863,2.073791,0.629074,0.467402, 0.999813, 1.967842, 0.833457, 32.102930,1.039863,2.045961,0.629136,0.461331, 0.999813, 1.961097, 0.822202, 31.755074,1.039919,1.995783,-0.146107,0.674953, 0.999815, 1.498309, 0.833297, 39.417759,1.039919,1.995783,-0.146107,0.674953, 0.999815, 1.498309, 0.833297, 39.417759,1.039913,2.143343,-0.057659,0.654935, 0.999815, 1.549308, 0.833307, 38.372034,1.039913,1.742354,-0.056124,0.556883, 0.999811, 1.434720, 0.676078, 32.754048,1.039913,1.736820,-0.056101,0.555433, 0.999811, 1.433326, 0.673905, 32.670975
  0.6400,1.039865,2.073797,0.629069,0.467049, 0.999812, 1.967803, 0.833487, 32.102935,1.039865,2.073797,0.629069,0.467049, 0.999812, 1.967803, 0.833487, 32.102935,1.039865,2.045963,0.629130,0.460977, 0.999812, 1.961058, 0.822232, 31.755042,1.039919,1.995782,-0.146134,0.674605, 0.999814, 1.498335, 0.833328, 39.418074,1.039919,1.995782,-0.146134,0.674605, 0.999814, 1.498335, 0.833328, 39.418074,1.039913,2.143339,-0.057686,0.654585, 0.999814, 1.549334, 0.833338, 38.372281,1.039913,1.742304,-0.056177,0.556525, 0.999810, 1.434746, 0.676110, 32.753869,1.039913,1.736771,-0.056154,0.555075, 0.999810, 1.433352, 0.673937, 32.670791
  0.6450,1.039867,2.073802,0.629065,0.466694, 0.999811, 1.967763, 0.833517, 32.102942,1.039867,2.073802,0.629065,0.466694, 0.999811, 1.967763, 0.833517, 32.102942,1.039867,2.045964,0.629124,0.460621, 0.999811, 1.961018, 0.822261, 31.755012,1.039919,1.995780,-0.146162,0.674253, 0.999813, 1.498362, 0.833358, 39.418375,1.039919,1.995780,-0.146162,0.674253, 0.999813, 1.498362, 0.833358, 39.418375,1.039913,2.143334,-0.057714,0.654233, 0.999813, 1.549362, 0.833368, 38.372516,1.039913,1.742254,-0.056230,0.556166, 0.999808, 1.434773, 0.676142, 32.753670,1.039913,1.736720,-0.056208,0.554715, 0.999808, 1.433379, 0.673969, 32.670586
  0.6500,1.039869,2.073808,0.629060,0.466337, 0.999810, 1.967723, 0.833546, 32.102953,1.039869,2.073808,0.629060,0.466337, 0.999810, 1.967723, 0.833546, 32.102953,1.039869,2.045966,0.629117,0.460264, 0.999810, 1.960978, 0.822291, 31.754987,1.039919,1.995776,-0.146189,0.673900, 0.999812, 1.498391, 0.833388, 39.418663,1.039919,1.995776,-0.146189,0.673900, 0.999812, 1.498391, 0.833388, 39.418663,1.039913,2.143328,-0.057742,0.653878, 0.999811, 1.549390, 0.833398, 38.372738,1.039913,1.742202,-0.056283,0.555803, 0.999807, 1.434802, 0.676174, 32.753451,1.039913,1.736667,-0.056261,0.554353, 0.999807, 1.433408, 0.674001, 32.670361
  0.6550,1.039870,2.073814,0.629056,0.465978, 0.999809, 1.967682, 0.833576, 32.102968,1.039870,2.073814,0.629056,0.465978, 0.999809, 1.967682, 0.833576, 32.102968,1.039870,2.045968,0.629111,0.459904, 0.999809, 1.960937, 0.822321, 31.754964,1.039919,1.995772,-0.146216,0.673544, 0.999811, 1.498421, 0.833418, 39.418938,1.039919,1.995772,-0.146216,0.673544, 0.999811, 1.498421, 0.833418, 39.418938,1.039913,2.143321,-0.057770,0.653522, 0.999810, 1.549420, 0.833429, 38.372947,1.039913,1.742148,-0.056336,0.555439, 0.999806, 1.434832, 0.676206, 32.753212,1.039913,1.736613,-0.056314,0.553989, 0.999806, 1.433438, 0.674033, 32.670117
  0.6600,1.039872,2.073820,0.629051,0.465618, 0.999808, 1.967641, 0.833605, 32.102986,1.039872,2.073820,0.629051,0.465618, 0.999808, 1.967641, 0.833605, 32.102986,1.039872,2.045970,0.629105,0.459543, 0.999808, 1.960897, 0.822350, 31.754945,1.039919,1.995767,-0.146243,0.673187, 0.999810, 1.498453, 0.833448, 39.419201,1.039919,1.995767,-0.146243,0.673187, 0.999810, 1.498453, 0.833448, 39.419201,1.039912,2.143312,-0.057797,0.653163, 0.999809, 1.549451, 0.833459, 38.373145,1.039912,1.742093,-0.056389,0.555072, 0.999805, 1.434863, 0.676238, 32.752955,1.039912,1.736558,-0.056368,0.553622, 0.999805, 1.433469, 0.674065, 32.669854
  0.6650,1.039874,2.073826,0.629047,0.465255, 0.999807, 1.967600, 0.833635, 32.103007,1.039874,2.073826,0.629047,0.465255, 0.999807, 1.967600, 0.833635, 32.103007,1.039874,2.045972,0.629099,0.459180, 0.999807, 1.960856, 0.822380, 31.754929,1.039918,1.995760,-0.146270,0.672827, 0.999809, 1.498485, 0.833479, 39.419450,1.039918,1.995760,-0.146270,0.672827, 0.999809, 1.498485, 0.833479, 39.419450,1.039912,2.143303,-0.057825,0.652802, 0.999808, 1.549484, 0.833489, 38.373330,1.039912,1.742038,-0.056442,0.554703, 0.999804, 1.434895, 0.676270, 32.752680,1.039912,1.736502,-0.056421,0.553253, 0.999804, 1.433501, 0.674098, 32.669573
  0.6700,1.039876,2.073833,0.629042,0.464891, 0.999806, 1.967559, 0.833664, 32.103031,1.039876,2.073833,0.629042,0.464891, 0.999806, 1.967559, 0.833664, 32.103031,1.039876,2.045975,0.629093,0.458816, 0.999806, 1.960814, 0.822410, 31.754917,1.039918,1.995753,-0.146297,0.672465, 0.999807, 1.498519, 0.833509, 39.419687,1.039918,1.995753,-0.146297,0.672465, 0.999807, 1.498519, 0.833509, 39.419687,1.039912,2.143293,-0.057853,0.652439, 0.999807, 1.549517, 0.833520, 38.373503,1.039912,1.741981,-0.056495,0.554332, 0.999803, 1.434929, 0.676302, 32.752387,1.039912,1.736444,-0.056474,0.552881, 0.999802, 1.433535, 0.674130, 32.669274
  0.6750,1.039877,2.073840,0.629037,0.464526, 0.999805, 1.967517, 0.833694, 32.103060,1.039877,2.073840,0.629037,0.464526, 0.999805, 1.967517, 0.833694, 32.103060,1.039877,2.045978,0.629087,0.458449, 0.999805, 1.960773, 0.822439, 31.754908,1.039918,1.995745,-0.146324,0.672101, 0.999806, 1.498555, 0.833539, 39.419912,1.039918,1.995745,-0.146324,0.672101, 0.999806, 1.498555, 0.833539, 39.419912,1.039912,2.143281,-0.057881,0.652074, 0.999806, 1.549552, 0.833550, 38.373665,1.039912,1.741923,-0.056548,0.553959, 0.999801, 1.434963, 0.676334, 32.752078,1.039912,1.736386,-0.056528,0.552508, 0.999801, 1.433570, 0.674162, 32.668958
  0.6800,1.039879,2.073846,0.629033,0.464158, 0.999805, 1.967476, 0.833723, 32.103091,1.039879,2.073846,0.629033,0.464158, 0.999805, 1.967476, 0.833723, 32.103091,1.039879,2.045981,0.629081,0.458081, 0.999804, 1.960731, 0.822469, 31.754904,1.039917,1.995735,-0.146352,0.671735, 0.999805, 1.498591, 0.833569, 39.420123,1.039917,1.995735,-0.146352,0.671735, 0.999805, 1.498591, 0.833569, 39.420123,1.039911,2.143269,-0.057908,0.651707, 0.999805, 1.549588, 0.833581, 38.373814,1.039911,1.741864,-0.056601,0.553583, 0.999800, 1.434999, 0.676366, 32.751753,1.039911,1.736326,-0.056581,0.552132, 0.999800, 1.433606, 0.674194, 32.668627
  0.6850,1.039881,2.073854,0.629028,0.463789, 0.999804, 1.967434, 0.833752, 32.103127,1.039881,2.073854,0.629028,0.463789, 0.999804, 1.967434, 0.833752, 32.103127,1.039881,2.045984,0.629075,0.457711, 0.999803, 1.960689, 0.822498, 31.754902,1.039917,1.995725,-0.146379,0.671367, 0.999804, 1.498629, 0.833600, 39.420323,1.039917,1.995725,-0.146379,0.671367, 0.999804, 1.498629, 0.833600, 39.420323,1.039911,2.143256,-0.057936,0.651338, 0.999804, 1.549625, 0.833611, 38.373952,1.039911,1.741804,-0.056654,0.553206, 0.999799, 1.435036, 0.676398, 32.751412,1.039911,1.736266,-0.056634,0.551755, 0.999799, 1.433643, 0.674226, 32.668279
  0.6900,1.039882,2.073861,0.629023,0.463418, 0.999803, 1.967392, 0.833782, 32.103165,1.039882,2.073861,0.629023,0.463418, 0.999803, 1.967392, 0.833782, 32.103165,1.039882,2.045988,0.629069,0.457339, 0.999802, 1.960647, 0.822528, 31.754905,1.039917,1.995714,-0.146406,0.670997, 0.999803, 1.498668, 0.833630, 39.420510,1.039917,1.995714,-0.146406,0.670997, 0.999803, 1.498668, 0.833630, 39.420510,1.039911,2.143242,-0.057963,0.650966, 0.999803, 1.549663, 0.833641, 38.374079,1.039911,1.741744,-0.056706,0.552826, 0.999798, 1.435075, 0.676431, 32.751057,1.039911,1.736205,-0.056687,0.551375, 0.999798, 1.433681, 0.674259, 32.667918
  0.6950,1.039884,2.073869,0.629019,0.463045, 0.999802, 1.967350, 0.833811, 32.103208,1.039884,2.073869,0.629019,0.463045, 0.999802, 1.967350, 0.833811, 32.103208,1.039884,2.045992,0.629063,0.456966, 0.999801, 1.960605, 0.822557, 31.754912,1.039916,1.995702,-0.146433,0.670624, 0.999802, 1.498708, 0.833660, 39.420685,1.039916,1.995702,-0.146433,0.670624, 0.999802, 1.498708, 0.833660, 39.420685,1.039910,2.143228,-0.057990,0.650593, 0.999801, 1.549702, 0.833672, 38.374194,1.039910,1.741682,-0.056758,0.552444, 0.999797, 1.435114, 0.676463, 32.750688,1.039910,1.736143,-0.056739,0.550993, 0.999797, 1.433720, 0.674291, 32.667542
  0.7000,1.039886,2.073877,0.629014,0.462670, 0.999801, 1.967308, 0.833840, 32.103254,1.039886,2.073877,0.629014,0.462670, 0.999801, 1.967308, 0.833840, 32.103254,1.039886,2.045996,0.629057,0.456591, 0.999801, 1.960563, 0.822586, 31.754922,1.039916,1.995689,-0.146460,0.670250, 0.999801, 1.498749, 0.833691, 39.420848,1.039916,1.995689,-0.146460,0.670250, 0.999801, 1.498749, 0.833691, 39.420848,1.039910,2.143212,-0.058018,0.650218, 0.999800, 1.549743, 0.833702, 38.374299,1.039910,1.741621,-0.056810,0.552061, 0.999796, 1.435154, 0.676495, 32.750306,1.039910,1.736081,-0.056792,0.550609, 0.999796, 1.433761, 0.674323, 32.667152
  0.7050,1.039887,2.073885,0.629010,0.462294, 0.999800, 1.967266, 0.833869, 32.103303,1.039887,2.073885,0.629010,0.462294, 0.999800, 1.967266, 0.833869, 32.103303,1.039887,2.046001,0.629051,0.456214, 0.999800, 1.960521, 0.822616, 31.754936,1.039915,1.995675,-0.146487,0.669874, 0.999800, 1.498792, 0.833721, 39.421000,1.039915,1.995675,-0.146487,0.669874, 0.999800, 1.498792, 0.833721, 39.421000,1.039910,2.143196,-0.058045,0.649841, 0.999799, 1.549784, 0.833733, 38.374392,1.039910,1.741558,-0.056862,0.551675, 0.999795, 1.435196, 0.676527, 32.749912,1.039910,1.736018,-0.056844,0.550224, 0.999795, 1.433802, 0.674355, 32.666751
  0.7100,1.039889,2.073893,0.629005,0.461917, 0.999799, 1.967224, 0.833898, 32.103356,1.039889,2.073893,0.629005,0.461917, 0.999799, 1.967224, 0.833898, 32.103356,1.039889,2.046005,0.629045,0.455836, 0.999799, 1.960479, 0.822645, 31.754955,1.039915,1.995661,-0.146514,0.669496, 0.999799, 1.498835, 0.833751, 39.421140,1.039915,1.995661,-0.146514,0.669496, 0.999799, 1.498835, 0.833751, 39.421140,1.039909,2.143178,-0.058072,0.649461, 0.999798, 1.549827, 0.833763, 38.374475,1.039909,1.741495,-0.056913,0.551287, 0.999794, 1.435238, 0.676559, 32.749505,1.039909,1.735954,-0.056895,0.549836, 0.999794, 1.433845, 0.674387, 32.666337
  0.7150,1.039890,2.073902,0.629000,0.461537, 0.999798, 1.967182, 0.833927, 32.103413,1.039890,2.073902,0.629000,0.461537, 0.999798, 1.967182, 0.833927, 32.103413,1.039890,2.046010,0.629039,0.455456, 0.999798, 1.960437, 0.822674, 31.754977,1.039914,1.995645,-0.146540,0.669116, 0.999798, 1.498880, 0.833782, 39.421268,1.039914,1.995645,-0.146540,0.669116, 0.999798, 1.498880, 0.833782, 39.421268,1.039909,2.143160,-0.058098,0.649080, 0.999797, 1.549870, 0.833793, 38.374547,1.039909,1.741432,-0.056964,0.550898, 0.999793, 1.435282, 0.676592, 32.749088,1.039909,1.735890,-0.056946,0.549446, 0.999793, 1.433888, 0.674420, 32.665913
  0.7200,1.039892,2.073910,0.628996,0.461156, 0.999797, 1.967140, 0.833956, 32.103473,1.039892,2.073910,0.628996,0.461156, 0.999797, 1.967140, 0.833956, 32.103473,1.039892,2.046016,0.629034,0.455074, 0.999797, 1.960395, 0.822703, 31.755004,1.039914,1.995629,-0.146567,0.668733, 0.999797, 1.498925, 0.833812, 39.421386,1.039914,1.995629,-0.146567,0.668733, 0.999797, 1.498925, 0.833812, 39.421386,1.039908,2.143142,-0.058125,0.648697, 0.999796, 1.549914, 0.833824, 38.374610,1.039908,1.741368,-0.057014,0.550506, 0.999792, 1.435326, 0.676624, 32.748661,1.039908,1.735826,-0.056997,0.549054, 0.999792, 1.433932, 0.674452, 32.665478
  0.7250,1.039894,2.073919,0.628991,0.460773, 0.999797, 1.967098, 0.833985, 32.103537,1.039894,2.073919,0.628991,0.460773, 0.999797, 1.967098, 0.833985, 32.103537,1.039894,2.046021,0.629028,0.454691, 0.999796, 1.960353, 0.822732, 31.755035,1.039913,1.995612,-0.146594,0.668349, 0.999796, 1.498972, 0.833842, 39.421492,1.039913,1.995612,-0.146594,0.668349, 0.999796, 1.498972, 0.833842, 39.421492,1.039908,2.143123,-0.058152,0.648312, 0.999795, 1.549960, 0.833854, 38.374662,1.039908,1.741305,-0.057064,0.550113, 0.999791, 1.435371, 0.676656, 32.748224,1.039908,1.735762,-0.057048,0.548661, 0.999791, 1.433978, 0.674484, 32.665034
  0.7300,1.039895,2.073929,0.628986,0.460389, 0.999796, 1.967056, 0.834014, 32.103605,1.039895,2.073929,0.628986,0.460389, 0.999796, 1.967056, 0.834014, 32.103605,1.039895,2.046027,0.629022,0.454306, 0.999795, 1.960311, 0.822761, 31.755070,1.039913,1.995595,-0.146620,0.667964, 0.999795, 1.499019, 0.833872, 39.421588,1.039913,1.995595,-0.146620,0.667964, 0.999795, 1.499019, 0.833872, 39.421588,1.039908,2.143103,-0.058178,0.647926, 0.999794, 1.550006, 0.833884, 38.374704,1.039908,1.741241,-0.057114,0.549717, 0.999790, 1.435417, 0.676688, 32.747778,1.039908,1.735697,-0.057097,0.548265, 0.999790, 1.434024, 0.674516, 32.664580
  0.7350,1.039897,2.073938,0.628982,0.460003, 0.999795, 1.967014, 0.834043, 32.103676,1.039897,2.073938,0.628982,0.460003, 0.999795, 1.967014, 0.834043, 32.103676,1.039897,2.046034,0.629017,0.453920, 0.999795, 1.960270, 0.822790, 31.755109,1.039912,1.995577,-0.146647,0.667576, 0.999794, 1.499067, 0.833903, 39.421673,1.039912,1.995577,-0.146647,0.667576, 0.999794, 1.499067, 0.833903, 39.421673,1.039907,2.143082,-0.058204,0.647537, 0.999793, 1.550053, 0.833915, 38.374737,1.039907,1.741177,-0.057162,0.549320, 0.999789, 1.435464, 0.676720, 32.747325,1.039907,1.735632,-0.057147,0.547868, 0.999789, 1.434071, 0.674548, 32.664119
  0.7400,1.039898,2.073948,0.628977,0.459616, 0.999794, 1.966973, 0.834071, 32.103751,1.039898,2.073948,0.628977,0.459616, 0.999794, 1.966973, 0.834071, 32.103751,1.039898,2.046040,0.629011,0.453532, 0.999794, 1.960228, 0.822818, 31.755153,1.039912,1.995558,-0.146673,0.667186, 0.999793, 1.499116, 0.833933, 39.421748,1.039912,1.995558,-0.146673,0.667186, 0.999793, 1.499116, 0.833933, 39.421748,1.039907,2.143061,-0.058230,0.647147, 0.999792, 1.550101, 0.833945, 38.374760,1.039907,1.741113,-0.057211,0.548921, 0.999788, 1.435512, 0.676752, 32.746864,1.039907,1.735568,-0.057195,0.547469, 0.999788, 1.434118, 0.674580, 32.663651
  0.7450,1.039900,2.073958,0.628973,0.459227, 0.999793, 1.966931, 0.834100, 32.103829,1.039900,2.073958,0.628973,0.459227, 0.999793, 1.966931, 0.834100, 32.103829,1.039900,2.046047,0.629005,0.453142, 0.999793, 1.960187, 0.822847, 31.755201,1.039911,1.995539,-0.146699,0.666795, 0.999792, 1.499166, 0.833963, 39.421813,1.039911,1.995539,-0.146699,0.666795, 0.999792, 1.499166, 0.833963, 39.421813,1.039906,2.143040,-0.058256,0.646754, 0.999791, 1.550149, 0.833975, 38.374775,1.039906,1.741049,-0.057258,0.548521, 0.999787, 1.435561, 0.676784, 32.746397,1.039906,1.735503,-0.057243,0.547068, 0.999787, 1.434167, 0.674612, 32.663176
  0.7500,1.039901,2.073968,0.628968,0.458836, 0.999792, 1.966890, 0.834128, 32.103911,1.039901,2.073968,0.628968,0.458836, 0.999792, 1.966890, 0.834128, 32.103911,1.039901,2.046054,0.629000,0.452751, 0.999792, 1.960145, 0.822876, 31.755253,1.039911,1.995519,-0.146725,0.666401, 0.999791, 1.499217, 0.833993, 39.421868,1.039911,1.995519,-0.146725,0.666401, 0.999791, 1.499217, 0.833993, 39.421868,1.039906,2.143018,-0.058281,0.646360, 0.999790, 1.550198, 0.834005, 38.374781,1.039906,1.740985,-0.057306,0.548118, 0.999786, 1.435610, 0.676816, 32.745924,1.039906,1.735439,-0.057291,0.546665, 0.999786, 1.434216, 0.674644, 32.662695
  0.7550,1.039902,2.073978,0.628964,0.458444, 0.999792, 1.966849, 0.834157, 32.103996,1.039902,2.073978,0.628964,0.458444, 0.999792, 1.966849, 0.834157, 32.103996,1.039902,2.046062,0.628995,0.452358, 0.999791, 1.960104, 0.822904, 31.755309,1.039910,1.995498,-0.146751,0.666006, 0.999790, 1.499268, 0.834023, 39.421913,1.039910,1.995498,-0.146751,0.666006, 0.999790, 1.499268, 0.834023, 39.421913,1.039905,2.142995,-0.058307,0.645964, 0.999790, 1.550248, 0.834035, 38.374778,1.039905,1.740921,-0.057352,0.547714, 0.999785, 1.435660, 0.676848, 32.745446,1.039905,1.735375,-0.057338,0.546261, 0.999785, 1.434266, 0.674676, 32.662209
  0.7600,1.039904,2.073989,0.628959,0.458050, 0.999791, 1.966808, 0.834185, 32.104086,1.039904,2.073989,0.628959,0.458050, 0.999791, 1.966808, 0.834185, 32.104086,1.039904,2.046070,0.628989,0.451964, 0.999790, 1.960064, 0.822932, 31.755370,1.039910,1.995477,-0.146776,0.665609, 0.999789, 1.499320, 0.834053, 39.421949,1.039910,1.995477,-0.146776,0.665609, 0.999789, 1.499320, 0.834053, 39.421949,1.039905,2.142972,-0.058332,0.645567, 0.999789, 1.550298, 0.834065, 38.374767,1.039905,1.740858,-0.057398,0.547308, 0.999784, 1.435710, 0.676880, 32.744964,1.039905,1.735311,-0.057384,0.545855, 0.999784, 1.434316, 0.674708, 32.661719
  0.7650,1.039905,2.074000,0.628955,0.457655, 0.999790, 1.966768, 0.834213, 32.104178,1.039905,2.074000,0.628955,0.457655, 0.999790, 1.966768, 0.834213, 32.104178,1.039905,2.046078,0.628984,0.451569, 0.999790, 1.960023, 0.822961, 31.755435,1.039909,1.995456,-0.146802,0.665211, 0.999788, 1.499373, 0.834083, 39.421976,1.039909,1.995456,-0.146802,0.665211, 0.999788, 1.499373, 0.834083, 39.421976,1.039904,2.142949,-0.058357,0.645167, 0.999788, 1.550349, 0.834096, 38.374747,1.039904,1.740795,-0.057443,0.546901, 0.999783, 1.435761, 0.676912, 32.744478,1.039904,1.735247,-0.057429,0.545447, 0.999783, 1.434367, 0.674740, 32.661225
  0.7700,1.039907,2.074011,0.628950,0.457259, 0.999789, 1.966727, 0.834241, 32.104274,1.039907,2.074011,0.628950,0.457259, 0.999789, 1.966727, 0.834241, 32.104274,1.039907,2.046087,0.628979,0.451171, 0.999789, 1.959983, 0.822989, 31.755505,1.039909,1.995434,-0.146827,0.664810, 0.999787, 1.499426, 0.834113, 39.421995,1.039909,1.995434,-0.146827,0.664810, 0.999787, 1.499426, 0.834113, 39.421995,1.039904,2.142925,-0.058381,0.644766, 0.999787, 1.550401, 0.834126, 38.374721,1.039904,1.740733,-0.057487,0.546491, 0.999783, 1.435812, 0.676943, 32.743989,1.039904,1.735184,-0.057474,0.545038, 0.999782, 1.434419, 0.674772, 32.660728
  0.7750,1.039908,2.074022,0.628946,0.456860, 0.999788, 1.966687, 0.834269, 32.104374,1.039908,2.074022,0.628946,0.456860, 0.999788, 1.966687, 0.834269, 32.104374,1.039908,2.046096,0.628974,0.450773, 0.999788, 1.959943, 0.823017, 31.755579,1.039908,1.995411,-0.146852,0.664408, 0.999786, 1.499479, 0.834143, 39.422004,1.039908,1.995411,-0.146852,0.664408, 0.999786, 1.499479, 0.834143, 39.422004,1.039903,2.142901,-0.058405,0.644363, 0.999786, 1.550453, 0.834155, 38.374686,1.039903,1.740671,-0.057530,0.546081, 0.999782, 1.435864, 0.676975, 32.743499,1.039903,1.735121,-0.057517,0.544627, 0.999782, 1.434471, 0.674803, 32.660230
  0.7800,1.039909,2.074034,0.628941,0.456461, 0.999788, 1.966648, 0.834297, 32.104477,1.039909,2.074034,0.628941,0.456461, 0.999788, 1.966648, 0.834297, 32.104477,1.039909,2.046105,0.628969,0.450373, 0.999787, 1.959903, 0.823045, 31.755658,1.039908,1.995389,-0.146877,0.664005, 0.999785, 1.499533, 0.834173, 39.422006,1.039908,1.995389,-0.146877,0.664005, 0.999785, 1.499533, 0.834173, 39.422006,1.039903,2.142877,-0.058429,0.643959, 0.999785, 1.550505, 0.834185, 38.374645,1.039903,1.740609,-0.057573,0.545668, 0.999781, 1.435917, 0.677007, 32.743007,1.039903,1.735059,-0.057560,0.544215, 0.999781, 1.434523, 0.674835, 32.659730
  0.7850,1.039911,2.074045,0.628937,0.456060, 0.999787, 1.966608, 0.834325, 32.104584,1.039911,2.074045,0.628937,0.456060, 0.999787, 1.966608, 0.834325, 32.104584,1.039911,2.046114,0.628964,0.449971, 0.999787, 1.959863, 0.823073, 31.755741,1.039907,1.995366,-0.146901,0.663599, 0.999784, 1.499588, 0.834202, 39.422000,1.039907,1.995366,-0.146901,0.663599, 0.999784, 1.499588, 0.834202, 39.422000,1.039902,2.142852,-0.058453,0.643553, 0.999784, 1.550558, 0.834215, 38.374596,1.039902,1.740548,-0.057615,0.545254, 0.999780, 1.435970, 0.677038, 32.742514,1.039902,1.734998,-0.057602,0.543801, 0.999780, 1.434576, 0.674866, 32.659229
  0.7900,1.039912,2.074057,0.628933,0.455657, 0.999786, 1.966569, 0.834353, 32.104694,1.039912,2.074057,0.628933,0.455657, 0.999786, 1.966569, 0.834353, 32.104694,1.039912,2.046124,0.628959,0.449568, 0.999786, 1.959824, 0.823101, 31.755828,1.039906,1.995342,-0.146926,0.663192, 0.999784, 1.499643, 0.834232, 39.421986,1.039906,1.995342,-0.146926,0.663192, 0.999784, 1.499643, 0.834232, 39.421986,1.039902,2.142827,-0.058477,0.643145, 0.999783, 1.550611, 0.834245, 38.374541,1.039902,1.740488,-0.057655,0.544839, 0.999779, 1.436023, 0.677069, 32.742021,1.039902,1.734937,-0.057644,0.543385, 0.999779, 1.434629, 0.674898, 32.658728
  0.7950,1.039913,2.074069,0.628928,0.455253, 0.999785, 1.966530, 0.834381, 32.104808,1.039913,2.074069,0.628928,0.455253, 0.999785, 1.966530, 0.834381, 32.104808,1.039913,2.046134,0.628954,0.449164, 0.999785, 1.959785, 0.823129, 31.755920,1.039906,1.995319,-0.146950,0.662783, 0.999783, 1.499698, 0.834262, 39.421964,1.039906,1.995319,-0.146950,0.662783, 0.999783, 1.499698, 0.834262, 39.421964,1.039901,2.142802,-0.058500,0.642736, 0.999782, 1.550665, 0.834275, 38.374480,1.039901,1.740429,-0.057695,0.544422, 0.999778, 1.436076, 0.677101, 32.741529,1.039901,1.734877,-0.057684,0.542968, 0.999778, 1.434682, 0.674929, 32.658228
  0.8000,1.039914,2.074082,0.628924,0.454847, 0.999785, 1.966491, 0.834408, 32.104925,1.039914,2.074082,0.628924,0.454847, 0.999785, 1.966491, 0.834408, 32.104925,1.039914,2.046145,0.628949,0.448758, 0.999784, 1.959747, 0.823157, 31.756016,1.039905,1.995295,-0.146974,0.662373, 0.999782, 1.499754, 0.834291, 39.421936,1.039905,1.995295,-0.146974,0.662373, 0.999782, 1.499754, 0.834291, 39.421936,1.039901,2.142777,-0.058523,0.642325, 0.999782, 1.550718, 0.834304, 38.374413,1.039901,1.740371,-0.057735,0.544004, 0.999778, 1.436130, 0.677132, 32.741039,1.039901,1.734818,-0.057723,0.542550, 0.999778, 1.434736, 0.674960, 32.657730
  0.8050,1.039916,2.074094,0.628920,0.454441, 0.999784, 1.966453, 0.834436, 32.105045,1.039916,2.074094,0.628920,0.454441, 0.999784, 1.966453, 0.834436, 32.105045,1.039916,2.046156,0.628945,0.448351, 0.999784, 1.959708, 0.823184, 31.756116,1.039905,1.995271,-0.146997,0.661961, 0.999781, 1.499809, 0.834321, 39.421901,1.039905,1.995271,-0.146997,0.661961, 0.999781, 1.499809, 0.834321, 39.421901,1.039900,2.142752,-0.058545,0.641912, 0.999781, 1.550772, 0.834334, 38.374340,1.039900,1.740313,-0.057773,0.543584, 0.999777, 1.436184, 0.677163, 32.740551,1.039900,1.734760,-0.057762,0.542130, 0.999777, 1.434790, 0.674992, 32.657234
  0.8100,1.039917,2.074107,0.628915,0.454032, 0.999783, 1.966415, 0.834463, 32.105168,1.039917,2.074107,0.628915,0.454032, 0.999783, 1.966415, 0.834463, 32.105168,1.039917,2.046167,0.628940,0.447942, 0.999783, 1.959671, 0.823212, 31.756221,1.039904,1.995246,-0.147021,0.661547, 0.999780, 1.499865, 0.834350, 39.421859,1.039904,1.995246,-0.147021,0.661547, 0.999780, 1.499865, 0.834350, 39.421859,1.039900,2.142727,-0.058567,0.641498, 0.999780, 1.550826, 0.834363, 38.374261,1.039900,1.740256,-0.057810,0.543163, 0.999776, 1.436237, 0.677194, 32.740065,1.039900,1.734703,-0.057799,0.541708, 0.999776, 1.434844, 0.675023, 32.656740
  0.8150,1.039918,2.074120,0.628911,0.453622, 0.999782, 1.966378, 0.834491, 32.105295,1.039918,2.074120,0.628911,0.453622, 0.999782, 1.966378, 0.834491, 32.105295,1.039918,2.046178,0.628935,0.447532, 0.999782, 1.959633, 0.823239, 31.756330,1.039904,1.995222,-0.147044,0.661132, 0.999779, 1.499921, 0.834380, 39.421812,1.039904,1.995222,-0.147044,0.661132, 0.999779, 1.499921, 0.834380, 39.421812,1.039899,2.142701,-0.058589,0.641082, 0.999779, 1.550880, 0.834393, 38.374178,1.039899,1.740201,-0.057846,0.542740, 0.999775, 1.436291, 0.677225, 32.739583,1.039899,1.734647,-0.057836,0.541286, 0.999775, 1.434898, 0.675054, 32.656250
  0.8200,1.039919,2.074133,0.628907,0.453211, 0.999782, 1.966341, 0.834518, 32.105425,1.039919,2.074133,0.628907,0.453211, 0.999782, 1.966341, 0.834518, 32.105425,1.039919,2.046190,0.628931,0.447120, 0.999781, 1.959596, 0.823266, 31.756443,1.039903,1.995197,-0.147067,0.660716, 0.999779, 1.499977, 0.834409, 39.421758,1.039903,1.995197,-0.147067,0.660716, 0.999779, 1.499977, 0.834409, 39.421758,1.039899,2.142676,-0.058611,0.640665, 0.999778, 1.550934, 0.834422, 38.374090,1.039899,1.740146,-0.057881,0.542316, 0.999775, 1.436346, 0.677256, 32.739105,1.039899,1.734592,-0.057871,0.540861, 0.999775, 1.434952, 0.675084, 32.655764
  0.8250,1.039920,2.074147,0.628903,0.452799, 0.999781, 1.966304, 0.834545, 32.105558,1.039920,2.074147,0.628903,0.452799, 0.999781, 1.966304, 0.834545, 32.105558,1.039920,2.046202,0.628927,0.446708, 0.999781, 1.959559, 0.823294, 31.756561,1.039903,1.995173,-0.147089,0.660298, 0.999778, 1.500033, 0.834438, 39.421699,1.039903,1.995173,-0.147089,0.660298, 0.999778, 1.500033, 0.834438, 39.421699,1.039898,2.142650,-0.058632,0.640246, 0.999777, 1.550988, 0.834451, 38.373997,1.039898,1.740093,-0.057915,0.541891, 0.999774, 1.436400, 0.677286, 32.738631,1.039898,1.734538,-0.057906,0.540436, 0.999774, 1.435006, 0.675115, 32.655283
  0.8300,1.039922,2.074160,0.628898,0.452385, 0.999780, 1.966267, 0.834572, 32.105694,1.039922,2.074160,0.628898,0.452385, 0.999780, 1.966267, 0.834572, 32.105694,1.039922,2.046215,0.628922,0.446294, 0.999780, 1.959523, 0.823321, 31.756683,1.039902,1.995148,-0.147111,0.659878, 0.999777, 1.500089, 0.834467, 39.421635,1.039902,1.995148,-0.147111,0.659878, 0.999777, 1.500089, 0.834467, 39.421635,1.039898,2.142625,-0.058653,0.639826, 0.999777, 1.551042, 0.834480, 38.373900,1.039898,1.740041,-0.057949,0.541464, 0.999773, 1.436454, 0.677317, 32.738163,1.039898,1.734485,-0.057939,0.540009, 0.999773, 1.435060, 0.675146, 32.654808
  0.8350,1.039923,2.074174,0.628894,0.451970, 0.999779, 1.966231, 0.834599, 32.105833,1.039923,2.074174,0.628894,0.451970, 0.999779, 1.966231, 0.834599, 32.105833,1.039923,2.046227,0.628918,0.445878, 0.999779, 1.959487, 0.823348, 31.756809,1.039902,1.995124,-0.147133,0.659457, 0.999776, 1.500145, 0.834496, 39.421566,1.039902,1.995124,-0.147133,0.659457, 0.999776, 1.500145, 0.834496, 39.421566,1.039898,2.142600,-0.058673,0.639405, 0.999776, 1.551096, 0.834509, 38.373799,1.039898,1.739990,-0.057981,0.541036, 0.999773, 1.436508, 0.677347, 32.737701,1.039898,1.734433,-0.057972,0.539581, 0.999773, 1.435114, 0.675176, 32.654338
  0.8400,1.039924,2.074188,0.628890,0.451553, 0.999779, 1.966196, 0.834626, 32.105976,1.039924,2.074188,0.628890,0.451553, 0.999779, 1.966196, 0.834626, 32.105976,1.039924,2.046240,0.628914,0.445461, 0.999779, 1.959451, 0.823375, 31.756939,1.039901,1.995099,-0.147155,0.659034, 0.999775, 1.500201, 0.834525, 39.421492,1.039901,1.995099,-0.147155,0.659034, 0.999775, 1.500201, 0.834525, 39.421492,1.039897,2.142575,-0.058693,0.638981, 0.999775, 1.551150, 0.834538, 38.373695,1.039897,1.739940,-0.058012,0.540607, 0.999772, 1.436561, 0.677378, 32.737245,1.039897,1.734383,-0.058003,0.539152, 0.999772, 1.435168, 0.675206, 32.653875
  0.8450,1.039925,2.074202,0.628886,0.451135, 0.999778, 1.966161, 0.834653, 32.106121,1.039925,2.074202,0.628886,0.451135, 0.999778, 1.966161, 0.834653, 32.106121,1.039925,2.046254,0.628910,0.445043, 0.999778, 1.959416, 0.823401, 31.757073,1.039901,1.995074,-0.147176,0.658610, 0.999775, 1.500257, 0.834554, 39.421414,1.039901,1.995074,-0.147176,0.658610, 0.999775, 1.500257, 0.834554, 39.421414,1.039897,2.142549,-0.058713,0.638557, 0.999774, 1.551203, 0.834567, 38.373587,1.039897,1.739891,-0.058042,0.540176, 0.999771, 1.436615, 0.677408, 32.736797,1.039897,1.734334,-0.058033,0.538721, 0.999771, 1.435221, 0.675237, 32.653419
  0.8500,1.039926,2.074216,0.628882,0.450716, 0.999777, 1.966126, 0.834679, 32.106269,1.039926,2.074216,0.628882,0.450716, 0.999777, 1.966126, 0.834679, 32.106269,1.039926,2.046267,0.628906,0.444624, 0.999777, 1.959381, 0.823428, 31.757211,1.039900,1.995050,-0.147197,0.658185, 0.999774, 1.500313, 0.834583, 39.421332,1.039900,1.995050,-0.147197,0.658185, 0.999774, 1.500313, 0.834583, 39.421332,1.039896,2.142525,-0.058733,0.638131, 0.999774, 1.551257, 0.834596, 38.373476,1.039896,1.739844,-0.058070,0.539745, 0.999771, 1.436668, 0.677438, 32.736356,1.039896,1.734286,-0.058062,0.538289, 0.999771, 1.435275, 0.675267, 32.652971
  0.8550,1.039927,2.074230,0.628878,0.450296, 0.999777, 1.966092, 0.834706, 32.106420,1.039927,2.074230,0.628878,0.450296, 0.999777, 1.966092, 0.834706, 32.106420,1.039927,2.046281,0.628902,0.444203, 0.999776, 1.959347, 0.823455, 31.757353,1.039900,1.995026,-0.147218,0.657758, 0.999773, 1.500368, 0.834612, 39.421247,1.039900,1.995026,-0.147218,0.657758, 0.999773, 1.500368, 0.834612, 39.421247,1.039896,2.142500,-0.058752,0.637704, 0.999773, 1.551310, 0.834625, 38.373363,1.039896,1.739799,-0.058098,0.539312, 0.999770, 1.436721, 0.677468, 32.735923,1.039896,1.734240,-0.058090,0.537856, 0.999770, 1.435328, 0.675297, 32.652531
  0.8600,1.039928,2.074245,0.628874,0.449874, 0.999776, 1.966058, 0.834732, 32.106573,1.039928,2.074245,0.628874,0.449874, 0.999776, 1.966058, 0.834732, 32.106573,1.039928,2.046295,0.628899,0.443781, 0.999776, 1.959313, 0.823481, 31.757499,1.039899,1.995001,-0.147238,0.657329, 0.999772, 1.500423, 0.834640, 39.421158,1.039899,1.995001,-0.147238,0.657329, 0.999772, 1.500423, 0.834640, 39.421158,1.039896,2.142475,-0.058770,0.637275, 0.999772, 1.551362, 0.834653, 38.373247,1.039896,1.739755,-0.058125,0.538878, 0.999769, 1.436774, 0.677498, 32.735499,1.039896,1.734196,-0.058117,0.537422, 0.999769, 1.435380, 0.675326, 32.652100
  0.8650,1.039929,2.074260,0.628870,0.449451, 0.999775, 1.966024, 0.834758, 32.106729,1.039929,2.074260,0.628870,0.449451, 0.999775, 1.966024, 0.834758, 32.106729,1.039929,2.046310,0.628895,0.443358, 0.999775, 1.959280, 0.823507, 31.757649,1.039899,1.994977,-0.147258,0.656900, 0.999772, 1.500477, 0.834669, 39.421066,1.039899,1.994977,-0.147258,0.656900, 0.999772, 1.500477, 0.834669, 39.421066,1.039895,2.142451,-0.058788,0.636845, 0.999772, 1.551415, 0.834682, 38.373129,1.039895,1.739712,-0.058150,0.538443, 0.999769, 1.436826, 0.677527, 32.735085,1.039895,1.734153,-0.058143,0.536987, 0.999769, 1.435433, 0.675356, 32.651678
  0.8700,1.039930,2.074275,0.628866,0.449026, 0.999775, 1.965991, 0.834785, 32.106888,1.039930,2.074275,0.628866,0.449026, 0.999775, 1.965991, 0.834785, 32.106888,1.039930,2.046325,0.628891,0.442934, 0.999774, 1.959247, 0.823534, 31.757803,1.039898,1.994953,-0.147278,0.656469, 0.999771, 1.500531, 0.834697, 39.420972,1.039898,1.994953,-0.147278,0.656469, 0.999771, 1.500531, 0.834697, 39.420972,1.039895,2.142427,-0.058806,0.636414, 0.999771, 1.551467, 0.834710, 38.373009,1.039895,1.739671,-0.058175,0.538006, 0.999768, 1.436878, 0.677557, 32.734680,1.039895,1.734111,-0.058168,0.536550, 0.999768, 1.435485, 0.675386, 32.651266
  0.8750,1.039931,2.074290,0.628862,0.448601, 0.999774, 1.965959, 0.834811, 32.107049,1.039931,2.074290,0.628862,0.448601, 0.999774, 1.965959, 0.834811, 32.107049,1.039931,2.046340,0.628888,0.442508, 0.999774, 1.959214, 0.823560, 31.757960,1.039898,1.994930,-0.147297,0.656037, 0.999770, 1.500585, 0.834725, 39.420875,1.039898,1.994930,-0.147297,0.656037, 0.999770, 1.500585, 0.834725, 39.420875,1.039894,2.142404,-0.058824,0.635981, 0.999770, 1.551518, 0.834738, 38.372888,1.039894,1.739631,-0.058198,0.537569, 0.999768, 1.436930, 0.677586, 32.734285,1.039894,1.734071,-0.058191,0.536113, 0.999768, 1.435536, 0.675415, 32.650865
  0.8800,1.039932,2.074305,0.628858,0.448174, 0.999773, 1.965927, 0.834837, 32.107213,1.039932,2.074305,0.628858,0.448174, 0.999773, 1.965927, 0.834837, 32.107213,1.039932,2.046355,0.628884,0.442081, 0.999773, 1.959182, 0.823586, 31.758121,1.039898,1.994906,-0.147316,0.655603, 0.999770, 1.500639, 0.834754, 39.420776,1.039898,1.994906,-0.147316,0.655603, 0.999770, 1.500639, 0.834754, 39.420776,1.039894,2.142381,-0.058841,0.635547, 0.999769, 1.551569, 0.834766, 38.372766,1.039894,1.739593,-0.058220,0.537130, 0.999767, 1.436981, 0.677615, 32.733901,1.039894,1.734033,-0.058213,0.535674, 0.999767, 1.435587, 0.675444, 32.650474
  0.8850,1.039933,2.074320,0.628854,0.447745, 0.999773, 1.965895, 0.834862, 32.107379,1.039933,2.074320,0.628854,0.447745, 0.999773, 1.965895, 0.834862, 32.107379,1.039933,2.046370,0.628881,0.441653, 0.999773, 1.959150, 0.823612, 31.758285,1.039897,1.994883,-0.147335,0.655168, 0.999769, 1.500691, 0.834782, 39.420675,1.039897,1.994883,-0.147335,0.655168, 0.999769, 1.500691, 0.834782, 39.420675,1.039894,2.142358,-0.058857,0.635112, 0.999769, 1.551620, 0.834794, 38.372643,1.039894,1.739557,-0.058241,0.536691, 0.999767, 1.437031, 0.677644, 32.733528,1.039894,1.733996,-0.058235,0.535235, 0.999766, 1.435638, 0.675473, 32.650095
  0.8900,1.039934,2.074335,0.628850,0.447316, 0.999772, 1.965864, 0.834888, 32.107548,1.039934,2.074335,0.628850,0.447316, 0.999772, 1.965864, 0.834888, 32.107548,1.039934,2.046386,0.628877,0.441223, 0.999772, 1.959119, 0.823637, 31.758453,1.039897,1.994861,-0.147353,0.654732, 0.999768, 1.500743, 0.834810, 39.420573,1.039897,1.994861,-0.147353,0.654732, 0.999768, 1.500743, 0.834810, 39.420573,1.039894,2.142335,-0.058874,0.634675, 0.999768, 1.551670, 0.834822, 38.372519,1.039894,1.739522,-0.058261,0.536250, 0.999766, 1.437081, 0.677673, 32.733167,1.039894,1.733961,-0.058255,0.534794, 0.999766, 1.435688, 0.675502, 32.649728
  0.8950,1.039935,2.074351,0.628847,0.446885, 0.999771, 1.965833, 0.834914, 32.107718,1.039935,2.074351,0.628847,0.446885, 0.999771, 1.965833, 0.834914, 32.107718,1.039935,2.046402,0.628874,0.440793, 0.999771, 1.959089, 0.823663, 31.758624,1.039897,1.994838,-0.147371,0.654295, 0.999768, 1.500795, 0.834837, 39.420470,1.039897,1.994838,-0.147371,0.654295, 0.999768, 1.500795, 0.834837, 39.420470,1.039893,2.142313,-0.058889,0.634238, 0.999767, 1.551719, 0.834850, 38.372395,1.039893,1.739490,-0.058280,0.535809, 0.999765, 1.437131, 0.677702, 32.732818,1.039893,1.733927,-0.058273,0.534352, 0.999765, 1.435737, 0.675531, 32.649372
  0.9000,1.039936,2.074366,0.628843,0.446454, 0.999771, 1.965803, 0.834939, 32.107891,1.039936,2.074366,0.628843,0.446454, 0.999771, 1.965803, 0.834939, 32.107891,1.039936,2.046418,0.628871,0.440361, 0.999771, 1.959059, 0.823689, 31.758799,1.039896,1.994816,-0.147389,0.653856, 0.999767, 1.500846, 0.834865, 39.420365,1.039896,1.994816,-0.147389,0.653856, 0.999767, 1.500846, 0.834865, 39.420365,1.039893,2.142292,-0.058905,0.633799, 0.999767, 1.551768, 0.834878, 38.372271,1.039893,1.739458,-0.058297,0.535366, 0.999765, 1.437179, 0.677730, 32.732481,1.039893,1.733896,-0.058291,0.533909, 0.999765, 1.435786, 0.675559, 32.649029
  0.9050,1.039936,2.074382,0.628839,0.446020, 0.999770, 1.965774, 0.834965, 32.108066,1.039936,2.074382,0.628839,0.446020, 0.999770, 1.965774, 0.834965, 32.108066,1.039936,2.046435,0.628868,0.439928, 0.999770, 1.959029, 0.823714, 31.758976,1.039896,1.994795,-0.147406,0.653416, 0.999766, 1.500896, 0.834893, 39.420261,1.039896,1.994795,-0.147406,0.653416, 0.999766, 1.500896, 0.834893, 39.420261,1.039893,2.142271,-0.058920,0.633359, 0.999766, 1.551816, 0.834905, 38.372147,1.039893,1.739429,-0.058313,0.534922, 0.999764, 1.437227, 0.677759, 32.732157,1.039893,1.733866,-0.058308,0.533466, 0.999764, 1.435834, 0.675588, 32.648700
  0.9100,1.039937,2.074398,0.628835,0.445586, 0.999769, 1.965744, 0.834990, 32.108242,1.039937,2.074398,0.628835,0.445586, 0.999769, 1.965744, 0.834990, 32.108242,1.039937,2.046451,0.628865,0.439494, 0.999769, 1.959000, 0.823739, 31.759157,1.039896,1.994773,-0.147423,0.652975, 0.999766, 1.500946, 0.834920, 39.420156,1.039896,1.994773,-0.147423,0.652975, 0.999766, 1.500946, 0.834920, 39.420156,1.039893,2.142250,-0.058934,0.632917, 0.999766, 1.551863, 0.834933, 38.372023,1.039893,1.739401,-0.058329,0.534478, 0.999764, 1.437275, 0.677787, 32.731847,1.039893,1.733838,-0.058323,0.533021, 0.999764, 1.435881, 0.675616, 32.648383
  0.9150,1.039938,2.074414,0.628831,0.445151, 0.999769, 1.965716, 0.835015, 32.108421,1.039938,2.074414,0.628831,0.445151, 0.999769, 1.965716, 0.835015, 32.108421,1.039938,2.046468,0.628862,0.439058, 0.999769, 1.958971, 0.823765, 31.759340,1.039896,1.994753,-0.147439,0.652533, 0.999765, 1.500994, 0.834948, 39.420051,1.039896,1.994753,-0.147439,0.652533, 0.999765, 1.500994, 0.834948, 39.420051,1.039893,2.142230,-0.058948,0.632475, 0.999765, 1.551910, 0.834960, 38.371900,1.039893,1.739375,-0.058343,0.534032, 0.999763, 1.437321, 0.677815, 32.731549,1.039893,1.733811,-0.058337,0.532575, 0.999763, 1.435927, 0.675644, 32.648080
  0.9200,1.039939,2.074429,0.628828,0.444714, 0.999768, 1.965688, 0.835040, 32.108601,1.039939,2.074429,0.628828,0.444714, 0.999768, 1.965688, 0.835040, 32.108601,1.039939,2.046485,0.628859,0.438622, 0.999768, 1.958943, 0.823790, 31.759527,1.039895,1.994732,-0.147455,0.652089, 0.999764, 1.501042, 0.834975, 39.419946,1.039895,1.994732,-0.147455,0.652089, 0.999764, 1.501042, 0.834975, 39.419946,1.039892,2.142210,-0.058962,0.632031, 0.999764, 1.551955, 0.834987, 38.371779,1.039892,1.739351,-0.058356,0.533586, 0.999763, 1.437367, 0.677843, 32.731266,1.039892,1.733787,-0.058350,0.532129, 0.999763, 1.435973, 0.675672, 32.647791
  0.9250,1.039940,2.074445,0.628824,0.444276, 0.999767, 1.965660, 0.835065, 32.108782,1.039940,2.074445,0.628824,0.444276, 0.999767, 1.965660, 0.835065, 32.108782,1.039940,2.046502,0.628856,0.438184, 0.999767, 1.958915, 0.823815, 31.759716,1.039895,1.994712,-0.147471,0.651645, 0.999764, 1.501090, 0.835002, 39.419842,1.039895,1.994712,-0.147471,0.651645, 0.999764, 1.501090, 0.835002, 39.419842,1.039892,2.142192,-0.058976,0.631587, 0.999764, 1.552000, 0.835014, 38.371658,1.039892,1.739329,-0.058367,0.533138, 0.999762, 1.437412, 0.677871, 32.730996,1.039892,1.733764,-0.058362,0.531681, 0.999762, 1.436018, 0.675700, 32.647517
  0.9300,1.039940,2.074461,0.628820,0.443837, 0.999767, 1.965633, 0.835090, 32.108966,1.039940,2.074461,0.628820,0.443837, 0.999767, 1.965633, 0.835090, 32.108966,1.039940,2.046519,0.628853,0.437745, 0.999767, 1.958888, 0.823839, 31.759907,1.039895,1.994693,-0.147486,0.651199, 0.999763, 1.501136, 0.835029, 39.419739,1.039895,1.994693,-0.147486,0.651199, 0.999763, 1.501136, 0.835029, 39.419739,1.039892,2.142173,-0.058988,0.631141, 0.999763, 1.552044, 0.835041, 38.371539,1.039892,1.739308,-0.058378,0.532690, 0.999762, 1.437456, 0.677898, 32.730741,1.039892,1.733743,-0.058373,0.531233, 0.999762, 1.436062, 0.675727, 32.647256
  0.9350,1.039941,2.074477,0.628817,0.443397, 0.999766, 1.965606, 0.835115, 32.109150,1.039941,2.074477,0.628817,0.443397, 0.999766, 1.965606, 0.835115, 32.109150,1.039941,2.046537,0.628850,0.437305, 0.999766, 1.958861, 0.823864, 31.760101,1.039895,1.994674,-0.147501,0.650753, 0.999763, 1.501181, 0.835056, 39.419637,1.039895,1.994674,-0.147501,0.650753, 0.999763, 1.501181, 0.835056, 39.419637,1.039892,2.142155,-0.059001,0.630694, 0.999763, 1.552088, 0.835068, 38.371422,1.039892,1.739289,-0.058388,0.532241, 0.999762, 1.437499, 0.677925, 32.730501,1.039892,1.733724,-0.058383,0.530784, 0.999761, 1.436105, 0.675755, 32.647011
  0.9400,1.039942,2.074493,0.628813,0.442956, 0.999766, 1.965580, 0.835139, 32.109336,1.039942,2.074493,0.628813,0.442956, 0.999766, 1.965580, 0.835139, 32.109336,1.039942,2.046554,0.628848,0.436864, 0.999766, 1.958835, 0.823889, 31.760298,1.039895,1.994656,-0.147516,0.650305, 0.999762, 1.501226, 0.835082, 39.419536,1.039895,1.994656,-0.147516,0.650305, 0.999762, 1.501226, 0.835082, 39.419536,1.039892,2.142138,-0.059013,0.630246, 0.999762, 1.552130, 0.835094, 38.371307,1.039892,1.739273,-0.058396,0.531791, 0.999761, 1.437541, 0.677953, 32.730276,1.039892,1.733707,-0.058391,0.530334, 0.999761, 1.436148, 0.675782, 32.646781
  0.9450,1.039943,2.074510,0.628809,0.442514, 0.999765, 1.965554, 0.835164, 32.109524,1.039943,2.074510,0.628809,0.442514, 0.999765, 1.965554, 0.835164, 32.109524,1.039943,2.046572,0.628845,0.436422, 0.999765, 1.958810, 0.823913, 31.760497,1.039895,1.994638,-0.147530,0.649856, 0.999762, 1.501269, 0.835109, 39.419437,1.039895,1.994638,-0.147530,0.649856, 0.999762, 1.501269, 0.835109, 39.419437,1.039892,2.142122,-0.059025,0.629797, 0.999761, 1.552171, 0.835121, 38.371194,1.039892,1.739258,-0.058403,0.531340, 0.999761, 1.437583, 0.677980, 32.730065,1.039892,1.733692,-0.058398,0.529883, 0.999761, 1.436189, 0.675809, 32.646566
  0.9500,1.039943,2.074526,0.628805,0.442070, 0.999764, 1.965529, 0.835188, 32.109712,1.039943,2.074526,0.628805,0.442070, 0.999764, 1.965529, 0.835188, 32.109712,1.039943,2.046590,0.628842,0.435979, 0.999765, 1.958785, 0.823937, 31.760697,1.039895,1.994621,-0.147544,0.649406, 0.999761, 1.501312, 0.835135, 39.419340,1.039895,1.994621,-0.147544,0.649406, 0.999761, 1.501312, 0.835135, 39.419340,1.039892,2.142106,-0.059036,0.629346, 0.999761, 1.552212, 0.835147, 38.371083,1.039892,1.739244,-0.058409,0.530889, 0.999760, 1.437623, 0.678006, 32.729870,1.039892,1.733679,-0.058405,0.529431, 0.999760, 1.436230, 0.675836, 32.646367
  0.9550,1.039944,2.074542,0.628802,0.441625, 0.999764, 1.965505, 0.835213, 32.109901,1.039944,2.074542,0.628802,0.441625, 0.999764, 1.965505, 0.835213, 32.109901,1.039944,2.046608,0.628840,0.435534, 0.999764, 1.958760, 0.823962, 31.760900,1.039895,1.994605,-0.147557,0.648955, 0.999760, 1.501354, 0.835162, 39.419246,1.039895,1.994605,-0.147557,0.648955, 0.999760, 1.501354, 0.835162, 39.419246,1.039892,2.142091,-0.059047,0.628895, 0.999760, 1.552251, 0.835173, 38.370976,1.039892,1.739233,-0.058415,0.530436, 0.999760, 1.437663, 0.678033, 32.729691,1.039892,1.733667,-0.058410,0.528979, 0.999760, 1.436269, 0.675862, 32.646183
  0.9600,1.039945,2.074558,0.628798,0.441180, 0.999763, 1.965481, 0.835237, 32.110092,1.039945,2.074558,0.628798,0.441180, 0.999763, 1.965481, 0.835237, 32.110092,1.039945,2.046626,0.628837,0.435089, 0.999763, 1.958736, 0.823986, 31.761105,1.039895,1.994589,-0.147570,0.648503, 0.999760, 1.501394, 0.835188, 39.419153,1.039895,1.994589,-0.147570,0.648503, 0.999760, 1.501394, 0.835188, 39.419153,1.039892,2.142076,-0.059057,0.628443, 0.999760, 1.552289, 0.835199, 38.370871,1.039892,1.739224,-0.058419,0.529983, 0.999759, 1.437701, 0.678059, 32.729527,1.039892,1.733657,-0.058414,0.528526, 0.999759, 1.436307, 0.675889, 32.646015
  0.9650,1.039945,2.074574,0.628794,0.440733, 0.999763, 1.965457, 0.835261, 32.110283,1.039945,2.074574,0.628794,0.440733, 0.999763, 1.965457, 0.835261, 32.110283,1.039945,2.046644,0.628835,0.434642, 0.999763, 1.958712, 0.824010, 31.761311,1.039895,1.994574,-0.147583,0.648050, 0.999759, 1.501434, 0.835214, 39.419063,1.039895,1.994574,-0.147583,0.648050, 0.999759, 1.501434, 0.835214, 39.419063,1.039892,2.142062,-0.059067,0.627990, 0.999759, 1.552327, 0.835225, 38.370769,1.039892,1.739216,-0.058422,0.529529, 0.999759, 1.437738, 0.678086, 32.729379,1.039892,1.733650,-0.058417,0.528071, 0.999759, 1.436345, 0.675915, 32.645864
  0.9700,1.039946,2.074590,0.628791,0.440285, 0.999762, 1.965434, 0.835285, 32.110474,1.039946,2.074590,0.628791,0.440285, 0.999762, 1.965434, 0.835285, 32.110474,1.039946,2.046662,0.628832,0.434194, 0.999762, 1.958689, 0.824034, 31.761519,1.039895,1.994559,-0.147595,0.647596, 0.999759, 1.501472, 0.835240, 39.418977,1.039895,1.994559,-0.147595,0.647596, 0.999759, 1.501472, 0.835240, 39.418977,1.039892,2.142049,-0.059077,0.627536, 0.999759, 1.552363, 0.835251, 38.370671,1.039892,1.739210,-0.058423,0.529074, 0.999759, 1.437775, 0.678112, 32.729247,1.039892,1.733644,-0.058419,0.527617, 0.999759, 1.436381, 0.675941, 32.645728
  0.9750,1.039947,2.074606,0.628787,0.439836, 0.999762, 1.965411, 0.835308, 32.110667,1.039947,2.074606,0.628787,0.439836, 0.999762, 1.965411, 0.835308, 32.110667,1.039947,2.046680,0.628830,0.433746, 0.999762, 1.958667, 0.824057, 31.761729,1.039895,1.994545,-0.147607,0.647141, 0.999758, 1.501509, 0.835265, 39.418893,1.039895,1.994545,-0.147607,0.647141, 0.999758, 1.501509, 0.835265, 39.418893,1.039892,2.142037,-0.059086,0.627081, 0.999758, 1.552398, 0.835277, 38.370576,1.039892,1.739207,-0.058424,0.528619, 0.999758, 1.437810, 0.678137, 32.729131,1.039892,1.733640,-0.058420,0.527161, 0.999758, 1.436416, 0.675967, 32.645609
  0.9800,1.039947,2.074622,0.628783,0.439386, 0.999761, 1.965389, 0.835332, 32.110859,1.039947,2.074622,0.628783,0.439386, 0.999761, 1.965389, 0.835332, 32.110859,1.039947,2.046698,0.628827,0.433296, 0.999761, 1.958645, 0.824081, 31.761939,1.039895,1.994532,-0.147618,0.646685, 0.999758, 1.501546, 0.835291, 39.418812,1.039895,1.994532,-0.147618,0.646685, 0.999758, 1.501546, 0.835291, 39.418812,1.039892,2.142025,-0.059095,0.626624, 0.999758, 1.552433, 0.835302, 38.370485,1.039892,1.739205,-0.058424,0.528163, 0.999758, 1.437844, 0.678163, 32.729031,1.039892,1.733637,-0.058420,0.526705, 0.999758, 1.436450, 0.675992, 32.645506
  0.9850,1.039948,2.074638,0.628780,0.438935, 0.999760, 1.965368, 0.835355, 32.111053,1.039948,2.074638,0.628780,0.438935, 0.999760, 1.965368, 0.835355, 32.111053,1.039948,2.046716,0.628825,0.432845, 0.999761, 1.958623, 0.824104, 31.762151,1.039895,1.994520,-0.147629,0.646228, 0.999757, 1.501581, 0.835316, 39.418736,1.039895,1.994520,-0.147629,0.646228, 0.999757, 1.501581, 0.835316, 39.418736,1.039893,2.142014,-0.059103,0.626167, 0.999757, 1.552466, 0.835328, 38.370398,1.039893,1.739204,-0.058423,0.527706, 0.999757, 1.437877, 0.678189, 32.728948,1.039893,1.733637,-0.058418,0.526248, 0.999757, 1.436483, 0.676018, 32.645419
  0.9900,1.039948,2.074654,0.628776,0.438482, 0.999760, 1.965347, 0.835379, 32.111246,1.039948,2.074654,0.628776,0.438482, 0.999760, 1.965347, 0.835379, 32.111246,1.039948,2.046735,0.628822,0.432393, 0.999760, 1.958602, 0.824128, 31.762364,1.039895,1.994508,-0.147640,0.645770, 0.999757, 1.501614, 0.835342, 39.418662,1.039895,1.994508,-0.147640,0.645770, 0.999757, 1.501614, 0.835342, 39.418662,1.039893,2.142004,-0.059111,0.625709, 0.999757, 1.552497, 0.835353, 38.370315,1.039893,1.739206,-0.058421,0.527248, 0.999757, 1.437909, 0.678214, 32.728880,1.039893,1.733638,-0.058416,0.525790, 0.999757, 1.436515, 0.676043, 32.645349
  0.9950,1.039949,2.074669,0.628772,0.438029, 0.999759, 1.965326, 0.835402, 32.111439,1.039949,2.074669,0.628772,0.438029, 0.999759, 1.965326, 0.835402, 32.111439,1.039949,2.046753,0.628820,0.431940, 0.999759, 1.958582, 0.824151, 31.762578,1.039895,1.994497,-0.147651,0.645311, 0.999756, 1.501647, 0.835367, 39.418593,1.039895,1.994497,-0.147651,0.645311, 0.999756, 1.501647, 0.835367, 39.418593,1.039893,2.141995,-0.059119,0.625251, 0.999756, 1.552528, 0.835378, 38.370236,1.039893,1.739209,-0.058418,0.526789, 0.999757, 1.437940, 0.678239, 32.728829,1.039893,1.733642,-0.058413,0.525331, 0.999757, 1.436546, 0.676068, 32.645295
  1.0000,0.502760,2.074685,0.628769,0.437706, 0.999902, 1.965306, 0.835425, 20.097551,0.502760,2.074685,0.628769,0.437706, 0.999902, 1.965306, 0.835425, 20.097551,0.502760,2.046771,0.628817,0.431617, 0.999901, 1.958562, 0.824174, 19.748637,0.658914,1.994486,-0.147661,0.644953, 0.999872, 1.501679, 0.835392, 29.316691,0.658914,1.994486,-0.147661,0.644953, 0.999872, 1.501679, 0.835392, 29.316691,0.652083,2.141986,-0.059126,0.624894, 0.999874, 1.552558, 0.835403, 28.173784,0.652083,1.739215,-0.058414,0.526422, 0.999864, 1.437969, 0.678264, 22.531711,0.652083,1.733647,-0.058409,0.524963, 0.999864, 1.436576, 0.676093, 22.448165
  1.0050,0.490166,0.326315,3.658232,0.437658, 1.000049, 1.857413, 0.835447, 16.175537,0.490166,0.326315,3.658232,0.437658, 1.000049, 1.857413, 0.835447, 16.175537,0.490166,0.309049,3.662923,0.431566, 1.000047, 1.857074, 0.824195, 15.826475,0.640687,0.602082,2.729399,0.644824, 0.999994, 2.700009, 0.835415, 25.203170,0.640687,0.602082,2.729399,0.644824, 0.999994, 2.700009, 0.835415, 25.203170,0.634053,0.624042,3.042569,0.624771, 0.999998, 2.657898, 0.835426, 24.062912,0.634053,0.341596,3.129105,0.526269, 0.999979, 2.655594, 0.678287, 18.419168,0.634053,0.337467,3.130371,0.524811, 0.999979, 2.655536, 0.676117, 18.335598
  1.0100,0.482262,0.414536,3.430146,0.437890, 1.000198, 1.781122, 0.835463, 13.570572,0.482262,0.414536,3.430146,0.437890, 1.000198, 1.781122, 0.835463, 13.570572,0.482262,0.395366,3.437683,0.431793, 1.000195, 1.780616, 0.824212, 13.221277,0.629516,0.647367,2.483401,0.644929, 1.000118, 2.604059, 0.835434, 22.323322,0.629516,0.647367,2.483401,0.644929, 1.000118, 2.604059, 0.835434, 22.323322,0.622995,0.672183,2.786184,0.624886, 1.000124, 2.562280, 0.835445, 21.186558,0.622995,0.378032,2.929696,0.526337, 1.000095, 2.556730, 0.678307, 15.540125,0.622995,0.373612,2.931783,0.524878, 1.000095, 2.556625, 0.676136, 15.456523
  1.0150,0.476744,0.468617,3.299513,0.438403, 1.000348, 1.734115, 0.835471, 11.856029,0.476744,0.468617,3.299513,0.438403, 1.000348, 1.734115, 0.835471, 11.856029,0.476744,0.448434,3.308387,0.432301, 1.000344, 1.733491, 0.824220, 11.506422,0.622149,0.697816,2.339009,0.645267, 1.000241, 2.545097, 0.835447, 20.339248,0.622149,0.697816,2.339009,0.645267, 1.000241, 2.545097, 0.835447, 20.339248,0.615697,0.723921,2.636108,0.625239, 1.000250, 2.503447, 0.835457, 19.205974,0.615697,0.423305,2.811399,0.526626, 1.000212, 2.495538, 0.678320, 13.555841,0.615697,0.418722,2.813945,0.525166, 1.000211, 2.495398, 0.676149, 13.472197
  1.0200,0.472550,0.499953,3.215537,0.439200, 1.000499, 1.701927, 0.835468, 10.730364,0.472550,0.499953,3.215537,0.439200, 1.000499, 1.701927, 0.835468, 10.730364,0.472550,0.479286,3.225021,0.433092, 1.000495, 1.701220, 0.824217, 10.380369,0.616936,0.741094,2.251514,0.645837, 1.000363, 2.506169, 0.835450, 18.982950,0.616936,0.741094,2.251514,0.645837, 1.000363, 2.506169, 0.835450, 18.982950,0.610527,0.767661,2.544904,0.625829, 1.000375, 2.464554, 0.835460, 17.852922,0.610527,0.463837,2.738201,0.527134, 1.000327, 2.454918, 0.678324, 12.198080,0.610527,0.459165,2.741006,0.525673, 1.000327, 2.454753, 0.676153, 12.114385
  1.0250,0.469162,0.516861,3.155633,0.440283, 1.000651, 1.677896, 0.835451, 9.990793,0.469162,0.516861,3.155633,0.440283, 1.000651, 1.677896, 0.835451, 9.990793,0.469162,0.496003,3.165359,0.434167, 1.000646, 1.677129, 0.824200, 9.640336,0.613011,0.774240,2.196699,0.646637, 1.000485, 2.478521, 0.835441, 18.058216,0.613011,0.774240,2.196699,0.646637, 1.000485, 2.478521, 0.835441, 18.058216,0.606633,0.800836,2.487209,0.626655, 1.000500, 2.436911, 0.835451, 16.931209,0.606633,0.495598,2.690458,0.527860, 1.000442, 2.426002, 0.678318, 11.270652,0.606633,0.490882,2.693406,0.526398, 1.000442, 2.425819, 0.676147, 11.186897
  1.0300,0.466307,0.524937,3.109282,0.441654, 1.000803, 1.658825, 0.835417, 9.503626,0.466307,0.524937,3.109282,0.441654, 1.000803, 1.658825, 0.835417, 9.503626,0.466307,0.504041,3.119055,0.435528, 1.000798, 1.658015, 0.824166, 9.152632,0.609906,0.797951,2.161259,0.647665, 1.000606, 2.457597, 0.835420, 17.426805,0.609906,0.797951,2.161259,0.647665, 1.000606, 2.457597, 0.835420, 17.426805,0.603548,0.824348,2.449257,0.627714, 1.000624, 2.415991, 0.835428, 16.302696,0.603548,0.518578,2.657571,0.528802, 1.000557, 2.404137, 0.678298, 10.635419,0.603548,0.513841,2.660591,0.527339, 1.000556, 2.403940, 0.676128, 10.551596
  1.0350,0.463830,0.527762,3.071277,0.443312, 1.000957, 1.643070, 0.835365, 9.181448,0.463830,0.527762,3.071277,0.443312, 1.000957, 1.643070, 0.835365, 9.181448,0.463830,0.506903,3.080996,0.437176, 1.000951, 1.642228, 0.824114, 8.829841,0.607351,0.814027,2.137684,0.648920, 1.000726, 2.440950, 0.835382, 16.993305,0.607351,0.814027,2.137684,0.648920, 1.000726, 2.440950, 0.835382, 16.993305,0.601009,0.840113,2.423363,0.629007, 1.000748, 2.399358, 0.835389, 15.872091,0.601009,0.534170,2.633738,0.529960, 1.000671, 2.386799, 0.678264, 10.197088,0.601009,0.529425,2.636787,0.528495, 1.000671, 2.386592, 0.676094, 10.113189
  1.0400,0.461635,0.527559,3.038851,0.445261, 1.001111, 1.629707, 0.835291, 8.967274,0.461635,0.527559,3.038851,0.445261, 1.001111, 1.629707, 0.835291, 8.967274,0.461635,0.506767,3.048465,0.439112, 1.001104, 1.628843, 0.824041, 8.614977,0.605185,0.824343,2.121598,0.650401, 1.000846, 2.427202, 0.835328, 16.692643,0.605185,0.824343,2.121598,0.650401, 1.000846, 2.427202, 0.835328, 16.692643,0.598856,0.850068,2.405090,0.630533, 1.000871, 2.385637, 0.835333, 15.574418,0.598856,0.544039,2.615691,0.531333, 1.000785, 2.372550, 0.678214, 9.890688,0.598856,0.539291,2.618743,0.529867, 1.000785, 2.372336, 0.676044, 9.806703
  1.0450,0.459659,0.525673,3.010414,0.447499, 1.001265, 1.618167, 0.835195, 8.823976,0.459659,0.525673,3.010414,0.447499, 1.001265, 1.618167, 0.835195, 8.823976,0.459659,0.504959,3.019899,0.441337, 1.001257, 1.617287, 0.823946, 8.470914,0.603306,0.830488,2.110367,0.652108, 1.000965, 2.415531, 0.835255, 16.480753,0.603306,0.830488,2.110367,0.652108, 1.000965, 2.415531, 0.835255, 16.480753,0.596987,0.855837,2.391786,0.632291, 1.000994, 2.374006, 0.835258, 15.365695,0.596987,0.549677,2.601519,0.532921, 1.000900, 2.360524, 0.678147, 9.672236,0.596987,0.544930,2.604556,0.531453, 1.000899, 2.360304, 0.675976, 9.588158
  1.0500,0.457859,0.522909,2.984976,0.450029, 1.001419, 1.608067, 0.835074, 8.727351,0.457859,0.522909,2.984976,0.450029, 1.001419, 1.608067, 0.835074, 8.727351,0.457859,0.502271,2.994325,0.443852, 1.001411, 1.607176, 0.823825, 8.373445,0.601646,0.833691,2.102357,0.654041, 1.001085, 2.405414, 0.835162, 16.327936,0.601646,0.833691,2.102357,0.654041, 1.001085, 2.405414, 0.835162, 16.327936,0.595334,0.858670,2.381812,0.634281, 1.001118, 2.363941, 0.835163, 15.216283,0.595334,0.552281,2.590050,0.534724, 1.001014, 2.350165, 0.678060, 9.512097,0.595334,0.547534,2.593064,0.533255, 1.001013, 2.349940, 0.675890, 9.427918
  1.0550,0.456200,0.519734,2.961880,0.452850, 1.001574, 1.599130, 0.834926, 8.661595,0.456200,0.519734,2.961880,0.452850, 1.001574, 1.599130, 0.834926, 8.661595,0.456200,0.499166,2.971092,0.446657, 1.001565, 1.598232, 0.823678, 8.306767,0.600155,0.834853,2.096526,0.656199, 1.001205, 2.396502, 0.835048, 16.214236,0.600155,0.834853,2.096526,0.656199, 1.001205, 2.396502, 0.835048, 16.214236,0.593851,0.859481,2.374122,0.636503, 1.001241, 2.355089, 0.835045, 15.106267,0.593851,0.552750,2.580536,0.536742, 1.001128, 2.341097, 0.677953, 9.390364,0.593851,0.548003,2.583521,0.535271, 1.001127, 2.340869, 0.675783, 9.306075
  1.0600,0.893471,0.516415,2.940659,0.455867, 1.001626, 3.688786, 0.834750, 15.294016,0.893471,0.516415,2.940659,0.455867, 1.001626, 3.688786, 0.834750, 15.294016,0.893471,0.495909,2.949741,0.449658, 1.001618, 3.688196, 0.823503, 14.938287,0.898985,0.834619,2.092197,0.658505, 1.001246, 3.790868, 0.834911, 22.113698,0.898985,0.834619,2.092197,0.658505, 1.001246, 3.790868, 0.834911, 22.113698,0.898748,0.858920,2.368034,0.638879, 1.001283, 3.780713, 0.834905, 21.091235,0.898748,0.551735,2.572478,0.538909, 1.001165, 3.771235, 0.677825, 15.363356,0.898748,0.546988,2.575433,0.537436, 1.001164, 3.771064, 0.675655, 15.278960
  1.0650,0.907914,1.622052,0.480367,0.458981, 1.001675, 3.751998, 0.834545, 18.110173,0.907914,1.622052,0.480367,0.458981, 1.001675, 3.751998, 0.834545, 18.110173,0.907914,1.594206,0.495259,0.452755, 1.001666, 3.751589, 0.823299, 17.753501,0.913435,1.643222,-0.260345,0.660892, 1.001287, 3.850386, 0.834752, 24.859060,0.913435,1.643222,-0.260345,0.660892, 1.001287, 3.850386, 0.834752, 24.859060,0.913203,1.756457,-0.153884,0.641337, 1.001325, 3.840679, 0.834741, 23.842341,0.913203,1.425235,0.095001,0.541137, 1.001196, 3.833959, 0.677675, 18.101316,0.913203,1.420174,0.098769,0.539662, 1.001194, 3.833828, 0.675505, 18.016801
  1.0700,0.921609,1.645736,0.493000,0.462183, 1.001720, 3.819397, 0.834313, 20.421971,0.921609,1.645736,0.493000,0.462183, 1.001720, 3.819397, 0.834313, 20.421971,0.921609,1.622646,0.504076,0.455940, 1.001710, 3.819148, 0.823069, 20.064285,0.927221,1.647026,-0.214488,0.663356, 1.001326, 3.913629, 0.834571, 27.126930,0.927221,1.647026,-0.214488,0.663356, 1.001326, 3.913629, 0.834571, 27.126930,0.926996,1.766339,-0.114116,0.643872, 1.001363, 3.904408, 0.834555, 26.115013,0.926996,1.479715,0.075514,0.543418, 1.001221, 3.900139, 0.677505, 20.359422,0.926996,1.475436,0.078482,0.541941, 1.001220, 3.900044, 0.675335, 20.274771
  1.0750,0.934606,1.678066,0.511167,0.465465, 1.001760, 3.885133, 0.834055, 22.319673,0.934606,1.678066,0.511167,0.465465, 1.001760, 3.885133, 0.834055, 22.319673,0.934606,1.656719,0.519354,0.459203, 1.001750, 3.885024, 0.822812, 21.960892,0.940334,1.672088,-0.173738,0.665889, 1.001360, 3.975547, 0.834369, 28.994084,0.940334,1.672088,-0.173738,0.665889, 1.001360, 3.975547, 0.834369, 28.994084,0.940115,1.795419,-0.077323,0.646476, 1.001398, 3.966793, 0.834348, 27.986439,0.940115,1.519314,0.067518,0.545743, 1.001243, 3.964703, 0.677315, 22.214863,0.940115,1.515291,0.069848,0.544263, 1.001242, 3.964640, 0.675146, 22.130059
  1.0800,0.946665,1.713626,0.528034,0.468819, 1.001796, 3.947083, 0.833772, 23.882053,0.946665,1.713626,0.528034,0.468819, 1.001796, 3.947083, 0.833772, 23.882053,0.946665,1.692496,0.534065,0.462537, 1.001785, 3.947097, 0.822530, 23.522100,0.952529,1.706068,-0.140967,0.668483, 1.001390, 4.034235, 0.834147, 30.531678,0.952529,1.706068,-0.140967,0.668483, 1.001390, 4.034235, 0.834147, 30.531678,0.952316,1.832237,-0.047285,0.649141, 1.001427, 4.025906, 0.834120, 29.528020,0.952316,1.549769,0.063783,0.548106, 1.001262, 4.025747, 0.677107, 23.739167,0.952316,1.545735,0.065613,0.546623, 1.001260, 4.025712, 0.674938, 23.654193
  1.0850,0.957696,1.749553,0.543354,0.472237, 1.001828, 4.004229, 0.833465, 25.172249,0.957696,1.749553,0.543354,0.472237, 1.001828, 4.004229, 0.833465, 25.172249,0.957696,1.727905,0.547766,0.465933, 1.001816, 4.004352, 0.822224, 24.811056,0.963709,1.742747,-0.114257,0.671128, 1.001415, 4.088681, 0.833905, 31.798760,0.963709,1.742747,-0.114257,0.671128, 1.001415, 4.088681, 0.833905, 31.798760,0.963500,1.871067,-0.022467,0.651857, 1.001453, 4.080728, 0.833872, 30.798949,0.963500,1.574510,0.062889,0.550502, 1.001278, 4.082275, 0.676881, 24.991704,0.963500,1.570336,0.064327,0.549015, 1.001276, 4.082264, 0.674712, 24.906546
  1.0900,0.967698,1.784259,0.557112,0.475711, 1.001855, 4.056230, 0.833135, 26.240758,0.967698,1.784259,0.557112,0.475711, 1.001855, 4.056230, 0.833135, 26.240758,0.967698,1.761768,0.560293,0.469384, 1.001843, 4.056449, 0.821896, 25.878266,0.973863,1.778945,-0.092230,0.673818, 1.001436, 4.138474, 0.833646, 32.843713,0.973863,1.778945,-0.092230,0.673818, 1.001436, 4.138474, 0.833646, 32.843713,0.973657,1.909001,-0.001749,0.654618, 1.001474, 4.130848, 0.833606, 31.847694,0.973657,1.595402,0.063763,0.552925, 1.001292, 4.133901, 0.676639, 26.021140,0.973657,1.591035,0.064891,0.551435, 1.001290, 4.133912, 0.674470, 25.935785
  1.0950,0.976722,1.816924,0.569390,0.479232, 1.001879, 4.103144, 0.832783, 27.128024,0.976722,1.816924,0.569390,0.479232, 1.001879, 4.103144, 0.832783, 27.128024,0.976722,1.793478,0.571621,0.472882, 1.001867, 4.103449, 0.821547, 26.764187,0.983036,1.813115,-0.073902,0.676543, 1.001454, 4.183594, 0.833369, 33.705952,0.983036,1.813115,-0.073902,0.676543, 1.001454, 4.183594, 0.833369, 33.705952,0.982832,1.944640,0.015673,0.657415, 1.001492, 4.176249, 0.833322, 32.713723,0.982832,1.613493,0.065662,0.555372, 1.001304, 4.180629, 0.676382, 26.867135,0.982832,1.608916,0.066543,0.553879, 1.001302, 4.180659, 0.674213, 26.781573
  1.1000,0.984844,1.847196,0.580311,0.482796, 1.001900, 4.145255, 0.832412, 27.866552,0.984844,1.847196,0.580311,0.482796, 1.001900, 4.145255, 0.832412, 27.866552,0.984844,1.822789,0.581799,0.476421, 1.001887, 4.145635, 0.821177, 27.501333,0.991301,1.844593,-0.058558,0.679298, 1.001467, 4.224251, 0.833076, 34.417542,0.991301,1.844593,-0.058558,0.679298, 1.001467, 4.224251, 0.833076, 34.417542,0.991099,1.977409,0.030397,0.660241, 1.001506, 4.217148, 0.833022, 33.429135,0.991099,1.629400,0.068095,0.557840, 1.001313, 4.222695, 0.676110, 27.561969,0.991099,1.624618,0.068779,0.556343, 1.001311, 4.222742, 0.673941, 27.476192
  1.1050,0.992151,1.874996,0.590011,0.486395, 1.001917, 4.182962, 0.832021, 28.482578,0.992151,1.874996,0.590011,0.486395, 1.001917, 4.182962, 0.832021, 28.482578,0.992151,1.849673,0.590910,0.479996, 1.001904, 4.183408, 0.820789, 28.115952,0.998745,1.873191,-0.045654,0.682075, 1.001478, 4.260783, 0.832768, 35.004588,0.998745,1.873191,-0.045654,0.682075, 1.001478, 4.260783, 0.832768, 35.004588,0.998543,2.007167,0.042886,0.663091, 1.001517, 4.253886, 0.832706, 34.020052,0.998543,1.643520,0.070754,0.560324, 1.001322, 4.260459, 0.675825, 28.131934,0.998543,1.638546,0.071279,0.558823, 1.001320, 4.260520, 0.673657, 28.045936
  1.1100,0.998735,1.900404,0.598627,0.490024, 1.001932, 4.216708, 0.831613, 28.997379,0.998735,1.900404,0.598627,0.490024, 1.001932, 4.216708, 0.831613, 28.997379,0.998735,1.874230,0.599054,0.483600, 1.001919, 4.217213, 0.820383, 28.629328,1.005457,1.898969,-0.034764,0.684868, 1.001485, 4.293587, 0.832445, 35.488388,1.005457,1.898969,-0.034764,0.684868, 1.001485, 4.293587, 0.832445, 35.488388,1.005256,2.034008,0.053506,0.665959, 1.001525, 4.286864, 0.832376, 34.507786,1.005256,1.656131,0.073455,0.562822, 1.001328, 4.294338, 0.675527, 28.598492,1.005256,1.650980,0.073850,0.561317, 1.001326, 4.294411, 0.673360, 28.512270
  1.1150,1.004682,1.923583,0.606286,0.493678, 1.001944, 4.246943, 0.831189, 29.428286,1.004682,1.923583,0.606286,0.493678, 1.001944, 4.246943, 0.831189, 29.428286,1.004682,1.896632,0.606333,0.487229, 1.001931, 4.247498, 0.819961, 29.058804,1.011526,1.922114,-0.025544,0.687674, 1.001490, 4.323073, 0.832110, 35.886369,1.011526,1.922114,-0.025544,0.687674, 1.001490, 4.323073, 0.832110, 35.886369,1.011325,2.058137,0.062563,0.668839, 1.001530, 4.316499, 0.832032, 34.909776,1.011325,1.667446,0.076093,0.565331, 1.001334, 4.324761, 0.675219, 28.979218,1.011325,1.662136,0.076383,0.563822, 1.001331, 4.324845, 0.673051, 28.892769
  1.1200,1.010075,1.944738,0.613108,0.497352, 1.001954, 4.274095, 0.830749, 29.789481,1.010075,1.944738,0.613108,0.497352, 1.001954, 4.274095, 0.830749, 29.789481,1.010075,1.917079,0.612848,0.490878, 1.001940, 4.274696, 0.819524, 29.418566,1.017032,1.942867,-0.017712,0.690487, 1.001493, 4.349643, 0.831763, 36.212839,1.017032,1.942867,-0.017712,0.690487, 1.001493, 4.349643, 0.831763, 36.212839,1.016831,2.079810,0.070308,0.671728, 1.001534, 4.343192, 0.831677, 35.240333,1.016831,1.677639,0.078614,0.567849, 1.001338, 4.352145, 0.674900, 29.288545,1.016831,1.672188,0.078820,0.566337, 1.001336, 4.352239, 0.672733, 29.201869
  1.1250,1.014986,1.964083,0.619203,0.501043, 1.001961, 4.298564, 0.830296, 30.092613,1.014986,1.964083,0.619203,0.501043, 1.001961, 4.298564, 0.830296, 30.092613,1.014986,1.935783,0.618693,0.494544, 1.001948, 4.299205, 0.819074, 29.720273,1.022052,1.961489,-0.011036,0.693302, 1.001494, 4.373669, 0.831406, 36.479580,1.022052,1.961489,-0.011036,0.693302, 1.001494, 4.373669, 0.831406, 36.479580,1.021849,2.099298,0.076956,0.674621, 1.001535, 4.367323, 0.831311, 35.511244,1.021849,1.686862,0.080998,0.570374, 1.001341, 4.376878, 0.674572, 29.538368,1.021849,1.681284,0.081134,0.568858, 1.001339, 4.376980, 0.672405, 29.451465
  1.1300,1.019483,1.981831,0.624668,0.504746, 1.001967, 4.320710, 0.829830, 30.347287,1.019483,1.981831,0.624668,0.504746, 1.001967, 4.320710, 0.829830, 30.347287,1.019483,1.952951,0.623954,0.498223, 1.001954, 4.321386, 0.818610, 29.973535,1.026651,1.978232,-0.005319,0.696117, 1.001492, 4.395495, 0.831039, 36.696324,1.026651,1.978232,-0.005319,0.696117, 1.001492, 4.395495, 0.831039, 36.696324,1.026448,2.116862,0.082685,0.677514, 1.001534, 4.389235, 0.830934, 35.732245,1.026448,1.695246,0.083241,0.572904, 1.001343, 4.399314, 0.674235, 29.738522,1.026448,1.689556,0.083320,0.571383, 1.001341, 4.399424, 0.672069, 29.651394
  1.1350,1.023623,1.998183,0.629590,0.508458, 1.001971, 4.340855, 0.829353, 30.561448,1.023623,1.998183,0.629590,0.508458, 1.001971, 4.340855, 0.829353, 30.561448,1.023623,1.968775,0.628710,0.501910, 1.001958, 4.341562, 0.818136, 30.186304,1.030889,1.993337,-0.000398,0.698928, 1.001489, 4.415424, 0.830663, 36.871137,1.030889,1.993337,-0.000398,0.698928, 1.001489, 4.415424, 0.830663, 36.871137,1.030685,2.132748,0.087649,0.680405, 1.001532, 4.409235, 0.830549, 35.911401,1.030685,1.702910,0.085352,0.575437, 1.001344, 4.419771, 0.673891, 29.897158,1.030685,1.697118,0.085385,0.573912, 1.001342, 4.419886, 0.671725, 29.809808
  1.1400,1.027458,2.013323,0.634046,0.512175, 1.001973, 4.359282, 0.828865, 30.741687,1.027458,2.013323,0.634046,0.512175, 1.001973, 4.359282, 0.828865, 30.741687,1.027458,1.983434,0.633030,0.505604, 1.001960, 4.360016, 0.817651, 30.365174,1.034818,2.007019,0.003861,0.701731, 1.001485, 4.433727, 0.830279, 37.010717,1.034818,2.007019,0.003861,0.701731, 1.001485, 4.433727, 0.830279, 37.010717,1.034613,2.147178,0.091976,0.683290, 1.001528, 4.427595, 0.830156, 36.055414,1.034613,1.709956,0.087345,0.577970, 1.001344, 4.438526, 0.673540, 30.021057,1.034613,1.704075,0.087341,0.576442, 1.001342, 4.438647, 0.671374, 29.933488
  1.1450,1.031032,2.027416,0.638103,0.515895, 1.001973, 4.376239, 0.828369, 30.893483,1.031032,2.027416,0.638103,0.515895, 1.001973, 4.376239, 0.828369, 30.893483,1.031032,1.997087,0.636976,0.509300, 1.001961, 4.376997, 0.817157, 30.515632,1.038484,2.019473,0.007574,0.704525, 1.001479, 4.450641, 0.829889, 37.120642,1.038484,2.019473,0.007574,0.704525, 1.001479, 4.450641, 0.829889, 37.120642,1.038277,2.160351,0.095772,0.686166, 1.001523, 4.444553, 0.829757, 36.169861,1.038277,1.716476,0.089235,0.580504, 1.001344, 4.455826, 0.673183, 30.115866,1.038277,1.710515,0.089201,0.578972, 1.001342, 4.455952, 0.671018, 30.028084
  1.1500,1.034384,2.040608,0.641819,0.519615, 1.001972, 4.391940, 0.827864, 31.021406,1.034384,2.040608,0.641819,0.519615, 1.001972, 4.391940, 0.827864, 31.021406,1.034384,2.009876,0.640602,0.512997, 1.001961, 4.392719, 0.816656, 30.642249,1.041925,2.030870,0.010835,0.707306, 1.001472, 4.466369, 0.829494, 37.205568,1.041925,2.030870,0.010835,0.707306, 1.001472, 4.466369, 0.829494, 37.205568,1.041716,2.172442,0.099129,0.689032, 1.001517, 4.460317, 0.829351, 36.259399,1.041716,1.722553,0.091040,0.583036, 1.001343, 4.471883, 0.672821, 30.186307,1.041716,1.716519,0.090982,0.581501, 1.001341, 4.472012, 0.670656, 30.098316
  1.1550,1.037547,2.053030,0.645245,0.523331, 1.001970, 4.406571, 0.827352, 31.129269,1.037547,2.053030,0.645245,0.523331, 1.001970, 4.406571, 0.827352, 31.129269,1.037547,2.021926,0.643954,0.516691, 1.001959, 4.407369, 0.816147, 30.748844,1.045174,2.041359,0.013722,0.710072, 1.001463, 4.481089, 0.829094, 37.269389,1.045174,2.041359,0.013722,0.710072, 1.001463, 4.481089, 0.829094, 37.269389,1.044964,2.183605,0.102121,0.691884, 1.001509, 4.475064, 0.828941, 36.327921,1.044964,1.728257,0.092776,0.585566, 1.001341, 4.486880, 0.672454, 30.236330,1.044964,1.722157,0.092698,0.584026, 1.001339, 4.487013, 0.670290, 30.148138
  1.1600,1.040548,2.064794,0.648424,0.527042, 1.001966, 4.420292, 0.826835, 31.220276,1.040548,2.064794,0.648424,0.527042, 1.001966, 4.420292, 0.826835, 31.220276,1.040548,2.033345,0.647075,0.520381, 1.001955, 4.421106, 0.815632, 30.838624,1.048260,2.051069,0.016300,0.712822, 1.001453, 4.494954, 0.828690, 37.315396,1.048260,2.051069,0.016300,0.712822, 1.001453, 4.494954, 0.828690, 37.315396,1.048048,2.193971,0.104812,0.694720, 1.001500, 4.488947, 0.828527, 36.378716,1.048048,1.733651,0.094457,0.588091, 1.001338, 4.500976, 0.672084, 30.269279,1.048048,1.727492,0.094364,0.586548, 1.001336, 4.501111, 0.669920, 30.180891
  1.1650,1.043404,2.076000,0.651403,0.530744, 1.001962, 4.433235, 0.826312, 31.297261,1.043404,2.076000,0.651403,0.530744, 1.001962, 4.433235, 0.826312, 31.297261,1.043404,2.044232,0.650007,0.524062, 1.001951, 4.434064, 0.815113, 30.914429,1.051186,2.060118,0.018649,0.715552, 1.001443, 4.492620, 0.828283, 37.346708,1.051186,2.060118,0.018649,0.715552, 1.001443, 4.492620, 0.828283, 37.346708,1.050973,2.203661,0.107279,0.697539, 1.001490, 4.502089, 0.828109, 36.414894,1.050973,1.738795,0.096125,0.590610, 1.001335, 4.470058, 0.671710, 30.288310,1.050973,1.732582,0.096020,0.589064, 1.001333, 4.468664, 0.669547, 30.199734
  1.1700,1.046117,2.086767,0.654307,0.534436, 1.001955, 4.445480, 0.825785, 31.363036,1.046117,2.086767,0.654307,0.534436, 1.001955, 4.445480, 0.825785, 31.363036,1.046117,2.054701,0.652875,0.527735, 1.001945, 4.446320, 0.814589, 30.979071,1.053925,2.068583,0.020918,0.718261, 1.001431, 4.248504, 0.827874, 37.367035,1.053925,2.068583,0.020918,0.718261, 1.001431, 4.248504, 0.827874, 37.367035,1.053713,2.212859,0.109808,0.700339, 1.001479, 4.339570, 0.827690, 36.440157,1.053713,1.743611,0.097681,0.593123, 1.001331, 4.224982, 0.671335, 30.297174,1.053713,1.737342,0.097556,0.591574, 1.001330, 4.223588, 0.669172, 30.208418
  1.1750,1.048702,2.097291,0.657391,0.538115, 1.001948, 4.457025, 0.825256, 31.419533,1.048702,2.097291,0.657391,0.538115, 1.001948, 4.457025, 0.825256, 31.419533,1.048702,2.064947,0.655933,0.531395, 1.001938, 4.457876, 0.814062, 31.034486,1.056490,2.075721,0.022237,0.720947, 1.001419, 4.021281, 0.827463, 37.378405,1.056490,2.075721,0.022237,0.720947, 1.001419, 4.021281, 0.827463, 37.378405,1.056279,2.221069,0.111825,0.703116, 1.001468, 4.111540, 0.827268, 36.456532,1.056279,1.747568,0.098257,0.595629, 1.001327, 3.996952, 0.670957, 30.297941,1.056279,1.741249,0.098113,0.594077, 1.001326, 3.995558, 0.668795, 30.209014
  1.1800,1.051175,2.107647,0.660700,0.541780, 1.001939, 4.467947, 0.824724, 31.468280,1.051175,2.107647,0.660700,0.541780, 1.001939, 4.467947, 0.824724, 31.468280,1.051175,2.075043,0.659224,0.535041, 1.001930, 4.468808, 0.813533, 31.082206,1.058898,2.081683,0.022707,0.723610, 1.001406, 3.809449, 0.827053, 37.382363,1.058898,2.081683,0.022707,0.723610, 1.001406, 3.809449, 0.827053, 37.382363,1.058689,2.228069,0.112933,0.705872, 1.001455, 3.899025, 0.826847, 36.465556,1.058689,1.750763,0.097968,0.598126, 1.001322, 3.784436, 0.670578, 30.292190,1.058689,1.744401,0.097805,0.596571, 1.001321, 3.783042, 0.668416, 30.203101
  1.1850,1.053547,2.117878,0.664246,0.545427, 1.001930, 4.478321, 0.824191, 31.510540,1.053547,2.117878,0.664246,0.545427, 1.001930, 4.478321, 0.824191, 31.510540,1.053547,2.085028,0.662761,0.538671, 1.001921, 4.479188, 0.813003, 31.123495,1.061164,2.086564,0.022363,0.726247, 1.001392, 3.611634, 0.826642, 37.380188,1.061164,2.086564,0.022363,0.726247, 1.001392, 3.611634, 0.826642, 37.380188,1.060956,2.233954,0.113168,0.708603, 1.001442, 3.700627, 0.826425, 36.468504,1.060956,1.753251,0.096851,0.600614, 1.001318, 3.586038, 0.670198, 30.281232,1.060956,1.746851,0.096670,0.599057, 1.001316, 3.584644, 0.668037, 30.191990
  1.1900,1.055830,2.128018,0.668032,0.549054, 1.001919, 4.488206, 0.823657, 31.547363,1.055830,2.128018,0.668032,0.549054, 1.001919, 4.488206, 0.823657, 31.547363,1.055830,2.094936,0.666546,0.542283, 1.001911, 4.489080, 0.812472, 31.159408,1.063300,2.090445,0.021240,0.728858, 1.001378, 3.426578, 0.826232, 37.372956,1.063300,2.090445,0.021240,0.728858, 1.001378, 3.426578, 0.826232, 37.372956,1.063096,2.238805,0.112565,0.711308, 1.001429, 3.515065, 0.826004, 36.466443,1.063096,1.755082,0.094937,0.603093, 1.001312, 3.400477, 0.669818, 30.266167,1.063096,1.748648,0.094740,0.601533, 1.001311, 3.399083, 0.667658, 30.176781
  1.1950,1.058035,2.138092,0.672063,0.552660, 1.001907, 4.497657, 0.823123, 31.579622,1.058035,2.138092,0.672063,0.552660, 1.001907, 4.497657, 0.823123, 31.579622,1.058035,2.104792,0.670583,0.545874, 1.001899, 4.498536, 0.811941, 31.190817,1.065319,2.093399,0.019374,0.731442, 1.001363, 3.253125, 0.825824, 37.361570,1.065319,2.093399,0.019374,0.731442, 1.001363, 3.253125, 0.825824, 37.361570,1.065117,2.242694,0.111160,0.713988, 1.001414, 3.341170, 0.825584, 36.460268,1.065117,1.756301,0.092263,0.605562, 1.001307, 3.226582, 0.669439, 30.247917,1.065117,1.749838,0.092049,0.604000, 1.001306, 3.225188, 0.667278, 30.158398
  1.2000,1.060168,2.148122,0.676338,0.556242, 1.001893, 4.506719, 0.822591, 31.608037,1.060168,2.148122,0.676338,0.556242, 1.001893, 4.506719, 0.822591, 31.608037,1.060168,2.114615,0.674870,0.549442, 1.001886, 4.507603, 0.811411, 31.218448,1.067229,2.095492,0.016801,0.733998, 1.001349, 3.090224, 0.825418, 37.346789,1.067229,2.095492,0.016801,0.733998, 1.001349, 3.090224, 0.825418, 37.346789,1.067032,2.245685,0.108990,0.716641, 1.001400, 3.177875, 0.825166, 36.450733,1.067032,1.756954,0.088864,0.608021, 1.001302, 3.063287, 0.669060, 30.227262,1.067032,1.750465,0.088634,0.606456, 1.001300, 3.061893, 0.666900, 30.137619
  1.2050,1.062212,2.158123,0.680854,0.559798, 1.001879, 4.370320, 0.822060, 31.633808,1.062212,2.158123,0.680854,0.559798, 1.001879, 4.370320, 0.822060, 31.633808,1.062212,2.124421,0.679405,0.552986, 1.001873, 4.363575, 0.810883, 31.243501,1.069032,2.096783,0.013557,0.736526, 1.001334, 2.936918, 0.825015, 37.329449,1.069032,2.096783,0.013557,0.736526, 1.001334, 2.936918, 0.825015, 37.329449,1.068839,2.247839,0.106091,0.719266, 1.001385, 3.024211, 0.824751, 36.438659,1.068839,1.757083,0.084774,0.610469, 1.001296, 2.909623, 0.668683, 30.205044,1.068839,1.750573,0.084529,0.608902, 1.001295, 2.908229, 0.666523, 30.115289
  1.2100,1.064170,2.167596,0.684873,0.563326, 1.001864, 4.217434, 0.821531, 31.657408,1.064170,2.167596,0.684873,0.563326, 1.001864, 4.217434, 0.821531, 31.657408,1.064170,2.133685,0.683392,0.556502, 1.001858, 4.210690, 0.810357, 31.266450,1.070733,2.097370,0.009787,0.739026, 1.001319, 2.792373, 0.824615, 37.310043,1.070733,2.097370,0.009787,0.739026, 1.001319, 2.792373, 0.824615, 37.310043,1.070545,2.249255,0.102614,0.721863, 1.001370, 2.879334, 0.824339, 36.424533,1.070545,1.756772,0.080149,0.612906, 1.001290, 2.764746, 0.668307, 30.181770,1.070545,1.750243,0.079889,0.611338, 1.001289, 2.763352, 0.666147, 30.091913
  1.2150,1.066047,2.176471,0.688292,0.566824, 1.001847, 4.072236, 0.821006, 31.679203,1.066047,2.176471,0.688292,0.566824, 1.001847, 4.072236, 0.821006, 31.679203,1.066047,2.142368,0.686778,0.559990, 1.001842, 4.065492, 0.809834, 31.287666,1.072338,2.097301,0.005539,0.741497, 1.001303, 2.655872, 0.824218, 37.288994,1.072338,2.097301,0.005539,0.741497, 1.001303, 2.655872, 0.824218, 37.288994,1.072157,2.249982,0.098612,0.724432, 1.001355, 2.742517, 0.823931, 36.408769,1.072157,1.756053,0.075045,0.615333, 1.001285, 2.627928, 0.667933, 30.157868,1.072157,1.749509,0.074772,0.613763, 1.001284, 2.626535, 0.665774, 30.067920
  1.2200,1.067847,2.184765,0.691121,0.570290, 1.001830, 3.934018, 0.820484, 31.699488,1.067847,2.184765,0.691121,0.570290, 1.001830, 3.934018, 0.820484, 31.699488,1.067847,2.150487,0.689577,0.563448, 1.001826, 3.927273, 0.809315, 31.307445,1.073854,2.096622,0.000847,0.743940, 1.001288, 2.526769, 0.823826, 37.266662,1.073854,2.096622,0.000847,0.743940, 1.001288, 2.526769, 0.823826, 37.266662,1.073679,2.250065,0.094119,0.726972, 1.001340, 2.613107, 0.823527, 36.391719,1.073679,1.754959,0.069498,0.617749, 1.001279, 2.498518, 0.667561, 30.133702,1.073679,1.748404,0.069211,0.616178, 1.001278, 2.497125, 0.665402, 30.043675
  1.2250,1.069574,2.192493,0.693369,0.573723, 1.001812, 3.802152, 0.819967, 31.718526,1.069574,2.192493,0.693369,0.573723, 1.001812, 3.802152, 0.819967, 31.718526,1.069574,2.158058,0.691795,0.566873, 1.001808, 3.795407, 0.808800, 31.326051,1.075285,2.095379,-0.004263,0.746354, 1.001273, 2.404481, 0.823439, 37.243365,1.075285,2.095379,-0.004263,0.746354, 1.001273, 2.404481, 0.823439, 37.243365,1.075117,2.249550,0.089162,0.729484, 1.001325, 2.490514, 0.823127, 36.373693,1.075117,1.753523,0.063538,0.620155, 1.001273, 2.375926, 0.667192, 30.109593,1.075117,1.746959,0.063238,0.618582, 1.001273, 2.374532, 0.665034, 30.019497
  1.2300,1.071222,2.199674,0.695055,0.577121, 1.001793, 3.676087, 0.819455, 31.736681,1.071222,2.199674,0.695055,0.577121, 1.001793, 3.676087, 0.819455, 31.736681,1.071222,2.165098,0.693453,0.570265, 1.001790, 3.669342, 0.808289, 31.343850,1.076631,2.093615,-0.009758,0.748740, 1.001258, 2.288484, 0.823056, 37.219456,1.076631,2.093615,-0.009758,0.748740, 1.001258, 2.288484, 0.823056, 37.219456,1.076471,2.248480,0.083778,0.731967, 1.001310, 2.374210, 0.822733, 36.355036,1.076471,1.751779,0.057202,0.622550, 1.001268, 2.259621, 0.666826, 30.085894,1.076471,1.745209,0.056889,0.620976, 1.001268, 2.258228, 0.664668, 29.995740
  1.2350,1.072779,2.206361,0.696300,0.580482, 1.001773, 3.555370, 0.818948, 31.754354,1.072779,2.206361,0.696300,0.580482, 1.001773, 3.555370, 0.818948, 31.754354,1.072779,2.171661,0.694671,0.573621, 1.001771, 3.548626, 0.807784, 31.361244,1.077885,2.091388,-0.015549,0.751098, 1.001244, 2.178325, 0.822679, 37.195321,1.077885,2.091388,-0.015549,0.751098, 1.001244, 2.178325, 0.822679, 37.195321,1.077733,2.246916,0.078061,0.734422, 1.001295, 2.263737, 0.822343, 36.336133,1.077733,1.749777,0.050589,0.624935, 1.001263, 2.149148, 0.666463, 30.062993,1.077733,1.743203,0.050265,0.623360, 1.001262, 2.147754, 0.664305, 29.972793
  1.2400,1.074245,2.212623,0.697305,0.583805, 1.001753, 3.439689, 0.818447, 31.771580,1.074245,2.212623,0.697305,0.583805, 1.001753, 3.439689, 0.818447, 31.771580,1.074245,2.177816,0.695653,0.576941, 1.001751, 3.432945, 0.807285, 31.378270,1.079047,2.088775,-0.021465,0.753428, 1.001229, 2.073658, 0.822307, 37.171064,1.079047,2.088775,-0.021465,0.753428, 1.001229, 2.073658, 0.822307, 37.171064,1.078902,2.244939,0.072198,0.736848, 1.001280, 2.158748, 0.821960, 36.317079,1.078902,1.747590,0.043896,0.627310, 1.001257, 2.044159, 0.666103, 30.040988,1.078902,1.741014,0.043561,0.625735, 1.001257, 2.042766, 0.663946, 29.950752
  1.2450,1.075620,2.218467,0.698123,0.587089, 1.001731, 3.328832, 0.817953, 31.788378,1.075620,2.218467,0.698123,0.587089, 1.001731, 3.328832, 0.817953, 31.788378,1.075620,2.183569,0.696452,0.580222, 1.001731, 3.322087, 0.806792, 31.394946,1.080118,2.085804,-0.027451,0.755731, 1.001215, 1.974222, 0.821942, 37.146772,1.080118,2.085804,-0.027451,0.755731, 1.001215, 1.974222, 0.821942, 37.146772,1.079981,2.242578,0.066251,0.739247, 1.001265, 2.058983, 0.821582, 36.297953,1.079981,1.745234,0.037191,0.629675, 1.001252, 1.944395, 0.665747, 30.019956,1.079981,1.738660,0.036846,0.628100, 1.001252, 1.943001, 0.663590, 29.929696
  1.2500,1.076904,2.223904,0.698779,0.590332, 1.001710, 3.222621, 0.817465, 31.804760,1.076904,2.223904,0.698779,0.590332, 1.001710, 3.222621, 0.817465, 31.804760,1.076904,2.188931,0.697092,0.583465, 1.001710, 3.215877, 0.806306, 31.411287,1.081101,2.082507,-0.033477,0.758007, 1.001201, 1.879793, 0.821583, 37.122522,1.081101,2.082507,-0.033477,0.758007, 1.001201, 1.879793, 0.821583, 37.122522,1.080972,2.239862,0.060250,0.741618, 1.001251, 1.964217, 0.821210, 36.278824,1.080972,1.742733,0.030510,0.632031, 1.001247, 1.849628, 0.665395, 29.999966,1.080972,1.736162,0.030154,0.630455, 1.001247, 1.848235, 0.663238, 29.909694
  1.2550,1.078100,2.228945,0.699298,0.593534, 1.001687, 3.120910, 0.816986, 31.820706,1.078100,2.228945,0.699298,0.593534, 1.001687, 3.120910, 0.816986, 31.820706,1.078100,2.193913,0.697601,0.586667, 1.001688, 3.114165, 0.805828, 31.427273,1.081998,2.078914,-0.039515,0.760256, 1.001187, 1.790171, 0.821230, 37.098372,1.081998,2.078914,-0.039515,0.760256, 1.001187, 1.790171, 0.821230, 37.098372,1.081877,2.236824,0.054225,0.743961, 1.001236, 1.874251, 0.820845, 36.259741,1.081877,1.740108,0.023885,0.634378, 1.001243, 1.759662, 0.665047, 29.981061,1.081877,1.733543,0.023521,0.632802, 1.001243, 1.758268, 0.662890, 29.890787
  1.2600,1.079209,2.233598,0.699692,0.596693, 1.001664, 3.023567, 0.816514, 31.836204,1.079209,2.233598,0.699692,0.596693, 1.001664, 3.023567, 0.816514, 31.836204,1.079209,2.198524,0.697989,0.589829, 1.001666, 3.016822, 0.805357, 31.442892,1.082812,2.075051,-0.045549,0.762481, 1.001173, 1.705174, 0.820884, 37.074384,1.082812,2.075051,-0.045549,0.762481, 1.001173, 1.705174, 0.820884, 37.074384,1.082699,2.233488,0.048194,0.746278, 1.001222, 1.788905, 0.820487, 36.240759,1.082699,1.737378,0.017338,0.636716, 1.001238, 1.674317, 0.664703, 29.963290,1.082699,1.730820,0.016966,0.635140, 1.001238, 1.672923, 0.662547, 29.873025
  1.2650,1.080235,2.237875,0.699966,0.599808, 1.001641, 2.930473, 0.816050, 31.851245,1.080235,2.237875,0.699966,0.599808, 1.001641, 2.930473, 0.816050, 31.851245,1.080235,2.202773,0.698262,0.592947, 1.001643, 2.923729, 0.804894, 31.458136,1.083546,2.070946,-0.051565,0.764680, 1.001160, 1.624638, 0.820544, 37.050625,1.083546,2.070946,-0.051565,0.764680, 1.001160, 1.624638, 0.820544, 37.050625,1.083441,2.229884,0.042172,0.748569, 1.001208, 1.708014, 0.820136, 36.221935,1.083441,1.734563,0.010884,0.639045, 1.001234, 1.593426, 0.664363, 29.946700,1.083441,1.728015,0.010505,0.637470, 1.001234, 1.592032, 0.662207, 29.856456
  1.2700,1.081179,2.241787,0.700128,0.602879, 1.001617, 2.841516, 0.815595, 31.865822,1.081179,2.241787,0.700128,0.602879, 1.001617, 2.841516, 0.815595, 31.865822,1.081179,2.206674,0.698427,0.596023, 1.001620, 2.834771, 0.804440, 31.472997,1.084204,2.066626,-0.057549,0.766855, 1.001148, 1.548403, 0.820212, 37.027160,1.084204,2.066626,-0.057549,0.766855, 1.001148, 1.548403, 0.820212, 37.027160,1.084106,2.226038,0.036172,0.750834, 1.001195, 1.631422, 0.819791, 36.203327,1.084106,1.731684,0.004536,0.641367, 1.001230, 1.516833, 0.664028, 29.931341,1.084106,1.725147,0.004152,0.639792, 1.001230, 1.515439, 0.661872, 29.841127
  1.2750,1.082045,2.245346,0.700183,0.605904, 1.001593, 2.756587, 0.815150, 31.879929,1.082045,2.245346,0.700183,0.605904, 1.001593, 2.756587, 0.815150, 31.879929,1.082045,2.210237,0.698492,0.599054, 1.001596, 2.749842, 0.803995, 31.487469,1.084787,2.062118,-0.063492,0.769007, 1.001135, 1.476322, 0.819886, 37.004060,1.084787,2.062118,-0.063492,0.769007, 1.001135, 1.476322, 0.819886, 37.004060,1.084697,2.221978,0.030205,0.753073, 1.001182, 1.558979, 0.819454, 36.184998,1.084697,1.728761,-0.001692,0.643681, 1.001226, 1.444390, 0.663697, 29.917259,1.084697,1.722236,-0.002081,0.642107, 1.001226, 1.442997, 0.661541, 29.827088
  1.2800,1.082834,2.248564,0.700138,0.608882, 1.001568, 2.675580, 0.814713, 31.893564,1.082834,2.248564,0.700138,0.608882, 1.001568, 2.675580, 0.814713, 31.893564,1.082834,2.213475,0.698460,0.602040, 1.001572, 2.668835, 0.803558, 31.501552,1.085300,2.057447,-0.069381,0.771136, 1.001124, 1.408252, 0.819568, 36.981394,1.085300,2.057447,-0.069381,0.771136, 1.001124, 1.408252, 0.819568, 36.981394,1.085217,2.217731,0.024284,0.755289, 1.001169, 1.490544, 0.819124, 36.167009,1.085217,1.725811,-0.007792,0.645987, 1.001222, 1.375955, 0.663371, 29.904505,1.085217,1.719300,-0.008185,0.644415, 1.001223, 1.374562, 0.661215, 29.814386
  1.2850,1.083550,2.251455,0.699998,0.611814, 1.001543, 2.598393, 0.814287, 31.906728,1.083550,2.251455,0.699998,0.611814, 1.001543, 2.598393, 0.814287, 31.906728,1.083550,2.216400,0.698339,0.604981, 1.001548, 2.591649, 0.803132, 31.515243,1.085744,2.052640,-0.075208,0.773243, 1.001112, 1.344053, 0.819257, 36.959236,1.085744,2.052640,-0.075208,0.773243, 1.001112, 1.344053, 0.819257, 36.959236,1.085670,2.213321,0.018417,0.757480, 1.001157, 1.425979, 0.818802, 36.149426,1.085670,1.722854,-0.013753,0.648287, 1.001218, 1.311390, 0.663050, 29.893127,1.085670,1.716358,-0.014149,0.646716, 1.001219, 1.309997, 0.660893, 29.803070
  1.2900,1.084196,2.254031,0.699769,0.614698, 1.001517, 2.524924, 0.813870, 31.919424,1.084196,2.254031,0.699769,0.614698, 1.001517, 2.524924, 0.813870, 31.919424,1.084196,2.219025,0.698134,0.607876, 1.001523, 2.518180, 0.802715, 31.528547,1.086124,2.047722,-0.080962,0.775329, 1.001101, 1.283591, 0.818953, 36.937660,1.086124,2.047722,-0.080962,0.775329, 1.001101, 1.283591, 0.818953, 36.937660,1.086057,2.208775,0.012615,0.759649, 1.001145, 1.365150, 0.818487, 36.132315,1.086057,1.719905,-0.019569,0.650581, 1.001215, 1.250562, 0.662733, 29.883174,1.086057,1.713427,-0.019966,0.649010, 1.001216, 1.249168, 0.660577, 29.793189
  1.2950,1.084773,2.256305,0.699456,0.617533, 1.001491, 2.455072, 0.813464, 31.931656,1.084773,2.256305,0.699456,0.617533, 1.001491, 2.455072, 0.813464, 31.931656,1.084773,2.221364,0.697850,0.610723, 1.001498, 2.448327, 0.802308, 31.541466,1.086443,2.042716,-0.086637,0.777395, 1.001091, 1.226735, 0.818657, 36.916740,1.086443,2.042716,-0.086637,0.777395, 1.001091, 1.226735, 0.818657, 36.916740,1.086382,2.204117,0.006886,0.761795, 1.001133, 1.307927, 0.818179, 36.115744,1.086382,1.716983,-0.025231,0.652868, 1.001212, 1.193339, 0.662421, 29.874694,1.086382,1.710523,-0.025630,0.651299, 1.001213, 1.191945, 0.660264, 29.784793
  1.3000,1.085286,2.258292,0.699064,0.620320, 1.001465, 2.388733, 0.813068, 31.943432,1.085286,2.258292,0.699064,0.620320, 1.001465, 2.388733, 0.813068, 31.943432,1.085286,2.223428,0.697493,0.613523, 1.001473, 2.381988, 0.801912, 31.554008,1.086702,2.037647,-0.092224,0.779441, 1.001081, 1.173356, 0.818367, 36.896552,1.086702,2.037647,-0.092224,0.779441, 1.001081, 1.173356, 0.818367, 36.896552,1.086649,2.199371,0.001238,0.763920, 1.001122, 1.254181, 0.817879, 36.099782,1.086649,1.714102,-0.030734,0.655150, 1.001209, 1.139592, 0.662113, 29.867737,1.086649,1.707662,-0.031133,0.653583, 1.001210, 1.138198, 0.659957, 29.777927
  1.3050,1.085736,2.260004,0.698599,0.623057, 1.001439, 2.325807, 0.812682, 31.954762,1.085736,2.260004,0.698599,0.623057, 1.001439, 2.325807, 0.812682, 31.954762,1.085736,2.225231,0.697066,0.616275, 1.001447, 2.319063, 0.801525, 31.566182,1.086906,2.032536,-0.097716,0.781469, 1.001071, 1.123326, 0.818085, 36.877174,1.086906,2.032536,-0.097716,0.781469, 1.001071, 1.123326, 0.818085, 36.877174,1.086859,2.194561,-0.004322,0.766023, 1.001111, 1.203785, 0.817587, 36.084499,1.086859,1.711278,-0.036074,0.657426, 1.001206, 1.089196, 0.661811, 29.862349,1.086859,1.704859,-0.036472,0.655861, 1.001207, 1.087802, 0.659654, 29.772642
  1.3100,1.086127,2.261455,0.698065,0.625745, 1.001413, 2.266192, 0.812308, 31.965658,1.086127,2.261455,0.698065,0.625745, 1.001413, 2.266192, 0.812308, 31.965658,1.086127,2.226786,0.696576,0.618979, 1.001421, 2.259448, 0.801150, 31.577997,1.087057,2.027405,-0.103107,0.783480, 1.001062, 1.076520, 0.817811, 36.858682,1.087057,2.027405,-0.103107,0.783480, 1.001062, 1.076520, 0.817811, 36.858682,1.087017,2.189708,-0.009787,0.768107, 1.001100, 1.156614, 0.817302, 36.069963,1.087017,1.708525,-0.041245,0.659698, 1.001204, 1.042025, 0.661513, 29.858578,1.087017,1.702127,-0.041642,0.658134, 1.001205, 1.040632, 0.659356, 29.768981
  1.3150,1.086461,2.262657,0.697467,0.628382, 1.001386, 2.209785, 0.811945, 31.976132,1.086461,2.262657,0.697467,0.628382, 1.001386, 2.209785, 0.811945, 31.976132,1.086461,2.228106,0.696026,0.621634, 1.001395, 2.203040, 0.800786, 31.589465,1.087158,2.022276,-0.108390,0.785474, 1.001054, 1.032815, 0.817543, 36.841152,1.087158,2.022276,-0.108390,0.785474, 1.001054, 1.032815, 0.817543, 36.841152,1.087125,2.184834,-0.015151,0.770172, 1.001090, 1.112545, 0.817025, 36.056246,1.087125,1.705856,-0.046246,0.661965, 1.001202, 0.997957, 0.661220, 29.856468,1.087125,1.699481,-0.046640,0.660403, 1.001203, 0.996563, 0.659063, 29.766992
  1.3200,1.086741,2.263625,0.696809,0.630969, 1.001359, 2.156483, 0.811593, 31.986198,1.086741,2.263625,0.696809,0.630969, 1.001359, 2.156483, 0.811593, 31.986198,1.086741,2.229204,0.695421,0.624239, 1.001369, 2.149739, 0.800432, 31.600600,1.087212,2.017169,-0.113560,0.787453, 1.001046, 0.992087, 0.817283, 36.824661,1.087212,2.017169,-0.113560,0.787453, 1.001046, 0.992087, 0.817283, 36.824661,1.087185,2.179960,-0.020409,0.772217, 1.001081, 1.071457, 0.816755, 36.043417,1.087185,1.703284,-0.051072,0.664228, 1.001199, 0.956869, 0.660932, 29.856065,1.087185,1.696932,-0.051464,0.662668, 1.001201, 0.955475, 0.658775, 29.766718
  1.3250,1.086969,2.264372,0.696097,0.633506, 1.001332, 2.106184, 0.811253, 31.995874,1.086969,2.264372,0.696097,0.633506, 1.001332, 2.106184, 0.811253, 31.995874,1.086969,2.230091,0.694765,0.626796, 1.001343, 2.099439, 0.800090, 31.611415,1.087222,2.012103,-0.118612,0.789416, 1.001038, 0.954217, 0.817029, 36.809282,1.087222,2.012103,-0.118612,0.789416, 1.001038, 0.954217, 0.817029, 36.809282,1.087201,2.175107,-0.025554,0.774246, 1.001072, 1.033229, 0.816492, 36.031544,1.087201,1.700820,-0.055721,0.666487, 1.001197, 0.918640, 0.660648, 29.857411,1.087201,1.694493,-0.056110,0.664930, 1.001199, 0.917247, 0.658491, 29.768202
  1.3300,1.087148,2.264909,0.695334,0.635991, 1.001305, 2.058784, 0.810924, 32.005176,1.087148,2.264909,0.695334,0.635991, 1.001305, 2.058784, 0.810924, 32.005176,1.087148,2.230781,0.694063,0.629302, 1.001317, 2.052040, 0.799759, 31.621926,1.087190,2.007096,-0.123542,0.791366, 1.001031, 0.919084, 0.816783, 36.795090,1.087190,2.007096,-0.123542,0.791366, 1.001031, 0.919084, 0.816783, 36.795090,1.087175,2.170291,-0.030584,0.776257, 1.001063, 0.997742, 0.816237, 36.020697,1.087175,1.698476,-0.060193,0.668742, 1.001196, 0.883153, 0.660369, 29.860547,1.087175,1.692173,-0.060577,0.667188, 1.001197, 0.881760, 0.658212, 29.771483
  1.3350,1.087282,2.265249,0.694524,0.638425, 1.001278, 2.014181, 0.810607, 32.014121,1.087282,2.265249,0.694524,0.638425, 1.001278, 2.014181, 0.810607, 32.014121,1.087282,2.231286,0.693318,0.631759, 1.001290, 2.007437, 0.799440, 31.632149,1.087119,2.002166,-0.128346,0.793303, 1.001024, 0.886572, 0.816543, 36.782158,1.087119,2.002166,-0.128346,0.793303, 1.001024, 0.886572, 0.816543, 36.782158,1.087109,2.165533,-0.035492,0.778252, 1.001054, 0.964879, 0.815989, 36.010941,1.087109,1.696261,-0.064487,0.670994, 1.001194, 0.850290, 0.660095, 29.865511,1.087109,1.689984,-0.064866,0.669442, 1.001195, 0.848896, 0.657938, 29.776600
  1.3400,1.087371,2.265406,0.693672,0.640808, 1.001251, 1.972273, 0.810301, 32.022728,1.087371,2.265406,0.693672,0.640808, 1.001251, 1.972273, 0.810301, 32.022728,1.087371,2.231616,0.692534,0.634165, 1.001263, 1.965528, 0.799132, 31.642100,1.087011,1.997329,-0.133019,0.795227, 1.001018, 0.856564, 0.816310, 36.770555,1.087011,1.997329,-0.133019,0.795227, 1.001018, 0.856564, 0.816310, 36.770555,1.087007,2.160848,-0.040276,0.780232, 1.001046, 0.934524, 0.815748, 36.002341,1.087007,1.694186,-0.068600,0.673243, 1.001192, 0.819935, 0.659826, 29.872340,1.087007,1.687935,-0.068974,0.671694, 1.001194, 0.818542, 0.657668, 29.783591
  1.3450,1.087419,2.265391,0.692781,0.643140, 1.001223, 1.932957, 0.810007, 32.031016,1.087419,2.265391,0.692781,0.643140, 1.001223, 1.932957, 0.810007, 32.031016,1.087419,2.231785,0.691715,0.636521, 1.001237, 1.926212, 0.798836, 31.651796,1.086869,1.992601,-0.137558,0.797140, 1.001012, 0.828946, 0.816084, 36.760352,1.086869,1.992601,-0.137558,0.797140, 1.001012, 0.828946, 0.816084, 36.760352,1.086871,2.156253,-0.044933,0.782196, 1.001039, 0.906564, 0.815514, 35.994963,1.086871,1.692259,-0.072535,0.675489, 1.001191, 0.791975, 0.659561, 29.881068,1.086871,1.686034,-0.072902,0.673943, 1.001192, 0.790582, 0.657403, 29.792488
  1.3500,1.087428,2.265215,0.691856,0.645420, 1.001196, 1.896134, 0.809726, 32.039005,1.087428,2.265215,0.691856,0.645420, 1.001196, 1.896134, 0.809726, 32.039005,1.087428,2.231802,0.690864,0.638827, 1.001210, 1.889389, 0.798552, 31.661254,1.086696,1.987997,-0.141961,0.799043, 1.001007, 0.803606, 0.815865, 36.751613,1.086696,1.987997,-0.141961,0.799043, 1.001007, 0.803606, 0.815865, 36.751613,1.086703,2.151763,-0.049458,0.784147, 1.001032, 0.880887, 0.815288, 35.988867,1.086703,1.690487,-0.076290,0.677732, 1.001190, 0.766298, 0.659301, 29.891727,1.086703,1.684289,-0.076651,0.676189, 1.001191, 0.764905, 0.657142, 29.803323
  1.3550,1.087399,2.264889,0.690898,0.647649, 1.001169, 1.861702, 0.809456, 32.046713,1.087399,2.264889,0.690898,0.647649, 1.001169, 1.861702, 0.809456, 32.046713,1.087399,2.231678,0.689985,0.641083, 1.001183, 1.854957, 0.798279, 31.670491,1.086493,1.983529,-0.146225,0.800936, 1.001002, 0.780435, 0.815652, 36.744403,1.086493,1.983529,-0.146225,0.800936, 1.001002, 0.780435, 0.815652, 36.744403,1.086506,2.147393,-0.053850,0.786085, 1.001025, 0.857383, 0.815068, 35.984114,1.086506,1.688879,-0.079866,0.679973, 1.001188, 0.742795, 0.659045, 29.904347,1.086506,1.682708,-0.080220,0.678433, 1.001190, 0.741401, 0.656886, 29.816125
  1.3600,1.087337,2.264426,0.689913,0.649827, 1.001142, 1.829564, 0.809198, 32.054160,1.087337,2.264426,0.689913,0.649827, 1.001142, 1.829564, 0.809198, 32.054160,1.087337,2.231425,0.689081,0.643288, 1.001156, 1.822819, 0.798018, 31.679525,1.086264,1.979212,-0.150347,0.802819, 1.000997, 0.759325, 0.815445, 36.738783,1.086264,1.979212,-0.150347,0.802819, 1.000997, 0.759325, 0.815445, 36.738783,1.086281,2.143156,-0.058107,0.788010, 1.001018, 0.835946, 0.814854, 35.980759,1.086281,1.687440,-0.083265,0.682212, 1.001187, 0.721357, 0.658793, 29.918952,1.086281,1.681297,-0.083612,0.680675, 1.001189, 0.719964, 0.656634, 29.830919
  1.3650,1.087242,2.263834,0.688903,0.651953, 1.001114, 1.799623, 0.808952, 32.061367,1.087242,2.263834,0.688903,0.651953, 1.001114, 1.799623, 0.808952, 32.061367,1.087242,2.231051,0.688155,0.645443, 1.001130, 1.792878, 0.797769, 31.688371,1.086009,1.975056,-0.154327,0.804695, 1.000993, 0.740171, 0.815244, 36.734813,1.086009,1.975056,-0.154327,0.804695, 1.000993, 0.740171, 0.815244, 36.734813,1.086030,2.139064,-0.062226,0.789924, 1.001012, 0.816469, 0.814648, 35.978859,1.086030,1.686178,-0.086488,0.684448, 1.001186, 0.701881, 0.658546, 29.935567,1.086030,1.680062,-0.086827,0.682915, 1.001188, 0.700487, 0.656387, 29.847729
  1.3700,1.087116,2.263125,0.687871,0.654027, 1.001087, 1.771782, 0.808718, 32.068351,1.087116,2.263125,0.687871,0.654027, 1.001087, 1.771782, 0.808718, 32.068351,1.087116,2.230567,0.687209,0.647547, 1.001103, 1.765037, 0.797531, 31.697048,1.085731,1.971073,-0.158162,0.806563, 1.000989, 0.722869, 0.815049, 36.732547,1.085731,1.971073,-0.158162,0.806563, 1.000989, 0.722869, 0.815049, 36.732547,1.085757,2.135129,-0.066205,0.791826, 1.001006, 0.798851, 0.814448, 35.978465,1.085757,1.685096,-0.089537,0.686683, 1.001185, 0.684263, 0.658304, 29.954213,1.085757,1.679008,-0.089867,0.685153, 1.001187, 0.682869, 0.656144, 29.866576
  1.3750,1.086962,2.262308,0.686821,0.656050, 1.001060, 1.745948, 0.808496, 32.075131,1.086962,2.262308,0.686821,0.656050, 1.001060, 1.745948, 0.808496, 32.075131,1.086962,2.229981,0.686247,0.649600, 1.001076, 1.739204, 0.797306, 31.705570,1.085432,1.967274,-0.161851,0.808424, 1.000986, 0.707320, 0.814860, 36.732037,1.085432,1.967274,-0.161851,0.808424, 1.000986, 0.707320, 0.814860, 36.732037,1.085463,2.131362,-0.070045,0.793717, 1.001001, 0.782992, 0.814254, 35.979626,1.085463,1.684200,-0.092413,0.688915, 1.001184, 0.668404, 0.658065, 29.974906,1.085463,1.678140,-0.092735,0.687389, 1.001186, 0.667010, 0.655905, 29.887475
  1.3800,1.086782,2.261392,0.685755,0.658023, 1.001033, 1.722030, 0.808287, 32.081726,1.086782,2.261392,0.685755,0.658023, 1.001033, 1.722030, 0.808287, 32.081726,1.086782,2.229303,0.685271,0.651604, 1.001049, 1.715285, 0.797092, 31.713954,1.085114,1.963667,-0.165393,0.810278, 1.000982, 0.693426, 0.814676, 36.733334,1.085114,1.963667,-0.165393,0.810278, 1.000982, 0.693426, 0.814676, 36.733334,1.085149,2.127772,-0.073743,0.795598, 1.000996, 0.768794, 0.814066, 35.982389,1.085149,1.683494,-0.095119,0.691145, 1.001183, 0.654206, 0.657831, 29.997660,1.085149,1.677461,-0.095432,0.689623, 1.001185, 0.652812, 0.655670, 29.910441
  1.3850,1.086576,2.260387,0.684675,0.659944, 1.001006, 1.699937, 0.808089, 32.088154,1.086576,2.260387,0.684675,0.659944, 1.001006, 1.699937, 0.808089, 32.088154,1.086576,2.228541,0.684284,0.653557, 1.001023, 1.693192, 0.796890, 31.722214,1.084778,1.960261,-0.168788,0.812127, 1.000980, 0.681092, 0.814498, 36.736482,1.084778,1.960261,-0.168788,0.812127, 1.000980, 0.681092, 0.814498, 36.736482,1.084817,2.124370,-0.077299,0.797470, 1.000991, 0.756163, 0.813885, 35.986796,1.084817,1.682981,-0.097657,0.693373, 1.001182, 0.641575, 0.657601, 30.022487,1.084817,1.676976,-0.097961,0.691855, 1.001184, 0.640181, 0.655440, 29.935484
  1.3900,1.086348,2.259300,0.683585,0.661814, 1.000979, 1.679582, 0.807903, 32.094431,1.086348,2.259300,0.683585,0.661814, 1.000979, 1.679582, 0.807903, 32.094431,1.086348,2.227702,0.683288,0.655460, 1.000996, 1.672838, 0.796700, 31.730364,1.084427,1.957064,-0.172035,0.813971, 1.000977, 0.670228, 0.814326, 36.741524,1.084427,1.957064,-0.172035,0.813971, 1.000977, 0.670228, 0.814326, 36.741524,1.084469,2.121162,-0.080712,0.799333, 1.000986, 0.745008, 0.813709, 35.992888,1.084469,1.682664,-0.100030,0.695600, 1.001180, 0.630419, 0.657376, 30.049395,1.084469,1.676686,-0.100325,0.694085, 1.001182, 0.629026, 0.655213, 29.962613
  1.3950,1.086099,2.258139,0.682487,0.663633, 1.000952, 1.660880, 0.807729, 32.100574,1.086099,2.258139,0.682487,0.663633, 1.000952, 1.660880, 0.807729, 32.100574,1.086099,2.226794,0.682285,0.657313, 1.000970, 1.654135, 0.796522, 31.738418,1.084061,1.954082,-0.175135,0.815811, 1.000975, 0.660744, 0.814158, 36.748498,1.084061,1.954082,-0.175135,0.815811, 1.000975, 0.660744, 0.814158, 36.748498,1.084108,2.118157,-0.083983,0.801187, 1.000982, 0.735239, 0.813539, 36.000702,1.084108,1.682545,-0.102241,0.697823, 1.001179, 0.620651, 0.657154, 30.078388,1.084108,1.676595,-0.102526,0.696313, 1.001181, 0.619257, 0.654991, 29.991831
  1.4000,1.085830,2.256913,0.681383,0.665402, 1.000925, 1.643747, 0.807566, 32.106599,1.085830,2.256913,0.681383,0.665402, 1.000925, 1.643747, 0.807566, 32.106599,1.085830,2.225825,0.681277,0.659116, 1.000943, 1.637003, 0.796355, 31.746389,1.083683,1.951323,-0.178087,0.817646, 1.000973, 0.652555, 0.813996, 36.757441,1.083683,1.951323,-0.178087,0.817646, 1.000973, 0.652555, 0.813996, 36.757441,1.083733,2.115360,-0.087112,0.803034, 1.000977, 0.726772, 0.813375, 36.010270,1.083733,1.682626,-0.104292,0.700045, 1.001178, 0.612183, 0.656936, 30.109467,1.083733,1.676703,-0.104567,0.698538, 1.001180, 0.610790, 0.654773, 30.023140
  1.4050,1.085542,2.255629,0.680275,0.667121, 1.000899, 1.628104, 0.807416, 32.112520,1.085542,2.255629,0.680275,0.667121, 1.000899, 1.628104, 0.807416, 32.112520,1.085542,2.224800,0.680267,0.660869, 1.000917, 1.621359, 0.796200, 31.754288,1.083294,1.948790,-0.180892,0.819477, 1.000971, 0.645577, 0.813838, 36.768382,1.083294,1.948790,-0.180892,0.819477, 1.000971, 0.645577, 0.813838, 36.768382,1.083347,2.112778,-0.090098,0.804872, 1.000973, 0.719523, 0.813216, 36.021624,1.083347,1.682909,-0.106187,0.702264, 1.001177, 0.604935, 0.656722, 30.142631,1.083347,1.677012,-0.106452,0.700762, 1.001179, 0.603541, 0.654558, 30.056537
  1.4100,1.085238,2.254292,0.679165,0.668790, 1.000872, 1.613872, 0.807277, 32.118351,1.085238,2.254292,0.679165,0.668790, 1.000872, 1.613872, 0.807277, 32.118351,1.085238,2.223727,0.679255,0.662572, 1.000891, 1.607127, 0.796056, 31.762127,1.082895,1.946489,-0.183551,0.821305, 1.000969, 0.639732, 0.813686, 36.781350,1.082895,1.946489,-0.183551,0.821305, 1.000969, 0.639732, 0.813686, 36.781350,1.082951,2.110417,-0.092944,0.806703, 1.000970, 0.713414, 0.813062, 36.034788,1.082951,1.683393,-0.107929,0.704481, 1.001175, 0.598825, 0.656512, 30.177874,1.082951,1.677524,-0.108184,0.702982, 1.001177, 0.597431, 0.654348, 30.092017
  1.4150,1.084919,2.252910,0.678056,0.670408, 1.000846, 1.600975, 0.807149, 32.124104,1.084919,2.252910,0.678056,0.670408, 1.000846, 1.600975, 0.807149, 32.124104,1.084919,2.222610,0.678245,0.664227, 1.000865, 1.594231, 0.795924, 31.769914,1.082487,1.944424,-0.186064,0.823130, 1.000968, 0.634942, 0.813537, 36.796368,1.082487,1.944424,-0.186064,0.823130, 1.000968, 0.634942, 0.813537, 36.796368,1.082546,2.108280,-0.095648,0.808527, 1.000966, 0.708367, 0.812914, 36.049788,1.082546,1.684080,-0.109522,0.706694, 1.001174, 0.593778, 0.656306, 30.215188,1.082546,1.678237,-0.109767,0.705200, 1.001176, 0.592384, 0.654141, 30.129571
  1.4200,1.084585,2.251489,0.676948,0.671978, 1.000819, 1.589342, 0.807033, 32.129792,1.084585,2.251489,0.676948,0.671978, 1.000819, 1.589342, 0.807033, 32.129792,1.084585,2.221456,0.677236,0.665832, 1.000838, 1.582597, 0.795803, 31.777658,1.082072,1.942598,-0.188433,0.824953, 1.000966, 0.631135, 0.813394, 36.813457,1.082072,1.942598,-0.188433,0.824953, 1.000966, 0.631135, 0.813394, 36.813457,1.082134,2.106371,-0.098214,0.810345, 1.000963, 0.704309, 0.812770, 36.066641,1.082134,1.684969,-0.110969,0.708905, 1.001172, 0.589721, 0.656103, 30.254561,1.082134,1.679152,-0.111204,0.707415, 1.001174, 0.588327, 0.653938, 30.169186
  1.4250,1.084239,2.250033,0.675844,0.673497, 1.000793, 1.578901, 0.806929, 32.135426,1.084239,2.250033,0.675844,0.673497, 1.000793, 1.578901, 0.806929, 32.135426,1.084239,2.220270,0.676231,0.667388, 1.000813, 1.572156, 0.795693, 31.785369,1.081651,1.941014,-0.190660,0.826772, 1.000965, 0.628240, 0.813254, 36.832632,1.081651,1.941014,-0.190660,0.826772, 1.000965, 0.628240, 0.813254, 36.832632,1.081715,2.104693,-0.100641,0.812156, 1.000959, 0.701171, 0.812632, 36.085364,1.081715,1.686059,-0.112274,0.711112, 1.001170, 0.586582, 0.655905, 30.295979,1.081715,1.680268,-0.112498,0.709626, 1.001172, 0.585188, 0.653739, 30.210849
  1.4300,1.083881,2.248549,0.674745,0.674968, 1.000767, 1.569585, 0.806836, 32.141015,1.083881,2.248549,0.674745,0.674968, 1.000767, 1.569585, 0.806836, 32.141015,1.083881,2.219055,0.675232,0.668895, 1.000787, 1.562841, 0.795595, 31.793051,1.081225,1.939673,-0.192745,0.828590, 1.000964, 0.626190, 0.813118, 36.853907,1.081225,1.939673,-0.192745,0.828590, 1.000964, 0.626190, 0.813118, 36.853907,1.081291,2.103249,-0.102931,0.813961, 1.000956, 0.698884, 0.812498, 36.105971,1.081291,1.687349,-0.113441,0.713315, 1.001168, 0.584296, 0.655710, 30.339423,1.081291,1.681583,-0.113654,0.711834, 1.001170, 0.582902, 0.653543, 30.254541
  1.4350,1.083513,2.247041,0.673653,0.676390, 1.000741, 1.561330, 0.806754, 32.146569,1.083513,2.247041,0.673653,0.676390, 1.000741, 1.561330, 0.806754, 32.146569,1.083513,2.217817,0.674238,0.670353, 1.000761, 1.554585, 0.795507, 31.800712,1.080794,1.938578,-0.194691,0.830406, 1.000963, 0.624920, 0.812987, 36.877289,1.080794,1.938578,-0.194691,0.830406, 1.000963, 0.624920, 0.812987, 36.877289,1.080862,2.102040,-0.105087,0.815759, 1.000953, 0.697385, 0.812369, 36.128469,1.080862,1.688839,-0.114473,0.715515, 1.001166, 0.582797, 0.655519, 30.384873,1.080862,1.683098,-0.114676,0.714038, 1.001168, 0.581403, 0.653351, 30.300239
  1.4400,1.083135,2.245513,0.672568,0.677763, 1.000716, 1.554072, 0.806682, 32.152095,1.083135,2.245513,0.672568,0.677763, 1.000716, 1.554072, 0.806682, 32.152095,1.083135,2.216560,0.673252,0.671764, 1.000735, 1.547327, 0.795431, 31.808355,1.080360,1.937729,-0.196500,0.832219, 1.000962, 0.624369, 0.812859, 36.902784,1.080360,1.937729,-0.196500,0.832219, 1.000962, 0.624369, 0.812859, 36.902784,1.080431,2.101068,-0.107109,0.817552, 1.000950, 0.696613, 0.812244, 36.152865,1.080431,1.690525,-0.115375,0.717709, 1.001163, 0.582025, 0.655331, 30.432303,1.080431,1.684808,-0.115567,0.716237, 1.001165, 0.580631, 0.653163, 30.347921
  1.4450,1.082749,2.243969,0.671493,0.679088, 1.000690, 1.547751, 0.806622, 32.157599,1.082749,2.243969,0.671493,0.679088, 1.000690, 1.547751, 0.806622, 32.157599,1.082749,2.215287,0.672275,0.673126, 1.000710, 1.541007, 0.795365, 31.815985,1.079924,1.937126,-0.198173,0.834031, 1.000961, 0.624480, 0.812735, 36.930393,1.079924,1.937126,-0.198173,0.834031, 1.000961, 0.624480, 0.812735, 36.930393,1.079996,2.100334,-0.109000,0.819339, 1.000946, 0.696509, 0.812124, 36.179160,1.079996,1.692406,-0.116150,0.719899, 1.001160, 0.581921, 0.655147, 30.481688,1.079996,1.686714,-0.116332,0.718431, 1.001163, 0.580527, 0.652978, 30.397557
  1.4500,1.082356,2.242414,0.670428,0.680366, 1.000665, 1.542311, 0.806573, 32.163088,1.082356,2.242414,0.670428,0.680366, 1.000665, 1.542311, 0.806573, 32.163088,1.082356,2.214001,0.671306,0.674440, 1.000685, 1.535567, 0.795310, 31.823603,1.079486,1.936770,-0.199713,0.835841, 1.000960, 0.625197, 0.812615, 36.960114,1.079486,1.936770,-0.199713,0.835841, 1.000960, 0.625197, 0.812615, 36.960114,1.079560,2.099836,-0.110763,0.821120, 1.000943, 0.697019, 0.812007, 36.207354,1.079560,1.694479,-0.116803,0.722084, 1.001157, 0.582430, 0.654966, 30.532997,1.079560,1.688811,-0.116975,0.720620, 1.001160, 0.581036, 0.652797, 30.449119
  1.4550,1.081955,2.240851,0.669373,0.681595, 1.000640, 1.537697, 0.806534, 32.168567,1.081955,2.240851,0.669373,0.681595, 1.000640, 1.537697, 0.806534, 32.168567,1.081955,2.212706,0.670349,0.675707, 1.000660, 1.530953, 0.795266, 31.831213,1.079047,1.936659,-0.201123,0.837648, 1.000959, 0.626468, 0.812498, 36.991939,1.079047,1.936659,-0.201123,0.837648, 1.000959, 0.626468, 0.812498, 36.991939,1.079123,2.099576,-0.112398,0.822895, 1.000940, 0.698089, 0.811895, 36.237443,1.079123,1.696742,-0.117337,0.724262, 1.001154, 0.583500, 0.654790, 30.586196,1.079123,1.691096,-0.117499,0.722803, 1.001156, 0.582107, 0.652619, 30.502573
  1.4600,1.081549,2.239282,0.668331,0.682778, 1.000615, 1.533857, 0.806506, 32.174039,1.081549,2.239282,0.668331,0.682778, 1.000615, 1.533857, 0.806506, 32.174039,1.081549,2.211404,0.669402,0.676927, 1.000635, 1.527112, 0.795232, 31.838814,1.078608,1.936792,-0.202404,0.839454, 1.000957, 0.628242, 0.812384, 37.025860,1.078608,1.936792,-0.202404,0.839454, 1.000957, 0.628242, 0.812384, 37.025860,1.078685,2.099553,-0.113909,0.824664, 1.000937, 0.699671, 0.811787, 36.269417,1.078685,1.699191,-0.117758,0.726434, 1.001150, 0.585082, 0.654616, 30.641251,1.078685,1.693567,-0.117910,0.724979, 1.001153, 0.583688, 0.652445, 30.557882
  1.4650,1.081138,2.237710,0.667302,0.683913, 1.000590, 1.530739, 0.806488, 32.179506,1.081138,2.237710,0.667302,0.683913, 1.000590, 1.530739, 0.806488, 32.179506,1.081138,2.210097,0.668466,0.678099, 1.000610, 1.523995, 0.795209, 31.846406,1.078170,1.937168,-0.203561,0.841258, 1.000956, 0.630475, 0.812273, 37.061863,1.078170,1.937168,-0.203561,0.841258, 1.000956, 0.630475, 0.812273, 37.061863,1.078248,2.099764,-0.115299,0.826428, 1.000934, 0.701717, 0.811683, 36.303266,1.078248,1.701822,-0.118069,0.728599, 1.001147, 0.587128, 0.654446, 30.698123,1.078248,1.696220,-0.118211,0.727149, 1.001149, 0.585735, 0.652275, 30.615009
  1.4700,1.080723,2.236139,0.666286,0.685002, 1.000565, 1.528298, 0.806481, 32.184972,1.080723,2.236139,0.666286,0.685002, 1.000565, 1.528298, 0.806481, 32.184972,1.080723,2.208788,0.667543,0.679225, 1.000585, 1.521554, 0.795195, 31.853988,1.077732,1.937784,-0.204595,0.843059, 1.000955, 0.633120, 0.812166, 37.099932,1.077732,1.937784,-0.204595,0.843059, 1.000955, 0.633120, 0.812166, 37.099932,1.077811,2.100208,-0.116570,0.828185, 1.000931, 0.704183, 0.811582, 36.338977,1.077811,1.704631,-0.118274,0.730757, 1.001142, 0.589595, 0.654280, 30.756771,1.077811,1.699051,-0.118406,0.729311, 1.001145, 0.588201, 0.652108, 30.673912
  1.4750,1.080304,2.234570,0.665285,0.686044, 1.000541, 1.526488, 0.806483, 32.190437,1.080304,2.234570,0.665285,0.686044, 1.000541, 1.526488, 0.806483, 32.190437,1.080304,2.207479,0.666633,0.680304, 1.000560, 1.519743, 0.795192, 31.861559,1.077296,1.938638,-0.205509,0.844858, 1.000954, 0.636138, 0.812062, 37.140046,1.077296,1.938638,-0.205509,0.844858, 1.000954, 0.636138, 0.812062, 37.140046,1.077376,2.100882,-0.117724,0.829936, 1.000927, 0.707029, 0.811485, 36.376531,1.077376,1.707615,-0.118379,0.732906, 1.001138, 0.592441, 0.654117, 30.817151,1.077376,1.702056,-0.118500,0.731465, 1.001140, 0.591047, 0.651944, 30.734548
  1.4800,1.079882,2.233005,0.664298,0.687041, 1.000517, 1.525266, 0.806495, 32.195900,1.079882,2.233005,0.664298,0.687041, 1.000517, 1.525266, 0.806495, 32.195900,1.079882,2.206171,0.665735,0.681337, 1.000536, 1.518521, 0.795199, 31.869114,1.076862,1.939727,-0.206307,0.846653, 1.000952, 0.639489, 0.811961, 37.182182,1.076862,1.939727,-0.206307,0.846653, 1.000952, 0.639489, 0.811961, 37.182182,1.076943,2.101785,-0.118765,0.831680, 1.000924, 0.710215, 0.811392, 36.415907,1.076943,1.710769,-0.118386,0.735047, 1.001133, 0.595627, 0.653958, 30.879218,1.076943,1.705231,-0.118498,0.733610, 1.001135, 0.594233, 0.651784, 30.796869
  1.4850,1.079458,2.231447,0.663326,0.687992, 1.000492, 1.524590, 0.806518, 32.201362,1.079458,2.231447,0.663326,0.687992, 1.000492, 1.524590, 0.806518, 32.201362,1.079458,2.204865,0.664851,0.682325, 1.000512, 1.517845, 0.795215, 31.876651,1.076430,1.941048,-0.206993,0.848446, 1.000950, 0.643136, 0.811862, 37.226313,1.076430,1.941048,-0.206993,0.848446, 1.000950, 0.643136, 0.811862, 37.226313,1.076512,2.102913,-0.119697,0.833418, 1.000920, 0.713704, 0.811302, 36.457084,1.076512,1.714089,-0.118301,0.737178, 1.001128, 0.599116, 0.653802, 30.942924,1.076512,1.708570,-0.118403,0.735745, 1.001130, 0.597722, 0.651628, 30.860829
  1.4900,1.079032,2.229895,0.662371,0.688897, 1.000469, 1.524423, 0.806549, 32.206820,1.079032,2.229895,0.662371,0.688897, 1.000469, 1.524423, 0.806549, 32.206820,1.079032,2.203563,0.663981,0.683266, 1.000487, 1.517679, 0.795241, 31.884166,1.076001,1.942597,-0.207568,0.850236, 1.000948, 0.647047, 0.811766, 37.272411,1.076001,1.942597,-0.207568,0.850236, 1.000948, 0.647047, 0.811766, 37.272411,1.076083,2.104262,-0.120521,0.835149, 1.000916, 0.717463, 0.811215, 36.500034,1.076083,1.717569,-0.118127,0.739299, 1.001122, 0.602875, 0.653650, 31.008217,1.076083,1.712069,-0.118220,0.737870, 1.001125, 0.601481, 0.651475, 30.926376
  1.4950,1.078605,2.228353,0.661431,0.689758, 1.000445, 1.524729, 0.806591, 32.212272,1.078605,2.228353,0.661431,0.689758, 1.000445, 1.524729, 0.806591, 32.212272,1.078605,2.202266,0.663125,0.684162, 1.000463, 1.517984, 0.795277, 31.891652,1.075575,1.944369,-0.208037,0.852021, 1.000946, 0.651188, 0.811673, 37.320441,1.075575,1.944369,-0.208037,0.852021, 1.000946, 0.651188, 0.811673, 37.320441,1.075658,2.105829,-0.121241,0.836872, 1.000912, 0.721460, 0.811132, 36.544728,1.075658,1.721204,-0.117870,0.741408, 1.001116, 0.606872, 0.653501, 31.075047,1.075658,1.715724,-0.117953,0.739984, 1.001118, 0.605478, 0.651325, 30.993458
  1.5000,1.078177,2.226820,0.660508,0.690574, 1.000421, 1.525471, 0.806641, 32.217716,1.078177,2.226820,0.660508,0.690574, 1.000421, 1.525471, 0.806641, 32.217716,1.078177,2.200974,0.662283,0.685013, 1.000440, 1.518726, 0.795322, 31.899105,1.075153,1.946361,-0.208404,0.853802, 1.000944, 0.655531, 0.811583, 37.370369,1.075153,1.946361,-0.208404,0.853802, 1.000944, 0.655531, 0.811583, 37.370369,1.075235,2.107610,-0.121861,0.838588, 1.000908, 0.725665, 0.811052, 36.591135,1.075235,1.724990,-0.117533,0.743506, 1.001110, 0.611077, 0.653356, 31.143358,1.075235,1.719527,-0.117607,0.742087, 1.001112, 0.609683, 0.651179, 31.062019
  1.5050,1.077748,2.225299,0.659601,0.691346, 1.000398, 1.526618, 0.806701, 32.223148,1.077748,2.225299,0.659601,0.691346, 1.000398, 1.526618, 0.806701, 32.223148,1.077748,2.199688,0.661455,0.685820, 1.000416, 1.519874, 0.795376, 31.906518,1.074734,1.948569,-0.208671,0.855579, 1.000941, 0.660048, 0.811495, 37.422155,1.074734,1.948569,-0.208671,0.855579, 1.000941, 0.660048, 0.811495, 37.422155,1.074817,2.109599,-0.122384,0.840296, 1.000904, 0.730051, 0.810975, 36.639221,1.074817,1.728920,-0.117121,0.745592, 1.001103, 0.615463, 0.653215, 31.213094,1.074817,1.723475,-0.117186,0.744177, 1.001105, 0.614069, 0.651037, 31.132005
  1.5100,1.077319,2.223788,0.658711,0.692074, 1.000375, 1.528140, 0.806769, 32.228563,1.077319,2.223788,0.658711,0.692074, 1.000375, 1.528140, 0.806769, 32.228563,1.077319,2.198409,0.660641,0.686582, 1.000393, 1.521395, 0.795439, 31.913884,1.074319,1.950986,-0.208842,0.857350, 1.000938, 0.664714, 0.811410, 37.475760,1.074319,1.950986,-0.208842,0.857350, 1.000938, 0.664714, 0.811410, 37.475760,1.074402,2.111794,-0.122813,0.841995, 1.000899, 0.734592, 0.810901, 36.688949,1.074402,1.732989,-0.116639,0.747664, 1.001096, 0.620004, 0.653077, 31.284197,1.074402,1.727561,-0.116694,0.746253, 1.001098, 0.618610, 0.650899, 31.203356
  1.5150,1.076891,2.222290,0.657837,0.692758, 1.000352, 1.530006, 0.806847, 32.233957,1.076891,2.222290,0.657837,0.692758, 1.000352, 1.530006, 0.806847, 32.233957,1.076891,2.197136,0.659842,0.687300, 1.000369, 1.523261, 0.795510, 31.921196,1.073908,1.953607,-0.208922,0.859115, 1.000935, 0.669506, 0.811328, 37.531140,1.073908,1.953607,-0.208922,0.859115, 1.000935, 0.669506, 0.811328, 37.531140,1.073991,2.114188,-0.123152,0.843685, 1.000894, 0.739266, 0.810831, 36.740279,1.073991,1.737191,-0.116089,0.749722, 1.001088, 0.624677, 0.652943, 31.356608,1.073991,1.731780,-0.116136,0.748316, 1.001090, 0.623283, 0.650764, 31.276013
  1.5200,1.076464,2.220804,0.656981,0.693400, 1.000329, 1.532189, 0.806933, 32.239325,1.076464,2.220804,0.656981,0.693400, 1.000329, 1.532189, 0.806933, 32.239325,1.076464,2.195870,0.659056,0.687974, 1.000346, 1.525444, 0.795591, 31.928445,1.073502,1.956428,-0.208913,0.860874, 1.000931, 0.674402, 0.811247, 37.588247,1.073502,1.956428,-0.208913,0.860874, 1.000931, 0.674402, 0.811247, 37.588247,1.073584,2.116775,-0.123404,0.845366, 1.000889, 0.744049, 0.810763, 36.793172,1.073584,1.741520,-0.115478,0.751765, 1.001080, 0.629461, 0.652812, 31.430265,1.073584,1.736125,-0.115516,0.750363, 1.001082, 0.628067, 0.650632, 31.349914
  1.5250,1.076037,2.219331,0.656141,0.693998, 1.000306, 1.534664, 0.807027, 32.244660,1.076037,2.219331,0.656141,0.693998, 1.000306, 1.534664, 0.807027, 32.244660,1.076037,2.194612,0.658285,0.688604, 1.000323, 1.527919, 0.795680, 31.935625,1.073099,1.959443,-0.208820,0.862626, 1.000927, 0.679383, 0.811170, 37.647035,1.073099,1.959443,-0.208820,0.862626, 1.000927, 0.679383, 0.811170, 37.647035,1.073181,2.119552,-0.123573,0.847036, 1.000884, 0.748924, 0.810698, 36.847582,1.073181,1.745970,-0.114809,0.753793, 1.001071, 0.634335, 0.652685, 31.505106,1.073181,1.740590,-0.114838,0.752394, 1.001073, 0.632942, 0.650505, 31.424997
  1.5300,1.075612,2.217871,0.655318,0.694554, 1.000284, 1.537407, 0.807130, 32.249957,1.075612,2.217871,0.655318,0.694554, 1.000284, 1.537407, 0.807130, 32.249957,1.075612,2.193360,0.657528,0.689192, 1.000300, 1.530662, 0.795778, 31.942726,1.072702,1.962645,-0.208646,0.864370, 1.000923, 0.684430, 0.811094, 37.707451,1.072702,1.962645,-0.208646,0.864370, 1.000923, 0.684430, 0.811094, 37.707451,1.072783,2.122512,-0.123663,0.848696, 1.000878, 0.753871, 0.810637, 36.903466,1.072783,1.750535,-0.114086,0.755803, 1.001062, 0.639282, 0.652562, 31.581067,1.072783,1.745169,-0.114107,0.754409, 1.001064, 0.637889, 0.650381, 31.501197
  1.5350,1.075189,2.216424,0.654511,0.695068, 1.000261, 1.540394, 0.807241, 32.255210,1.075189,2.216424,0.654511,0.695068, 1.000261, 1.540394, 0.807241, 32.255210,1.075189,2.192114,0.656784,0.689736, 1.000278, 1.533650, 0.795883, 31.949740,1.072309,1.966028,-0.208396,0.866106, 1.000918, 0.689528, 0.811022, 37.769444,1.072309,1.966028,-0.208396,0.866106, 1.000918, 0.689528, 0.811022, 37.769444,1.072389,2.125648,-0.123677,0.850345, 1.000872, 0.758874, 0.810578, 36.960774,1.072389,1.755207,-0.113313,0.757796, 1.001052, 0.644286, 0.652443, 31.658083,1.072389,1.749856,-0.113327,0.756406, 1.001055, 0.642892, 0.650261, 31.578450
  1.5400,1.074768,2.214989,0.653722,0.695540, 1.000239, 1.543605, 0.807360, 32.260411,1.074768,2.214989,0.653722,0.695540, 1.000239, 1.543605, 0.807360, 32.260411,1.074768,2.190875,0.656054,0.690238, 1.000255, 1.536860, 0.795997, 31.956658,1.071920,1.969586,-0.208072,0.867832, 1.000913, 0.694662, 0.810951, 37.832959,1.071920,1.969586,-0.208072,0.867832, 1.000913, 0.694662, 0.810951, 37.832959,1.072000,2.128955,-0.123618,0.851982, 1.000865, 0.763919, 0.810522, 37.019459,1.072000,1.759981,-0.112496,0.759770, 1.001042, 0.649331, 0.652328, 31.736088,1.072000,1.754643,-0.112501,0.758384, 1.001044, 0.647937, 0.650146, 31.656690
  1.5450,1.074348,2.213568,0.652948,0.695971, 1.000218, 1.547020, 0.807487, 32.265554,1.074348,2.213568,0.652948,0.695971, 1.000218, 1.547020, 0.807487, 32.265554,1.074348,2.189642,0.655337,0.690698, 1.000233, 1.540275, 0.796119, 31.963470,1.071537,1.973312,-0.207681,0.869549, 1.000908, 0.699818, 0.810883, 37.897938,1.071537,1.973312,-0.207681,0.869549, 1.000908, 0.699818, 0.810883, 37.897938,1.071616,2.132427,-0.123492,0.853607, 1.000858, 0.768992, 0.810469, 37.079470,1.071616,1.764850,-0.111637,0.761725, 1.001032, 0.654404, 0.652217, 31.815016,1.071616,1.759525,-0.111635,0.760343, 1.001034, 0.653010, 0.650034, 31.735848
  1.5500,1.073931,2.212158,0.652190,0.696360, 1.000196, 1.550619, 0.807621, 32.270632,1.073931,2.212158,0.652190,0.696360, 1.000196, 1.550619, 0.807621, 32.270632,1.073931,2.188414,0.654633,0.691116, 1.000211, 1.543874, 0.796248, 31.970168,1.071158,1.977200,-0.207224,0.871255, 1.000902, 0.704984, 0.810818, 37.964325,1.071158,1.977200,-0.207224,0.871255, 1.000902, 0.704984, 0.810818, 37.964325,1.071236,2.136057,-0.123300,0.855219, 1.000851, 0.774081, 0.810419, 37.140753,1.071236,1.769807,-0.110742,0.763659, 1.001021, 0.659493, 0.652109, 31.894798,1.071236,1.764495,-0.110732,0.762282, 1.001023, 0.658099, 0.649926, 31.815859
  1.5550,1.073517,2.210761,0.651449,0.696709, 1.000174, 1.554385, 0.807763, 32.275637,1.073517,2.210761,0.651449,0.696709, 1.000174, 1.554385, 0.807763, 32.275637,1.073517,2.187191,0.653942,0.691492, 1.000189, 1.547640, 0.796385, 31.976742,1.070783,1.981242,-0.206706,0.872949, 1.000896, 0.710151, 0.810755, 38.032057,1.070783,1.981242,-0.206706,0.872949, 1.000896, 0.710151, 0.810755, 38.032057,1.070861,2.139838,-0.123048,0.856816, 1.000844, 0.779176, 0.810372, 37.203256,1.070861,1.774846,-0.109814,0.765572, 1.001009, 0.664587, 0.652006, 31.975366,1.070861,1.769545,-0.109797,0.764198, 1.001011, 0.663194, 0.649822, 31.896652
  1.5600,1.073105,2.209376,0.650722,0.697018, 1.000153, 1.558302, 0.807912, 32.280563,1.073105,2.209376,0.650722,0.697018, 1.000153, 1.558302, 0.807912, 32.280563,1.073105,2.185973,0.653263,0.691827, 1.000167, 1.551557, 0.796530, 31.983183,1.070414,1.985432,-0.206131,0.874631, 1.000889, 0.715308, 0.810694, 38.101075,1.070414,1.985432,-0.206131,0.874631, 1.000889, 0.715308, 0.810694, 38.101075,1.070490,2.143763,-0.122738,0.858399, 1.000836, 0.784266, 0.810328, 37.266922,1.070490,1.779958,-0.108857,0.767463, 1.000997, 0.669677, 0.651907, 32.056652,1.070490,1.774669,-0.108833,0.766093, 1.000999, 0.668284, 0.649722, 31.978160
  1.5650,1.072696,2.208002,0.650011,0.697286, 1.000132, 1.562354, 0.808068, 32.285401,1.072696,2.208002,0.650011,0.697286, 1.000132, 1.562354, 0.808068, 32.285401,1.072696,2.184759,0.652596,0.692122, 1.000145, 1.555609, 0.796681, 31.989483,1.070049,1.989763,-0.205504,0.876300, 1.000882, 0.720448, 0.810636, 38.171315,1.070049,1.989763,-0.205504,0.876300, 1.000882, 0.720448, 0.810636, 38.171315,1.070125,2.147826,-0.122375,0.859967, 1.000827, 0.789343, 0.810287, 37.331696,1.070125,1.785138,-0.107875,0.769330, 1.000984, 0.674755, 0.651812, 32.138586,1.070125,1.779860,-0.107844,0.767964, 1.000986, 0.673361, 0.649627, 32.060312
  1.5700,1.072291,2.206638,0.649315,0.697515, 1.000111, 1.566527, 0.808232, 32.290146,1.072291,2.206638,0.649315,0.697515, 1.000111, 1.566527, 0.808232, 32.290146,1.072291,2.183548,0.651940,0.692375, 1.000124, 1.559782, 0.796840, 31.995632,1.069689,1.994226,-0.204828,0.877955, 1.000874, 0.725563, 0.810581, 38.242713,1.069689,1.994226,-0.204828,0.877955, 1.000874, 0.725563, 0.810581, 38.242713,1.069763,2.152019,-0.121962,0.861518, 1.000819, 0.794401, 0.810249, 37.397519,1.069763,1.790379,-0.106872,0.771173, 1.000971, 0.679812, 0.651722, 32.221097,1.069763,1.785111,-0.106835,0.769810, 1.000973, 0.678419, 0.649535, 32.143039
  1.5750,1.071888,2.205286,0.648633,0.697705, 1.000090, 1.570808, 0.808402, 32.294789,1.071888,2.205286,0.648633,0.697705, 1.000090, 1.570808, 0.808402, 32.294789,1.071888,2.182340,0.651296,0.692589, 1.000103, 1.564063, 0.797006, 32.001621,1.069333,1.998815,-0.204106,0.879594, 1.000866, 0.730647, 0.810528, 38.315205,1.069333,1.998815,-0.204106,0.879594, 1.000866, 0.730647, 0.810528, 38.315205,1.069407,2.156336,-0.121503,0.863053, 1.000809, 0.799432, 0.810213, 37.464334,1.069407,1.795673,-0.105853,0.772990, 1.000957, 0.684844, 0.651636, 32.304117,1.069407,1.790415,-0.105809,0.771631, 1.000959, 0.683450, 0.649449, 32.226270
  1.5800,1.071488,2.203943,0.647966,0.697856, 1.000070, 1.575183, 0.808579, 32.299324,1.071488,2.203943,0.647966,0.697856, 1.000070, 1.575183, 0.808579, 32.299324,1.071488,2.181134,0.650662,0.692762, 1.000082, 1.568439, 0.797179, 32.007442,1.068983,2.003522,-0.203344,0.881218, 1.000857, 0.735696, 0.810478, 38.388722,1.068983,2.003522,-0.203344,0.881218, 1.000857, 0.735696, 0.810478, 38.388722,1.069055,2.160768,-0.121002,0.864570, 1.000800, 0.804432, 0.810181, 37.532081,1.069055,1.801013,-0.104821,0.774781, 1.000943, 0.689844, 0.651554, 32.387575,1.069055,1.795765,-0.104770,0.773426, 1.000945, 0.688450, 0.649366, 32.309935
  1.5850,1.071092,2.202609,0.647312,0.697969, 1.000050, 1.579642, 0.808762, 32.303743,1.071092,2.202609,0.647312,0.697969, 1.000050, 1.579642, 0.808762, 32.303743,1.071092,2.179929,0.650039,0.692896, 1.000061, 1.572898, 0.797358, 32.013086,1.068636,2.008339,-0.202544,0.882824, 1.000848, 0.740704, 0.810431, 38.463199,1.068636,2.008339,-0.202544,0.882824, 1.000848, 0.740704, 0.810431, 38.463199,1.068707,2.165309,-0.120462,0.866068, 1.000790, 0.809396, 0.810152, 37.600698,1.068707,1.806393,-0.103779,0.776545, 1.000928, 0.694808, 0.651477, 32.471401,1.068707,1.801153,-0.103722,0.775193, 1.000930, 0.693414, 0.649289, 32.393965
  1.5900,1.070700,2.201284,0.646671,0.698043, 1.000029, 1.584173, 0.808951, 32.308041,1.070700,2.201284,0.646671,0.698043, 1.000029, 1.584173, 0.808951, 32.308041,1.070700,2.178725,0.649425,0.692990, 1.000040, 1.577429, 0.797544, 32.018546,1.068294,2.013258,-0.201711,0.884413, 1.000838, 0.745668, 0.810386, 38.538568,1.068294,2.013258,-0.201711,0.884413, 1.000838, 0.745668, 0.810386, 38.538568,1.068364,2.169951,-0.119887,0.867547, 1.000779, 0.814320, 0.810126, 37.670126,1.068364,1.811804,-0.102731,0.778280, 1.000913, 0.699732, 0.651404, 32.555525,1.068364,1.806573,-0.102669,0.776932, 1.000915, 0.698338, 0.649216, 32.478289
  1.5950,1.070311,2.199968,0.646043,0.698080, 1.000010, 1.588767, 0.809147, 32.312211,1.070311,2.199968,0.646043,0.698080, 1.000010, 1.588767, 0.809147, 32.312211,1.070311,2.177521,0.648820,0.693046, 1.000019, 1.582022, 0.797736, 32.023814,1.067957,2.018273,-0.200849,0.885983, 1.000827, 0.750586, 0.810344, 38.614760,1.067957,2.018273,-0.200849,0.885983, 1.000827, 0.750586, 0.810344, 38.614760,1.068025,2.174687,-0.119281,0.869005, 1.000768, 0.819202, 0.810103, 37.740304,1.068025,1.817241,-0.101682,0.779986, 1.000897, 0.704614, 0.651336, 32.639878,1.068025,1.812017,-0.101613,0.778641, 1.000899, 0.703220, 0.649147, 32.562837
  1.6000,1.069926,2.198659,0.645427,0.698079, 0.999990, 1.593412, 0.809349, 32.316246,1.069926,2.198659,0.645427,0.698079, 0.999990, 1.593412, 0.809349, 32.316246,1.069926,2.176316,0.648224,0.693064, 0.999999, 1.586668, 0.797934, 32.028882,1.067624,2.023374,-0.199962,0.887533, 1.000817, 0.755455, 0.810305, 38.691705,1.067624,2.023374,-0.199962,0.887533, 1.000817, 0.755455, 0.810305, 38.691705,1.067690,2.179508,-0.118647,0.870442, 1.000757, 0.824039, 0.810083, 37.811167,1.067690,1.822695,-0.100634,0.781661, 1.000881, 0.709451, 0.651274, 32.724389,1.067690,1.817479,-0.100560,0.780320, 1.000882, 0.708057, 0.649084, 32.647539
  1.6050,1.069544,2.197358,0.644823,0.698041, 0.999970, 1.598101, 0.809557, 32.320142,1.069544,2.197358,0.644823,0.698041, 0.999970, 1.598101, 0.809557, 32.320142,1.069544,2.175111,0.647637,0.693043, 0.999979, 1.591357, 0.798139, 32.033745,1.067295,2.028554,-0.199052,0.889061, 1.000805, 0.760274, 0.810269, 38.769334,1.067295,2.028554,-0.199052,0.889061, 1.000805, 0.760274, 0.810269, 38.769334,1.067360,2.184409,-0.117989,0.871858, 1.000745, 0.828830, 0.810066, 37.882656,1.067360,1.828160,-0.099591,0.783305, 1.000864, 0.714241, 0.651215, 32.808989,1.067360,1.822951,-0.099512,0.781967, 1.000865, 0.712848, 0.649025, 32.732327
  1.6100,1.069167,2.196063,0.644231,0.697967, 0.999951, 1.602825, 0.809770, 32.323892,1.069167,2.196063,0.644231,0.697967, 0.999951, 1.602825, 0.809770, 32.323892,1.069167,2.173903,0.647057,0.692984, 0.999959, 1.596081, 0.798349, 32.038394,1.066970,2.033806,-0.198125,0.890568, 1.000793, 0.765043, 0.810236, 38.847578,1.066970,2.033806,-0.198125,0.890568, 1.000793, 0.765043, 0.810236, 38.847578,1.067033,2.189380,-0.117311,0.873250, 1.000732, 0.833573, 0.810053, 37.954705,1.067033,1.833629,-0.098557,0.784917, 1.000846, 0.718984, 0.651162, 32.893611,1.067033,1.828426,-0.098473,0.783582, 1.000848, 0.717591, 0.648972, 32.817132
  1.6150,1.068793,2.194774,0.643649,0.697856, 0.999932, 1.607577, 0.809989, 32.327493,1.068793,2.194774,0.643649,0.697856, 0.999932, 1.607577, 0.809989, 32.327493,1.068793,2.172694,0.646485,0.692888, 0.999939, 1.600832, 0.798565, 32.042826,1.066649,2.039120,-0.197184,0.892052, 1.000781, 0.769760, 0.810207, 38.926365,1.066649,2.039120,-0.197184,0.892052, 1.000781, 0.769760, 0.810207, 38.926365,1.066711,2.194415,-0.116615,0.874618, 1.000719, 0.838268, 0.810043, 38.027254,1.066711,1.839095,-0.097535,0.786495, 1.000828, 0.723679, 0.651114, 32.978185,1.066711,1.833898,-0.097445,0.785164, 1.000830, 0.722286, 0.648923, 32.901885
  1.6200,1.068423,2.193491,0.643077,0.697710, 0.999913, 1.612348, 0.810213, 32.330938,1.068423,2.193491,0.643077,0.697710, 0.999913, 1.612348, 0.810213, 32.330938,1.068423,2.171482,0.645919,0.692755, 0.999920, 1.605603, 0.798786, 32.047033,1.066332,2.044490,-0.196232,0.893511, 1.000768, 0.774426, 0.810180, 39.005626,1.066332,2.044490,-0.196232,0.893511, 1.000768, 0.774426, 0.810180, 39.005626,1.066392,2.199505,-0.115905,0.875962, 1.000706, 0.842915, 0.810036, 38.100239,1.066392,1.844551,-0.096528,0.788039, 1.000810, 0.728326, 0.651072, 33.062645,1.066392,1.839359,-0.096433,0.786710, 1.000811, 0.726933, 0.648880, 32.986519
  1.6250,1.068058,2.192214,0.642515,0.697528, 0.999894, 1.617132, 0.810443, 32.334224,1.068058,2.192214,0.642515,0.697528, 0.999894, 1.617132, 0.810443, 32.334224,1.068058,2.170267,0.645360,0.692585, 0.999900, 1.610387, 0.799013, 32.051012,1.066019,2.049907,-0.195273,0.894945, 1.000754, 0.779042, 0.810157, 39.085291,1.066019,2.049907,-0.195273,0.894945, 1.000754, 0.779042, 0.810157, 39.085291,1.066077,2.204644,-0.115185,0.877279, 1.000692, 0.847514, 0.810033, 38.173596,1.066077,1.849989,-0.095539,0.789547, 1.000791, 0.732926, 0.651034, 33.146924,1.066077,1.844802,-0.095440,0.788222, 1.000792, 0.731532, 0.648842, 33.070967
  1.6300,1.067696,2.190941,0.641962,0.697310, 0.999876, 1.621922, 0.810677, 32.337348,1.067696,2.190941,0.641962,0.697310, 0.999876, 1.621922, 0.810677, 32.337348,1.067696,2.169048,0.644806,0.692378, 0.999881, 1.615177, 0.799245, 32.054758,1.065709,2.055362,-0.194310,0.896353, 1.000740, 0.783608, 0.810137, 39.165288,1.065709,2.055362,-0.194310,0.896353, 1.000740, 0.783608, 0.810137, 39.165288,1.065766,2.209823,-0.114458,0.878570, 1.000678, 0.852066, 0.810033, 38.247263,1.065766,1.855404,-0.094571,0.791019, 1.000771, 0.737478, 0.651002, 33.230955,1.065766,1.850222,-0.094468,0.789696, 1.000772, 0.736084, 0.648809, 33.155163
  1.6350,1.067338,2.189672,0.641418,0.697059, 0.999857, 1.626713, 0.810917, 32.340305,1.067338,2.189672,0.641418,0.697059, 0.999857, 1.626713, 0.810917, 32.340305,1.067338,2.167825,0.644258,0.692136, 0.999862, 1.619968, 0.799483, 32.058267,1.065403,2.060849,-0.193347,0.897734, 1.000725, 0.788126, 0.810121, 39.245548,1.065403,2.060849,-0.193347,0.897734, 1.000725, 0.788126, 0.810121, 39.245548,1.065459,2.215035,-0.113727,0.879834, 1.000663, 0.856573, 0.810037, 38.321177,1.065459,1.860788,-0.093628,0.792454, 1.000751, 0.741984, 0.650975, 33.314674,1.065459,1.855610,-0.093521,0.791134, 1.000752, 0.740591, 0.648782, 33.239042
  1.6400,1.066985,2.188408,0.640882,0.696772, 0.999839, 1.631498, 0.811161, 32.343095,1.066985,2.188408,0.640882,0.696772, 0.999839, 1.631498, 0.811161, 32.343095,1.066985,2.166597,0.643714,0.691858, 0.999843, 1.624753, 0.799725, 32.061536,1.065101,2.066360,-0.192388,0.899086, 1.000710, 0.792597, 0.810109, 39.326001,1.065101,2.066360,-0.192388,0.899086, 1.000710, 0.792597, 0.810109, 39.326001,1.065155,2.220272,-0.112996,0.881068, 1.000647, 0.861035, 0.810045, 38.395276,1.065155,1.866135,-0.092712,0.793850, 1.000730, 0.746446, 0.650954, 33.398017,1.065155,1.860961,-0.092601,0.792532, 1.000732, 0.745053, 0.648761, 33.322540
  1.6450,1.066636,2.187147,0.640354,0.696452, 0.999821, 1.636271, 0.811410, 32.345713,1.066636,2.187147,0.640354,0.696452, 0.999821, 1.636271, 0.811410, 32.345713,1.066636,2.165365,0.643174,0.691545, 0.999825, 1.629527, 0.799972, 32.064563,1.064802,2.071885,-0.191436,0.900409, 1.000694, 0.797024, 0.810100, 39.406578,1.064802,2.071885,-0.191436,0.900409, 1.000694, 0.797024, 0.810100, 39.406578,1.064854,2.225527,-0.112267,0.882273, 1.000631, 0.865454, 0.810057, 38.469497,1.064854,1.871438,-0.091826,0.795206, 1.000709, 0.750865, 0.650939, 33.480920,1.064854,1.866267,-0.091711,0.793892, 1.000710, 0.749472, 0.648745, 33.405595
  1.6500,1.066291,2.185890,0.639833,0.696098, 0.999803, 1.641029, 0.811663, 32.348159,1.066291,2.185890,0.639833,0.696098, 0.999803, 1.641029, 0.811663, 32.348159,1.066291,2.164128,0.642638,0.691197, 0.999806, 1.634285, 0.800224, 32.067346,1.064506,2.077418,-0.190493,0.901701, 1.000677, 0.801407, 0.810095, 39.487209,1.064506,2.077418,-0.190493,0.901701, 1.000677, 0.801407, 0.810095, 39.487209,1.064557,2.230793,-0.111544,0.883448, 1.000615, 0.869832, 0.810072, 38.543779,1.064557,1.876691,-0.090973,0.796523, 1.000687, 0.755243, 0.650929, 33.563322,1.064557,1.871523,-0.090855,0.795211, 1.000689, 0.753850, 0.648735, 33.488143
  1.6550,1.065950,2.184636,0.639318,0.695711, 0.999786, 1.645766, 0.811921, 32.350431,1.065950,2.184636,0.639318,0.695711, 0.999786, 1.645766, 0.811921, 32.350431,1.065950,2.162886,0.642106,0.690815, 0.999788, 1.639021, 0.800481, 32.069883,1.064213,2.082951,-0.189563,0.902961, 1.000660, 0.805750, 0.810094, 39.567825,1.064213,2.082951,-0.189563,0.902961, 1.000660, 0.805750, 0.810094, 39.567825,1.064263,2.236061,-0.110829,0.884592, 1.000598, 0.874171, 0.810091, 38.618060,1.064263,1.881887,-0.090156,0.797798, 1.000665, 0.759582, 0.650925, 33.645162,1.064263,1.876722,-0.090034,0.796488, 1.000667, 0.758188, 0.648731, 33.570124
  1.6600,1.065613,2.183385,0.638809,0.695291, 0.999769, 1.650477, 0.812183, 32.352528,1.065613,2.183385,0.638809,0.695291, 0.999769, 1.650477, 0.812183, 32.352528,1.065613,2.161639,0.641576,0.690398, 0.999770, 1.643732, 0.800742, 32.072174,1.063924,2.088476,-0.188650,0.904189, 1.000642, 0.810054, 0.810097, 39.648359,1.063924,2.088476,-0.188650,0.904189, 1.000642, 0.810054, 0.810097, 39.648359,1.063972,2.241325,-0.110126,0.885703, 1.000581, 0.878473, 0.810115, 38.692279,1.063972,1.887020,-0.089377,0.799031, 1.000643, 0.763884, 0.650927, 33.726379,1.063972,1.881857,-0.089252,0.797724, 1.000644, 0.762491, 0.648732, 33.651479
  1.6650,1.065281,2.182137,0.638306,0.694839, 0.999751, 1.655158, 0.812449, 32.354451,1.065281,2.182137,0.638306,0.694839, 0.999751, 1.655158, 0.812449, 32.354451,1.065281,2.160387,0.641048,0.689948, 0.999752, 1.648413, 0.801007, 32.074219,1.063637,2.093984,-0.187756,0.905383, 1.000624, 0.814323, 0.810104, 39.728743,1.063637,2.093984,-0.187756,0.905383, 1.000624, 0.814323, 0.810104, 39.728743,1.063683,2.246577,-0.109437,0.886780, 1.000563, 0.882740, 0.810142, 38.766377,1.063683,1.892084,-0.088638,0.800221, 1.000620, 0.768152, 0.650936, 33.806917,1.063683,1.886923,-0.088510,0.798916, 1.000621, 0.766758, 0.648740, 33.732148
  1.6700,1.064953,2.180892,0.637807,0.694354, 0.999735, 1.659804, 0.812719, 32.356200,1.064953,2.180892,0.637807,0.694354, 0.999735, 1.659804, 0.812719, 32.356200,1.064953,2.159129,0.640521,0.689464, 0.999735, 1.653059, 0.801276, 32.076017,1.063354,2.099469,-0.186883,0.906542, 1.000605, 0.818559, 0.810115, 39.808911,1.063354,2.099469,-0.186883,0.906542, 1.000605, 0.818559, 0.810115, 39.808911,1.063398,2.251810,-0.108764,0.887824, 1.000544, 0.886976, 0.810174, 38.840293,1.063398,1.897073,-0.087941,0.801368, 1.000596, 0.772388, 0.650950, 33.886718,1.063398,1.891914,-0.087811,0.800065, 1.000597, 0.770994, 0.648754, 33.812075
  1.6750,1.064630,2.179649,0.637313,0.693838, 0.999718, 1.664412, 0.812993, 32.357775,1.064630,2.179649,0.637313,0.693838, 0.999718, 1.664412, 0.812993, 32.357775,1.064630,2.157865,0.639996,0.688948, 0.999717, 1.657668, 0.801550, 32.077571,1.063073,2.104924,-0.186036,0.907665, 1.000586, 0.822765, 0.810131, 39.888796,1.063073,2.104924,-0.186036,0.907665, 1.000586, 0.822765, 0.810131, 39.888796,1.063116,2.257018,-0.108112,0.888832, 1.000525, 0.891182, 0.810210, 38.913969,1.063116,1.901981,-0.087290,0.802469, 1.000572, 0.776594, 0.650970, 33.965725,1.063116,1.896823,-0.087157,0.801168, 1.000573, 0.775200, 0.648775, 33.891205
  1.6800,1.064311,2.178409,0.636822,0.693291, 0.999701, 1.668978, 0.813271, 32.359178,1.064311,2.178409,0.636822,0.693291, 0.999701, 1.668978, 0.813271, 32.359178,1.064311,2.156597,0.639472,0.688399, 0.999700, 1.662233, 0.801827, 32.078882,1.062795,2.110339,-0.185216,0.908751, 1.000566, 0.826942, 0.810152, 39.968334,1.062795,2.110339,-0.185216,0.908751, 1.000566, 0.826942, 0.810152, 39.968334,1.062836,2.262192,-0.107482,0.889804, 1.000506, 0.895361, 0.810251, 38.987347,1.062836,1.906803,-0.086686,0.803525, 1.000548, 0.780773, 0.650997, 34.043885,1.062836,1.901646,-0.086550,0.802226, 1.000549, 0.779379, 0.648801, 33.969482
  1.6850,1.063996,2.177172,0.636335,0.692713, 0.999685, 1.673498, 0.813552, 32.360412,1.063996,2.177172,0.636335,0.692713, 0.999685, 1.673498, 0.813552, 32.360412,1.063996,2.155323,0.638948,0.687818, 0.999683, 1.666753, 0.802108, 32.079952,1.062520,2.115710,-0.184426,0.909799, 1.000546, 0.831096, 0.810177, 40.047461,1.062520,2.115710,-0.184426,0.909799, 1.000546, 0.831096, 0.810177, 40.047461,1.062560,2.267326,-0.106876,0.890740, 1.000486, 0.899516, 0.810296, 39.060369,1.062560,1.911533,-0.086131,0.804534, 1.000523, 0.784928, 0.651031, 34.121145,1.062560,1.906376,-0.085993,0.803238, 1.000524, 0.783534, 0.648834, 34.046854
  1.6900,1.063686,2.175937,0.635851,0.692104, 0.999669, 1.677969, 0.813836, 32.361477,1.063686,2.175937,0.635851,0.692104, 0.999669, 1.677969, 0.813836, 32.361477,1.063686,2.154044,0.638424,0.687205, 0.999667, 1.671224, 0.802393, 32.080784,1.062247,2.121027,-0.183669,0.910809, 1.000525, 0.835227, 0.810207, 40.126113,1.062247,2.121027,-0.183669,0.910809, 1.000525, 0.835227, 0.810207, 40.126113,1.062285,2.272414,-0.106298,0.891638, 1.000466, 0.903649, 0.810346, 39.132979,1.062285,1.916165,-0.085627,0.805496, 1.000498, 0.789061, 0.651070, 34.197453,1.062285,1.911008,-0.085487,0.804202, 1.000499, 0.787667, 0.648874, 34.123269
  1.6950,1.063380,2.174705,0.635369,0.691465, 0.999653, 1.682386, 0.814124, 32.362378,1.063380,2.174705,0.635369,0.691465, 0.999653, 1.682386, 0.814124, 32.362378,1.063380,2.152760,0.637899,0.686561, 0.999650, 1.675642, 0.802681, 32.081382,1.061976,2.126284,-0.182947,0.911778, 1.000503, 0.839339, 0.810241, 40.204229,1.061976,2.126284,-0.182947,0.911778, 1.000503, 0.839339, 0.810241, 40.204229,1.062013,2.277448,-0.105749,0.892496, 1.000445, 0.907763, 0.810400, 39.205122,1.062013,1.920694,-0.085175,0.806410, 1.000472, 0.793175, 0.651117, 34.272759,1.062013,1.915538,-0.085034,0.805117, 1.000473, 0.791781, 0.648920, 34.198678
  1.7000,1.063079,2.173475,0.634889,0.690796, 0.999638, 1.686748, 0.814415, 32.363116,1.063079,2.173475,0.634889,0.690796, 0.999638, 1.686748, 0.814415, 32.363116,1.063079,2.151471,0.637373,0.685886, 0.999634, 1.680003, 0.802972, 32.081750,1.061708,2.131474,-0.182262,0.912706, 1.000481, 0.843434, 0.810281, 40.281746,1.061708,2.131474,-0.182262,0.912706, 1.000481, 0.843434, 0.810281, 40.281746,1.061744,2.282422,-0.105231,0.893316, 1.000424, 0.911861, 0.810459, 39.276743,1.061744,1.925116,-0.084779,0.807276, 1.000446, 0.797272, 0.651170, 34.347015,1.061744,1.919959,-0.084636,0.805985, 1.000447, 0.795879, 0.648973, 34.273031
  1.7050,1.062782,2.172249,0.634410,0.690098, 0.999622, 1.691050, 0.814708, 32.363697,1.062782,2.172249,0.634410,0.690098, 0.999622, 1.691050, 0.814708, 32.363697,1.062782,2.150178,0.636846,0.685180, 0.999618, 1.684306, 0.803267, 32.081892,1.061442,2.136590,-0.181617,0.913593, 1.000459, 0.847517, 0.810325, 40.358607,1.061442,2.136590,-0.181617,0.913593, 1.000459, 0.847517, 0.810325, 40.358607,1.061477,2.287329,-0.104748,0.894095, 1.000402, 0.915945, 0.810523, 39.347789,1.061477,1.929424,-0.084438,0.808092, 1.000419, 0.801356, 0.651229, 34.420174,1.061477,1.924267,-0.084294,0.806802, 1.000420, 0.799963, 0.649032, 34.346283
  1.7100,1.062490,2.171026,0.633932,0.689372, 0.999607, 1.695291, 0.815005, 32.364124,1.062490,2.171026,0.633932,0.689372, 0.999607, 1.695291, 0.815005, 32.364124,1.062490,2.148881,0.636317,0.684444, 0.999602, 1.688546, 0.803564, 32.081813,1.061179,2.141626,-0.181013,0.914436, 1.000436, 0.851588, 0.810375, 40.434751,1.061179,2.141626,-0.181013,0.914436, 1.000436, 0.851588, 0.810375, 40.434751,1.061212,2.292164,-0.104300,0.894832, 1.000380, 0.920017, 0.810592, 39.418207,1.061212,1.933616,-0.084155,0.808857, 1.000393, 0.805429, 0.651296, 34.492191,1.061212,1.928457,-0.084009,0.807569, 1.000393, 0.804035, 0.649099, 34.418387
  1.7150,1.062202,2.169806,0.633454,0.688616, 0.999592, 1.699466, 0.815305, 32.364402,1.062202,2.169806,0.633454,0.688616, 0.999592, 1.699466, 0.815305, 32.364402,1.062202,2.147580,0.635786,0.683679, 0.999586, 1.692721, 0.803865, 32.081519,1.060917,2.146574,-0.180454,0.915236, 1.000412, 0.855651, 0.810431, 40.510122,1.060917,2.146574,-0.180454,0.915236, 1.000412, 0.855651, 0.810431, 40.510122,1.060949,2.296920,-0.103889,0.895528, 1.000358, 0.924081, 0.810666, 39.487946,1.060949,1.937685,-0.083931,0.809572, 1.000365, 0.809492, 0.651369, 34.563021,1.060949,1.932525,-0.083784,0.808285, 1.000366, 0.808099, 0.649172, 34.489300
  1.7200,1.061918,2.168590,0.632976,0.687833, 0.999577, 1.703573, 0.815607, 32.364536,1.061918,2.168590,0.632976,0.687833, 0.999577, 1.703573, 0.815607, 32.364536,1.061918,2.146276,0.635252,0.682884, 0.999571, 1.696828, 0.804169, 32.081015,1.060658,2.151430,-0.179939,0.915992, 1.000389, 0.859709, 0.810491, 40.584664,1.060658,2.151430,-0.179939,0.915992, 1.000389, 0.859709, 0.810491, 40.584664,1.060689,2.301591,-0.103518,0.896181, 1.000335, 0.928138, 0.810745, 39.556955,1.060689,1.941628,-0.083767,0.810235, 1.000338, 0.813550, 0.651450, 34.632623,1.060689,1.936467,-0.083620,0.808950, 1.000339, 0.812156, 0.649252, 34.558979
  1.7250,1.061639,2.167377,0.632498,0.687022, 0.999562, 1.707610, 0.815911, 32.364530,1.061639,2.167377,0.632498,0.687022, 0.999562, 1.707610, 0.815911, 32.364530,1.061639,2.144970,0.634715,0.682061, 0.999556, 1.700865, 0.804475, 32.080308,1.060400,2.156185,-0.179472,0.916701, 1.000364, 0.863764, 0.810558, 40.658321,1.060400,2.156185,-0.179472,0.916701, 1.000364, 0.863764, 0.810558, 40.658321,1.060430,2.306171,-0.103189,0.896790, 1.000311, 0.932192, 0.810830, 39.625186,1.060430,1.945440,-0.083665,0.810846, 1.000310, 0.817604, 0.651537, 34.700955,1.060430,1.940277,-0.083517,0.809562, 1.000311, 0.816210, 0.649339, 34.627385
  1.7300,1.061365,2.166169,0.632019,0.686183, 0.999548, 1.711573, 0.816218, 32.364391,1.061365,2.166169,0.632019,0.686183, 0.999548, 1.711573, 0.816218, 32.364391,1.061365,2.143660,0.634175,0.681209, 0.999541, 1.704829, 0.804784, 32.079406,1.060145,2.160835,-0.179054,0.917364, 1.000339, 0.867819, 0.810629, 40.731041,1.060145,2.160835,-0.179054,0.917364, 1.000339, 0.867819, 0.810629, 40.731041,1.060174,2.310654,-0.102902,0.897355, 1.000288, 0.936244, 0.810920, 39.692591,1.060174,1.949118,-0.083625,0.811404, 1.000282, 0.821656, 0.651632, 34.767979,1.060174,1.943953,-0.083476,0.810121, 1.000283, 0.820262, 0.649434, 34.694477
  1.7350,1.061095,2.164965,0.631539,0.685317, 0.999534, 1.715461, 0.816527, 32.364125,1.061095,2.164965,0.631539,0.685317, 0.999534, 1.715461, 0.816527, 32.364125,1.061095,2.142349,0.633632,0.680329, 0.999526, 1.708716, 0.805095, 32.078314,1.059891,2.165373,-0.178687,0.917980, 1.000314, 0.871876, 0.810707, 40.802771,1.059891,2.165373,-0.178687,0.917980, 1.000314, 0.871876, 0.810707, 40.802771,1.059919,2.315035,-0.102659,0.897875, 1.000264, 0.940298, 0.811015, 39.759122,1.059919,1.952657,-0.083648,0.811909, 1.000254, 0.825709, 0.651733, 34.833658,1.059919,1.947490,-0.083499,0.810627, 1.000254, 0.824315, 0.649535, 34.760220
  1.7400,1.060830,2.163766,0.631057,0.684425, 0.999520, 1.719271, 0.816838, 32.363737,1.060830,2.163766,0.631057,0.684425, 0.999520, 1.719271, 0.816838, 32.363737,1.060830,2.141037,0.633084,0.679422, 0.999511, 1.712526, 0.805408, 32.077041,1.059639,2.169793,-0.178371,0.918548, 1.000288, 0.875938, 0.810790, 40.873460,1.059639,2.169793,-0.178371,0.918548, 1.000288, 0.875938, 0.810790, 40.873460,1.059666,2.319309,-0.102463,0.898349, 1.000239, 0.944354, 0.811115, 39.824735,1.059666,1.956054,-0.083736,0.812360, 1.000225, 0.829765, 0.651842, 34.897956,1.059666,1.950885,-0.083587,0.811079, 1.000225, 0.828372, 0.649644, 34.824576
  1.7450,1.060569,2.162572,0.630573,0.683507, 0.999506, 1.723001, 0.817152, 32.363234,1.060569,2.162572,0.630573,0.683507, 0.999506, 1.723001, 0.817152, 32.363234,1.060569,2.139723,0.632533,0.678487, 0.999497, 1.716256, 0.805724, 32.075594,1.059389,2.174091,-0.178109,0.919067, 1.000262, 0.880006, 0.810880, 40.943060,1.059389,2.174091,-0.178109,0.919067, 1.000262, 0.880006, 0.810880, 40.943060,1.059415,2.323470,-0.102313,0.898776, 1.000214, 0.948415, 0.811222, 39.889384,1.059415,1.959306,-0.083888,0.812757, 1.000196, 0.833826, 0.651958, 34.960839,1.059415,1.954135,-0.083740,0.811477, 1.000196, 0.832433, 0.649760, 34.887513
  1.7500,1.060312,2.161383,0.630086,0.682563, 0.999492, 1.726648, 0.817467, 32.362623,1.060312,2.161383,0.630086,0.682563, 0.999492, 1.726648, 0.817467, 32.362623,1.060312,2.138409,0.631977,0.677525, 0.999483, 1.719903, 0.806042, 32.073982,1.059141,2.178261,-0.177901,0.919537, 1.000236, 0.884084, 0.810975, 41.011523,1.059141,2.178261,-0.177901,0.919537, 1.000236, 0.884084, 0.810975, 41.011523,1.059166,2.327513,-0.102212,0.899156, 1.000189, 0.952483, 0.811334, 39.953028,1.059166,1.962410,-0.084106,0.813099, 1.000167, 0.837895, 0.652081, 35.022274,1.059166,1.957236,-0.083958,0.811820, 1.000167, 0.836501, 0.649883, 34.948997
  1.7550,1.060060,2.160200,0.629597,0.681594, 0.999479, 1.730211, 0.817784, 32.361910,1.060060,2.160200,0.629597,0.681594, 0.999479, 1.730211, 0.817784, 32.361910,1.060060,2.137096,0.631416,0.676538, 0.999469, 1.723466, 0.806362, 32.072213,1.058894,2.182297,-0.177749,0.919956, 1.000209, 0.888172, 0.811077, 41.078803,1.058894,2.182297,-0.177749,0.919956, 1.000209, 0.888172, 0.811077, 41.078803,1.058919,2.331434,-0.102160,0.899489, 1.000164, 0.956561, 0.811451, 40.015625,1.058919,1.965362,-0.084390,0.813385, 1.000137, 0.841973, 0.652212, 35.082230,1.058919,1.960185,-0.084243,0.812107, 1.000138, 0.840579, 0.650014, 35.008997
  1.7600,1.059813,2.159024,0.629104,0.680600, 0.999466, 1.733687, 0.818103, 32.361104,1.059813,2.159024,0.629104,0.680600, 0.999466, 1.733687, 0.818103, 32.361104,1.059813,2.135783,0.630851,0.675524, 0.999455, 1.726943, 0.806684, 32.070295,1.058649,2.186195,-0.177654,0.920324, 1.000182, 0.892274, 0.811185, 41.144855,1.058649,2.186195,-0.177654,0.920324, 1.000182, 0.892274, 0.811185, 41.144855,1.058673,2.335227,-0.102158,0.899773, 1.000138, 0.960650, 0.811575, 40.077133,1.058673,1.968159,-0.084741,0.813616, 1.000108, 0.846062, 0.652350, 35.140679,1.058673,1.962979,-0.084594,0.812338, 1.000108, 0.844668, 0.650152, 35.067486
  1.7650,1.059569,2.157854,0.628608,0.679581, 0.999453, 1.737076, 0.818423, 32.360210,1.059569,2.157854,0.628608,0.679581, 0.999453, 1.737076, 0.818423, 32.360210,1.059569,2.134472,0.630280,0.674485, 0.999442, 1.730331, 0.807007, 32.068238,1.058405,2.189950,-0.177616,0.920641, 1.000154, 0.896391, 0.811299, 41.209635,1.058405,2.189950,-0.177616,0.920641, 1.000154, 0.896391, 0.811299, 41.209635,1.058429,2.338888,-0.102208,0.900008, 1.000112, 0.964752, 0.811704, 40.137514,1.058429,1.970800,-0.085158,0.813790, 1.000078, 0.850164, 0.652496, 35.197592,1.058429,1.965617,-0.085012,0.812514, 1.000078, 0.848770, 0.650298, 35.124434
  1.7700,1.059331,2.156690,0.628109,0.678537, 0.999440, 1.740374, 0.818745, 32.359236,1.059331,2.156690,0.628109,0.678537, 0.999440, 1.740374, 0.818745, 32.359236,1.059331,2.133162,0.629704,0.673420, 0.999429, 1.733630, 0.807333, 32.066051,1.058163,2.193557,-0.177637,0.920906, 1.000126, 0.900526, 0.811419, 41.273104,1.058163,2.193557,-0.177637,0.920906, 1.000126, 0.900526, 0.811419, 41.273104,1.058187,2.342413,-0.102311,0.900194, 1.000085, 0.968869, 0.811839, 40.196730,1.058187,1.973281,-0.085642,0.813909, 1.000048, 0.854280, 0.652649, 35.252945,1.058187,1.968094,-0.085498,0.812632, 1.000048, 0.852887, 0.650450, 35.179817
  1.7750,1.059096,2.155534,0.627605,0.677471, 0.999428, 1.743581, 0.819068, 32.358190,1.059096,2.155534,0.627605,0.677471, 0.999428, 1.743581, 0.819068, 32.358190,1.059096,2.131856,0.629123,0.672331, 0.999416, 1.736837, 0.807659, 32.063742,1.057923,2.197013,-0.177717,0.921117, 1.000098, 0.904679, 0.811546, 41.335220,1.057923,2.197013,-0.177717,0.921117, 1.000098, 0.904679, 0.811546, 41.335220,1.057946,2.345798,-0.102466,0.900329, 1.000059, 0.973002, 0.811980, 40.254746,1.057946,1.975601,-0.086194,0.813970, 1.000017, 0.858413, 0.652809, 35.306711,1.057946,1.970410,-0.086050,0.812694, 1.000018, 0.857020, 0.650611, 35.233609
  1.7800,1.058867,2.154386,0.627098,0.676380, 0.999415, 1.746695, 0.819393, 32.357078,1.058867,2.154386,0.627098,0.676380, 0.999415, 1.746695, 0.819393, 32.357078,1.058867,2.130552,0.628536,0.671218, 0.999403, 1.739951, 0.807987, 32.061320,1.057683,2.200313,-0.177856,0.921275, 1.000070, 0.908853, 0.811680, 41.395945,1.057683,2.200313,-0.177856,0.921275, 1.000070, 0.908853, 0.811680, 41.395945,1.057706,2.349039,-0.102675,0.900415, 1.000032, 0.977153, 0.812128, 40.311525,1.057706,1.977757,-0.086812,0.813974, 0.999987, 0.862564, 0.652977, 35.358869,1.057706,1.972563,-0.086670,0.812699, 0.999987, 0.861171, 0.650779, 35.285789
  1.7850,1.058641,2.153246,0.626585,0.675267, 0.999403, 1.749715, 0.819718, 32.355909,1.058641,2.153246,0.626585,0.675267, 0.999403, 1.749715, 0.819718, 32.355909,1.058641,2.129253,0.627943,0.670081, 0.999391, 1.742970, 0.808317, 32.058796,1.057446,2.203453,-0.178056,0.921380, 1.000041, 0.913050, 0.811820, 41.455244,1.057446,2.203453,-0.178056,0.921380, 1.000041, 0.913050, 0.811820, 41.455244,1.057468,2.352131,-0.102937,0.900449, 1.000004, 0.981324, 0.812281, 40.367034,1.057468,1.979748,-0.087498,0.813921, 0.999957, 0.866735, 0.653152, 35.409398,1.057468,1.974550,-0.087357,0.812646, 0.999957, 0.865342, 0.650954, 35.336335
  1.7900,1.058420,2.152114,0.626068,0.674131, 0.999391, 1.752639, 0.820045, 32.354689,1.058420,2.152114,0.626068,0.674131, 0.999391, 1.752639, 0.820045, 32.354689,1.058420,2.127958,0.627344,0.668921, 0.999378, 1.745895, 0.808647, 32.056179,1.057209,2.206429,-0.178316,0.921430, 1.000012, 0.917270, 0.811966, 41.513080,1.057209,2.206429,-0.178316,0.921430, 1.000012, 0.917270, 0.811966, 41.513080,1.057232,2.355072,-0.103255,0.900431, 0.999977, 0.985516, 0.812440, 40.421241,1.057232,1.981572,-0.088250,0.813811, 0.999926, 0.870927, 0.653335, 35.458277,1.057232,1.976370,-0.088111,0.812536, 0.999926, 0.869534, 0.651137, 35.385227
  1.7950,1.058203,2.150991,0.625547,0.672973, 0.999380, 1.755467, 0.820372, 32.353427,1.058203,2.150991,0.625547,0.672973, 0.999380, 1.755467, 0.820372, 32.353427,1.058203,2.126668,0.626740,0.667737, 0.999366, 1.748723, 0.808979, 32.053477,1.056974,2.209239,-0.178637,0.921425, 0.999983, 0.921516, 0.812120, 41.569420,1.056974,2.209239,-0.178637,0.921425, 0.999983, 0.921516, 0.812120, 41.569420,1.056996,2.357858,-0.103627,0.900362, 0.999949, 0.989730, 0.812606, 40.474116,1.056996,1.983228,-0.089069,0.813643, 0.999895, 0.875142, 0.653525, 35.505489,1.056996,1.978022,-0.088932,0.812368, 0.999896, 0.873748, 0.651327, 35.432447
  1.8000,1.057990,2.149877,0.625020,0.671792, 0.999368, 1.758198, 0.820701, 32.352130,1.057990,2.149877,0.625020,0.671792, 0.999368, 1.758198, 0.820701, 32.352130,1.057990,2.125384,0.626129,0.666532, 0.999354, 1.751453, 0.809312, 32.050700,1.056740,2.211879,-0.179019,0.921365, 0.999953, 0.925790, 0.812280, 41.624234,1.056740,2.211879,-0.179019,0.921365, 0.999953, 0.925790, 0.812280, 41.624234,1.056762,2.360486,-0.104055,0.900240, 0.999922, 0.993969, 0.812778, 40.525627,1.056762,1.984714,-0.089954,0.813417, 0.999865, 0.879380, 0.653723, 35.551018,1.056762,1.979504,-0.089819,0.812142, 0.999865, 0.877987, 0.651525, 35.477980
  1.8050,1.057782,2.148773,0.624488,0.670591, 0.999357, 1.760830, 0.821030, 32.350804,1.057782,2.148773,0.624488,0.670591, 0.999357, 1.760830, 0.821030, 32.350804,1.057782,2.124106,0.625512,0.665303, 0.999343, 1.754085, 0.809646, 32.047859,1.056507,2.214346,-0.179462,0.921249, 0.999924, 0.930091, 0.812447, 41.677490,1.056507,2.214346,-0.179462,0.921249, 0.999924, 0.930091, 0.812447, 41.677490,1.056530,2.362953,-0.104538,0.900066, 0.999894, 0.998232, 0.812956, 40.575749,1.056530,1.986031,-0.090905,0.813133, 0.999834, 0.883644, 0.653928, 35.594848,1.056530,1.980816,-0.090772,0.811859, 0.999834, 0.882250, 0.651731, 35.521809
  1.8100,1.057577,2.147679,0.623950,0.669368, 0.999346, 1.763363, 0.821360, 32.349457,1.057577,2.147679,0.623950,0.669368, 0.999346, 1.763363, 0.821360, 32.349457,1.057577,2.122834,0.624889,0.664054, 0.999331, 1.756618, 0.809980, 32.044961,1.056275,2.216637,-0.179966,0.921077, 0.999894, 0.934423, 0.812621, 41.729160,1.056275,2.216637,-0.179966,0.921077, 0.999894, 0.934423, 0.812621, 41.729160,1.056298,2.365257,-0.105076,0.899840, 0.999866, 1.002523, 0.813141, 40.624453,1.056298,1.987176,-0.091920,0.812792, 0.999803, 0.887934, 0.654141, 35.636966,1.056298,1.981957,-0.091790,0.811517, 0.999803, 0.886541, 0.651944, 35.563923
  1.8150,1.057377,2.146594,0.623407,0.668125, 0.999335, 1.765796, 0.821690, 32.348097,1.057377,2.146594,0.623407,0.668125, 0.999335, 1.765796, 0.821690, 32.348097,1.057377,2.121571,0.624260,0.662783, 0.999320, 1.759052, 0.810315, 32.042016,1.056045,2.218751,-0.180531,0.920849, 0.999864, 0.938786, 0.812802, 41.779219,1.056045,2.218751,-0.180531,0.920849, 0.999864, 0.938786, 0.812802, 41.779219,1.056068,2.367394,-0.105670,0.899560, 0.999837, 1.006841, 0.813332, 40.671715,1.056068,1.988149,-0.093001,0.812392, 0.999772, 0.892252, 0.654361, 35.677360,1.056068,1.982925,-0.092873,0.811117, 0.999772, 0.890859, 0.652164, 35.604308
  1.8200,1.057181,2.145520,0.622858,0.666861, 0.999324, 1.768130, 0.822021, 32.346729,1.057181,2.145520,0.622858,0.666861, 0.999324, 1.768130, 0.822021, 32.346729,1.057181,2.120315,0.623625,0.661491, 0.999309, 1.761386, 0.810651, 32.039034,1.055816,2.220684,-0.181157,0.920565, 0.999834, 0.943181, 0.812990, 41.827640,1.055816,2.220684,-0.181157,0.920565, 0.999834, 0.943181, 0.812990, 41.827640,1.055839,2.369363,-0.106320,0.899227, 0.999809, 1.011188, 0.813529, 40.717511,1.055839,1.988950,-0.094145,0.811934, 0.999742, 0.896599, 0.654589, 35.716019,1.055839,1.983722,-0.094020,0.810659, 0.999742, 0.895206, 0.652392, 35.642955
  1.8250,1.056989,2.144457,0.622303,0.665577, 0.999314, 1.770364, 0.822352, 32.345362,1.056989,2.144457,0.622303,0.665577, 0.999314, 1.770364, 0.822352, 32.345362,1.056989,2.119068,0.622983,0.660178, 0.999298, 1.763619, 0.810987, 32.036022,1.055587,2.222435,-0.181843,0.920224, 0.999804, 0.947610, 0.813185, 41.874402,1.055587,2.222435,-0.181843,0.920224, 0.999804, 0.947610, 0.813185, 41.874402,1.055612,2.371161,-0.107024,0.898840, 0.999781, 1.015565, 0.813733, 40.761819,1.055612,1.989580,-0.095352,0.811418, 0.999711, 0.900977, 0.654824, 35.752935,1.055612,1.984347,-0.095230,0.810143, 0.999711, 0.899583, 0.652627, 35.679854
  1.8300,1.056801,2.143405,0.621743,0.664274, 0.999303, 1.772498, 0.822684, 32.344001,1.056801,2.143405,0.621743,0.664274, 0.999303, 1.772498, 0.822684, 32.344001,1.056801,2.117830,0.622335,0.658845, 0.999288, 1.765753, 0.811324, 32.032991,1.055360,2.224001,-0.182589,0.919826, 0.999774, 0.952074, 0.813387, 41.919481,1.055360,2.224001,-0.182589,0.919826, 0.999774, 0.952074, 0.813387, 41.919481,1.055385,2.372788,-0.107783,0.898399, 0.999752, 1.019974, 0.813943, 40.804617,1.055385,1.990037,-0.096621,0.810844, 0.999680, 0.905385, 0.655067, 35.788100,1.055385,1.984799,-0.096502,0.809569, 0.999680, 0.903992, 0.652870, 35.714998
  1.8350,1.056617,2.142364,0.621177,0.662951, 0.999293, 1.774531, 0.823015, 32.342653,1.056617,2.142364,0.621177,0.662951, 0.999293, 1.774531, 0.823015, 32.342653,1.056617,2.116601,0.621682,0.657493, 0.999277, 1.767787, 0.811660, 32.029948,1.055134,2.225382,-0.183395,0.919371, 0.999743, 0.956574, 0.813596, 41.962859,1.055134,2.225382,-0.183395,0.919371, 0.999743, 0.956574, 0.813596, 41.962859,1.055159,2.374240,-0.108597,0.897905, 0.999723, 1.024415, 0.814160, 40.845886,1.055159,1.990322,-0.097951,0.810213, 0.999650, 0.909826, 0.655317, 35.821508,1.055159,1.985080,-0.097836,0.808937, 0.999649, 0.908432, 0.653120, 35.748381
  1.8400,1.056436,2.141335,0.620604,0.661609, 0.999283, 1.776465, 0.823347, 32.341324,1.056436,2.141335,0.620604,0.661609, 0.999283, 1.776465, 0.823347, 32.341324,1.056436,2.115382,0.621022,0.656122, 0.999267, 1.769721, 0.811998, 32.026903,1.054908,2.226577,-0.184261,0.918859, 0.999713, 0.961111, 0.813812, 42.004517,1.054908,2.226577,-0.184261,0.918859, 0.999713, 0.961111, 0.813812, 42.004517,1.054935,2.375516,-0.109465,0.897357, 0.999695, 1.028889, 0.814383, 40.885608,1.054935,1.990435,-0.099341,0.809524, 0.999619, 0.914300, 0.655574, 35.853154,1.054935,1.985189,-0.099229,0.808247, 0.999619, 0.912907, 0.653378, 35.779999
  1.8450,1.056260,2.140317,0.620026,0.660249, 0.999274, 1.778300, 0.823679, 32.340021,1.056260,2.140317,0.620026,0.660249, 0.999274, 1.778300, 0.823679, 32.340021,1.056260,2.114174,0.620356,0.654731, 0.999257, 1.771555, 0.812335, 32.023862,1.054684,2.227583,-0.185184,0.918289, 0.999683, 0.965687, 0.814035, 42.044439,1.054684,2.227583,-0.185184,0.918289, 0.999683, 0.965687, 0.814035, 42.044439,1.054711,2.376616,-0.110387,0.896754, 0.999666, 1.033398, 0.814612, 40.923767,1.054711,1.990378,-0.100791,0.808777, 0.999589, 0.918809, 0.655838, 35.883035,1.054711,1.985126,-0.100682,0.807500, 0.999588, 0.917416, 0.653642, 35.809847
  1.8500,1.056087,2.139311,0.619442,0.658871, 0.999264, 1.780036, 0.824011, 32.338748,1.056087,2.139311,0.619442,0.658871, 0.999264, 1.780036, 0.824011, 32.338748,1.056087,2.112977,0.619684,0.653323, 0.999248, 1.773291, 0.812672, 32.020835,1.054461,2.228401,-0.186165,0.917663, 0.999652, 0.970302, 0.814264, 42.082610,1.054461,2.228401,-0.186165,0.917663, 0.999652, 0.970302, 0.814264, 42.082610,1.054489,2.377538,-0.111361,0.896098, 0.999638, 1.037942, 0.814848, 40.960347,1.054489,1.990151,-0.102298,0.807973, 0.999558, 0.923353, 0.656110, 35.911148,1.054489,1.984894,-0.102193,0.806695, 0.999558, 0.921960, 0.653914, 35.837925
  1.8550,1.055917,2.138317,0.618852,0.657475, 0.999255, 1.781673, 0.824343, 32.337512,1.055917,2.138317,0.618852,0.657475, 0.999255, 1.781673, 0.824343, 32.337512,1.055917,2.111791,0.619007,0.651896, 0.999238, 1.774929, 0.813009, 32.017829,1.054238,2.229030,-0.187204,0.916979, 0.999622, 0.974957, 0.814501, 42.119018,1.054238,2.229030,-0.187204,0.916979, 0.999622, 0.974957, 0.814501, 42.119018,1.054267,2.378282,-0.112388,0.895388, 0.999609, 1.042523, 0.815090, 40.995334,1.054267,1.989754,-0.103861,0.807112, 0.999528, 0.927934, 0.656388, 35.937494,1.054267,1.984493,-0.103760,0.805833, 0.999528, 0.926540, 0.654193, 35.864231
  1.8600,1.055752,2.137335,0.618256,0.656062, 0.999246, 1.783214, 0.824674, 32.336317,1.055752,2.137335,0.618256,0.656062, 0.999246, 1.783214, 0.824674, 32.336317,1.055752,2.110616,0.618324,0.650451, 0.999229, 1.776469, 0.813346, 32.014851,1.054016,2.229470,-0.188298,0.916238, 0.999592, 0.979654, 0.814745, 42.153650,1.054016,2.229470,-0.188298,0.916238, 0.999592, 0.979654, 0.814745, 42.153650,1.054047,2.378847,-0.113467,0.894624, 0.999580, 1.047141, 0.815339, 41.028716,1.054047,1.989190,-0.105480,0.806194, 0.999498, 0.932552, 0.656674, 35.962074,1.054047,1.983923,-0.105383,0.804915, 0.999498, 0.931159, 0.654479, 35.888767
  1.8650,1.055590,2.136366,0.617654,0.654632, 0.999237, 1.784658, 0.825005, 32.335169,1.055590,2.136366,0.617654,0.654632, 0.999237, 1.784658, 0.825005, 32.335169,1.055590,2.109454,0.617635,0.648990, 0.999220, 1.777913, 0.813683, 32.011909,1.053795,2.229720,-0.189448,0.915441, 0.999562, 0.984393, 0.814996, 42.186497,1.053795,2.229720,-0.189448,0.915441, 0.999562, 0.984393, 0.814996, 42.186497,1.053827,2.379232,-0.114596,0.893806, 0.999552, 1.051797, 0.815594, 41.060483,1.053827,1.988458,-0.107153,0.805220, 0.999468, 0.937209, 0.656967, 35.984888,1.053827,1.983187,-0.107060,0.803940, 0.999468, 0.935815, 0.654772, 35.911535
  1.8700,1.055431,2.135409,0.617047,0.653184, 0.999228, 1.786007, 0.825336, 32.334072,1.055431,2.135409,0.617047,0.653184, 0.999228, 1.786007, 0.825336, 32.334072,1.055431,2.108305,0.616942,0.647511, 0.999211, 1.779262, 0.814019, 32.009010,1.053575,2.229780,-0.190651,0.914586, 0.999532, 0.989175, 0.815254, 42.217552,1.053575,2.229780,-0.190651,0.914586, 0.999532, 0.989175, 0.815254, 42.217552,1.053608,2.379438,-0.115775,0.892934, 0.999523, 1.056493, 0.815855, 41.090625,1.053608,1.987562,-0.108878,0.804190, 0.999439, 0.941905, 0.657267, 36.005941,1.053608,1.982286,-0.108789,0.802909, 0.999438, 0.940511, 0.655072, 35.932537
  1.8750,1.055275,2.134464,0.616433,0.651721, 0.999219, 1.787262, 0.825666, 32.333031,1.055275,2.134464,0.616433,0.651721, 0.999219, 1.787262, 0.825666, 32.333031,1.055275,2.107168,0.616243,0.646016, 0.999203, 1.780517, 0.814355, 32.006160,1.053356,2.229652,-0.191908,0.913675, 0.999502, 0.994002, 0.815519, 42.246808,1.053356,2.229652,-0.191908,0.913675, 0.999502, 0.994002, 0.815519, 42.246808,1.053390,2.379464,-0.117004,0.892009, 0.999495, 1.061229, 0.816123, 41.119134,1.053390,1.986502,-0.110653,0.803104, 0.999409, 0.946641, 0.657573, 36.025237,1.053390,1.981221,-0.110569,0.801822, 0.999409, 0.945247, 0.655379, 35.951779
  1.8800,1.055123,2.133532,0.615814,0.650241, 0.999211, 1.788425, 0.825996, 32.332050,1.055123,2.133532,0.615814,0.650241, 0.999211, 1.788425, 0.825996, 32.332050,1.055123,2.106044,0.615539,0.644505, 0.999194, 1.781680, 0.814691, 32.003365,1.053137,2.229336,-0.193217,0.912707, 0.999472, 0.998875, 0.815790, 42.274261,1.053137,2.229336,-0.193217,0.912707, 0.999472, 0.998875, 0.815790, 42.274261,1.053173,2.379312,-0.118280,0.891030, 0.999467, 1.066006, 0.816397, 41.146003,1.053173,1.985280,-0.112478,0.801962, 0.999380, 0.951418, 0.657887, 36.042781,1.053173,1.979994,-0.112399,0.800679, 0.999379, 0.950024, 0.655693, 35.969267
  1.8850,1.054974,2.132613,0.615190,0.648746, 0.999203, 1.789497, 0.826326, 32.331132,1.054974,2.132613,0.615190,0.648746, 0.999203, 1.789497, 0.826326, 32.331132,1.054974,2.104933,0.614830,0.642978, 0.999186, 1.782752, 0.815026, 32.000633,1.052919,2.228833,-0.194576,0.911684, 0.999442, 1.003793, 0.816069, 42.299908,1.052919,2.228833,-0.194576,0.911684, 0.999442, 1.003793, 0.816069, 42.299908,1.052957,2.378980,-0.119604,0.889998, 0.999439, 1.070826, 0.816677, 41.171227,1.052957,1.983899,-0.114351,0.800766, 0.999351, 0.956237, 0.658207, 36.058582,1.052957,1.978608,-0.114276,0.799482, 0.999350, 0.954844, 0.656013, 35.985008
  1.8900,1.054828,2.131706,0.614560,0.647235, 0.999195, 1.790480, 0.826654, 32.330281,1.054828,2.131706,0.614560,0.647235, 0.999195, 1.790480, 0.826654, 32.330281,1.054828,2.103837,0.614117,0.641435, 0.999178, 1.783736, 0.815360, 31.997968,1.052702,2.228143,-0.195985,0.910604, 0.999413, 1.008758, 0.816354, 42.323747,1.052702,2.228143,-0.195985,0.910604, 0.999413, 1.008758, 0.816354, 42.323747,1.052741,2.378471,-0.120973,0.888914, 0.999411, 1.075688, 0.816963, 41.194802,1.052741,1.982360,-0.116270,0.799515, 0.999322, 0.961100, 0.658533, 36.072648,1.052741,1.977064,-0.116199,0.798230, 0.999322, 0.959706, 0.656340, 35.999010
  1.8950,1.054686,2.130811,0.613925,0.645710, 0.999187, 1.791377, 0.826982, 32.329501,1.054686,2.130811,0.613925,0.645710, 0.999187, 1.791377, 0.826982, 32.329501,1.054686,2.102753,0.613400,0.639878, 0.999170, 1.784632, 0.815694, 31.995376,1.052486,2.227269,-0.197442,0.909469, 0.999383, 1.013771, 0.816646, 42.345779,1.052486,2.227269,-0.197442,0.909469, 0.999383, 1.013771, 0.816646, 42.345779,1.052526,2.377785,-0.122387,0.887777, 0.999383, 1.080594, 0.817255, 41.216727,1.052526,1.980665,-0.118233,0.798211, 0.999294, 0.966006, 0.658866, 36.084987,1.052526,1.975365,-0.118167,0.796924, 0.999293, 0.964612, 0.656673, 36.011282
  1.9000,1.054546,2.129929,0.613285,0.644169, 0.999179, 1.792188, 0.827309, 32.328794,1.054546,2.129929,0.613285,0.644169, 0.999179, 1.792188, 0.827309, 32.328794,1.054546,2.101684,0.612679,0.638306, 0.999162, 1.785443, 0.816027, 31.992862,1.052270,2.226212,-0.198946,0.908279, 0.999354, 1.018833, 0.816944, 42.366006,1.052270,2.226212,-0.198946,0.908279, 0.999354, 1.018833, 0.816944, 42.366006,1.052312,2.376923,-0.123844,0.886587, 0.999355, 1.085545, 0.817554, 41.237000,1.052312,1.978818,-0.120238,0.796853, 0.999266, 0.970956, 0.659206, 36.095612,1.052312,1.973513,-0.120177,0.795565, 0.999265, 0.969562, 0.657013, 36.021836
  1.9050,1.054409,2.129060,0.612640,0.642615, 0.999172, 1.792916, 0.827635, 32.328163,1.054409,2.129060,0.612640,0.642615, 0.999172, 1.792916, 0.827635, 32.328163,1.054409,2.100630,0.611954,0.636720, 0.999155, 1.786171, 0.816359, 31.990431,1.052054,2.224973,-0.200494,0.907034, 0.999325, 1.023945, 0.817249, 42.384432,1.052054,2.224973,-0.200494,0.907034, 0.999325, 1.023945, 0.817249, 42.384432,1.052099,2.375886,-0.125344,0.885346, 0.999328, 1.090541, 0.817858, 41.255623,1.052099,1.976821,-0.122284,0.795442, 0.999238, 0.975952, 0.659551, 36.104532,1.052099,1.971510,-0.122228,0.794153, 0.999237, 0.974559, 0.657359, 36.030684
  1.9100,1.054274,2.128203,0.611990,0.641046, 0.999164, 1.793563, 0.827960, 32.327611,1.054274,2.128203,0.611990,0.641046, 0.999164, 1.793563, 0.827960, 32.327611,1.054274,2.099589,0.611226,0.635120, 0.999148, 1.786819, 0.816690, 31.988088,1.051840,2.223555,-0.202087,0.905735, 0.999297, 1.029107, 0.817561, 42.401063,1.051840,2.223555,-0.202087,0.905735, 0.999297, 1.029107, 0.817561, 42.401063,1.051886,2.374677,-0.126884,0.884053, 0.999301, 1.095583, 0.818169, 41.272596,1.051886,1.974676,-0.124369,0.793979, 0.999210, 0.980995, 0.659903, 36.111763,1.051886,1.969361,-0.124318,0.792689, 0.999210, 0.979601, 0.657711, 36.037839
  1.9150,1.054142,2.127359,0.611336,0.639464, 0.999157, 1.794133, 0.828285, 32.327138,1.054142,2.127359,0.611336,0.639464, 0.999157, 1.794133, 0.828285, 32.327138,1.054142,2.098563,0.610495,0.633507, 0.999141, 1.787388, 0.817020, 31.985836,1.051625,2.221960,-0.203722,0.904382, 0.999268, 1.034320, 0.817879, 42.415904,1.051625,2.221960,-0.203722,0.904382, 0.999268, 1.034320, 0.817879, 42.415904,1.051674,2.373296,-0.128464,0.882709, 0.999274, 1.100672, 0.818485, 41.287923,1.051674,1.972386,-0.126491,0.792465, 0.999183, 0.986084, 0.660261, 36.117317,1.051674,1.967066,-0.126445,0.791174, 0.999182, 0.984690, 0.658069, 36.043314
  1.9200,1.054013,2.126526,0.610677,0.637868, 0.999150, 1.794626, 0.828608, 32.326749,1.054013,2.126526,0.610677,0.637868, 0.999150, 1.794626, 0.828608, 32.326749,1.054013,2.097552,0.609760,0.631880, 0.999134, 1.787882, 0.817349, 31.983680,1.051412,2.220191,-0.205398,0.902977, 0.999240, 1.039585, 0.818203, 42.428966,1.051412,2.220191,-0.205398,0.902977, 0.999240, 1.039585, 0.818203, 42.428966,1.051462,2.371747,-0.130081,0.881315, 0.999247, 1.105809, 0.818807, 41.301610,1.051462,1.969955,-0.128647,0.790900, 0.999156, 0.991221, 0.660624, 36.121210,1.051462,1.964630,-0.128607,0.789607, 0.999155, 0.989827, 0.658433, 36.047126
  1.9250,1.053886,2.125706,0.610015,0.636259, 0.999143, 1.795047, 0.828930, 32.326443,1.053886,2.125706,0.610015,0.636259, 0.999143, 1.795047, 0.828930, 32.326443,1.053886,2.096556,0.609024,0.630241, 0.999127, 1.788302, 0.817677, 31.981624,1.051199,2.218249,-0.207112,0.901518, 0.999212, 1.044903, 0.818534, 42.440257,1.051199,2.218249,-0.207112,0.901518, 0.999212, 1.044903, 0.818534, 42.440257,1.051251,2.370030,-0.131735,0.879870, 0.999221, 1.110995, 0.819135, 41.313661,1.051251,1.967385,-0.130837,0.789284, 0.999130, 0.996407, 0.660994, 36.123459,1.051251,1.962055,-0.130802,0.787990, 0.999129, 0.995013, 0.658803, 36.049290
  1.9300,1.053762,2.124898,0.609349,0.634638, 0.999136, 1.795397, 0.829251, 32.326222,1.053762,2.124898,0.609349,0.634638, 0.999136, 1.795397, 0.829251, 32.326222,1.053762,2.095574,0.608285,0.628589, 0.999121, 1.788652, 0.818003, 31.979670,1.050986,2.216139,-0.208864,0.900008, 0.999185, 1.050273, 0.818870, 42.449789,1.050986,2.216139,-0.208864,0.900008, 0.999185, 1.050273, 0.818870, 42.449789,1.051041,2.368148,-0.133424,0.878377, 0.999194, 1.116230, 0.819468, 41.324086,1.051041,1.964679,-0.133058,0.787619, 0.999104, 1.001641, 0.661369, 36.124080,1.051041,1.959346,-0.133028,0.786323, 0.999103, 1.000248, 0.659179, 36.049823
  1.9350,1.053640,2.124102,0.608679,0.633004, 0.999130, 1.795679, 0.829570, 32.326088,1.053640,2.124102,0.608679,0.633004, 0.999130, 1.795679, 0.829570, 32.326088,1.053640,2.094608,0.607544,0.626926, 0.999114, 1.788934, 0.818329, 31.977822,1.050774,2.213863,-0.210652,0.898446, 0.999158, 1.055698, 0.819213, 42.457577,1.050774,2.213863,-0.210652,0.898446, 0.999158, 1.055698, 0.819213, 42.457577,1.050831,2.366104,-0.135147,0.876834, 0.999169, 1.121515, 0.819807, 41.332892,1.050831,1.961842,-0.135307,0.785906, 0.999078, 1.006926, 0.661749, 36.123092,1.050831,1.956504,-0.135283,0.784608, 0.999077, 1.005532, 0.659560, 36.048746
  1.9400,1.053520,2.123318,0.608006,0.631358, 0.999124, 1.795897, 0.829889, 32.326041,1.053520,2.123318,0.608006,0.631358, 0.999124, 1.795897, 0.829889, 32.326041,1.053520,2.093656,0.606802,0.625250, 0.999108, 1.789152, 0.818653, 31.976083,1.050562,2.211424,-0.212473,0.896834, 0.999131, 1.061176, 0.819561, 42.463634,1.050562,2.211424,-0.212473,0.896834, 0.999131, 1.061176, 0.819561, 42.463634,1.050622,2.363901,-0.136901,0.875243, 0.999143, 1.126850, 0.820151, 41.340090,1.050622,1.958876,-0.137584,0.784144, 0.999053, 1.012261, 0.662135, 36.120515,1.050622,1.953534,-0.137565,0.782845, 0.999052, 1.010867, 0.659946, 36.046076
  1.9450,1.053402,2.122545,0.607330,0.629700, 0.999117, 1.796053, 0.830206, 32.326081,1.053402,2.122545,0.607330,0.629700, 0.999117, 1.796053, 0.830206, 32.326081,1.053402,2.092719,0.606059,0.623563, 0.999102, 1.789308, 0.818975, 31.974454,1.050351,2.208826,-0.214326,0.895172, 0.999105, 1.066710, 0.819916, 42.467976,1.050351,2.208826,-0.214326,0.895172, 0.999105, 1.066710, 0.819916, 42.467976,1.050413,2.361541,-0.138685,0.873604, 0.999118, 1.132236, 0.820500, 41.345692,1.050413,1.955786,-0.139885,0.782335, 0.999028, 1.017647, 0.662526, 36.116369,1.050413,1.950439,-0.139872,0.781034, 0.999027, 1.016254, 0.660337, 36.041836
  1.9500,1.053286,2.121784,0.606651,0.628031, 0.999111, 1.796150, 0.830521, 32.326210,1.053286,2.121784,0.606651,0.628031, 0.999111, 1.796150, 0.830521, 32.326210,1.053286,2.091798,0.605315,0.621865, 0.999096, 1.789405, 0.819296, 31.972939,1.050140,2.206073,-0.216210,0.893460, 0.999079, 1.072299, 0.820276, 42.470623,1.050140,2.206073,-0.216210,0.893460, 0.999079, 1.072299, 0.820276, 42.470623,1.050205,2.359028,-0.140498,0.871918, 0.999093, 1.137673, 0.820854, 41.349711,1.050205,1.952574,-0.142209,0.780480, 0.999004, 1.023085, 0.662922, 36.110676,1.050205,1.947223,-0.142202,0.779177, 0.999003, 1.021691, 0.660734, 36.036045
  1.9550,1.053172,2.121034,0.605970,0.626350, 0.999106, 1.796191, 0.830836, 32.326427,1.053172,2.121034,0.605970,0.626350, 0.999106, 1.796191, 0.830836, 32.326427,1.053172,2.090892,0.604570,0.620156, 0.999091, 1.789447, 0.819616, 31.971540,1.049930,2.203168,-0.218122,0.891700, 0.999054, 1.077944, 0.820641, 42.471591,1.049930,2.203168,-0.218122,0.891700, 0.999054, 1.077944, 0.820641, 42.471591,1.049998,2.356364,-0.142337,0.870186, 0.999069, 1.143163, 0.821214, 41.352160,1.049998,1.949245,-0.144553,0.778579, 0.998980, 1.028575, 0.663323, 36.103458,1.049998,1.943889,-0.144552,0.777274, 0.998979, 1.027181, 0.661135, 36.028727
  1.9600,1.053060,2.120295,0.605287,0.624659, 0.999100, 1.796181, 0.831148, 32.326732,1.053060,2.120295,0.605287,0.624659, 0.999100, 1.796181, 0.831148, 32.326732,1.053060,2.090001,0.603826,0.618437, 0.999085, 1.789436, 0.819934, 31.970257,1.049720,2.200115,-0.220060,0.889893, 0.999029, 1.083645, 0.821012, 42.470904,1.049720,2.200115,-0.220060,0.889893, 0.999029, 1.083645, 0.821012, 42.470904,1.049790,2.353553,-0.144201,0.868408, 0.999045, 1.148705, 0.821578, 41.353056,1.049790,1.945802,-0.146916,0.776633, 0.998956, 1.034117, 0.663728, 36.094738,1.049790,1.940442,-0.146920,0.775327, 0.998955, 1.032723, 0.661541, 36.019905
  1.9650,1.052950,2.119568,0.604602,0.622957, 0.999094, 1.796121, 0.831459, 32.327126,1.052950,2.119568,0.604602,0.622957, 0.999094, 1.796121, 0.831459, 32.327126,1.052950,2.089124,0.603081,0.616708, 0.999080, 1.789376, 0.820250, 31.969094,1.049511,2.196919,-0.222022,0.888039, 0.999004, 1.089403, 0.821388, 42.468581,1.049511,2.196919,-0.222022,0.888039, 0.999004, 1.089403, 0.821388, 42.468581,1.049584,2.350600,-0.146088,0.866586, 0.999021, 1.154300, 0.821948, 41.352416,1.049584,1.942250,-0.149295,0.774644, 0.998933, 1.039711, 0.664138, 36.084541,1.049584,1.936886,-0.149305,0.773336, 0.998932, 1.038318, 0.661951, 36.009603
  1.9700,1.052841,2.118851,0.603916,0.621244, 0.999089, 1.796015, 0.831769, 32.327607,1.052841,2.118851,0.603916,0.621244, 0.999089, 1.796015, 0.831769, 32.327607,1.052841,2.088264,0.602338,0.614969, 0.999075, 1.789270, 0.820565, 31.968051,1.049302,2.193584,-0.224007,0.886139, 0.998980, 1.095217, 0.821769, 42.464648,1.049302,2.193584,-0.224007,0.886139, 0.998980, 1.095217, 0.821769, 42.464648,1.049378,2.347506,-0.147996,0.864719, 0.998998, 1.159948, 0.822322, 41.350257,1.049378,1.938593,-0.151688,0.772611, 0.998911, 1.045359, 0.664553, 36.072892,1.049378,1.933224,-0.151704,0.771302, 0.998910, 1.043966, 0.662366, 35.997847
  1.9750,1.052733,2.118145,0.603229,0.619522, 0.999084, 1.795866, 0.832077, 32.328176,1.052733,2.118145,0.603229,0.619522, 0.999084, 1.795866, 0.832077, 32.328176,1.052733,2.087418,0.601596,0.613221, 0.999070, 1.789121, 0.820878, 31.967129,1.049094,2.190114,-0.226013,0.884194, 0.998957, 1.101088, 0.822155, 42.459128,1.049094,2.190114,-0.226013,0.884194, 0.998957, 1.101088, 0.822155, 42.459128,1.049172,2.344278,-0.149924,0.862809, 0.998975, 1.165649, 0.822700, 41.346600,1.049172,1.934834,-0.154092,0.770537, 0.998889, 1.051061, 0.664971, 36.059818,1.049172,1.929461,-0.154115,0.769225, 0.998888, 1.049667, 0.662785, 35.984663
  1.9800,1.052627,2.117450,0.602541,0.617790, 0.999079, 1.795678, 0.832383, 32.328832,1.052627,2.117450,0.602541,0.617790, 0.999079, 1.795678, 0.832383, 32.328832,1.052627,2.086587,0.600855,0.611463, 0.999065, 1.788933, 0.821189, 31.966330,1.048886,2.186514,-0.228037,0.882206, 0.998933, 1.107016, 0.822546, 42.452048,1.048886,2.186514,-0.228037,0.882206, 0.998933, 1.107016, 0.822546, 42.452048,1.048967,2.340917,-0.151870,0.860857, 0.998953, 1.171404, 0.823083, 41.341464,1.048967,1.930977,-0.156507,0.768422, 0.998867, 1.056815, 0.665394, 36.045344,1.048967,1.925601,-0.156535,0.767108, 0.998866, 1.055422, 0.663209, 35.970078
  1.9850,1.052523,2.116764,0.601852,0.616048, 0.999074, 1.795454, 0.832687, 32.329574,1.052523,2.116764,0.601852,0.616048, 0.999074, 1.795454, 0.832687, 32.329574,1.052523,2.085772,0.600116,0.609697, 0.999061, 1.788709, 0.821498, 31.965654,1.048678,2.182788,-0.230077,0.880174, 0.998911, 1.113000, 0.822941, 42.443435,1.048678,2.182788,-0.230077,0.880174, 0.998911, 1.113000, 0.822941, 42.443435,1.048762,2.337429,-0.153831,0.858863, 0.998931, 1.177212, 0.823470, 41.334873,1.048762,1.927028,-0.158928,0.766266, 0.998846, 1.062623, 0.665821, 36.029500,1.048762,1.921648,-0.158963,0.764951, 0.998845, 1.061230, 0.663636, 35.954121
  1.9900,1.052420,2.116090,0.601164,0.614298, 0.999069, 1.795197, 0.832990, 32.330402,1.052420,2.116090,0.601164,0.614298, 0.999069, 1.795197, 0.832990, 32.330402,1.052420,2.084972,0.599379,0.607922, 0.999056, 1.788453, 0.821806, 31.965102,1.048471,2.178942,-0.232132,0.878100, 0.998889, 1.119042, 0.823341, 42.433319,1.048471,2.178942,-0.232132,0.878100, 0.998889, 1.119042, 0.823341, 42.433319,1.048558,2.333818,-0.155806,0.856828, 0.998910, 1.183073, 0.823861, 41.326849,1.048558,1.922991,-0.161355,0.764072, 0.998826, 1.068485, 0.666251, 36.012313,1.048558,1.917607,-0.161396,0.762754, 0.998825, 1.067091, 0.664066, 35.936819
  1.9950,1.052317,2.115425,0.600476,0.612538, 0.999064, 1.794911, 0.833290, 32.331314,1.052317,2.115425,0.600476,0.612538, 0.999064, 1.794911, 0.833290, 32.331314,1.052317,2.084186,0.598646,0.606139, 0.999052, 1.788166, 0.822111, 31.964674,1.048265,2.174981,-0.234200,0.875985, 0.998867, 1.125140, 0.823745, 42.421728,1.048265,2.174981,-0.234200,0.875985, 0.998867, 1.125140, 0.823745, 42.421728,1.048354,2.330089,-0.157793,0.854753, 0.998889, 1.188988, 0.824256, 41.317416,1.048354,1.918869,-0.163785,0.761839, 0.998806, 1.074400, 0.666685, 35.993814,1.048354,1.913481,-0.163832,0.760519, 0.998805, 1.073006, 0.664501, 35.918202
  2.0000,1.052216,2.114770,0.599788,0.610770, 0.999060, 1.794599, 0.833589, 32.332310,1.052216,2.114770,0.599788,0.610770, 0.999060, 1.794599, 0.833589, 32.332310,1.052216,2.083416,0.597915,0.604348, 0.999048, 1.787854, 0.822415, 31.964372,1.048059,2.170910,-0.236277,0.873830, 0.998846, 1.131294, 0.824153, 42.408694,1.048059,2.170910,-0.236277,0.873830, 0.998846, 1.131294, 0.824153, 42.408694,1.048151,2.326245,-0.159790,0.852640, 0.998869, 1.194957, 0.824654, 41.306600,1.048151,1.914668,-0.166216,0.759569, 0.998786, 1.080368, 0.667122, 35.974032,1.048151,1.909276,-0.166269,0.758248, 0.998785, 1.078974, 0.664938, 35.898301
  2.0050,1.052116,2.114125,0.599102,0.608993, 0.999055, 1.794264, 0.833886, 32.333389,1.052116,2.114125,0.599102,0.608993, 0.999055, 1.794264, 0.833886, 32.333389,1.052116,2.082661,0.597188,0.602549, 0.999044, 1.787520, 0.822716, 31.964195,1.047853,2.166733,-0.238363,0.871636, 0.998826, 1.137504, 0.824565, 42.394250,1.047853,2.166733,-0.238363,0.871636, 0.998826, 1.137504, 0.824565, 42.394250,1.047949,2.322293,-0.161794,0.850489, 0.998849, 1.200977, 0.825057, 41.294428,1.047949,1.910392,-0.168645,0.757263, 0.998767, 1.086389, 0.667562, 35.952999,1.047949,1.904996,-0.168704,0.755940, 0.998766, 1.084995, 0.665379, 35.877147
  2.0100,1.052017,2.113490,0.598417,0.607208, 0.999051, 1.793910, 0.834181, 32.334549,1.052017,2.113490,0.598417,0.607208, 0.999051, 1.793910, 0.834181, 32.334549,1.052017,2.081922,0.596465,0.600743, 0.999040, 1.787165, 0.823016, 31.964144,1.047648,2.162457,-0.240455,0.869404, 0.998806, 1.143769, 0.824981, 42.378430,1.047648,2.162457,-0.240455,0.869404, 0.998806, 1.143769, 0.824981, 42.378430,1.047747,2.318235,-0.163805,0.848301, 0.998830, 1.207051, 0.825463, 41.280928,1.047747,1.906045,-0.171071,0.754922, 0.998749, 1.092462, 0.668005, 35.930746,1.047747,1.900646,-0.171136,0.753596, 0.998748, 1.091069, 0.665822, 35.854771
  2.0150,1.051919,2.112865,0.597734,0.605415, 0.999047, 1.793540, 0.834475, 32.335790,1.051919,2.112865,0.597734,0.605415, 0.999047, 1.793540, 0.834475, 32.335790,1.051919,2.081197,0.595746,0.598930, 0.999036, 1.786795, 0.823313, 31.964218,1.047443,2.158087,-0.242551,0.867135, 0.998787, 1.150089, 0.825400, 42.361267,1.047443,2.158087,-0.242551,0.867135, 0.998787, 1.150089, 0.825400, 42.361267,1.047545,2.314078,-0.165820,0.846077, 0.998811, 1.213176, 0.825872, 41.266128,1.047545,1.901632,-0.173490,0.752548, 0.998731, 1.098588, 0.668451, 35.907307,1.047545,1.896229,-0.173562,0.751219, 0.998730, 1.097194, 0.666269, 35.831207
  2.0200,1.051822,2.112249,0.597053,0.603615, 0.999043, 1.793157, 0.834766, 32.337110,1.051822,2.112249,0.597053,0.603615, 0.999043, 1.793157, 0.834766, 32.337110,1.051822,2.080487,0.595032,0.597111, 0.999033, 1.786412, 0.823608, 31.964418,1.047240,2.153628,-0.244649,0.864830, 0.998768, 1.156463, 0.825823, 42.342797,1.047240,2.153628,-0.244649,0.864830, 0.998768, 1.156463, 0.825823, 42.342797,1.047345,2.309827,-0.167837,0.843817, 0.998792, 1.219353, 0.826284, 41.250059,1.047345,1.897157,-0.175902,0.750140, 0.998714, 1.104764, 0.668899, 35.882714,1.047345,1.891751,-0.175980,0.748809, 0.998713, 1.103371, 0.666718, 35.806488
  2.0250,1.051725,2.111643,0.596375,0.601808, 0.999039, 1.792764, 0.835055, 32.338510,1.051725,2.111643,0.596375,0.601808, 0.999039, 1.792764, 0.835055, 32.338510,1.051725,2.079793,0.594323,0.595284, 0.999029, 1.786019, 0.823901, 31.964744,1.047036,2.149085,-0.246746,0.862491, 0.998750, 1.162890, 0.826249, 42.323058,1.047036,2.149085,-0.246746,0.862491, 0.998750, 1.162890, 0.826249, 42.323058,1.047144,2.305486,-0.169854,0.841524, 0.998775, 1.225580, 0.826699, 41.232751,1.047144,1.892626,-0.178304,0.747700, 0.998697, 1.110991, 0.669350, 35.857001,1.047144,1.887217,-0.178388,0.746367, 0.998696, 1.109598, 0.667169, 35.780647
  2.0300,1.051629,2.111046,0.595699,0.599993, 0.999036, 1.792364, 0.835342, 32.339987,1.051629,2.111046,0.595699,0.599993, 0.999036, 1.792364, 0.835342, 32.339987,1.051629,2.079113,0.593620,0.593452, 0.999026, 1.785619, 0.824192, 31.965196,1.046834,2.144466,-0.248842,0.860119, 0.998733, 1.169369, 0.826678, 42.302087,1.046834,2.144466,-0.248842,0.860119, 0.998733, 1.169369, 0.826678, 42.302087,1.046945,2.301061,-0.171870,0.839198, 0.998758, 1.231856, 0.827117, 41.214237,1.046945,1.888043,-0.180693,0.745229, 0.998681, 1.117268, 0.669803, 35.830204,1.046945,1.882630,-0.180783,0.743894, 0.998680, 1.115874, 0.667622, 35.753719
  2.0350,1.051534,2.110459,0.595027,0.598172, 0.999032, 1.791961, 0.835627, 32.341541,1.051534,2.110459,0.595027,0.598172, 0.999032, 1.791961, 0.835627, 32.341541,1.051534,2.078449,0.592923,0.591613, 0.999023, 1.785216, 0.824480, 31.965773,1.046632,2.139774,-0.250933,0.857714, 0.998716, 1.175899, 0.827109, 42.279922,1.046632,2.139774,-0.250933,0.857714, 0.998716, 1.175899, 0.827109, 42.279922,1.046746,2.296556,-0.173881,0.836841, 0.998741, 1.238182, 0.827537, 41.194549,1.046746,1.883412,-0.183068,0.742729, 0.998666, 1.123594, 0.670258, 35.802356,1.046746,1.877996,-0.183164,0.741392, 0.998665, 1.122200, 0.668078, 35.725740
  2.0400,1.051439,2.109881,0.594359,0.596344, 0.999029, 1.791557, 0.835909, 32.343171,1.051439,2.109881,0.594359,0.596344, 0.999029, 1.791557, 0.835909, 32.343171,1.051439,2.077800,0.592232,0.589769, 0.999020, 1.784812, 0.824767, 31.966477,1.046430,2.135017,-0.253017,0.855278, 0.998700, 1.182479, 0.827543, 42.256604,1.046430,2.135017,-0.253017,0.855278, 0.998700, 1.182479, 0.827543, 42.256604,1.046548,2.291978,-0.175887,0.834452, 0.998725, 1.244555, 0.827960, 41.173723,1.046548,1.878739,-0.185426,0.740200, 0.998651, 1.129967, 0.670714, 35.773494,1.046548,1.873320,-0.185528,0.738861, 0.998650, 1.128573, 0.668535, 35.696746
  2.0450,1.051344,2.109312,0.593695,0.594510, 0.999025, 1.791156, 0.836190, 32.344876,1.051344,2.109312,0.593695,0.594510, 0.999025, 1.791156, 0.836190, 32.344876,1.051344,2.077166,0.591547,0.587920, 0.999017, 1.784411, 0.825050, 31.967306,1.046230,2.130199,-0.255093,0.852812, 0.998684, 1.189107, 0.827980, 42.232173,1.046230,2.130199,-0.255093,0.852812, 0.998684, 1.189107, 0.827980, 42.232173,1.046351,2.287332,-0.177885,0.832034, 0.998709, 1.250974, 0.828385, 41.151791,1.046351,1.874028,-0.187766,0.737644, 0.998637, 1.136386, 0.671173, 35.743655,1.046351,1.868605,-0.187874,0.736302, 0.998636, 1.134992, 0.668993, 35.666772
  2.0500,1.051250,2.108753,0.593035,0.592669, 0.999022, 1.790759, 0.836468, 32.346655,1.051250,2.108753,0.593035,0.592669, 0.999022, 1.790759, 0.836468, 32.346655,1.051250,2.076548,0.590870,0.586065, 0.999015, 1.784015, 0.825332, 31.968261,1.046030,2.125327,-0.257158,0.850318, 0.998669, 1.195783, 0.828418, 42.206670,1.046030,2.125327,-0.257158,0.850318, 0.998669, 1.195783, 0.828418, 42.206670,1.046154,2.282623,-0.179873,0.829587, 0.998695, 1.257439, 0.828812, 41.128791,1.046154,1.869283,-0.190084,0.735061, 0.998623, 1.142850, 0.671632, 35.712875,1.046154,1.863857,-0.190199,0.733717, 0.998622, 1.141457, 0.669453, 35.635856
  2.0550,1.051157,2.108203,0.592380,0.590823, 0.999019, 1.790371, 0.836744, 32.348508,1.051157,2.108203,0.592380,0.590823, 0.999019, 1.790371, 0.836744, 32.348508,1.051157,2.075945,0.590201,0.584205, 0.999012, 1.783626, 0.825611, 31.969342,1.045831,2.120406,-0.259210,0.847796, 0.998655, 1.202503, 0.828859, 42.180137,1.045831,2.120406,-0.259210,0.847796, 0.998655, 1.202503, 0.828859, 42.180137,1.045958,2.277857,-0.181849,0.827113, 0.998680, 1.263947, 0.829240, 41.104759,1.045958,1.864510,-0.192381,0.732454, 0.998610, 1.149358, 0.672093, 35.681192,1.045958,1.859080,-0.192501,0.731107, 0.998609, 1.147965, 0.669915, 35.604036
  2.0600,1.051063,2.107663,0.591730,0.588971, 0.999016, 1.789993, 0.837018, 32.350434,1.051063,2.107663,0.591730,0.588971, 0.999016, 1.789993, 0.837018, 32.350434,1.051063,2.075358,0.589539,0.582341, 0.999010, 1.783248, 0.825888, 31.970548,1.045633,2.115443,-0.261248,0.845247, 0.998641, 1.209267, 0.829301, 42.152618,1.045633,2.115443,-0.261248,0.845247, 0.998641, 1.209267, 0.829301, 42.152618,1.045764,2.273039,-0.183812,0.824612, 0.998667, 1.270496, 0.829671, 41.079733,1.045764,1.859712,-0.194652,0.729822, 0.998598, 1.155908, 0.672555, 35.648644,1.045764,1.854280,-0.194778,0.728472, 0.998596, 1.154514, 0.670377, 35.571349
  2.0650,1.050970,2.107133,0.591086,0.587114, 0.999013, 1.789628, 0.837290, 32.352434,1.050970,2.107133,0.591086,0.587114, 0.999013, 1.789628, 0.837290, 32.352434,1.050970,2.074786,0.588885,0.580472, 0.999007, 1.782883, 0.826162, 31.971880,1.045436,2.110443,-0.263269,0.842674, 0.998628, 1.216073, 0.829745, 42.124155,1.045436,2.110443,-0.263269,0.842674, 0.998628, 1.216073, 0.829745, 42.124155,1.045570,2.268175,-0.185759,0.822086, 0.998653, 1.277086, 0.830102, 41.053750,1.045570,1.854895,-0.196896,0.727167, 0.998586, 1.162498, 0.673017, 35.615269,1.045570,1.849460,-0.197029,0.725815, 0.998584, 1.161104, 0.670840, 35.537835
  2.0700,1.050878,2.106612,0.590448,0.585252, 0.999011, 1.789279, 0.837559, 32.354505,1.050878,2.106612,0.590448,0.585252, 0.999011, 1.789279, 0.837559, 32.354505,1.050878,2.074230,0.588240,0.578600, 0.999005, 1.782534, 0.826434, 31.973338,1.045240,2.105412,-0.265271,0.840077, 0.998616, 1.222919, 0.830190, 42.094794,1.045240,2.105412,-0.265271,0.840077, 0.998616, 1.222919, 0.830190, 42.094794,1.045377,2.263270,-0.187689,0.819536, 0.998641, 1.283714, 0.830536, 41.026850,1.045377,1.850064,-0.199112,0.724490, 0.998574, 1.169126, 0.673480, 35.581106,1.045377,1.844626,-0.199251,0.723136, 0.998573, 1.167732, 0.671303, 35.503531
  2.0750,1.050785,2.106101,0.589816,0.583385, 0.999008, 1.788947, 0.837826, 32.356649,1.050785,2.106101,0.589816,0.583385, 0.999008, 1.788947, 0.837826, 32.356649,1.050785,2.073689,0.587604,0.576723, 0.999003, 1.782203, 0.826703, 31.974922,1.045045,2.100357,-0.267252,0.837457, 0.998604, 1.229802, 0.830636, 42.064578,1.045045,2.100357,-0.267252,0.837457, 0.998604, 1.229802, 0.830636, 42.064578,1.045185,2.258330,-0.189599,0.816963, 0.998629, 1.290379, 0.830970, 40.999071,1.045185,1.845223,-0.201297,0.721792, 0.998564, 1.175790, 0.673943, 35.546194,1.045185,1.839781,-0.201442,0.720436, 0.998562, 1.174397, 0.671767, 35.468477
  2.0800,1.050693,2.105600,0.589190,0.581513, 0.999006, 1.788636, 0.838091, 32.358864,1.050693,2.105600,0.589190,0.581513, 0.999006, 1.788636, 0.838091, 32.358864,1.050693,2.073165,0.586977,0.574842, 0.999001, 1.781892, 0.826970, 31.976632,1.044851,2.095282,-0.269210,0.834815, 0.998593, 1.236721, 0.831083, 42.033553,1.044851,2.095282,-0.269210,0.834815, 0.998593, 1.236721, 0.831083, 42.033553,1.044994,2.253360,-0.191488,0.814368, 0.998618, 1.297077, 0.831405, 40.970455,1.044994,1.840376,-0.203450,0.719075, 0.998554, 1.182488, 0.674407, 35.510574,1.044994,1.834931,-0.203601,0.717716, 0.998552, 1.181095, 0.672231, 35.432714
  2.0850,1.050600,2.105109,0.588572,0.579637, 0.999004, 1.788347, 0.838353, 32.361152,1.050600,2.105109,0.588572,0.579637, 0.999004, 1.788347, 0.838353, 32.361152,1.050600,2.072657,0.586360,0.572958, 0.999000, 1.781603, 0.827234, 31.978469,1.044659,2.090195,-0.271143,0.832154, 0.998583, 1.243672, 0.831531, 42.001766,1.044659,2.090195,-0.271143,0.832154, 0.998583, 1.243672, 0.831531, 42.001766,1.044805,2.248367,-0.193354,0.811752, 0.998607, 1.303807, 0.831840, 40.941043,1.044805,1.835528,-0.205569,0.716339, 0.998544, 1.189218, 0.674870, 35.474284,1.044805,1.830080,-0.205725,0.714978, 0.998543, 1.187825, 0.672695, 35.396280
  2.0900,1.050508,2.104628,0.587961,0.577757, 0.999001, 1.788082, 0.838613, 32.363512,1.050508,2.104628,0.587961,0.577757, 0.999001, 1.788082, 0.838613, 32.363512,1.050508,2.072164,0.585753,0.571071, 0.998998, 1.781338, 0.827496, 31.980432,1.044467,2.085100,-0.273050,0.829473, 0.998573, 1.250653, 0.831979, 41.969261,1.044467,2.085100,-0.273050,0.829473, 0.998573, 1.250653, 0.831979, 41.969261,1.044616,2.243356,-0.195195,0.809117, 0.998597, 1.310566, 0.832276, 40.910875,1.044616,1.830684,-0.207651,0.713586, 0.998535, 1.195978, 0.675333, 35.437367,1.044616,1.825233,-0.207813,0.712222, 0.998534, 1.194584, 0.673159, 35.359217
  2.0950,1.050416,2.104158,0.587357,0.575872, 0.998999, 1.787844, 0.838870, 32.365945,1.050416,2.104158,0.587357,0.575872, 0.998999, 1.787844, 0.838870, 32.365945,1.050416,2.071689,0.585155,0.569180, 0.998996, 1.781099, 0.827755, 31.982522,1.044277,2.080003,-0.274928,0.826775, 0.998564, 1.257662, 0.832427, 41.936087,1.044277,2.080003,-0.274928,0.826775, 0.998564, 1.257662, 0.832427, 41.936087,1.044429,2.238332,-0.197009,0.806463, 0.998588, 1.317352, 0.832712, 40.879994,1.044429,1.825848,-0.209695,0.710816, 0.998527, 1.202764, 0.675796, 35.399861,1.044429,1.820394,-0.209863,0.709450, 0.998525, 1.201370, 0.673622, 35.321564
  2.1000,1.050324,2.103699,0.586761,0.573984, 0.998997, 1.787633, 0.839125, 32.368451,1.050324,2.103699,0.586761,0.573984, 0.998997, 1.787633, 0.839125, 32.368451,1.050324,2.071230,0.584569,0.567287, 0.998995, 1.780888, 0.828012, 31.984740,1.044088,2.074911,-0.276775,0.824060, 0.998556, 1.264696, 0.832876, 41.902290,1.044088,2.074911,-0.276775,0.824060, 0.998556, 1.264696, 0.832876, 41.902290,1.044243,2.233301,-0.198794,0.803792, 0.998579, 1.324162, 0.833149, 40.848442,1.044243,1.821024,-0.211700,0.708032, 0.998519, 1.209574, 0.676258, 35.361808,1.044243,1.815568,-0.211874,0.706663, 0.998518, 1.208180, 0.674084, 35.283364
  2.1050,1.050232,2.103250,0.586174,0.572092, 0.998995, 1.787452, 0.839378, 32.371031,1.050232,2.103250,0.586174,0.572092, 0.998995, 1.787452, 0.839378, 32.371031,1.050232,2.070787,0.583993,0.565391, 0.998994, 1.780707, 0.828265, 31.987086,1.043901,2.069829,-0.278591,0.821330, 0.998548, 1.271751, 0.833324, 41.867917,1.043901,2.069829,-0.278591,0.821330, 0.998548, 1.271751, 0.833324, 41.867917,1.044059,2.228269,-0.200549,0.801105, 0.998570, 1.330994, 0.833585, 40.816261,1.044059,1.816218,-0.213664,0.705234, 0.998512, 1.216405, 0.676719, 35.323248,1.044059,1.810758,-0.213843,0.703862, 0.998511, 1.215012, 0.674546, 35.244657
  2.1100,1.050140,2.102812,0.585595,0.570197, 0.998994, 1.787302, 0.839628, 32.373685,1.050140,2.102812,0.585595,0.570197, 0.998994, 1.787302, 0.839628, 32.373685,1.050140,2.070362,0.583428,0.563493, 0.998992, 1.780557, 0.828517, 31.989561,1.043715,2.064762,-0.280372,0.818587, 0.998541, 1.278825, 0.833772, 41.833015,1.043715,2.064762,-0.280372,0.818587, 0.998541, 1.278825, 0.833772, 41.833015,1.043876,2.223241,-0.202272,0.798403, 0.998563, 1.337843, 0.834021, 40.783496,1.043876,1.811432,-0.215584,0.702422, 0.998505, 1.223255, 0.677179, 35.284224,1.043876,1.805969,-0.215770,0.701048, 0.998504, 1.221861, 0.675007, 35.205483
  2.1150,1.050048,2.102386,0.585025,0.568298, 0.998992, 1.787184, 0.839875, 32.376415,1.050048,2.102386,0.585025,0.568298, 0.998992, 1.787184, 0.839875, 32.376415,1.050048,2.069953,0.582874,0.561592, 0.998991, 1.780439, 0.828765, 31.992165,1.043531,2.059716,-0.282117,0.815830, 0.998534, 1.285915, 0.834219, 41.797634,1.043531,2.059716,-0.282117,0.815830, 0.998534, 1.285915, 0.834219, 41.797634,1.043695,2.218222,-0.203961,0.795687, 0.998556, 1.344708, 0.834456, 40.750189,1.043695,1.806672,-0.217461,0.699599, 0.998499, 1.230120, 0.677638, 35.244776,1.043695,1.801206,-0.217651,0.698222, 0.998498, 1.228726, 0.675466, 35.165886
  2.1200,1.049956,2.101972,0.584464,0.566397, 0.998991, 1.787100, 0.840121, 32.379221,1.049956,2.101972,0.584464,0.566397, 0.998991, 1.787100, 0.840121, 32.379221,1.049956,2.069562,0.582332,0.559689, 0.998990, 1.780355, 0.829011, 31.994899,1.043348,2.054697,-0.283824,0.813062, 0.998529, 1.293016, 0.834665, 41.761820,1.043348,2.054697,-0.283824,0.813062, 0.998529, 1.293016, 0.834665, 41.761820,1.043515,2.213219,-0.205615,0.792958, 0.998549, 1.351586, 0.834891, 40.716385,1.043515,1.801941,-0.219291,0.696765, 0.998494, 1.236997, 0.678096, 35.204946,1.043515,1.796473,-0.219487,0.695386, 0.998493, 1.235603, 0.675924, 35.125905
  2.1250,1.049864,2.101570,0.583913,0.564493, 0.998989, 1.787050, 0.840363, 32.382104,1.049864,2.101570,0.583913,0.564493, 0.998989, 1.787050, 0.840363, 32.382104,1.049864,2.069189,0.581801,0.557785, 0.998989, 1.780305, 0.829254, 31.997764,1.043167,2.049710,-0.285492,0.810283, 0.998523, 1.300127, 0.835110, 41.725621,1.043167,2.049710,-0.285492,0.810283, 0.998523, 1.300127, 0.835110, 41.725621,1.043337,2.208235,-0.207232,0.790218, 0.998543, 1.358471, 0.835324, 40.682127,1.043337,1.797245,-0.221074,0.693922, 0.998489, 1.243883, 0.678552, 35.164776,1.043337,1.791773,-0.221276,0.692540, 0.998488, 1.242489, 0.676380, 35.085583
  2.1300,1.049772,2.101179,0.583371,0.562586, 0.998988, 1.787037, 0.840603, 32.385066,1.049772,2.101179,0.583371,0.562586, 0.998988, 1.787037, 0.840603, 32.385066,1.049772,2.068833,0.581283,0.555879, 0.998988, 1.780292, 0.829495, 32.000761,1.042988,2.044761,-0.287120,0.807495, 0.998519, 1.307243, 0.835554, 41.689086,1.042988,2.044761,-0.287120,0.807495, 0.998519, 1.307243, 0.835554, 41.689086,1.043161,2.203277,-0.208810,0.787467, 0.998538, 1.365363, 0.835757, 40.647460,1.043161,1.792586,-0.222808,0.691070, 0.998485, 1.250774, 0.679006, 35.124306,1.043161,1.787110,-0.223015,0.689685, 0.998484, 1.249381, 0.676835, 35.044961
  2.1350,1.049680,2.100802,0.582839,0.560677, 0.998987, 1.787060, 0.840841, 32.388108,1.049680,2.100802,0.582839,0.560677, 0.998987, 1.787060, 0.840841, 32.388108,1.049680,2.068496,0.580777,0.553971, 0.998988, 1.780315, 0.829733, 32.003891,1.042811,2.039853,-0.288704,0.804700, 0.998515, 1.314360, 0.835996, 41.652262,1.042811,2.039853,-0.288704,0.804700, 0.998515, 1.314360, 0.835996, 41.652262,1.042987,2.198350,-0.210348,0.784707, 0.998534, 1.372256, 0.836188, 40.612427,1.042987,1.787969,-0.224492,0.688211, 0.998481, 1.257668, 0.679458, 35.083579,1.042987,1.782490,-0.224704,0.686823, 0.998480, 1.256274, 0.677287, 35.004081
  2.1400,1.049588,2.100437,0.582317,0.558765, 0.998985, 1.787120, 0.841076, 32.391232,1.049588,2.100437,0.582317,0.558765, 0.998985, 1.787120, 0.841076, 32.391232,1.049588,2.068176,0.580283,0.552062, 0.998987, 1.780375, 0.829968, 32.007154,1.042635,2.034994,-0.290245,0.801897, 0.998512, 1.321476, 0.836437, 41.615196,1.042635,2.034994,-0.290245,0.801897, 0.998512, 1.321476, 0.836437, 41.615196,1.042814,2.193459,-0.211844,0.781939, 0.998530, 1.379148, 0.836618, 40.577074,1.042814,1.783397,-0.226124,0.685345, 0.998478, 1.264560, 0.679907, 35.042635,1.042814,1.777915,-0.226342,0.683955, 0.998477, 1.263166, 0.677738, 34.962984
  2.1450,1.049496,2.100085,0.581805,0.556852, 0.998984, 1.787218, 0.841309, 32.394440,1.049496,2.100085,0.581805,0.556852, 0.998984, 1.787218, 0.841309, 32.394440,1.049496,2.067876,0.579801,0.550152, 0.998986, 1.780474, 0.830200, 32.010552,1.042462,2.030187,-0.291740,0.799089, 0.998509, 1.328586, 0.836875, 41.577937,1.042462,2.030187,-0.291740,0.799089, 0.998509, 1.328586, 0.836875, 41.577937,1.042644,2.188609,-0.213297,0.779164, 0.998526, 1.386035, 0.837045, 40.541444,1.042644,1.778875,-0.227704,0.682474, 0.998476, 1.271446, 0.680355, 35.001516,1.042644,1.773390,-0.227926,0.681081, 0.998474, 1.270053, 0.678185, 34.921712
  2.1500,1.049403,2.099747,0.581305,0.554936, 0.998983, 1.787355, 0.841538, 32.397732,1.049403,2.099747,0.581305,0.554936, 0.998983, 1.787355, 0.841538, 32.397732,1.049403,2.067593,0.579332,0.548240, 0.998986, 1.780610, 0.830430, 32.014086,1.042291,2.025438,-0.293188,0.796277, 0.998507, 1.335686, 0.837312, 41.540533,1.042291,2.025438,-0.293188,0.796277, 0.998507, 1.335686, 0.837312, 41.540533,1.042475,2.183805,-0.214705,0.776383, 0.998523, 1.392912, 0.837471, 40.505582,1.042475,1.774406,-0.229229,0.679599, 0.998474, 1.278324, 0.680800, 34.960264,1.042475,1.768917,-0.229457,0.678203, 0.998472, 1.276930, 0.678631, 34.880305
  2.1550,1.049311,2.099423,0.580814,0.553019, 0.998983, 1.787531, 0.841766, 32.401111,1.049311,2.099423,0.580814,0.553019, 0.998983, 1.787531, 0.841766, 32.401111,1.049311,2.067330,0.578877,0.546328, 0.998985, 1.780786, 0.830657, 32.017756,1.042122,2.020751,-0.294588,0.793461, 0.998506, 1.342772, 0.837746, 41.503029,1.042122,2.020751,-0.294588,0.793461, 0.998506, 1.342772, 0.837746, 41.503029,1.042309,2.179052,-0.216068,0.773597, 0.998521, 1.399777, 0.837895, 40.469532,1.042309,1.769993,-0.230699,0.676720, 0.998472, 1.285189, 0.681242, 34.918919,1.042309,1.764502,-0.230933,0.675322, 0.998471, 1.283795, 0.679073, 34.838806
  2.1600,1.049219,2.099113,0.580335,0.551101, 0.998982, 1.787746, 0.841991, 32.404579,1.049219,2.099113,0.580335,0.551101, 0.998982, 1.787746, 0.841991, 32.404579,1.049219,2.067086,0.578434,0.544416, 0.998985, 1.781001, 0.830881, 32.021565,1.041956,2.016131,-0.295938,0.790643, 0.998505, 1.349841, 0.838178, 41.465473,1.041956,2.016131,-0.295938,0.790643, 0.998505, 1.349841, 0.838178, 41.465473,1.042145,2.174354,-0.217383,0.770807, 0.998519, 1.406625, 0.838317, 40.433338,1.042145,1.765641,-0.232114,0.673839, 0.998471, 1.292037, 0.681681, 34.877522,1.042145,1.760146,-0.232352,0.672438, 0.998470, 1.290643, 0.679513, 34.797254
  2.1650,1.049127,2.098818,0.579867,0.549180, 0.998981, 1.788000, 0.842213, 32.408137,1.049127,2.098818,0.579867,0.549180, 0.998981, 1.788000, 0.842213, 32.408137,1.049127,2.066861,0.578004,0.542502, 0.998985, 1.781255, 0.831103, 32.025513,1.041791,2.011583,-0.297237,0.787824, 0.998504, 1.356888, 0.838607, 41.427911,1.041791,2.011583,-0.297237,0.787824, 0.998504, 1.356888, 0.838607, 41.427911,1.041983,2.169717,-0.218650,0.768014, 0.998518, 1.413453, 0.838736, 40.397045,1.041983,1.761353,-0.233471,0.670957, 0.998471, 1.298865, 0.682117, 34.836115,1.041983,1.755854,-0.233714,0.669554, 0.998470, 1.297471, 0.679949, 34.755691
  2.1700,1.049035,2.098538,0.579411,0.547259, 0.998980, 1.788293, 0.842433, 32.411788,1.049035,2.098538,0.579411,0.547259, 0.998980, 1.788293, 0.842433, 32.411788,1.049035,2.066656,0.577587,0.540589, 0.998985, 1.781549, 0.831321, 32.029601,1.041629,2.007111,-0.298484,0.785004, 0.998505, 1.363909, 0.839033, 41.390390,1.041629,2.007111,-0.298484,0.785004, 0.998505, 1.363909, 0.839033, 41.390390,1.041823,2.165144,-0.219867,0.765219, 0.998517, 1.420256, 0.839153, 40.360694,1.041823,1.757132,-0.234769,0.668075, 0.998471, 1.305668, 0.682550, 34.794736,1.041823,1.751630,-0.235017,0.666669, 0.998470, 1.304274, 0.680383, 34.714156
  2.1750,1.048943,2.098272,0.578966,0.545337, 0.998980, 1.788626, 0.842650, 32.415533,1.048943,2.098272,0.578966,0.545337, 0.998980, 1.788626, 0.842650, 32.415533,1.048943,2.066470,0.577184,0.538675, 0.998985, 1.781881, 0.831537, 32.033830,1.041470,2.002719,-0.299677,0.782186, 0.998505, 1.370900, 0.839456, 41.352955,1.041470,2.002719,-0.299677,0.782186, 0.998505, 1.370900, 0.839456, 41.352955,1.041666,2.160641,-0.221033,0.762424, 0.998517, 1.427031, 0.839567, 40.324331,1.041666,1.752981,-0.236009,0.665193, 0.998472, 1.312442, 0.682979, 34.753426,1.041666,1.747475,-0.236262,0.663784, 0.998470, 1.311049, 0.680812, 34.672690
  2.1800,1.048851,2.098023,0.578532,0.543414, 0.998979, 1.788998, 0.842864, 32.419376,1.048851,2.098023,0.578532,0.543414, 0.998979, 1.788998, 0.842864, 32.419376,1.048851,2.066305,0.576794,0.536761, 0.998985, 1.782253, 0.831751, 32.038202,1.041313,1.998412,-0.300816,0.779370, 0.998507, 1.377857, 0.839876, 41.315650,1.041313,1.998412,-0.300816,0.779370, 0.998507, 1.377857, 0.839876, 41.315650,1.041512,2.156211,-0.222147,0.759629, 0.998518, 1.433773, 0.839977, 40.287997,1.041512,1.748904,-0.237189,0.662314, 0.998473, 1.319184, 0.683405, 34.712224,1.041512,1.743394,-0.237446,0.660902, 0.998471, 1.317791, 0.681239, 34.631333
  2.1850,1.048759,2.097789,0.578110,0.541490, 0.998979, 1.789408, 0.843076, 32.423317,1.048759,2.097789,0.578110,0.541490, 0.998979, 1.789408, 0.843076, 32.423317,1.048759,2.066160,0.576418,0.534847, 0.998985, 1.782664, 0.831961, 32.042717,1.041159,1.994193,-0.301899,0.776557, 0.998509, 1.384776, 0.840292, 41.278520,1.041159,1.994193,-0.301899,0.776557, 0.998509, 1.384776, 0.840292, 41.278520,1.041360,2.151859,-0.223209,0.756836, 0.998519, 1.440478, 0.840385, 40.251736,1.041360,1.744903,-0.238308,0.659436, 0.998474, 1.325890, 0.683827, 34.671170,1.041360,1.739389,-0.238570,0.658022, 0.998473, 1.324496, 0.681661, 34.590123
  2.1900,1.048667,2.097571,0.577701,0.539565, 0.998979, 1.789858, 0.843285, 32.427359,1.048667,2.097571,0.577701,0.539565, 0.998979, 1.789858, 0.843285, 32.427359,1.048667,2.066035,0.576055,0.532933, 0.998985, 1.783113, 0.832169, 32.047377,1.041007,1.990066,-0.302926,0.773749, 0.998511, 1.391652, 0.840705, 41.241609,1.041007,1.990066,-0.302926,0.773749, 0.998511, 1.391652, 0.840705, 41.241609,1.041211,2.147588,-0.224216,0.754044, 0.998520, 1.447143, 0.840789, 40.215589,1.041211,1.740981,-0.239365,0.656563, 0.998477, 1.332554, 0.684245, 34.630302,1.041211,1.735463,-0.239632,0.655145, 0.998475, 1.331160, 0.682079, 34.549099
  2.1950,1.048575,2.097371,0.577303,0.537640, 0.998979, 1.790345, 0.843492, 32.431505,1.048575,2.097371,0.577303,0.537640, 0.998979, 1.790345, 0.843492, 32.431505,1.048575,2.065931,0.575705,0.531019, 0.998985, 1.783600, 0.832374, 32.052182,1.040859,1.986036,-0.303895,0.770945, 0.998514, 1.398482, 0.841114, 41.204959,1.040859,1.986036,-0.303895,0.770945, 0.998514, 1.398482, 0.841114, 41.204959,1.041064,2.143404,-0.225168,0.751256, 0.998522, 1.453762, 0.841190, 40.179597,1.041064,1.737141,-0.240361,0.653693, 0.998479, 1.339174, 0.684659, 34.589659,1.041064,1.731619,-0.240632,0.652273, 0.998478, 1.337780, 0.682494, 34.508299
  2.2000,1.048484,2.097186,0.576917,0.535714, 0.998978, 1.790869, 0.843696, 32.435755,1.048484,2.097186,0.576917,0.535714, 0.998978, 1.790869, 0.843696, 32.435755,1.048484,2.065847,0.575369,0.529106, 0.998985, 1.784124, 0.832576, 32.057134,1.040713,1.982104,-0.304806,0.768148, 0.998518, 1.405260, 0.841519, 41.168614,1.040713,1.982104,-0.304806,0.768148, 0.998518, 1.405260, 0.841519, 41.168614,1.040920,2.139308,-0.226064,0.748472, 0.998524, 1.460333, 0.841587, 40.143803,1.040920,1.733387,-0.241294,0.650829, 0.998482, 1.345744, 0.685068, 34.549278,1.040920,1.727861,-0.241569,0.649406, 0.998481, 1.344351, 0.682904, 34.467762
  2.2050,1.048392,2.097020,0.576543,0.533788, 0.998978, 1.791430, 0.843897, 32.440113,1.048392,2.097020,0.576543,0.533788, 0.998978, 1.791430, 0.843897, 32.440113,1.048392,2.065784,0.575047,0.527193, 0.998985, 1.784686, 0.832775, 32.062232,1.040570,1.978276,-0.305658,0.765357, 0.998522, 1.411983, 0.841919, 41.132613,1.040570,1.978276,-0.305658,0.765357, 0.998522, 1.411983, 0.841919, 41.132613,1.040779,2.135306,-0.226904,0.745693, 0.998527, 1.466850, 0.841980, 40.108245,1.040779,1.729720,-0.242163,0.647971, 0.998486, 1.352262, 0.685474, 34.509196,1.040779,1.724189,-0.242442,0.646546, 0.998484, 1.350868, 0.683310, 34.427524
  2.2100,1.048301,2.096870,0.576182,0.531863, 0.998978, 1.792028, 0.844096, 32.444579,1.048301,2.096870,0.576182,0.531863, 0.998978, 1.792028, 0.844096, 32.444579,1.048301,2.065742,0.574738,0.525281, 0.998986, 1.785283, 0.832972, 32.067479,1.040430,1.974553,-0.306450,0.762575, 0.998526, 1.418647, 0.842316, 41.096999,1.040430,1.974553,-0.306450,0.762575, 0.998526, 1.418647, 0.842316, 41.096999,1.040641,2.131401,-0.227687,0.742920, 0.998531, 1.473310, 0.842369, 40.072965,1.040641,1.726142,-0.242969,0.645121, 0.998490, 1.358722, 0.685875, 34.469450,1.040641,1.720607,-0.243252,0.643692, 0.998488, 1.357328, 0.683711, 34.387622
  2.2150,1.048210,2.096738,0.575833,0.529937, 0.998978, 1.792661, 0.844293, 32.449157,1.048210,2.096738,0.575833,0.529937, 0.998978, 1.792661, 0.844293, 32.449157,1.048210,2.065722,0.574443,0.523369, 0.998986, 1.785916, 0.833166, 32.072874,1.040293,1.970940,-0.307181,0.759802, 0.998531, 1.425247, 0.842707, 41.061810,1.040293,1.970940,-0.307181,0.759802, 0.998531, 1.425247, 0.842707, 41.061810,1.040506,2.127595,-0.228411,0.740154, 0.998535, 1.479709, 0.842754, 40.038000,1.040506,1.722657,-0.243710,0.642278, 0.998494, 1.365121, 0.686271, 34.430075,1.040506,1.717118,-0.243998,0.640847, 0.998493, 1.363727, 0.684108, 34.348091
  2.2200,1.048119,2.096625,0.575496,0.528011, 0.998978, 1.793328, 0.844486, 32.453847,1.048119,2.096625,0.575496,0.528011, 0.998978, 1.793328, 0.844486, 32.453847,1.048119,2.065722,0.574161,0.521459, 0.998986, 1.786583, 0.833357, 32.078418,1.040159,1.967439,-0.307852,0.757038, 0.998537, 1.431779, 0.843095, 41.027085,1.040159,1.967439,-0.307852,0.757038, 0.998537, 1.431779, 0.843095, 41.027085,1.040374,2.123893,-0.229076,0.737396, 0.998539, 1.486043, 0.843135, 40.003388,1.040374,1.719267,-0.244387,0.639443, 0.998499, 1.371454, 0.686662, 34.391106,1.040374,1.713723,-0.244679,0.638010, 0.998497, 1.370061, 0.684500, 34.308967
  2.2250,1.048028,2.096529,0.575171,0.526086, 0.998979, 1.794029, 0.844677, 32.458652,1.048028,2.096529,0.575171,0.526086, 0.998979, 1.794029, 0.844677, 32.458652,1.048028,2.065743,0.573892,0.519549, 0.998987, 1.787284, 0.833546, 32.084111,1.040028,1.964053,-0.308461,0.754285, 0.998542, 1.438240, 0.843477, 40.992861,1.040028,1.964053,-0.308461,0.754285, 0.998542, 1.438240, 0.843477, 40.992861,1.040245,2.120296,-0.229683,0.734647, 0.998544, 1.492307, 0.843511, 39.969168,1.040245,1.715973,-0.245000,0.636619, 0.998504, 1.377719, 0.687049, 34.352578,1.040245,1.710424,-0.245295,0.635182, 0.998503, 1.376325, 0.684887, 34.270284
  2.2300,1.047938,2.096452,0.574859,0.524160, 0.998979, 1.794763, 0.844866, 32.463573,1.047938,2.096452,0.574859,0.524160, 0.998979, 1.794763, 0.844866, 32.463573,1.047938,2.065786,0.573637,0.517640, 0.998987, 1.788018, 0.833732, 32.089954,1.039901,1.960784,-0.309008,0.751543, 0.998549, 1.444625, 0.843854, 40.959176,1.039901,1.960784,-0.309008,0.751543, 0.998549, 1.444625, 0.843854, 40.959176,1.040119,2.116809,-0.230229,0.731906, 0.998549, 1.498498, 0.843883, 39.935376,1.040119,1.712778,-0.245547,0.633804, 0.998510, 1.383910, 0.687430, 34.314525,1.040119,1.707224,-0.245846,0.632365, 0.998508, 1.382516, 0.685268, 34.232077
  2.2350,1.047848,2.096393,0.574560,0.522236, 0.998979, 1.795528, 0.845052, 32.468612,1.047848,2.096393,0.574560,0.522236, 0.998979, 1.795528, 0.845052, 32.468612,1.047848,2.065850,0.573395,0.515731, 0.998988, 1.788783, 0.833915, 32.095946,1.039776,1.957634,-0.309492,0.748813, 0.998555, 1.450930, 0.844227, 40.926066,1.039776,1.957634,-0.309492,0.748813, 0.998555, 1.450930, 0.844227, 40.926066,1.039996,2.113433,-0.230715,0.729176, 0.998555, 1.504613, 0.844250, 39.902046,1.039996,1.709683,-0.246029,0.631000, 0.998516, 1.390024, 0.687806, 34.276979,1.039996,1.704125,-0.246332,0.629559, 0.998514, 1.388631, 0.685645, 34.194376
  2.2400,1.047758,2.096353,0.574272,0.520312, 0.998979, 1.796324, 0.845235, 32.473770,1.047758,2.096353,0.574272,0.520312, 0.998979, 1.796324, 0.845235, 32.473770,1.047758,2.065936,0.573167,0.513824, 0.998989, 1.789579, 0.834095, 32.102087,1.039655,1.954607,-0.309914,0.746097, 0.998562, 1.457151, 0.844594, 40.893563,1.039655,1.954607,-0.309914,0.746097, 0.998562, 1.457151, 0.844594, 40.893563,1.039877,2.110172,-0.231141,0.726457, 0.998561, 1.510646, 0.844612, 39.869215,1.039877,1.706691,-0.246445,0.628208, 0.998522, 1.396058, 0.688177, 34.239972,1.039877,1.701127,-0.246752,0.626764, 0.998521, 1.394664, 0.686016, 34.157216
  2.2450,1.047669,2.096332,0.573997,0.518388, 0.998980, 1.797150, 0.845416, 32.479047,1.047669,2.096332,0.573997,0.518388, 0.998980, 1.797150, 0.845416, 32.479047,1.047669,2.066042,0.572951,0.511919, 0.998989, 1.790405, 0.834273, 32.108378,1.039538,1.951704,-0.310273,0.743394, 0.998570, 1.463285, 0.844956, 40.861702,1.039538,1.951704,-0.310273,0.743394, 0.998570, 1.463285, 0.844956, 40.861702,1.039760,2.107028,-0.231505,0.723750, 0.998567, 1.516595, 0.844969, 39.836914,1.039760,1.703802,-0.246796,0.625429, 0.998529, 1.402007, 0.688543, 34.203536,1.039760,1.698234,-0.247107,0.623982, 0.998527, 1.400613, 0.686382, 34.120627
  2.2500,1.047579,2.096330,0.573734,0.516465, 0.998980, 1.798004, 0.845594, 32.484446,1.047579,2.096330,0.573734,0.516465, 0.998980, 1.798004, 0.845594, 32.484446,1.047579,2.066170,0.572748,0.510014, 0.998990, 1.791260, 0.834448, 32.114817,1.039424,1.948927,-0.310569,0.740706, 0.998578, 1.469328, 0.845312, 40.830515,1.039424,1.948927,-0.310569,0.740706, 0.998578, 1.469328, 0.845312, 40.830515,1.039647,2.104002,-0.231809,0.721055, 0.998574, 1.522456, 0.845321, 39.805178,1.039647,1.701019,-0.247082,0.622662, 0.998536, 1.407868, 0.688903, 34.167700,1.039647,1.695445,-0.247396,0.621212, 0.998535, 1.406474, 0.686743, 34.084639
  2.2550,1.047491,2.096347,0.573483,0.514543, 0.998981, 1.798886, 0.845770, 32.489966,1.047491,2.096347,0.573483,0.514543, 0.998981, 1.798886, 0.845770, 32.489966,1.047491,2.066318,0.572558,0.508110, 0.998991, 1.792141, 0.834620, 32.121403,1.039313,1.946277,-0.310801,0.738032, 0.998586, 1.475277, 0.845663, 40.800032,1.039313,1.946277,-0.310801,0.738032, 0.998586, 1.475277, 0.845663, 40.800032,1.039538,2.101098,-0.232051,0.718373, 0.998581, 1.528225, 0.845668, 39.774037,1.039538,1.698343,-0.247302,0.619909, 0.998543, 1.413637, 0.689258, 34.132495,1.039538,1.692764,-0.247619,0.618457, 0.998542, 1.412243, 0.687098, 34.049281
  2.2600,1.047402,2.096383,0.573245,0.512622, 0.998981, 1.799794, 0.845943, 32.495609,1.047402,2.096383,0.573245,0.512622, 0.998981, 1.799794, 0.845943, 32.495609,1.047402,2.066488,0.572381,0.506208, 0.998991, 1.793050, 0.834790, 32.128136,1.039205,1.943757,-0.310971,0.735375, 0.998594, 1.481127, 0.846008, 40.770283,1.039205,1.943757,-0.310971,0.735375, 0.998594, 1.481127, 0.846008, 40.770283,1.039432,2.098316,-0.232232,0.715705, 0.998588, 1.533899, 0.846010, 39.743523,1.039432,1.695775,-0.247457,0.617171, 0.998551, 1.419311, 0.689606, 34.097947,1.039432,1.690190,-0.247778,0.615716, 0.998550, 1.417917, 0.687447, 34.014583
  2.2650,1.047315,2.096439,0.573019,0.510701, 0.998982, 1.800728, 0.846113, 32.501374,1.047315,2.096439,0.573019,0.510701, 0.998982, 1.800728, 0.846113, 32.501374,1.047315,2.066678,0.572216,0.504307, 0.998992, 1.793983, 0.834957, 32.135015,1.039102,1.941367,-0.311077,0.732734, 0.998603, 1.486875, 0.846347, 40.741297,1.039102,1.941367,-0.311077,0.732734, 0.998603, 1.486875, 0.846347, 40.741297,1.039329,2.095660,-0.232351,0.713051, 0.998596, 1.539475, 0.846346, 39.713663,1.039329,1.693317,-0.247547,0.614447, 0.998559, 1.424887, 0.689949, 34.064085,1.039329,1.687726,-0.247871,0.612990, 0.998558, 1.423493, 0.687790, 33.980571
  2.2700,1.047227,2.096513,0.572804,0.508782, 0.998982, 1.801685, 0.846281, 32.507262,1.047227,2.096513,0.572804,0.508782, 0.998982, 1.801685, 0.846281, 32.507262,1.047227,2.066889,0.572064,0.502408, 0.998993, 1.794940, 0.835122, 32.142037,1.039001,1.939109,-0.311120,0.730109, 0.998612, 1.492518, 0.846680, 40.713100,1.039001,1.939109,-0.311120,0.730109, 0.998612, 1.492518, 0.846680, 40.713100,1.039229,2.093129,-0.232409,0.710412, 0.998604, 1.544949, 0.846676, 39.684487,1.039229,1.690969,-0.247572,0.611739, 0.998568, 1.430361, 0.690286, 34.030935,1.039229,1.685372,-0.247899,0.610279, 0.998566, 1.428967, 0.688128, 33.947272
  2.2750,1.047140,2.096606,0.572602,0.506864, 0.998983, 1.802665, 0.846447, 32.513274,1.047140,2.096606,0.572602,0.506864, 0.998983, 1.802665, 0.846447, 32.513274,1.047140,2.067120,0.571924,0.500510, 0.998993, 1.795921, 0.835284, 32.149202,1.038904,1.936984,-0.311100,0.727503, 0.998622, 1.498054, 0.847007, 40.685717,1.038904,1.936984,-0.311100,0.727503, 0.998622, 1.498054, 0.847007, 40.685717,1.039133,2.090727,-0.232405,0.707789, 0.998613, 1.550319, 0.847001, 39.656021,1.039133,1.688732,-0.247533,0.609047, 0.998576, 1.435731, 0.690617, 33.998523,1.039133,1.683130,-0.247863,0.607584, 0.998575, 1.434337, 0.688459, 33.914712
  2.2800,1.047054,2.096719,0.572411,0.504947, 0.998983, 1.803667, 0.846610, 32.519407,1.047054,2.096719,0.572411,0.504947, 0.998983, 1.803667, 0.846610, 32.519407,1.047054,2.067372,0.571796,0.498613, 0.998994, 1.796923, 0.835443, 32.156508,1.038811,1.934993,-0.311018,0.724914, 0.998632, 1.503479, 0.847329, 40.659173,1.038811,1.934993,-0.311018,0.724914, 0.998632, 1.503479, 0.847329, 40.659173,1.039041,2.088453,-0.232340,0.705182, 0.998621, 1.555581, 0.847321, 39.628291,1.039041,1.686607,-0.247429,0.606372, 0.998585, 1.440993, 0.690942, 33.966872,1.039041,1.680999,-0.247762,0.604906, 0.998584, 1.439599, 0.688785, 33.882914
  2.2850,1.046968,2.096851,0.572232,0.503031, 0.998984, 1.804690, 0.846770, 32.525663,1.046968,2.096851,0.572232,0.503031, 0.998984, 1.804690, 0.846770, 32.525663,1.046968,2.067643,0.571679,0.496718, 0.998995, 1.797945, 0.835600, 32.163951,1.038721,1.933137,-0.310873,0.722344, 0.998642, 1.508789, 0.847643, 40.633492,1.038721,1.933137,-0.310873,0.722344, 0.998642, 1.508789, 0.847643, 40.633492,1.038952,2.086309,-0.232214,0.702592, 0.998630, 1.560733, 0.847634, 39.601322,1.038952,1.684595,-0.247262,0.603714, 0.998594, 1.446144, 0.691261, 33.936005,1.038952,1.678981,-0.247597,0.602246, 0.998593, 1.444751, 0.689104, 33.851901
  2.2900,1.046882,2.097001,0.572065,0.501116, 0.998985, 1.805732, 0.846929, 32.532039,1.046882,2.097001,0.572065,0.501116, 0.998985, 1.805732, 0.846929, 32.532039,1.046882,2.067933,0.571574,0.494824, 0.998996, 1.798987, 0.835754, 32.171530,1.038635,1.931415,-0.310666,0.719793, 0.998652, 1.513983, 0.847952, 40.608693,1.038635,1.931415,-0.310666,0.719793, 0.998652, 1.513983, 0.847952, 40.608693,1.038866,2.084297,-0.232027,0.700019, 0.998640, 1.565771, 0.847941, 39.575136,1.038866,1.682697,-0.247031,0.601073, 0.998604, 1.451183, 0.691574, 33.905946,1.038866,1.677077,-0.247369,0.599603, 0.998603, 1.449789, 0.689417, 33.821697
  2.2950,1.046797,2.097170,0.571909,0.499202, 0.998985, 1.806792, 0.847084, 32.538535,1.046797,2.097170,0.571909,0.499202, 0.998985, 1.806792, 0.847084, 32.538535,1.046797,2.068243,0.571481,0.492932, 0.998996, 1.800047, 0.835906, 32.179242,1.038552,1.929829,-0.310398,0.717262, 0.998662, 1.519058, 0.848254, 40.584797,1.038552,1.929829,-0.310398,0.717262, 0.998662, 1.519058, 0.848254, 40.584797,1.038784,2.082416,-0.231779,0.697464, 0.998649, 1.570695, 0.848243, 39.549756,1.038784,1.680913,-0.246737,0.598450, 0.998614, 1.456106, 0.691880, 33.876714,1.038784,1.675286,-0.247078,0.596977, 0.998612, 1.454712, 0.689723, 33.792323
  2.3000,1.046713,2.097357,0.571764,0.497290, 0.998986, 1.807869, 0.847237, 32.545150,1.046713,2.097357,0.571764,0.497290, 0.998986, 1.807869, 0.847237, 32.545150,1.046713,2.068571,0.571398,0.491041, 0.998997, 1.801125, 0.836055, 32.187083,1.038473,1.928379,-0.310069,0.714750, 0.998673, 1.524012, 0.848550, 40.561822,1.038473,1.928379,-0.310069,0.714750, 0.998673, 1.524012, 0.848550, 40.561822,1.038705,2.080668,-0.231472,0.694926, 0.998659, 1.575500, 0.848538, 39.525201,1.038705,1.679243,-0.246381,0.595846, 0.998624, 1.460911, 0.692181, 33.848330,1.038705,1.673610,-0.246724,0.594371, 0.998622, 1.459518, 0.690024, 33.763797
  2.3050,1.046629,2.097563,0.571630,0.495379, 0.998987, 1.808963, 0.847388, 32.551881,1.046629,2.097563,0.571630,0.495379, 0.998987, 1.808963, 0.847388, 32.551881,1.046629,2.068918,0.571327,0.489151, 0.998998, 1.802218, 0.836202, 32.195051,1.038398,1.927064,-0.309679,0.712259, 0.998684, 1.528841, 0.848840, 40.539786,1.038398,1.927064,-0.309679,0.712259, 0.998684, 1.528841, 0.848840, 40.539786,1.038630,2.079053,-0.231105,0.692408, 0.998669, 1.580185, 0.848828, 39.501492,1.038630,1.677687,-0.245963,0.593261, 0.998634, 1.465596, 0.692474, 33.820812,1.038630,1.672048,-0.246308,0.591783, 0.998632, 1.464203, 0.690318, 33.736139
  2.3100,1.046546,2.097786,0.571507,0.493470, 0.998987, 1.810071, 0.847536, 32.558728,1.046546,2.097786,0.571507,0.493470, 0.998987, 1.810071, 0.847536, 32.558728,1.046546,2.069283,0.571266,0.487264, 0.998999, 1.803327, 0.836346, 32.203141,1.038326,1.925885,-0.309229,0.709788, 0.998695, 1.533545, 0.849123, 40.518703,1.038326,1.925885,-0.309229,0.709788, 0.998695, 1.533545, 0.849123, 40.518703,1.038558,2.077571,-0.230679,0.689908, 0.998679, 1.584748, 0.849111, 39.478647,1.038558,1.676246,-0.245483,0.590695, 0.998644, 1.470159, 0.692761, 33.794178,1.038558,1.670600,-0.245831,0.589215, 0.998643, 1.468766, 0.690605, 33.709366
  2.3150,1.046463,2.098027,0.571395,0.491561, 0.998988, 1.811194, 0.847682, 32.565686,1.046463,2.098027,0.571395,0.491561, 0.998988, 1.811194, 0.847682, 32.565686,1.046463,2.069665,0.571216,0.485377, 0.999000, 1.804449, 0.836488, 32.211351,1.038257,1.924842,-0.308721,0.707339, 0.998706, 1.538121, 0.849399, 40.498588,1.038257,1.924842,-0.308721,0.707339, 0.998706, 1.538121, 0.849399, 40.498588,1.038490,2.076222,-0.230194,0.687428, 0.998689, 1.589187, 0.849388, 39.456680,1.038490,1.674920,-0.244944,0.588149, 0.998655, 1.474598, 0.693042, 33.768445,1.038490,1.669267,-0.245294,0.586667, 0.998653, 1.473204, 0.690887, 33.683495
  2.3200,1.046381,2.098285,0.571294,0.489655, 0.998989, 1.812329, 0.847826, 32.572755,1.046381,2.098285,0.571294,0.489655, 0.998989, 1.812329, 0.847826, 32.572755,1.046381,2.070064,0.571175,0.483492, 0.999000, 1.805585, 0.836628, 32.219674,1.038192,1.923934,-0.308154,0.704910, 0.998717, 1.542567, 0.849668, 40.479453,1.038192,1.923934,-0.308154,0.704910, 0.998717, 1.542567, 0.849668, 40.479453,1.038425,2.075006,-0.229651,0.684967, 0.998700, 1.593500, 0.849658, 39.435609,1.038425,1.673709,-0.244344,0.585623, 0.998665, 1.478911, 0.693316, 33.743627,1.038425,1.668049,-0.244696,0.584138, 0.998664, 1.477517, 0.691161, 33.658541
  2.3250,1.046300,2.098560,0.571202,0.487749, 0.998989, 1.813477, 0.847967, 32.579930,1.046300,2.098560,0.571202,0.487749, 0.998989, 1.813477, 0.847967, 32.579930,1.046300,2.070479,0.571144,0.481609, 0.999001, 1.806732, 0.836765, 32.228108,1.038131,1.923160,-0.307530,0.702503, 0.998729, 1.546882, 0.849931, 40.461310,1.038131,1.923160,-0.307530,0.702503, 0.998729, 1.546882, 0.849931, 40.461310,1.038364,2.073924,-0.229052,0.682526, 0.998710, 1.597685, 0.849923, 39.415446,1.038364,1.672612,-0.243686,0.583117, 0.998676, 1.483097, 0.693584, 33.719738,1.038364,1.666945,-0.244040,0.581630, 0.998675, 1.481703, 0.691429, 33.634518
  2.3300,1.046219,2.098851,0.571121,0.485845, 0.998990, 1.814636, 0.848106, 32.587209,1.046219,2.098851,0.571121,0.485845, 0.998990, 1.814636, 0.848106, 32.587209,1.046219,2.070910,0.571123,0.479727, 0.999002, 1.807891, 0.836900, 32.236647,1.038073,1.922520,-0.306849,0.700118, 0.998740, 1.551064, 0.850188, 40.444167,1.038073,1.922520,-0.306849,0.700118, 0.998740, 1.551064, 0.850188, 40.444167,1.038306,2.072975,-0.228395,0.680106, 0.998721, 1.601742, 0.850180, 39.396203,1.038306,1.671629,-0.242969,0.580632, 0.998687, 1.487153, 0.693845, 33.696791,1.038306,1.665956,-0.243325,0.579143, 0.998686, 1.485760, 0.691690, 33.611439
  2.3350,1.046138,2.099159,0.571050,0.483943, 0.998991, 1.815805, 0.848243, 32.594589,1.046138,2.099159,0.571050,0.483943, 0.998991, 1.815805, 0.848243, 32.594589,1.046138,2.071356,0.571111,0.477846, 0.999003, 1.809060, 0.837032, 32.245286,1.038019,1.922013,-0.306112,0.697755, 0.998752, 1.555113, 0.850437, 40.428033,1.038019,1.922013,-0.306112,0.697755, 0.998752, 1.555113, 0.850437, 40.428033,1.038252,2.072158,-0.227684,0.677706, 0.998732, 1.605669, 0.850432, 39.377893,1.038252,1.670760,-0.242195,0.578168, 0.998698, 1.491080, 0.694100, 33.674797,1.038252,1.665080,-0.242553,0.576676, 0.998697, 1.489687, 0.691945, 33.589316
  2.3400,1.046059,2.099482,0.570988,0.482041, 0.998992, 1.816983, 0.848377, 32.602065,1.046059,2.099482,0.570988,0.482041, 0.998992, 1.816983, 0.848377, 32.602065,1.046059,2.071816,0.571108,0.475967, 0.999003, 1.810238, 0.837162, 32.254020,1.037968,1.921637,-0.305321,0.695414, 0.998764, 1.559027, 0.850680, 40.412914,1.037968,1.921637,-0.305321,0.695414, 0.998764, 1.559027, 0.850680, 40.412914,1.038200,2.071472,-0.226917,0.675326, 0.998743, 1.609464, 0.850677, 39.360523,1.038200,1.670004,-0.241365,0.575725, 0.998710, 1.494876, 0.694347, 33.653768,1.038200,1.664317,-0.241724,0.574231, 0.998708, 1.493482, 0.692193, 33.568159
  2.3450,1.045980,2.099819,0.570936,0.480141, 0.998992, 1.818169, 0.848509, 32.609633,1.045980,2.099819,0.570936,0.480141, 0.998992, 1.818169, 0.848509, 32.609633,1.045980,2.072291,0.571114,0.474089, 0.999004, 1.811425, 0.837290, 32.262842,1.037921,1.921393,-0.304476,0.693096, 0.998776, 1.562805, 0.850916, 40.398815,1.037921,1.921393,-0.304476,0.693096, 0.998776, 1.562805, 0.850916, 40.398815,1.038153,2.070918,-0.226097,0.672968, 0.998754, 1.613128, 0.850916, 39.344103,1.038153,1.669361,-0.240479,0.573303, 0.998721, 1.498540, 0.694589, 33.633712,1.038153,1.663667,-0.240839,0.571807, 0.998720, 1.497146, 0.692435, 33.547977
  2.3500,1.045902,2.100172,0.570893,0.478243, 0.998993, 1.819364, 0.848639, 32.617289,1.045902,2.100172,0.570893,0.478243, 0.998993, 1.819364, 0.848639, 32.617289,1.045902,2.072778,0.571128,0.472212, 0.999005, 1.812619, 0.837416, 32.271747,1.037876,1.921278,-0.303578,0.690799, 0.998788, 1.566446, 0.851145, 40.385740,1.037876,1.921278,-0.303578,0.690799, 0.998788, 1.566446, 0.851145, 40.385740,1.038108,2.070494,-0.225223,0.670631, 0.998766, 1.616659, 0.851148, 39.328640,1.038108,1.668830,-0.239539,0.570903, 0.998732, 1.502071, 0.694823, 33.614637,1.038108,1.663129,-0.239901,0.569404, 0.998731, 1.500677, 0.692669, 33.528778
  2.3550,1.045824,2.100538,0.570859,0.476346, 0.998994, 1.820565, 0.848766, 32.625029,1.045824,2.100538,0.570859,0.476346, 0.998994, 1.820565, 0.848766, 32.625029,1.045824,2.073277,0.571150,0.470337, 0.999005, 1.813821, 0.837539, 32.280729,1.037836,1.921292,-0.302630,0.688525, 0.998800, 1.569950, 0.851367, 40.373690,1.037836,1.921292,-0.302630,0.688525, 0.998800, 1.569950, 0.851367, 40.373690,1.038067,2.070199,-0.224298,0.668315, 0.998777, 1.620057, 0.851373, 39.314137,1.038067,1.668411,-0.238545,0.568524, 0.998744, 1.505469, 0.695051, 33.596549,1.038067,1.662702,-0.238908,0.567024, 0.998743, 1.504075, 0.692897, 33.510569
  2.3600,1.045747,2.100917,0.570834,0.474450, 0.998995, 1.821773, 0.848892, 32.632847,1.045747,2.100917,0.570834,0.474450, 0.998995, 1.821773, 0.848892, 32.632847,1.045747,2.073789,0.571180,0.468463, 0.999006, 1.815028, 0.837660, 32.289782,1.037798,1.921432,-0.301631,0.686274, 0.998812, 1.573317, 0.851583, 40.362666,1.037798,1.921432,-0.301631,0.686274, 0.998812, 1.573317, 0.851583, 40.362666,1.038029,2.070032,-0.223323,0.666020, 0.998788, 1.623321, 0.851592, 39.300601,1.038029,1.668101,-0.237499,0.566168, 0.998756, 1.508733, 0.695272, 33.579455,1.038029,1.662385,-0.237863,0.564665, 0.998754, 1.507339, 0.693119, 33.493356
  2.3650,1.045671,2.101309,0.570817,0.472556, 0.998995, 1.822986, 0.849015, 32.640738,1.045671,2.101309,0.570817,0.472556, 0.998995, 1.822986, 0.849015, 32.640738,1.045671,2.074310,0.571217,0.466590, 0.999007, 1.816242, 0.837779, 32.298897,1.037764,1.921697,-0.300583,0.684045, 0.998824, 1.576546, 0.851791, 40.352667,1.037764,1.921697,-0.300583,0.684045, 0.998824, 1.576546, 0.851791, 40.352667,1.037994,2.069992,-0.222297,0.663747, 0.998800, 1.626452, 0.851805, 39.288032,1.037994,1.667901,-0.236401,0.563833, 0.998767, 1.511863, 0.695486, 33.563359,1.037994,1.662178,-0.236766,0.562328, 0.998766, 1.510470, 0.693333, 33.477142
  2.3700,1.045595,2.101713,0.570808,0.470663, 0.998996, 1.824205, 0.849136, 32.648696,1.045595,2.101713,0.570808,0.470663, 0.998996, 1.824205, 0.849136, 32.648696,1.045595,2.074842,0.571261,0.464718, 0.999007, 1.817460, 0.837896, 32.308069,1.037733,1.922085,-0.299488,0.681839, 0.998836, 1.579637, 0.851993, 40.343690,1.037733,1.922085,-0.299488,0.681839, 0.998836, 1.579637, 0.851993, 40.343690,1.037962,2.070076,-0.221223,0.661496, 0.998811, 1.629448, 0.852011, 39.276432,1.037962,1.667810,-0.235254,0.561520, 0.998779, 1.514860, 0.695694, 33.548263,1.037962,1.662079,-0.235620,0.560014, 0.998778, 1.513466, 0.693541, 33.461932
  2.3750,1.045520,2.102127,0.570806,0.468772, 0.998997, 1.825428, 0.849255, 32.656716,1.045520,2.102127,0.570806,0.468772, 0.998997, 1.825428, 0.849255, 32.656716,1.045520,2.075383,0.571311,0.462847, 0.999008, 1.818683, 0.838011, 32.317290,1.037705,1.922594,-0.298346,0.679656, 0.998848, 1.582591, 0.852189, 40.335733,1.037705,1.922594,-0.298346,0.679656, 0.998848, 1.582591, 0.852189, 40.335733,1.037934,2.070285,-0.220102,0.659266, 0.998823, 1.632311, 0.852211, 39.265802,1.037934,1.667825,-0.234057,0.559230, 0.998791, 1.517722, 0.695895, 33.534169,1.037934,1.662087,-0.234424,0.557721, 0.998790, 1.516329, 0.693742, 33.447727
  2.3800,1.045445,2.102553,0.570813,0.466881, 0.998997, 1.826655, 0.849371, 32.664792,1.045445,2.102553,0.570813,0.466881, 0.998997, 1.826655, 0.849371, 32.664792,1.045445,2.075932,0.571368,0.460978, 0.999008, 1.819910, 0.838123, 32.326552,1.037680,1.923223,-0.297160,0.677495, 0.998859, 1.585407, 0.852377, 40.328790,1.037680,1.923223,-0.297160,0.677495, 0.998859, 1.585407, 0.852377, 40.328790,1.037908,2.070615,-0.218935,0.657057, 0.998834, 1.635040, 0.852404, 39.256139,1.037908,1.667947,-0.232812,0.556962, 0.998803, 1.520452, 0.696089, 33.521079,1.037908,1.662201,-0.233180,0.555451, 0.998802, 1.519058, 0.693937, 33.434528
  2.3850,1.045371,2.102988,0.570826,0.464992, 0.998998, 1.827886, 0.849486, 32.672917,1.045371,2.102988,0.570826,0.464992, 0.998998, 1.827886, 0.849486, 32.672917,1.045371,2.076488,0.571431,0.459109, 0.999009, 1.821141, 0.838234, 32.335848,1.037658,1.923968,-0.295930,0.675356, 0.998871, 1.588086, 0.852559, 40.322853,1.037658,1.923968,-0.295930,0.675356, 0.998871, 1.588086, 0.852559, 40.322853,1.037886,2.071066,-0.217722,0.654870, 0.998846, 1.637636, 0.852590, 39.247442,1.037886,1.668173,-0.231521,0.554716, 0.998814, 1.523048, 0.696277, 33.508992,1.037886,1.662420,-0.231889,0.553203, 0.998813, 1.521654, 0.694125, 33.422335
  2.3900,1.045298,2.103432,0.570847,0.463104, 0.998999, 1.829119, 0.849599, 32.681084,1.045298,2.103432,0.570847,0.463104, 0.998999, 1.829119, 0.849599, 32.681084,1.045298,2.077051,0.571499,0.457242, 0.999009, 1.822374, 0.838343, 32.345170,1.037640,1.924828,-0.294659,0.673240, 0.998883, 1.590630, 0.852734, 40.317916,1.037640,1.924828,-0.294659,0.673240, 0.998883, 1.590630, 0.852734, 40.317916,1.037866,2.071634,-0.216467,0.652705, 0.998857, 1.640100, 0.852770, 39.239705,1.037866,1.668502,-0.230185,0.552492, 0.998826, 1.525512, 0.696458, 33.497907,1.037866,1.662742,-0.230553,0.550978, 0.998825, 1.524118, 0.694306, 33.411146
  2.3950,1.045226,2.103884,0.570874,0.461218, 0.998999, 1.830356, 0.849709, 32.689288,1.045226,2.103884,0.570874,0.461218, 0.998999, 1.830356, 0.849709, 32.689288,1.045226,2.077619,0.571573,0.455375, 0.999010, 1.823611, 0.838449, 32.354509,1.037624,1.925801,-0.293347,0.671145, 0.998895, 1.593037, 0.852903, 40.313968,1.037624,1.925801,-0.293347,0.671145, 0.998895, 1.593037, 0.852903, 40.313968,1.037849,2.072319,-0.215170,0.650561, 0.998868, 1.642432, 0.852944, 39.232923,1.037849,1.668933,-0.228804,0.550290, 0.998838, 1.527844, 0.696633, 33.487820,1.037849,1.663166,-0.229172,0.548774, 0.998837, 1.526450, 0.694481, 33.400958
  2.4000,1.045154,2.104343,0.570907,0.459332, 0.999000, 1.831594, 0.849818, 32.697521,1.045154,2.104343,0.570907,0.459332, 0.999000, 1.831594, 0.849818, 32.697521,1.045154,2.078191,0.571652,0.453509, 0.999010, 1.824849, 0.838554, 32.363858,1.037611,1.926884,-0.291996,0.669073, 0.998906, 1.595311, 0.853065, 40.311000,1.037611,1.926884,-0.291996,0.669073, 0.998906, 1.595311, 0.853065, 40.311000,1.037835,2.073118,-0.213832,0.648439, 0.998880, 1.644633, 0.853112, 39.227090,1.037835,1.669464,-0.227380,0.548111, 0.998850, 1.530045, 0.696801, 33.478727,1.037835,1.663690,-0.227748,0.546593, 0.998849, 1.528651, 0.694649, 33.391769
  2.4050,1.045083,2.104809,0.570947,0.457448, 0.999001, 1.832835, 0.849925, 32.705775,1.045083,2.104809,0.570947,0.457448, 0.999001, 1.832835, 0.849925, 32.705775,1.045083,2.078767,0.571735,0.451643, 0.999011, 1.826090, 0.838657, 32.373207,1.037601,1.928073,-0.290607,0.667023, 0.998918, 1.597451, 0.853220, 40.309000,1.037601,1.928073,-0.290607,0.667023, 0.998918, 1.597451, 0.853220, 40.309000,1.037824,2.074028,-0.212454,0.646338, 0.998891, 1.646705, 0.853273, 39.222198,1.037824,1.670094,-0.225915,0.545954, 0.998861, 1.532116, 0.696963, 33.470625,1.037824,1.664313,-0.226283,0.544435, 0.998861, 1.530722, 0.694811, 33.383572
  2.4100,1.045012,2.105280,0.570992,0.455565, 0.999001, 1.834077, 0.850029, 32.714044,1.045012,2.105280,0.570992,0.455565, 0.999001, 1.834077, 0.850029, 32.714044,1.045012,2.079346,0.571822,0.449779, 0.999011, 1.827333, 0.838758, 32.382549,1.037593,1.929368,-0.289183,0.664994, 0.998929, 1.599458, 0.853369, 40.307954,1.037593,1.929368,-0.289183,0.664994, 0.998929, 1.599458, 0.853369, 40.307954,1.037815,2.075048,-0.211040,0.644258, 0.998902, 1.648647, 0.853427, 39.218238,1.037815,1.670820,-0.224410,0.543819, 0.998873, 1.534059, 0.697118, 33.463507,1.037815,1.665032,-0.224777,0.542298, 0.998872, 1.532665, 0.694966, 33.376362
  2.4150,1.044942,2.105756,0.571042,0.453682, 0.999002, 1.835321, 0.850132, 32.722319,1.044942,2.105756,0.571042,0.453682, 0.999002, 1.835321, 0.850132, 32.722319,1.044942,2.079926,0.571913,0.447915, 0.999011, 1.828577, 0.838857, 32.391874,1.037588,1.930764,-0.287725,0.662987, 0.998941, 1.601335, 0.853511, 40.307848,1.037588,1.930764,-0.287725,0.662987, 0.998941, 1.601335, 0.853511, 40.307848,1.037809,2.076175,-0.209588,0.642199, 0.998913, 1.650463, 0.853576, 39.215199,1.037809,1.671642,-0.222866,0.541706, 0.998885, 1.535874, 0.697266, 33.457365,1.037809,1.665847,-0.223233,0.540183, 0.998884, 1.534481, 0.695115, 33.370132
  2.4200,1.044873,2.106236,0.571098,0.451801, 0.999002, 1.836566, 0.850233, 32.730594,1.044873,2.106236,0.571098,0.451801, 0.999002, 1.836566, 0.850233, 32.730594,1.044873,2.080507,0.572008,0.446052, 0.999012, 1.829822, 0.838954, 32.401174,1.037586,1.932259,-0.286235,0.661001, 0.998952, 1.603082, 0.853647, 40.308667,1.037586,1.932259,-0.286235,0.661001, 0.998952, 1.603082, 0.853647, 40.308667,1.037805,2.077406,-0.208103,0.640161, 0.998924, 1.652152, 0.853718, 39.213071,1.037805,1.672557,-0.221284,0.539615, 0.998896, 1.537564, 0.697409, 33.452192,1.037805,1.666754,-0.221651,0.538091, 0.998896, 1.536170, 0.695258, 33.364875
  2.4250,1.044804,2.106719,0.571158,0.449921, 0.999003, 1.837813, 0.850332, 32.738860,1.044804,2.106719,0.571158,0.449921, 0.999003, 1.837813, 0.850332, 32.738860,1.044804,2.081087,0.572105,0.444189, 0.999012, 1.831068, 0.839049, 32.410439,1.037587,1.933850,-0.284713,0.659036, 0.998963, 1.604701, 0.853777, 40.310394,1.037587,1.933850,-0.284713,0.659036, 0.998963, 1.604701, 0.853777, 40.310394,1.037804,2.078739,-0.206584,0.638143, 0.998935, 1.653718, 0.853854, 39.211840,1.037804,1.673563,-0.219667,0.537545, 0.998908, 1.539129, 0.697545, 33.447979,1.037804,1.667754,-0.220033,0.536020, 0.998907, 1.537735, 0.695394, 33.360580
  2.4300,1.044736,2.107204,0.571222,0.448041, 0.999003, 1.839060, 0.850429, 32.747108,1.044736,2.107204,0.571222,0.448041, 0.999003, 1.839060, 0.850429, 32.747108,1.044736,2.081666,0.572205,0.442326, 0.999012, 1.832315, 0.839143, 32.419661,1.037589,1.935534,-0.283163,0.657092, 0.998974, 1.606194, 0.853901, 40.313011,1.037589,1.935534,-0.283163,0.657092, 0.998974, 1.606194, 0.853901, 40.313011,1.037806,2.080171,-0.205034,0.636146, 0.998946, 1.655160, 0.853984, 39.211492,1.037806,1.674658,-0.218015,0.535497, 0.998919, 1.540572, 0.697674, 33.444715,1.037806,1.668842,-0.218380,0.533970, 0.998919, 1.539178, 0.695524, 33.357238
  2.4350,1.044668,2.107690,0.571291,0.446163, 0.999004, 1.840308, 0.850525, 32.755332,1.044668,2.107690,0.571291,0.446163, 0.999004, 1.840308, 0.850525, 32.755332,1.044668,2.082243,0.572308,0.440464, 0.999012, 1.833563, 0.839235, 32.428829,1.037594,1.937308,-0.281585,0.655168, 0.998985, 1.607563, 0.854018, 40.316500,1.037594,1.937308,-0.281585,0.655168, 0.998985, 1.607563, 0.854018, 40.316500,1.037809,2.081699,-0.203453,0.634170, 0.998957, 1.656482, 0.854108, 39.212014,1.037809,1.675841,-0.216330,0.533471, 0.998931, 1.541893, 0.697798, 33.442389,1.037809,1.670018,-0.216693,0.531943, 0.998930, 1.540500, 0.695647, 33.354837
  2.4400,1.044601,2.108176,0.571363,0.444285, 0.999004, 1.841557, 0.850618, 32.763523,1.044601,2.108176,0.571363,0.444285, 0.999004, 1.841557, 0.850618, 32.763523,1.044601,2.082816,0.572412,0.438603, 0.999012, 1.834812, 0.839325, 32.437935,1.037602,1.939169,-0.279982,0.653263, 0.998995, 1.608810, 0.854129, 40.320841,1.037602,1.939169,-0.279982,0.653263, 0.998995, 1.608810, 0.854129, 40.320841,1.037815,2.083320,-0.201845,0.632213, 0.998967, 1.657685, 0.854226, 39.213389,1.037815,1.677109,-0.214613,0.531465, 0.998942, 1.543096, 0.697915, 33.440989,1.037815,1.671280,-0.214975,0.529936, 0.998941, 1.541702, 0.695765, 33.353366
  2.4450,1.044535,2.108662,0.571438,0.442408, 0.999004, 1.842806, 0.850710, 32.771672,1.044535,2.108662,0.571438,0.442408, 0.999004, 1.842806, 0.850710, 32.771672,1.044535,2.083385,0.572518,0.436741, 0.999012, 1.836061, 0.839414, 32.446970,1.037611,1.941113,-0.278355,0.651379, 0.999005, 1.609937, 0.854235, 40.326013,1.037611,1.941113,-0.278355,0.651379, 0.999005, 1.609937, 0.854235, 40.326013,1.037823,2.085032,-0.200210,0.630276, 0.998977, 1.658770, 0.854338, 39.215601,1.037823,1.678460,-0.212866,0.529481, 0.998953, 1.544182, 0.698027, 33.440503,1.037823,1.672624,-0.213227,0.527951, 0.998952, 1.542788, 0.695876, 33.352812
  2.4500,1.044469,2.109145,0.571516,0.440532, 0.999005, 1.844056, 0.850800, 32.779772,1.044469,2.109145,0.571516,0.440532, 0.999005, 1.844056, 0.850800, 32.779772,1.044469,2.083948,0.572626,0.434880, 0.999013, 1.837311, 0.839500, 32.455924,1.037623,1.943137,-0.276705,0.649514, 0.999015, 1.610945, 0.854334, 40.331994,1.037623,1.943137,-0.276705,0.649514, 0.999015, 1.610945, 0.854334, 40.331994,1.037833,2.086830,-0.198550,0.628358, 0.998988, 1.659741, 0.854444, 39.218631,1.037833,1.679891,-0.211090,0.527517, 0.998964, 1.545153, 0.698132, 33.440915,1.037833,1.674050,-0.211449,0.525986, 0.998963, 1.543759, 0.695981, 33.353161
  2.4550,1.044403,2.109626,0.571597,0.438656, 0.999005, 1.845306, 0.850889, 32.787812,1.044403,2.109626,0.571597,0.438656, 0.999005, 1.845306, 0.850889, 32.787812,1.044403,2.084505,0.572734,0.433018, 0.999013, 1.838561, 0.839586, 32.464788,1.037637,1.945237,-0.275036,0.647667, 0.999025, 1.611838, 0.854428, 40.338762,1.037637,1.945237,-0.275036,0.647667, 0.999025, 1.611838, 0.854428, 40.338762,1.037846,2.088713,-0.196866,0.626459, 0.998998, 1.660600, 0.854545, 39.222462,1.037846,1.681401,-0.209287,0.525574, 0.998975, 1.546011, 0.698231, 33.442212,1.037846,1.675554,-0.209644,0.524042, 0.998974, 1.544618, 0.696081, 33.354399
  2.4600,1.044339,2.110104,0.571681,0.436781, 0.999005, 1.846557, 0.850976, 32.795786,1.044339,2.110104,0.571681,0.436781, 0.999005, 1.846557, 0.850976, 32.795786,1.044339,2.085054,0.572842,0.431157, 0.999013, 1.839812, 0.839670, 32.473553,1.037653,1.947411,-0.273348,0.645839, 0.999035, 1.612617, 0.854515, 40.346294,1.037653,1.947411,-0.273348,0.645839, 0.999035, 1.612617, 0.854515, 40.346294,1.037860,2.090677,-0.195161,0.624579, 0.999007, 1.661348, 0.854639, 39.227074,1.037860,1.682988,-0.207458,0.523652, 0.998985, 1.546759, 0.698325, 33.444378,1.037860,1.677134,-0.207814,0.522118, 0.998985, 1.545366, 0.696175, 33.356508
  2.4650,1.044275,2.110576,0.571766,0.434907, 0.999006, 1.847808, 0.851061, 32.803685,1.044275,2.110576,0.571766,0.434907, 0.999006, 1.847808, 0.851061, 32.803685,1.044275,2.085594,0.572951,0.429296, 0.999013, 1.841063, 0.839752, 32.482209,1.037671,1.949654,-0.271643,0.644030, 0.999045, 1.613285, 0.854598, 40.354564,1.037671,1.949654,-0.271643,0.644030, 0.999045, 1.613285, 0.854598, 40.354564,1.037876,2.092718,-0.193436,0.622717, 0.999017, 1.661988, 0.854729, 39.232445,1.037876,1.684648,-0.205605,0.521749, 0.998996, 1.547399, 0.698413, 33.447396,1.037876,1.678789,-0.205959,0.520214, 0.998995, 1.546006, 0.696262, 33.359474
  2.4700,1.044211,2.111044,0.571853,0.433033, 0.999006, 1.849059, 0.851145, 32.811500,1.044211,2.111044,0.571853,0.433033, 0.999006, 1.849059, 0.851145, 32.811500,1.044211,2.086126,0.573060,0.427435, 0.999012, 1.842314, 0.839833, 32.490747,1.037690,1.951964,-0.269923,0.642237, 0.999054, 1.613844, 0.854675, 40.363548,1.037690,1.951964,-0.269923,0.642237, 0.999054, 1.613844, 0.854675, 40.363548,1.037893,2.094833,-0.191693,0.620873, 0.999027, 1.662522, 0.854812, 39.238556,1.037893,1.686380,-0.203729,0.519866, 0.999006, 1.547934, 0.698495, 33.451250,1.037893,1.680515,-0.204081,0.518330, 0.999006, 1.546540, 0.696344, 33.363279
  2.4750,1.044148,2.111505,0.571941,0.431159, 0.999006, 1.850311, 0.851227, 32.819223,1.044148,2.111505,0.571941,0.431159, 0.999006, 1.850311, 0.851227, 32.819223,1.044148,2.086646,0.573167,0.425573, 0.999012, 1.843566, 0.839912, 32.499158,1.037711,1.954336,-0.268190,0.640462, 0.999063, 1.614298, 0.854746, 40.373220,1.037711,1.954336,-0.268190,0.640462, 0.999063, 1.614298, 0.854746, 40.373220,1.037913,2.097019,-0.189934,0.619047, 0.999036, 1.662953, 0.854891, 39.245385,1.037913,1.688180,-0.201833,0.518002, 0.999016, 1.548365, 0.698571, 33.455920,1.037913,1.682310,-0.202181,0.516466, 0.999016, 1.546971, 0.696421, 33.367905
  2.4800,1.044085,2.111959,0.572030,0.429286, 0.999006, 1.851563, 0.851307, 32.826845,1.044085,2.111959,0.572030,0.429286, 0.999006, 1.851563, 0.851307, 32.826845,1.044085,2.087155,0.573274,0.423712, 0.999012, 1.844818, 0.839990, 32.507432,1.037734,1.956767,-0.266446,0.638704, 0.999071, 1.614648, 0.854812, 40.383554,1.037734,1.956767,-0.266446,0.638704, 0.999071, 1.614648, 0.854812, 40.383554,1.037934,2.099273,-0.188160,0.617238, 0.999045, 1.663284, 0.854964, 39.252907,1.037934,1.690048,-0.199916,0.516157, 0.999026, 1.548696, 0.698642, 33.461389,1.037934,1.684172,-0.200262,0.514620, 0.999026, 1.547302, 0.696492, 33.373334
  2.4850,1.044023,2.112404,0.572119,0.427414, 0.999007, 1.852815, 0.851386, 32.834357,1.044023,2.112404,0.572119,0.427414, 0.999007, 1.852815, 0.851386, 32.834357,1.044023,2.087652,0.573380,0.421850, 0.999012, 1.846070, 0.840067, 32.515562,1.037759,1.959253,-0.264692,0.636962, 0.999080, 1.614897, 0.854873, 40.394523,1.037759,1.959253,-0.264692,0.636962, 0.999080, 1.614897, 0.854873, 40.394523,1.037957,2.101590,-0.186372,0.615446, 0.999054, 1.663517, 0.855032, 39.261101,1.037957,1.691979,-0.197982,0.514331, 0.999036, 1.548929, 0.698708, 33.467637,1.037957,1.686098,-0.198325,0.512794, 0.999036, 1.547535, 0.696558, 33.379545
  2.4900,1.043962,2.112841,0.572209,0.425541, 0.999007, 1.854067, 0.851464, 32.841753,1.043962,2.112841,0.572209,0.425541, 0.999007, 1.854067, 0.851464, 32.841753,1.043962,2.088136,0.573484,0.419987, 0.999012, 1.847322, 0.840142, 32.523537,1.037785,1.961790,-0.262930,0.635236, 0.999088, 1.615049, 0.854929, 40.406098,1.037785,1.961790,-0.262930,0.635236, 0.999088, 1.615049, 0.854929, 40.406098,1.037981,2.103968,-0.184574,0.613670, 0.999062, 1.663655, 0.855094, 39.269942,1.037981,1.693971,-0.196031,0.512523, 0.999046, 1.549066, 0.698768, 33.474643,1.037981,1.688086,-0.196371,0.510985, 0.999045, 1.547673, 0.696618, 33.386520
  2.4950,1.043901,2.113267,0.572299,0.423669, 0.999007, 1.855319, 0.851540, 32.849022,1.043901,2.113267,0.572299,0.423669, 0.999007, 1.855319, 0.851540, 32.849022,1.043901,2.088605,0.573586,0.418125, 0.999012, 1.848575, 0.840216, 32.531350,1.037812,1.964375,-0.261163,0.633525, 0.999096, 1.615105, 0.854980, 40.418252,1.037812,1.964375,-0.261163,0.633525, 0.999096, 1.615105, 0.854980, 40.418252,1.038006,2.106403,-0.182766,0.611911, 0.999071, 1.663700, 0.855152, 39.279406,1.038006,1.696023,-0.194065,0.510734, 0.999055, 1.549111, 0.698823, 33.482388,1.038006,1.690133,-0.194402,0.509195, 0.999055, 1.547718, 0.696673, 33.394237
  2.5000,1.043841,2.113683,0.572388,0.421797, 0.999007, 1.856572, 0.851615, 32.856158,1.043841,2.113683,0.572388,0.421797, 0.999007, 1.856572, 0.851615, 32.856158,1.043841,2.089060,0.573686,0.416262, 0.999011, 1.849827, 0.840288, 32.538991,1.037841,1.967004,-0.259391,0.631828, 0.999104, 1.615069, 0.855026, 40.430956,1.037841,1.967004,-0.259391,0.631828, 0.999104, 1.615069, 0.855026, 40.430956,1.038033,2.108891,-0.180949,0.610167, 0.999079, 1.663655, 0.855205, 39.289467,1.038033,1.698130,-0.192086,0.508962, 0.999064, 1.549067, 0.698873, 33.490849,1.038033,1.692236,-0.192419,0.507423, 0.999064, 1.547673, 0.696723, 33.402675
  2.5050,1.043781,2.114087,0.572477,0.419926, 0.999007, 1.857825, 0.851688, 32.863152,1.043781,2.114087,0.572477,0.419926, 0.999007, 1.857825, 0.851688, 32.863152,1.043781,2.089498,0.573784,0.414398, 0.999011, 1.851080, 0.840359, 32.546452,1.037871,1.969674,-0.257616,0.630146, 0.999111, 1.614944, 0.855067, 40.444180,1.037871,1.969674,-0.257616,0.630146, 0.999111, 1.614944, 0.855067, 40.444180,1.038061,2.111429,-0.179127,0.608437, 0.999087, 1.663523, 0.855253, 39.300099,1.038061,1.700291,-0.190094,0.507207, 0.999073, 1.548935, 0.698918, 33.500006,1.038061,1.694393,-0.190424,0.505667, 0.999073, 1.547541, 0.696768, 33.411812
  2.5100,1.043722,2.114478,0.572564,0.418054, 0.999007, 1.859077, 0.851760, 32.869996,1.043722,2.114478,0.572564,0.418054, 0.999007, 1.859077, 0.851760, 32.869996,1.043722,2.089919,0.573878,0.412534, 0.999011, 1.852333, 0.840429, 32.553725,1.037903,1.972379,-0.255841,0.628478, 0.999118, 1.614732, 0.855104, 40.457896,1.037903,1.972379,-0.255841,0.628478, 0.999118, 1.614732, 0.855104, 40.457896,1.038091,2.114013,-0.177301,0.606723, 0.999094, 1.663308, 0.855297, 39.311277,1.038091,1.702503,-0.188093,0.505469, 0.999082, 1.548719, 0.698958, 33.509834,1.038091,1.696602,-0.188419,0.503929, 0.999082, 1.547325, 0.696808, 33.421625
  2.5150,1.043663,2.114856,0.572650,0.416182, 0.999007, 1.860330, 0.851831, 32.876683,1.043663,2.114856,0.572650,0.416182, 0.999007, 1.860330, 0.851831, 32.876683,1.043663,2.090323,0.573969,0.410669, 0.999011, 1.853585, 0.840498, 32.560802,1.037935,1.975117,-0.254066,0.626823, 0.999125, 1.614436, 0.855136, 40.472073,1.037935,1.975117,-0.254066,0.626823, 0.999125, 1.614436, 0.855136, 40.472073,1.038121,2.116640,-0.175471,0.605023, 0.999102, 1.663010, 0.855336, 39.322973,1.038121,1.704763,-0.186082,0.503747, 0.999091, 1.548422, 0.698994, 33.520313,1.038121,1.698858,-0.186405,0.502207, 0.999091, 1.547028, 0.696843, 33.432093
  2.5200,1.043605,2.115220,0.572735,0.414311, 0.999007, 1.861582, 0.851900, 32.883204,1.043605,2.115220,0.572735,0.414311, 0.999007, 1.861582, 0.851900, 32.883204,1.043605,2.090708,0.574056,0.408804, 0.999010, 1.854838, 0.840566, 32.567674,1.037969,1.977884,-0.252295,0.625180, 0.999132, 1.614060, 0.855164, 40.486681,1.037969,1.977884,-0.252295,0.625180, 0.999132, 1.614060, 0.855164, 40.486681,1.038153,2.119305,-0.173640,0.603336, 0.999109, 1.662635, 0.855370, 39.335161,1.038153,1.707068,-0.184065,0.502041, 0.999099, 1.548046, 0.699024, 33.531417,1.038153,1.701160,-0.184383,0.500502, 0.999099, 1.546653, 0.696873, 33.443191
  2.5250,1.043547,2.115568,0.572817,0.412440, 0.999007, 1.862834, 0.851968, 32.889553,1.043547,2.115568,0.572817,0.412440, 0.999007, 1.862834, 0.851968, 32.889553,1.043547,2.091074,0.574140,0.406938, 0.999010, 1.856090, 0.840632, 32.574336,1.038003,1.980676,-0.250527,0.623549, 0.999138, 1.613605, 0.855187, 40.501689,1.038003,1.980676,-0.250527,0.623549, 0.999138, 1.613605, 0.855187, 40.501689,1.038185,2.122006,-0.171811,0.601662, 0.999115, 1.662183, 0.855400, 39.347814,1.038185,1.709416,-0.182041,0.500351, 0.999107, 1.547595, 0.699050, 33.543123,1.038185,1.703505,-0.182355,0.498811, 0.999107, 1.546201, 0.696899, 33.454895
  2.5300,1.043490,2.115902,0.572897,0.410568, 0.999007, 1.864086, 0.852035, 32.895722,1.043490,2.115902,0.572897,0.410568, 0.999007, 1.864086, 0.852035, 32.895722,1.043490,2.091421,0.574220,0.405072, 0.999010, 1.857342, 0.840698, 32.580778,1.038039,1.983489,-0.248766,0.621930, 0.999144, 1.613076, 0.855207, 40.517066,1.038039,1.983489,-0.248766,0.621930, 0.999144, 1.613076, 0.855207, 40.517066,1.038219,2.124738,-0.169983,0.600001, 0.999122, 1.661659, 0.855426, 39.360902,1.038219,1.711804,-0.180014,0.498676, 0.999115, 1.547071, 0.699072, 33.555407,1.038219,1.705890,-0.180323,0.497136, 0.999115, 1.545677, 0.696921, 33.467182
  2.5350,1.043433,2.116218,0.572975,0.408697, 0.999007, 1.865337, 0.852101, 32.901705,1.043433,2.116218,0.572975,0.408697, 0.999007, 1.865337, 0.852101, 32.901705,1.043433,2.091746,0.574295,0.403204, 0.999009, 1.858593, 0.840762, 32.586993,1.038075,1.986319,-0.247013,0.620322, 0.999150, 1.612475, 0.855223, 40.532783,1.038075,1.986319,-0.247013,0.620322, 0.999150, 1.612475, 0.855223, 40.532783,1.038253,2.127497,-0.168159,0.598352, 0.999128, 1.661065, 0.855448, 39.374400,1.038253,1.714228,-0.177983,0.497016, 0.999123, 1.546477, 0.699089, 33.568245,1.038253,1.708313,-0.178287,0.495476, 0.999123, 1.545083, 0.696938, 33.480026
  2.5400,1.043377,2.116518,0.573049,0.406826, 0.999007, 1.866588, 0.852165, 32.907493,1.043377,2.116518,0.573049,0.406826, 0.999007, 1.866588, 0.852165, 32.907493,1.043377,2.092050,0.574365,0.401336, 0.999009, 1.859843, 0.840825, 32.592976,1.038112,1.989163,-0.245268,0.618725, 0.999155, 1.611805, 0.855235, 40.548807,1.038112,1.989163,-0.245268,0.618725, 0.999155, 1.611805, 0.855235, 40.548807,1.038288,2.130280,-0.166340,0.596715, 0.999134, 1.660404, 0.855466, 39.388278,1.038288,1.716687,-0.175952,0.495370, 0.999130, 1.545815, 0.699102, 33.581610,1.038288,1.710770,-0.176251,0.493830, 0.999130, 1.544422, 0.696950, 33.493402
  2.5450,1.043321,2.116799,0.573121,0.404954, 0.999007, 1.867837, 0.852229, 32.913082,1.043321,2.116799,0.573121,0.404954, 0.999007, 1.867837, 0.852229, 32.913082,1.043321,2.092332,0.574431,0.399467, 0.999008, 1.861093, 0.840887, 32.598719,1.038150,1.992017,-0.243535,0.617137, 0.999160, 1.611069, 0.855243, 40.565108,1.038150,1.992017,-0.243535,0.617137, 0.999160, 1.611069, 0.855243, 40.565108,1.038324,2.133084,-0.164529,0.595089, 0.999140, 1.659679, 0.855480, 39.402507,1.038324,1.719178,-0.173920,0.493737, 0.999138, 1.545090, 0.699110, 33.595478,1.038324,1.713259,-0.174214,0.492198, 0.999138, 1.543696, 0.696959, 33.507286
  2.5500,1.043266,2.117063,0.573189,0.403082, 0.999007, 1.869086, 0.852291, 32.918464,1.043266,2.117063,0.573189,0.403082, 0.999007, 1.869086, 0.852291, 32.918464,1.043266,2.092591,0.574491,0.397598, 0.999008, 1.862341, 0.840949, 32.604216,1.038188,1.994876,-0.241814,0.615558, 0.999165, 1.610270, 0.855248, 40.581654,1.038188,1.994876,-0.241814,0.615558, 0.999165, 1.610270, 0.855248, 40.581654,1.038360,2.135905,-0.162726,0.593474, 0.999146, 1.658892, 0.855490, 39.417060,1.038360,1.721697,-0.171891,0.492118, 0.999144, 1.544303, 0.699115, 33.609823,1.038360,1.715777,-0.172179,0.490579, 0.999145, 1.542910, 0.696964, 33.521651
  2.5550,1.043212,2.117307,0.573253,0.401211, 0.999007, 1.870333, 0.852352, 32.923633,1.043212,2.117307,0.573253,0.401211, 0.999007, 1.870333, 0.852352, 32.923633,1.043212,2.092827,0.574546,0.395727, 0.999008, 1.863588, 0.841009, 32.609462,1.038228,1.997738,-0.240106,0.613988, 0.999169, 1.609410, 0.855249, 40.598414,1.038228,1.997738,-0.240106,0.613988, 0.999169, 1.609410, 0.855249, 40.598414,1.038397,2.138738,-0.160934,0.591868, 0.999151, 1.658047, 0.855497, 39.431907,1.038397,1.724241,-0.169864,0.490512, 0.999151, 1.543458, 0.699116, 33.624619,1.038397,1.718321,-0.170147,0.488974, 0.999151, 1.542065, 0.696964, 33.536472
  2.5600,1.043158,2.117531,0.573313,0.399339, 0.999007, 1.871578, 0.852412, 32.928583,1.043158,2.117531,0.573313,0.399339, 0.999007, 1.871578, 0.852412, 32.928583,1.043158,2.093040,0.574595,0.393856, 0.999007, 1.864834, 0.841068, 32.614449,1.038267,2.000598,-0.238415,0.612426, 0.999173, 1.608494, 0.855247, 40.615357,1.038267,2.000598,-0.238415,0.612426, 0.999173, 1.608494, 0.855247, 40.615357,1.038434,2.141581,-0.159153,0.590272, 0.999156, 1.657146, 0.855500, 39.447020,1.038434,1.726809,-0.167842,0.488918, 0.999157, 1.542557, 0.699113, 33.639840,1.038434,1.720888,-0.168120,0.487380, 0.999158, 1.541164, 0.696961, 33.551722
  2.5650,1.043104,2.117736,0.573369,0.397467, 0.999007, 1.872822, 0.852470, 32.933310,1.043104,2.117736,0.573369,0.397467, 0.999007, 1.872822, 0.852470, 32.933310,1.043104,2.093228,0.574638,0.391984, 0.999007, 1.866077, 0.841126, 32.619173,1.038307,2.003454,-0.236740,0.610872, 0.999177, 1.607523, 0.855242, 40.632452,1.038307,2.003454,-0.236740,0.610872, 0.999177, 1.607523, 0.855242, 40.632452,1.038472,2.144429,-0.157385,0.588685, 0.999160, 1.656192, 0.855500, 39.462371,1.038472,1.729397,-0.165827,0.487336, 0.999164, 1.541604, 0.699107, 33.655460,1.038472,1.723475,-0.166098,0.485798, 0.999164, 1.540210, 0.696955, 33.567375
  2.5700,1.043051,2.117919,0.573420,0.395595, 0.999007, 1.874063, 0.852528, 32.937807,1.043051,2.117919,0.573420,0.395595, 0.999007, 1.874063, 0.852528, 32.937807,1.043051,2.093391,0.574675,0.390111, 0.999006, 1.867318, 0.841184, 32.623629,1.038347,2.006300,-0.235084,0.609324, 0.999181, 1.606500, 0.855234, 40.649668,1.038347,2.006300,-0.235084,0.609324, 0.999181, 1.606500, 0.855234, 40.649668,1.038510,2.147279,-0.155632,0.587107, 0.999165, 1.655188, 0.855497, 39.477929,1.038510,1.732002,-0.163819,0.485765, 0.999169, 1.540600, 0.699097, 33.671452,1.038510,1.726081,-0.164084,0.484228, 0.999170, 1.539206, 0.696944, 33.583405
  2.5750,1.042999,2.118082,0.573467,0.393722, 0.999007, 1.875302, 0.852585, 32.942069,1.042999,2.118082,0.573467,0.393722, 0.999007, 1.875302, 0.852585, 32.942069,1.042999,2.093529,0.574706,0.388238, 0.999006, 1.868557, 0.841240, 32.627812,1.038388,2.009134,-0.233447,0.607783, 0.999184, 1.605429, 0.855223, 40.666975,1.038388,2.009134,-0.233447,0.607783, 0.999184, 1.605429, 0.855223, 40.666975,1.038549,2.150128,-0.153895,0.585536, 0.999169, 1.654137, 0.855491, 39.493666,1.038549,1.734621,-0.161819,0.484205, 0.999175, 1.539548, 0.699083, 33.687789,1.038549,1.728701,-0.162079,0.482669, 0.999176, 1.538155, 0.696931, 33.599784
  2.5800,1.042947,2.118222,0.573508,0.391850, 0.999007, 1.876538, 0.852641, 32.946092,1.042947,2.118222,0.573508,0.391850, 0.999007, 1.876538, 0.852641, 32.946092,1.042947,2.093642,0.574730,0.386363, 0.999005, 1.869793, 0.841296, 32.631718,1.038429,2.011952,-0.231831,0.606248, 0.999187, 1.604311, 0.855209, 40.684341,1.038429,2.011952,-0.231831,0.606248, 0.999187, 1.604311, 0.855209, 40.684341,1.038588,2.152972,-0.152175,0.583973, 0.999173, 1.653041, 0.855482, 39.509555,1.038588,1.737252,-0.159830,0.482655, 0.999180, 1.538453, 0.699067, 33.704445,1.038588,1.731333,-0.160083,0.481120, 0.999181, 1.537059, 0.696914, 33.616486
  2.5850,1.042896,2.118341,0.573545,0.389978, 0.999007, 1.877770, 0.852696, 32.949872,1.042896,2.118341,0.573545,0.389978, 0.999007, 1.877770, 0.852696, 32.949872,1.042896,2.093728,0.574748,0.384488, 0.999005, 1.871026, 0.841350, 32.635343,1.038470,2.014751,-0.230238,0.604718, 0.999190, 1.603151, 0.855193, 40.701737,1.038470,2.014751,-0.230238,0.604718, 0.999190, 1.603151, 0.855193, 40.701737,1.038627,2.155807,-0.150474,0.582417, 0.999176, 1.651903, 0.855470, 39.525565,1.038627,1.739892,-0.157853,0.481115, 0.999186, 1.537315, 0.699047, 33.721392,1.038627,1.733974,-0.158099,0.479581, 0.999186, 1.535921, 0.696894, 33.633485
  2.5900,1.042846,2.118437,0.573576,0.388105, 0.999006, 1.878999, 0.852750, 32.953404,1.042846,2.118437,0.573576,0.388105, 0.999006, 1.878999, 0.852750, 32.953404,1.042846,2.093788,0.574758,0.382612, 0.999005, 1.872255, 0.841404, 32.638682,1.038512,2.017527,-0.228668,0.603193, 0.999192, 1.601950, 0.855174, 40.719132,1.038512,2.017527,-0.228668,0.603193, 0.999192, 1.601950, 0.855174, 40.719132,1.038666,2.158630,-0.148794,0.580867, 0.999179, 1.650726, 0.855455, 39.541668,1.038666,1.742538,-0.155889,0.479584, 0.999190, 1.536137, 0.699024, 33.738605,1.038666,1.736622,-0.156128,0.478051, 0.999191, 1.534744, 0.696871, 33.650752
  2.5950,1.042796,2.118510,0.573601,0.386232, 0.999006, 1.880224, 0.852803, 32.956684,1.042796,2.118510,0.573601,0.386232, 0.999006, 1.880224, 0.852803, 32.956684,1.042796,2.093822,0.574762,0.380735, 0.999004, 1.873479, 0.841458, 32.641732,1.038553,2.020277,-0.227124,0.601672, 0.999194, 1.600711, 0.855153, 40.736497,1.038553,2.020277,-0.227124,0.601672, 0.999194, 1.600711, 0.855153, 40.736497,1.038706,2.161438,-0.147135,0.579323, 0.999182, 1.649512, 0.855438, 39.557837,1.038706,1.745187,-0.153939,0.478063, 0.999195, 1.534923, 0.698998, 33.756055,1.038706,1.739273,-0.154171,0.476530, 0.999195, 1.533530, 0.696844, 33.668262
  2.6000,1.042746,2.118559,0.573621,0.384359, 0.999006, 1.881444, 0.852855, 32.959709,1.042746,2.118559,0.573621,0.384359, 0.999006, 1.881444, 0.852855, 32.959709,1.042746,2.093829,0.574758,0.378857, 0.999004, 1.874699, 0.841510, 32.644492,1.038595,2.022997,-0.225605,0.600154, 0.999196, 1.599437, 0.855130, 40.753802,1.038595,2.022997,-0.225605,0.600154, 0.999196, 1.599437, 0.855130, 40.753802,1.038745,2.164227,-0.145498,0.577784, 0.999185, 1.648264, 0.855418, 39.574044,1.038745,1.747836,-0.152005,0.476549, 0.999199, 1.533675, 0.698969, 33.773716,1.038745,1.741925,-0.152230,0.475018, 0.999200, 1.532282, 0.696816, 33.685987
  2.6050,1.042697,2.118586,0.573635,0.382486, 0.999006, 1.882659, 0.852906, 32.962475,1.042697,2.118586,0.573635,0.382486, 0.999006, 1.882659, 0.852906, 32.962475,1.042697,2.093808,0.574747,0.376979, 0.999003, 1.875915, 0.841561, 32.646957,1.038636,2.025685,-0.224114,0.598640, 0.999197, 1.598131, 0.855104, 40.771018,1.038636,2.025685,-0.224114,0.598640, 0.999197, 1.598131, 0.855104, 40.771018,1.038784,2.166993,-0.143886,0.576250, 0.999187, 1.646984, 0.855396, 39.590259,1.038784,1.750484,-0.150087,0.475043, 0.999203, 1.532396, 0.698938, 33.791560,1.038784,1.744575,-0.150305,0.473513, 0.999204, 1.531002, 0.696784, 33.703899
  2.6100,1.042649,2.118588,0.573642,0.380613, 0.999006, 1.883869, 0.852956, 32.964981,1.042649,2.118588,0.573642,0.380613, 0.999006, 1.883869, 0.852956, 32.964981,1.042649,2.093761,0.574728,0.375100, 0.999003, 1.877124, 0.841612, 32.649125,1.038678,2.028337,-0.222651,0.597128, 0.999198, 1.596794, 0.855077, 40.788117,1.038678,2.028337,-0.222651,0.597128, 0.999198, 1.596794, 0.855077, 40.788117,1.038824,2.169734,-0.142299,0.574720, 0.999189, 1.645675, 0.855372, 39.606456,1.038824,1.753126,-0.148188,0.473545, 0.999207, 1.531087, 0.698904, 33.809562,1.038824,1.747221,-0.148398,0.472016, 0.999208, 1.529693, 0.696750, 33.721973
  2.6150,1.042601,2.118567,0.573643,0.378740, 0.999006, 1.885072, 0.853005, 32.967222,1.042601,2.118567,0.573643,0.378740, 0.999006, 1.885072, 0.853005, 32.967222,1.042601,2.093686,0.574702,0.373221, 0.999003, 1.878328, 0.841662, 32.650996,1.038719,2.030949,-0.221217,0.595617, 0.999199, 1.595430, 0.855048, 40.805071,1.038719,2.030949,-0.221217,0.595617, 0.999199, 1.595430, 0.855048, 40.805071,1.038863,2.172446,-0.140738,0.573194, 0.999191, 1.644339, 0.855345, 39.622608,1.038863,1.755760,-0.146307,0.472053, 0.999210, 1.529751, 0.698868, 33.827694,1.038863,1.749859,-0.146510,0.470526, 0.999211, 1.528357, 0.696713, 33.740182
  2.6200,1.042555,2.118521,0.573638,0.376867, 0.999006, 1.886269, 0.853054, 32.969198,1.042555,2.118521,0.573638,0.376867, 0.999006, 1.886269, 0.853054, 32.969198,1.042555,2.093584,0.574668,0.371340, 0.999002, 1.879525, 0.841711, 32.652566,1.038761,2.033519,-0.219814,0.594109, 0.999200, 1.594041, 0.855018, 40.821852,1.038761,2.033519,-0.219814,0.594109, 0.999200, 1.594041, 0.855018, 40.821852,1.038903,2.175126,-0.139204,0.571671, 0.999193, 1.642979, 0.855317, 39.638688,1.038903,1.758384,-0.144448,0.470568, 0.999214, 1.528391, 0.698830, 33.845929,1.038903,1.752487,-0.144643,0.469042, 0.999214, 1.526997, 0.696675, 33.758497
  2.6250,1.042508,2.118451,0.573626,0.374994, 0.999006, 1.887459, 0.853101, 32.970906,1.042508,2.118451,0.573626,0.374994, 0.999006, 1.887459, 0.853101, 32.970906,1.042508,2.093454,0.574626,0.369460, 0.999002, 1.880715, 0.841760, 32.653835,1.038802,2.036045,-0.218442,0.592601, 0.999200, 1.592629, 0.854985, 40.838433,1.038802,2.036045,-0.218442,0.592601, 0.999200, 1.592629, 0.854985, 40.838433,1.038942,2.177772,-0.137699,0.570150, 0.999194, 1.641597, 0.855287, 39.654669,1.038942,1.760994,-0.142610,0.469088, 0.999216, 1.527009, 0.698789, 33.864242,1.038942,1.755102,-0.142797,0.467564, 0.999217, 1.525615, 0.696634, 33.776894
  2.6300,1.042463,2.118356,0.573608,0.373121, 0.999006, 1.888642, 0.853148, 32.972344,1.042463,2.118356,0.573608,0.373121, 0.999006, 1.888642, 0.853148, 32.972344,1.042463,2.093297,0.574577,0.367578, 0.999002, 1.881897, 0.841808, 32.654803,1.038843,2.038522,-0.217103,0.591093, 0.999200, 1.591198, 0.854952, 40.854787,1.038843,2.038522,-0.217103,0.591093, 0.999200, 1.591198, 0.854952, 40.854787,1.038981,2.180379,-0.136223,0.568632, 0.999195, 1.640196, 0.855256, 39.670524,1.038981,1.763589,-0.140795,0.467614, 0.999219, 1.525607, 0.698746, 33.882605,1.038981,1.757702,-0.140974,0.466091, 0.999220, 1.524214, 0.696591, 33.795345
  2.6350,1.042417,2.118237,0.573582,0.371248, 0.999006, 1.889816, 0.853194, 32.973512,1.042417,2.118237,0.573582,0.371248, 0.999006, 1.889816, 0.853194, 32.973512,1.042417,2.093112,0.574519,0.365697, 0.999002, 1.883071, 0.841855, 32.655467,1.038883,2.040948,-0.215797,0.589586, 0.999200, 1.589748, 0.854917, 40.870888,1.038883,2.040948,-0.215797,0.589586, 0.999200, 1.589748, 0.854917, 40.870888,1.039019,2.182945,-0.134777,0.567116, 0.999196, 1.638777, 0.855223, 39.686229,1.039019,1.766165,-0.139004,0.466144, 0.999221, 1.524188, 0.698702, 33.900991,1.039019,1.760284,-0.139175,0.464623, 0.999222, 1.522795, 0.696546, 33.813824
  2.6400,1.042373,2.118094,0.573550,0.369375, 0.999007, 1.890981, 0.853240, 32.974408,1.042373,2.118094,0.573550,0.369375, 0.999007, 1.890981, 0.853240, 32.974408,1.042373,2.092899,0.574454,0.363815, 0.999001, 1.884236, 0.841902, 32.655830,1.038924,2.043321,-0.214524,0.588078, 0.999200, 1.588282, 0.854881, 40.886711,1.038924,2.043321,-0.214524,0.588078, 0.999200, 1.588282, 0.854881, 40.886711,1.039058,2.185467,-0.133363,0.565601, 0.999196, 1.637343, 0.855188, 39.701758,1.039058,1.768721,-0.137237,0.464679, 0.999224, 1.522754, 0.698655, 33.919376,1.039058,1.762845,-0.137400,0.463159, 0.999225, 1.521360, 0.696499, 33.832305
  2.6450,1.042329,2.117925,0.573511,0.367502, 0.999007, 1.892137, 0.853284, 32.975032,1.042329,2.117925,0.573511,0.367502, 0.999007, 1.892137, 0.853284, 32.975032,1.042329,2.092660,0.574380,0.361932, 0.999001, 1.885392, 0.841947, 32.655890,1.038964,2.045638,-0.213287,0.586569, 0.999199, 1.586804, 0.854844, 40.902232,1.038964,2.045638,-0.213287,0.586569, 0.999199, 1.586804, 0.854844, 40.902232,1.039096,2.187943,-0.131981,0.564086, 0.999197, 1.635895, 0.855152, 39.717085,1.039096,1.771253,-0.135497,0.463217, 0.999225, 1.521307, 0.698607, 33.937733,1.039096,1.765383,-0.135651,0.461699, 0.999226, 1.519913, 0.696450, 33.850762
  2.6500,1.042286,2.117732,0.573464,0.365630, 0.999007, 1.893282, 0.853328, 32.975383,1.042286,2.117732,0.573464,0.365630, 0.999007, 1.893282, 0.853328, 32.975383,1.042286,2.092393,0.574298,0.360050, 0.999001, 1.886538, 0.841993, 32.655648,1.039004,2.047897,-0.212085,0.585058, 0.999198, 1.585313, 0.854807, 40.917425,1.039004,2.047897,-0.212085,0.585058, 0.999198, 1.585313, 0.854807, 40.917425,1.039133,2.190369,-0.130632,0.562572, 0.999197, 1.634437, 0.855115, 39.732188,1.039133,1.773759,-0.133784,0.461759, 0.999227, 1.519848, 0.698557, 33.956037,1.039133,1.767896,-0.133929,0.460243, 0.999228, 1.518455, 0.696400, 33.869169
  2.6550,1.042244,2.117515,0.573410,0.363758, 0.999007, 1.894417, 0.853371, 32.975462,1.042244,2.117515,0.573410,0.363758, 0.999007, 1.894417, 0.853371, 32.975462,1.042244,2.092098,0.574209,0.358167, 0.999001, 1.887673, 0.842037, 32.655106,1.039043,2.050094,-0.210919,0.583546, 0.999197, 1.583814, 0.854768, 40.932268,1.039043,2.050094,-0.210919,0.583546, 0.999197, 1.583814, 0.854768, 40.932268,1.039171,2.192743,-0.129317,0.561058, 0.999196, 1.632970, 0.855077, 39.747042,1.039171,1.776236,-0.132099,0.460304, 0.999228, 1.518381, 0.698506, 33.974262,1.039171,1.770380,-0.132236,0.458789, 0.999229, 1.516988, 0.696349, 33.887500
  2.6600,1.042202,2.117273,0.573350,0.361887, 0.999007, 1.895541, 0.853413, 32.975269,1.042202,2.117273,0.573350,0.361887, 0.999007, 1.895541, 0.853413, 32.975269,1.042202,2.091778,0.574111,0.356284, 0.999001, 1.888796, 0.842081, 32.654264,1.039082,2.052227,-0.209789,0.582030, 0.999195, 1.582308, 0.854729, 40.946738,1.039082,2.052227,-0.209789,0.582030, 0.999195, 1.582308, 0.854729, 40.946738,1.039208,2.195062,-0.128036,0.559543, 0.999196, 1.631496, 0.855038, 39.761623,1.039208,1.778682,-0.130443,0.458850, 0.999230, 1.516907, 0.698454, 33.992383,1.039208,1.772834,-0.130570,0.457338, 0.999231, 1.515514, 0.696296, 33.905732
  2.6650,1.042161,2.117007,0.573281,0.360015, 0.999008, 1.896653, 0.853455, 32.974805,1.042161,2.117007,0.573281,0.360015, 0.999008, 1.896653, 0.853455, 32.974805,1.042161,2.091430,0.574005,0.354401, 0.999001, 1.889908, 0.842124, 32.653125,1.039120,2.054295,-0.208697,0.580513, 0.999194, 1.580796, 0.854689, 40.960812,1.039120,2.054295,-0.208697,0.580513, 0.999194, 1.580796, 0.854689, 40.960812,1.039244,2.197324,-0.126791,0.558027, 0.999195, 1.630017, 0.854998, 39.775909,1.039244,1.781095,-0.128816,0.457399, 0.999230, 1.515428, 0.698400, 34.010376,1.039244,1.775255,-0.128935,0.455889, 0.999231, 1.514034, 0.696242, 33.923838
  2.6700,1.042121,2.116716,0.573206,0.358145, 0.999008, 1.897753, 0.853495, 32.974070,1.042121,2.116716,0.573206,0.358145, 0.999008, 1.897753, 0.853495, 32.974070,1.042121,2.091056,0.573891,0.352518, 0.999001, 1.891008, 0.842167, 32.651689,1.039158,2.056296,-0.207643,0.578991, 0.999192, 1.579282, 0.854649, 40.974470,1.039158,2.056296,-0.207643,0.578991, 0.999192, 1.579282, 0.854649, 40.974470,1.039280,2.199527,-0.125582,0.556509, 0.999194, 1.628534, 0.854957, 39.789879,1.039280,1.783473,-0.127220,0.455949, 0.999231, 1.513946, 0.698346, 34.028215,1.039280,1.777640,-0.127330,0.454441, 0.999232, 1.512552, 0.696187, 33.941794
  2.6750,1.042082,2.116402,0.573123,0.356275, 0.999008, 1.898839, 0.853535, 32.973067,1.042082,2.116402,0.573123,0.356275, 0.999008, 1.898839, 0.853535, 32.973067,1.042082,2.090656,0.573769,0.350636, 0.999001, 1.892094, 0.842209, 32.649961,1.039195,2.058226,-0.206627,0.577467, 0.999190, 1.577766, 0.854608, 40.987690,1.039195,2.058226,-0.206627,0.577467, 0.999190, 1.577766, 0.854608, 40.987690,1.039316,2.201667,-0.124409,0.554990, 0.999193, 1.627051, 0.854916, 39.803510,1.039316,1.785812,-0.125656,0.454500, 0.999231, 1.512463, 0.698290, 34.045877,1.039316,1.779988,-0.125757,0.452994, 0.999233, 1.511069, 0.696131, 33.959576
  2.6800,1.042043,2.116063,0.573033,0.354406, 0.999009, 1.899912, 0.853575, 32.971796,1.042043,2.116063,0.573033,0.354406, 0.999009, 1.899912, 0.853575, 32.971796,1.042043,2.090230,0.573639,0.348754, 0.999002, 1.893167, 0.842250, 32.647941,1.039232,2.060085,-0.205650,0.575938, 0.999188, 1.576251, 0.854567, 41.000453,1.039232,2.060085,-0.205650,0.575938, 0.999188, 1.576251, 0.854567, 41.000453,1.039350,2.203744,-0.123273,0.553468, 0.999192, 1.625569, 0.854874, 39.816781,1.039350,1.788111,-0.124124,0.453052, 0.999232, 1.510980, 0.698233, 34.063339,1.039350,1.782296,-0.124216,0.451547, 0.999233, 1.509586, 0.696074, 33.977161
  2.6850,1.042005,2.115702,0.572936,0.352537, 0.999009, 1.900970, 0.853613, 32.970259,1.042005,2.115702,0.572936,0.352537, 0.999009, 1.900970, 0.853613, 32.970259,1.042005,2.089779,0.573501,0.346872, 0.999002, 1.894226, 0.842291, 32.645634,1.039268,2.061870,-0.204712,0.574405, 0.999185, 1.574739, 0.854527, 41.012740,1.039268,2.061870,-0.204712,0.574405, 0.999185, 1.574739, 0.854527, 41.012740,1.039385,2.205754,-0.122174,0.551944, 0.999190, 1.624088, 0.854832, 39.829673,1.039385,1.790368,-0.122626,0.451603, 0.999231, 1.509500, 0.698176, 34.080576,1.039385,1.784562,-0.122708,0.450101, 0.999233, 1.508106, 0.696016, 33.994524
  2.6900,1.041968,2.115316,0.572831,0.350670, 0.999010, 1.902014, 0.853651, 32.968460,1.041968,2.115316,0.572831,0.350670, 0.999010, 1.902014, 0.853651, 32.968460,1.041968,2.089303,0.573356,0.344990, 0.999002, 1.895269, 0.842331, 32.643042,1.039303,2.063579,-0.203813,0.572867, 0.999183, 1.573231, 0.854486, 41.024532,1.039303,2.063579,-0.203813,0.572867, 0.999183, 1.573231, 0.854486, 41.024532,1.039419,2.207696,-0.121113,0.550416, 0.999189, 1.622612, 0.854789, 39.842166,1.039419,1.792580,-0.121161,0.450154, 0.999231, 1.508024, 0.698118, 34.097566,1.039419,1.786784,-0.121234,0.448654, 0.999232, 1.506630, 0.695958, 34.011642
  2.6950,1.041931,2.114908,0.572719,0.348803, 0.999010, 1.903042, 0.853689, 32.966399,1.041931,2.114908,0.572719,0.348803, 0.999010, 1.903042, 0.853689, 32.966399,1.041931,2.088802,0.573202,0.343110, 0.999002, 1.896297, 0.842371, 32.640169,1.039338,2.065212,-0.202954,0.571324, 0.999180, 1.571728, 0.854445, 41.035813,1.039338,2.065212,-0.202954,0.571324, 0.999180, 1.571728, 0.854445, 41.035813,1.039452,2.209568,-0.120091,0.548885, 0.999187, 1.621142, 0.854747, 39.854240,1.039452,1.794746,-0.119730,0.448704, 0.999231, 1.506554, 0.698060, 34.114286,1.039452,1.788960,-0.119794,0.447207, 0.999232, 1.505160, 0.695899, 34.028494
  2.7000,1.041895,2.114477,0.572600,0.346938, 0.999011, 1.904054, 0.853725, 32.964081,1.041895,2.114477,0.572600,0.346938, 0.999011, 1.904054, 0.853725, 32.964081,1.041895,2.088278,0.573041,0.341230, 0.999003, 1.897309, 0.842409, 32.637019,1.039373,2.066767,-0.202135,0.569775, 0.999177, 1.570234, 0.854404, 41.046564,1.039373,2.066767,-0.202135,0.569775, 0.999177, 1.570234, 0.854404, 41.046564,1.039484,2.211368,-0.119108,0.547351, 0.999185, 1.619679, 0.854704, 39.865879,1.039484,1.796863,-0.118335,0.447253, 0.999230, 1.505091, 0.698001, 34.130714,1.039484,1.791087,-0.118389,0.445758, 0.999231, 1.503697, 0.695839, 34.045056
  2.7050,1.041860,2.114024,0.572474,0.345074, 0.999011, 1.905049, 0.853761, 32.961507,1.041860,2.114024,0.572474,0.345074, 0.999011, 1.905049, 0.853761, 32.961507,1.041860,2.087729,0.572873,0.339351, 0.999003, 1.898304, 0.842448, 32.633596,1.039406,2.068241,-0.201355,0.568221, 0.999174, 1.568749, 0.854364, 41.056772,1.039406,2.068241,-0.201355,0.568221, 0.999174, 1.568749, 0.854364, 41.056772,1.039516,2.213094,-0.118163,0.545812, 0.999183, 1.618225, 0.854661, 39.877063,1.039516,1.798929,-0.116976,0.445801, 0.999229, 1.503637, 0.697941, 34.146828,1.039516,1.793164,-0.117020,0.444308, 0.999230, 1.502243, 0.695780, 34.061307
  2.7100,1.041826,2.113549,0.572341,0.343211, 0.999012, 1.906027, 0.853796, 32.958682,1.041826,2.113549,0.572341,0.343211, 0.999012, 1.906027, 0.853796, 32.958682,1.041826,2.087158,0.572697,0.337472, 0.999004, 1.899283, 0.842485, 32.629904,1.039439,2.069635,-0.200616,0.566661, 0.999171, 1.567274, 0.854324, 41.066419,1.039439,2.069635,-0.200616,0.566661, 0.999171, 1.567274, 0.854324, 41.066419,1.039547,2.214745,-0.117258,0.544269, 0.999180, 1.616782, 0.854618, 39.887777,1.039547,1.800943,-0.115653,0.444346, 0.999228, 1.502194, 0.697882, 34.162608,1.039547,1.795188,-0.115687,0.442856, 0.999229, 1.500800, 0.695720, 34.077226
  2.7150,1.041792,2.113052,0.572200,0.341349, 0.999013, 1.906988, 0.853831, 32.955608,1.041792,2.113052,0.572200,0.341349, 0.999013, 1.906988, 0.853831, 32.955608,1.041792,2.086563,0.572514,0.335595, 0.999005, 1.900243, 0.842522, 32.625949,1.039471,2.070946,-0.199917,0.565094, 0.999167, 1.565812, 0.854285, 41.075494,1.039471,2.070946,-0.199917,0.565094, 0.999167, 1.565812, 0.854285, 41.075494,1.039578,2.216319,-0.116392,0.542721, 0.999177, 1.615351, 0.854576, 39.898003,1.039578,1.802902,-0.114366,0.442889, 0.999226, 1.500762, 0.697822, 34.178033,1.039578,1.797159,-0.114391,0.441401, 0.999228, 1.499369, 0.695660, 34.092791
  2.7200,1.041759,2.112534,0.572053,0.339489, 0.999014, 1.907930, 0.853864, 32.952291,1.041759,2.112534,0.572053,0.339489, 0.999014, 1.907930, 0.853864, 32.952291,1.041759,2.085947,0.572324,0.333720, 0.999005, 1.901186, 0.842559, 32.621734,1.039502,2.072174,-0.199258,0.563521, 0.999164, 1.564364, 0.854246, 41.083981,1.039502,2.072174,-0.199258,0.563521, 0.999164, 1.564364, 0.854246, 41.083981,1.039607,2.217815,-0.115566,0.541168, 0.999175, 1.613933, 0.854533, 39.907728,1.039607,1.804805,-0.113117,0.441429, 0.999225, 1.499345, 0.697762, 34.193081,1.039607,1.799073,-0.113133,0.439943, 0.999226, 1.497951, 0.695599, 34.107983
  2.7250,1.041727,2.111996,0.571899,0.337631, 0.999015, 1.908854, 0.853897, 32.948733,1.041727,2.111996,0.571899,0.337631, 0.999015, 1.908854, 0.853897, 32.948733,1.041727,2.085310,0.572126,0.331845, 0.999006, 1.902109, 0.842594, 32.617266,1.039533,2.073318,-0.198639,0.561941, 0.999160, 1.562932, 0.854207, 41.091870,1.039533,2.073318,-0.198639,0.561941, 0.999160, 1.562932, 0.854207, 41.091870,1.039636,2.219231,-0.114780,0.539610, 0.999172, 1.612530, 0.854491, 39.916936,1.039636,1.806650,-0.111906,0.439966, 0.999223, 1.497942, 0.697703, 34.207734,1.039636,1.800930,-0.111912,0.438483, 0.999224, 1.496548, 0.695539, 34.122781
  2.7300,1.041696,2.111437,0.571738,0.335774, 0.999015, 1.909758, 0.853930, 32.944939,1.041696,2.111437,0.571738,0.335774, 0.999015, 1.909758, 0.853930, 32.944939,1.041696,2.084651,0.571922,0.329973, 0.999007, 1.903014, 0.842629, 32.612550,1.039562,2.074377,-0.198061,0.560354, 0.999156, 1.561516, 0.854170, 41.099147,1.039562,2.074377,-0.198061,0.560354, 0.999156, 1.561516, 0.854170, 41.099147,1.039664,2.220567,-0.114033,0.538046, 0.999169, 1.611144, 0.854450, 39.925614,1.039664,1.808436,-0.110734,0.438499, 0.999221, 1.496555, 0.697643, 34.221973,1.039664,1.802728,-0.110729,0.437019, 0.999222, 1.495162, 0.695479, 34.137166
  2.7350,1.041665,2.110859,0.571570,0.333919, 0.999017, 1.910643, 0.853961, 32.940914,1.041665,2.110859,0.571570,0.333919, 0.999017, 1.910643, 0.853961, 32.940914,1.041665,2.083973,0.571712,0.328102, 0.999008, 1.903899, 0.842664, 32.607591,1.039591,2.075351,-0.197522,0.558760, 0.999152, 1.560118, 0.854133, 41.105803,1.039591,2.075351,-0.197522,0.558760, 0.999152, 1.560118, 0.854133, 41.105803,1.039692,2.221820,-0.113326,0.536477, 0.999166, 1.609775, 0.854409, 39.933747,1.039692,1.810160,-0.109599,0.437028, 0.999219, 1.495186, 0.697584, 34.235778,1.039692,1.804465,-0.109585,0.435551, 0.999220, 1.493793, 0.695419, 34.151120
  2.7400,1.041635,2.110261,0.571397,0.332066, 0.999018, 1.911508, 0.853992, 32.936662,1.041635,2.110261,0.571397,0.332066, 0.999018, 1.911508, 0.853992, 32.936662,1.041635,2.083275,0.571494,0.326232, 0.999009, 1.904764, 0.842698, 32.602396,1.039619,2.076238,-0.197023,0.557158, 0.999148, 1.558740, 0.854097, 41.111827,1.039619,2.076238,-0.197023,0.557158, 0.999148, 1.558740, 0.854097, 41.111827,1.039718,2.222991,-0.112659,0.534901, 0.999162, 1.608425, 0.854368, 39.941325,1.039718,1.811822,-0.108504,0.435553, 0.999216, 1.493836, 0.697525, 34.249132,1.039718,1.806139,-0.108480,0.434078, 0.999218, 1.492443, 0.695360, 34.164624
  2.7450,1.041606,2.109645,0.571216,0.330216, 0.999019, 1.912353, 0.854023, 32.932189,1.041606,2.109645,0.571216,0.330216, 0.999019, 1.912353, 0.854023, 32.932189,1.041606,2.082558,0.571271,0.324365, 0.999010, 1.905608, 0.842731, 32.596971,1.039647,2.077038,-0.196563,0.555549, 0.999144, 1.557383, 0.854062, 41.117212,1.039647,2.077038,-0.196563,0.555549, 0.999144, 1.557383, 0.854062, 41.117212,1.039744,2.224078,-0.112032,0.533319, 0.999159, 1.607095, 0.854328, 39.948335,1.039744,1.813420,-0.107448,0.434074, 0.999214, 1.492507, 0.697466, 34.262017,1.039744,1.807749,-0.107415,0.432602, 0.999215, 1.491113, 0.695301, 34.177660
  2.7500,1.041578,2.109011,0.571030,0.328367, 0.999020, 1.913177, 0.854052, 32.927498,1.041578,2.109011,0.571030,0.328367, 0.999020, 1.913177, 0.854052, 32.927498,1.041578,2.081822,0.571042,0.322500, 0.999011, 1.906432, 0.842763, 32.591321,1.039673,2.077752,-0.196143,0.553932, 0.999140, 1.556048, 0.854027, 41.121947,1.039673,2.077752,-0.196143,0.553932, 0.999140, 1.556048, 0.854027, 41.121947,1.039769,2.225080,-0.111444,0.531731, 0.999156, 1.605787, 0.854289, 39.954767,1.039769,1.814952,-0.106431,0.432590, 0.999211, 1.491198, 0.697408, 34.274417,1.039769,1.809294,-0.106388,0.431120, 0.999213, 1.489805, 0.695242, 34.190211
  2.7550,1.041550,2.108359,0.570838,0.326521, 0.999021, 1.913979, 0.854081, 32.922597,1.041550,2.108359,0.570838,0.326521, 0.999021, 1.913979, 0.854081, 32.922597,1.041550,2.081070,0.570807,0.320637, 0.999012, 1.907235, 0.842795, 32.585454,1.039698,2.078378,-0.195762,0.552308, 0.999136, 1.554735, 0.853994, 41.126028,1.039698,2.078378,-0.195762,0.552308, 0.999136, 1.554735, 0.853994, 41.126028,1.039793,2.225997,-0.110895,0.530136, 0.999152, 1.604501, 0.854251, 39.960610,1.039793,1.816417,-0.105454,0.431100, 0.999208, 1.489913, 0.697351, 34.286314,1.039793,1.810772,-0.105401,0.429633, 0.999210, 1.488519, 0.695184, 34.202262
  2.7600,1.041523,2.107690,0.570640,0.324678, 0.999023, 1.914761, 0.854109, 32.917490,1.041523,2.107690,0.570640,0.324678, 0.999023, 1.914761, 0.854109, 32.917490,1.041523,2.080300,0.570566,0.318777, 0.999014, 1.908016, 0.842826, 32.579376,1.039723,2.078916,-0.195419,0.550675, 0.999132, 1.553448, 0.853962, 41.129446,1.039723,2.078916,-0.195419,0.550675, 0.999132, 1.553448, 0.853962, 41.129446,1.039816,2.226829,-0.110386,0.528534, 0.999148, 1.603239, 0.854213, 39.965856,1.039816,1.817814,-0.104517,0.429606, 0.999205, 1.488651, 0.697294, 34.297693,1.039816,1.812183,-0.104455,0.428141, 0.999207, 1.487257, 0.695127, 34.213795
  2.7650,1.041497,2.107005,0.570437,0.322837, 0.999024, 1.915520, 0.854137, 32.912183,1.041497,2.107005,0.570437,0.322837, 0.999024, 1.915520, 0.854137, 32.912183,1.041497,2.079515,0.570320,0.316919, 0.999015, 1.908776, 0.842856, 32.573094,1.039747,2.079367,-0.195114,0.549034, 0.999127, 1.552186, 0.853931, 41.132198,1.039747,2.079367,-0.195114,0.549034, 0.999127, 1.552186, 0.853931, 41.132198,1.039839,2.227574,-0.109916,0.526925, 0.999145, 1.602002, 0.854177, 39.970496,1.039839,1.819141,-0.103620,0.428105, 0.999202, 1.487413, 0.697238, 34.308539,1.039839,1.813524,-0.103548,0.426644, 0.999204, 1.486020, 0.695070, 34.224796
  2.7700,1.041472,2.106305,0.570228,0.320999, 0.999026, 1.916258, 0.854163, 32.906682,1.041472,2.106305,0.570228,0.320999, 0.999026, 1.916258, 0.854163, 32.906682,1.041472,2.078714,0.570069,0.315064, 0.999017, 1.909513, 0.842886, 32.566615,1.039770,2.079731,-0.194847,0.547385, 0.999123, 1.550950, 0.853901, 41.134277,1.039770,2.079731,-0.194847,0.547385, 0.999123, 1.550950, 0.853901, 41.134277,1.039860,2.228233,-0.109484,0.525309, 0.999141, 1.600791, 0.854141, 39.974522,1.039860,1.820399,-0.102762,0.426599, 0.999199, 1.486202, 0.697183, 34.318837,1.039860,1.814795,-0.102681,0.425140, 0.999201, 1.484808, 0.695015, 34.235249
  2.7750,1.041447,2.105589,0.570014,0.319164, 0.999027, 1.916974, 0.854189, 32.900993,1.041447,2.105589,0.570014,0.319164, 0.999027, 1.916974, 0.854189, 32.900993,1.041447,2.077898,0.569814,0.313212, 0.999018, 1.910229, 0.842915, 32.559946,1.039791,2.080008,-0.194617,0.545728, 0.999119, 1.549743, 0.853873, 41.135680,1.039791,2.080008,-0.194617,0.545728, 0.999119, 1.549743, 0.853873, 41.135680,1.039881,2.228805,-0.109090,0.523686, 0.999137, 1.599606, 0.854106, 39.977927,1.039881,1.821585,-0.101945,0.425086, 0.999196, 1.485018, 0.697128, 34.328573,1.039881,1.815995,-0.101855,0.423630, 0.999197, 1.483624, 0.694960, 34.245142
  2.7800,1.041423,2.104859,0.569794,0.317332, 0.999029, 1.917668, 0.854215, 32.895121,1.041423,2.104859,0.569794,0.317332, 0.999029, 1.917668, 0.854215, 32.895121,1.041423,2.077069,0.569553,0.311363, 0.999020, 1.910923, 0.842943, 32.553095,1.039812,2.080198,-0.194424,0.544063, 0.999114, 1.548564, 0.853846, 41.136406,1.039812,2.080198,-0.194424,0.544063, 0.999114, 1.548564, 0.853846, 41.136406,1.039901,2.229291,-0.108735,0.522056, 0.999133, 1.598450, 0.854073, 39.980706,1.039901,1.822699,-0.101168,0.423567, 0.999192, 1.483862, 0.697075, 34.337735,1.039901,1.817123,-0.101068,0.422114, 0.999194, 1.482468, 0.694906, 34.254459
  2.7850,1.041400,2.104115,0.569571,0.315504, 0.999031, 1.918339, 0.854239, 32.889075,1.041400,2.104115,0.569571,0.315504, 0.999031, 1.918339, 0.854239, 32.889075,1.041400,2.076227,0.569289,0.309517, 0.999022, 1.911594, 0.842971, 32.546070,1.039832,2.080301,-0.194267,0.542389, 0.999110, 1.547415, 0.853820, 41.136450,1.039832,2.080301,-0.194267,0.542389, 0.999110, 1.547415, 0.853820, 41.136450,1.039919,2.229690,-0.108417,0.520418, 0.999129, 1.597323, 0.854040, 39.982854,1.039919,1.823740,-0.100431,0.422042, 0.999189, 1.482734, 0.697022, 34.346309,1.039919,1.818178,-0.100322,0.420591, 0.999190, 1.481341, 0.694853, 34.263189
  2.7900,1.041378,2.103358,0.569342,0.313678, 0.999033, 1.918988, 0.854263, 32.882859,1.041378,2.103358,0.569342,0.313678, 0.999033, 1.918988, 0.854263, 32.882859,1.041378,2.075373,0.569021,0.307675, 0.999024, 1.912243, 0.842998, 32.538877,1.039851,2.080319,-0.194145,0.540707, 0.999105, 1.546296, 0.853795, 41.135813,1.039851,2.080319,-0.194145,0.540707, 0.999105, 1.546296, 0.853795, 41.135813,1.039937,2.230002,-0.108135,0.518773, 0.999125, 1.596225, 0.854009, 39.984365,1.039937,1.824707,-0.099734,0.420509, 0.999185, 1.481637, 0.696971, 34.354283,1.039937,1.819159,-0.099616,0.419061, 0.999187, 1.480243, 0.694801, 34.271320
  2.7950,1.041356,2.102589,0.569110,0.311857, 0.999035, 1.919614, 0.854286, 32.876481,1.041356,2.102589,0.569110,0.311857, 0.999035, 1.919614, 0.854286, 32.876481,1.041356,2.074507,0.568749,0.305836, 0.999026, 1.912869, 0.843024, 32.531525,1.039869,2.080251,-0.194059,0.539017, 0.999101, 1.545210, 0.853772, 41.134494,1.039869,2.080251,-0.194059,0.539017, 0.999101, 1.545210, 0.853772, 41.134494,1.039954,2.230227,-0.107891,0.517120, 0.999121, 1.595159, 0.853979, 39.985235,1.039954,1.825599,-0.099077,0.418970, 0.999181, 1.480570, 0.696920, 34.361647,1.039954,1.820066,-0.098950,0.417524, 0.999183, 1.479177, 0.694750, 34.278839
  2.8000,1.041334,2.101808,0.568874,0.310039, 0.999037, 1.920218, 0.854308, 32.869948,1.041334,2.101808,0.568874,0.310039, 0.999037, 1.920218, 0.854308, 32.869948,1.041334,2.073631,0.568473,0.304001, 0.999028, 1.913473, 0.843049, 32.524021,1.039886,2.080099,-0.194006,0.537318, 0.999097, 1.544156, 0.853750, 41.132494,1.039886,2.080099,-0.194006,0.537318, 0.999097, 1.544156, 0.853750, 41.132494,1.039970,2.230366,-0.107682,0.515459, 0.999117, 1.594124, 0.853950, 39.985463,1.039970,1.826416,-0.098460,0.417423, 0.999178, 1.479536, 0.696871, 34.368389,1.039970,1.820897,-0.098324,0.415980, 0.999179, 1.478142, 0.694700, 34.285737
  2.8050,1.041314,2.101016,0.568633,0.308225, 0.999039, 1.920799, 0.854329, 32.863265,1.041314,2.101016,0.568633,0.308225, 0.999039, 1.920799, 0.854329, 32.863265,1.041314,2.072745,0.568195,0.302171, 0.999030, 1.914054, 0.843073, 32.516373,1.039903,2.079863,-0.193987,0.535611, 0.999092, 1.543135, 0.853729, 41.129813,1.039903,2.079863,-0.193987,0.535611, 0.999092, 1.543135, 0.853729, 41.129813,1.039985,2.230420,-0.107508,0.513792, 0.999113, 1.593122, 0.853922, 39.985046,1.039985,1.827157,-0.097882,0.415869, 0.999174, 1.478533, 0.696823, 34.374500,1.039985,1.821653,-0.097737,0.414429, 0.999175, 1.477140, 0.694651, 34.292002
  2.8100,1.041294,2.100214,0.568390,0.306415, 0.999041, 1.921358, 0.854350, 32.856440,1.041294,2.100214,0.568390,0.306415, 0.999041, 1.921358, 0.854350, 32.856440,1.041294,2.071850,0.567913,0.300344, 0.999032, 1.914613, 0.843097, 32.508590,1.039918,2.079545,-0.194001,0.533896, 0.999088, 1.542149, 0.853710, 41.126454,1.039918,2.079545,-0.194001,0.533896, 0.999088, 1.542149, 0.853710, 41.126454,1.039999,2.230388,-0.107370,0.512116, 0.999109, 1.592153, 0.853896, 39.983983,1.039999,1.827822,-0.097344,0.414308, 0.999170, 1.477564, 0.696776, 34.379970,1.039999,1.822332,-0.097190,0.412871, 0.999171, 1.476171, 0.694604, 34.297626
  2.8150,1.041275,2.099403,0.568143,0.304609, 0.999043, 1.921894, 0.854369, 32.849481,1.041275,2.099403,0.568143,0.304609, 0.999043, 1.921894, 0.854369, 32.849481,1.041275,2.070947,0.567630,0.298522, 0.999034, 1.915150, 0.843119, 32.500679,1.039932,2.079145,-0.194046,0.532173, 0.999084, 1.541197, 0.853693, 41.122420,1.039932,2.079145,-0.194046,0.532173, 0.999084, 1.541197, 0.853693, 41.122420,1.040012,2.230271,-0.107265,0.510433, 0.999105, 1.591218, 0.853871, 39.982272,1.040012,1.828411,-0.096845,0.412739, 0.999166, 1.476630, 0.696731, 34.384790,1.040012,1.822935,-0.096682,0.411304, 0.999167, 1.475236, 0.694558, 34.302600
  2.8200,1.041256,2.098582,0.567894,0.302808, 0.999046, 1.922408, 0.854388, 32.842393,1.041256,2.098582,0.567894,0.302808, 0.999046, 1.922408, 0.854388, 32.842393,1.041256,2.070037,0.567344,0.296704, 0.999037, 1.915664, 0.843141, 32.492649,1.039945,2.078664,-0.194123,0.530442, 0.999080, 1.540282, 0.853677, 41.117714,1.039945,2.078664,-0.194123,0.530442, 0.999080, 1.540282, 0.853677, 41.117714,1.040025,2.230071,-0.107194,0.508743, 0.999101, 1.590318, 0.853847, 39.979915,1.040025,1.828923,-0.096384,0.411162, 0.999161, 1.475730, 0.696687, 34.388954,1.040025,1.823461,-0.096213,0.409730, 0.999163, 1.474336, 0.694514, 34.306915
  2.8250,1.041238,2.097754,0.567641,0.301011, 0.999048, 1.922901, 0.854406, 32.835185,1.041238,2.097754,0.567641,0.301011, 0.999048, 1.922901, 0.854406, 32.835185,1.041238,2.069121,0.567057,0.294891, 0.999039, 1.916156, 0.843162, 32.484508,1.039957,2.078104,-0.194230,0.528703, 0.999075, 1.539403, 0.853662, 41.112342,1.039957,2.078104,-0.194230,0.528703, 0.999075, 1.539403, 0.853662, 41.112342,1.040036,2.229788,-0.107155,0.507045, 0.999097, 1.589454, 0.853825, 39.976912,1.040036,1.829358,-0.095962,0.409577, 0.999157, 1.474866, 0.696644, 34.392452,1.040036,1.823911,-0.095782,0.408148, 0.999159, 1.473472, 0.694471, 34.310564
  2.8300,1.041221,2.096919,0.567387,0.299219, 0.999051, 1.923371, 0.854423, 32.827863,1.041221,2.096919,0.567387,0.299219, 0.999051, 1.923371, 0.854423, 32.827863,1.041221,2.068199,0.566768,0.293083, 0.999042, 1.916626, 0.843182, 32.476263,1.039968,2.077466,-0.194367,0.526956, 0.999071, 1.538561, 0.853649, 41.106308,1.039968,2.077466,-0.194367,0.526956, 0.999071, 1.538561, 0.853649, 41.106308,1.040046,2.229422,-0.107148,0.505339, 0.999093, 1.588626, 0.853804, 39.973264,1.040046,1.829716,-0.095578,0.407985, 0.999153, 1.474038, 0.696603, 34.395280,1.040046,1.824282,-0.095390,0.406559, 0.999154, 1.472644, 0.694429, 34.313541
  2.8350,1.041204,2.096077,0.567130,0.297432, 0.999053, 1.923820, 0.854440, 32.820436,1.041204,2.096077,0.567130,0.297432, 0.999053, 1.923820, 0.854440, 32.820436,1.041204,2.067272,0.566478,0.291280, 0.999045, 1.917075, 0.843202, 32.467924,1.039978,2.076752,-0.194531,0.525202, 0.999067, 1.537757, 0.853637, 41.099618,1.039978,2.076752,-0.194531,0.525202, 0.999067, 1.537757, 0.853637, 41.099618,1.040055,2.228975,-0.107172,0.503627, 0.999089, 1.587836, 0.853784, 39.968975,1.040055,1.829996,-0.095232,0.406385, 0.999149, 1.473247, 0.696563, 34.397431,1.040055,1.824577,-0.095036,0.404961, 0.999150, 1.471853, 0.694389, 34.315840
  2.8400,1.041188,2.095229,0.566872,0.295650, 0.999056, 1.924247, 0.854455, 32.812909,1.041188,2.095229,0.566872,0.295650, 0.999056, 1.924247, 0.854455, 32.812909,1.041188,2.066341,0.566187,0.289482, 0.999048, 1.917502, 0.843220, 32.459499,1.039987,2.075962,-0.194724,0.523440, 0.999063, 1.536992, 0.853627, 41.092279,1.039987,2.075962,-0.194724,0.523440, 0.999063, 1.536992, 0.853627, 41.092279,1.040063,2.228448,-0.107227,0.501907, 0.999086, 1.587082, 0.853766, 39.964047,1.040063,1.830200,-0.094923,0.404777, 0.999145, 1.472494, 0.696525, 34.398900,1.040063,1.824795,-0.094719,0.403355, 0.999146, 1.471100, 0.694350, 34.317455
  2.8450,1.041172,2.094376,0.566613,0.293873, 0.999059, 1.924653, 0.854470, 32.805291,1.041172,2.094376,0.566613,0.293873, 0.999059, 1.924653, 0.854470, 32.805291,1.041172,2.065407,0.565896,0.287690, 0.999051, 1.917908, 0.843237, 32.450996,1.039996,2.075099,-0.194943,0.521671, 0.999060, 1.536266, 0.853618, 41.084299,1.039996,2.075099,-0.194943,0.521671, 0.999060, 1.536266, 0.853618, 41.084299,1.040071,2.227842,-0.107311,0.500180, 0.999082, 1.586367, 0.853749, 39.958484,1.040071,1.830326,-0.094651,0.403160, 0.999140, 1.471779, 0.696488, 34.399682,1.040071,1.824935,-0.094439,0.401741, 0.999142, 1.470385, 0.694313, 34.318382
  2.8500,1.041157,2.093519,0.566352,0.292102, 0.999062, 1.925038, 0.854483, 32.797590,1.041157,2.093519,0.566352,0.292102, 0.999062, 1.925038, 0.854483, 32.797590,1.041157,2.064472,0.565605,0.285903, 0.999054, 1.918294, 0.843254, 32.442423,1.040003,2.074164,-0.195188,0.519895, 0.999056, 1.535579, 0.853611, 41.075685,1.040003,2.074164,-0.195188,0.519895, 0.999056, 1.535579, 0.853611, 41.075685,1.040077,2.227158,-0.107424,0.498446, 0.999078, 1.585691, 0.853734, 39.952290,1.040077,1.830376,-0.094415,0.401536, 0.999136, 1.471103, 0.696453, 34.399775,1.040077,1.824999,-0.094195,0.400119, 0.999137, 1.469709, 0.694277, 34.318616
  2.8550,1.041143,2.092659,0.566091,0.290336, 0.999065, 1.925403, 0.854496, 32.789811,1.041143,2.092659,0.566091,0.290336, 0.999065, 1.925403, 0.854496, 32.789811,1.041143,2.063534,0.565314,0.284122, 0.999057, 1.918659, 0.843269, 32.433789,1.040009,2.073159,-0.195457,0.518112, 0.999052, 1.534933, 0.853605, 41.066447,1.040009,2.073159,-0.195457,0.518112, 0.999052, 1.534933, 0.853605, 41.066447,1.040082,2.226398,-0.107564,0.496705, 0.999075, 1.585054, 0.853720, 39.945472,1.040082,1.830349,-0.094214,0.399903, 0.999132, 1.470465, 0.696419, 34.399174,1.040082,1.824986,-0.093987,0.398489, 0.999133, 1.469072, 0.694243, 34.318155
  2.8600,1.041128,2.091795,0.565829,0.288575, 0.999068, 1.925748, 0.854508, 32.781964,1.041128,2.091795,0.565829,0.288575, 0.999068, 1.925748, 0.854508, 32.781964,1.041128,2.062597,0.565024,0.282347, 0.999060, 1.919004, 0.843284, 32.425103,1.040014,2.072085,-0.195750,0.516322, 0.999049, 1.534327, 0.853601, 41.056593,1.040014,2.072085,-0.195750,0.516322, 0.999049, 1.534327, 0.853601, 41.056593,1.040087,2.225563,-0.107731,0.494957, 0.999071, 1.584457, 0.853707, 39.938034,1.040087,1.830246,-0.094049,0.398263, 0.999128, 1.469868, 0.696387, 34.397878,1.040087,1.824896,-0.093815,0.396851, 0.999129, 1.468474, 0.694210, 34.316997
  2.8650,1.041115,2.090930,0.565567,0.286821, 0.999071, 1.926074, 0.854518, 32.774056,1.041115,2.090930,0.565567,0.286821, 0.999071, 1.926074, 0.854518, 32.774056,1.041115,2.061659,0.564735,0.280578, 0.999063, 1.919329, 0.843297, 32.416372,1.040018,2.070945,-0.196066,0.514526, 0.999045, 1.533763, 0.853598, 41.046134,1.040018,2.070945,-0.196066,0.514526, 0.999045, 1.533763, 0.853598, 41.046134,1.040090,2.224655,-0.107924,0.493203, 0.999068, 1.583899, 0.853696, 39.929984,1.040090,1.830067,-0.093918,0.396615, 0.999123, 1.469311, 0.696356, 34.395886,1.040090,1.824731,-0.093678,0.395205, 0.999125, 1.467917, 0.694179, 34.315139
  2.8700,1.041102,2.090064,0.565305,0.285073, 0.999074, 1.926380, 0.854528, 32.766094,1.041102,2.090064,0.565305,0.285073, 0.999074, 1.926380, 0.854528, 32.766094,1.041102,2.060723,0.564447,0.278816, 0.999067, 1.919635, 0.843310, 32.407605,1.040021,2.069740,-0.196403,0.512723, 0.999042, 1.533240, 0.853596, 41.035082,1.040021,2.069740,-0.196403,0.512723, 0.999042, 1.533240, 0.853596, 41.035082,1.040093,2.223675,-0.108142,0.491442, 0.999064, 1.583383, 0.853686, 39.921328,1.040093,1.829813,-0.093822,0.394958, 0.999119, 1.468794, 0.696328, 34.393195,1.040093,1.824490,-0.093574,0.393551, 0.999120, 1.467401, 0.694150, 34.312581
  2.8750,1.041089,2.089197,0.565044,0.283330, 0.999077, 1.926667, 0.854537, 32.758085,1.041089,2.089197,0.565044,0.283330, 0.999077, 1.926667, 0.854537, 32.758085,1.041089,2.059789,0.564161,0.277060, 0.999070, 1.919923, 0.843321, 32.398810,1.040023,2.068473,-0.196761,0.510915, 0.999039, 1.532759, 0.853596, 41.023446,1.040023,2.068473,-0.196761,0.510915, 0.999039, 1.532759, 0.853596, 41.023446,1.040094,2.222625,-0.108384,0.489676, 0.999061, 1.582907, 0.853678, 39.912076,1.040094,1.829485,-0.093758,0.393294, 0.999115, 1.468319, 0.696300, 34.389807,1.040094,1.824175,-0.093504,0.391889, 0.999116, 1.466925, 0.694122, 34.309322
  2.8800,1.041077,2.088331,0.564784,0.281594, 0.999081, 1.926937, 0.854545, 32.750038,1.041077,2.088331,0.564784,0.281594, 0.999081, 1.926937, 0.854545, 32.750038,1.041077,2.058858,0.563877,0.275311, 0.999074, 1.920192, 0.843332, 32.389996,1.040025,2.067145,-0.197138,0.509101, 0.999036, 1.532320, 0.853597, 41.011240,1.040025,2.067145,-0.197138,0.509101, 0.999036, 1.532320, 0.853597, 41.011240,1.040095,2.221506,-0.108648,0.487903, 0.999058, 1.582473, 0.853671, 39.902234,1.040095,1.829082,-0.093727,0.391622, 0.999111, 1.467885, 0.696275, 34.385721,1.040095,1.823786,-0.093467,0.390219, 0.999112, 1.466491, 0.694096, 34.305363
  2.8850,1.041065,2.087466,0.564526,0.279865, 0.999084, 1.927188, 0.854552, 32.741959,1.041065,2.087466,0.564526,0.279865, 0.999084, 1.927188, 0.854552, 32.741959,1.041065,2.057930,0.563595,0.273568, 0.999078, 1.920444, 0.843341, 32.381170,1.040025,2.065758,-0.197533,0.507281, 0.999033, 1.531924, 0.853600, 40.998475,1.040025,2.065758,-0.197533,0.507281, 0.999033, 1.531924, 0.853600, 40.998475,1.040094,2.220321,-0.108935,0.486124, 0.999055, 1.582081, 0.853665, 39.891813,1.040094,1.828607,-0.093728,0.389942, 0.999107, 1.467492, 0.696251, 34.380939,1.040094,1.823323,-0.093462,0.388541, 0.999108, 1.466098, 0.694072, 34.300704
  2.8900,1.041054,2.086603,0.564268,0.278143, 0.999088, 1.927423, 0.854558, 32.733857,1.041054,2.086603,0.564268,0.278143, 0.999088, 1.927423, 0.854558, 32.733857,1.041054,2.057007,0.563316,0.271833, 0.999081, 1.920678, 0.843349, 32.372342,1.040024,2.064316,-0.197946,0.505457, 0.999031, 1.531570, 0.853604, 40.985165,1.040024,2.064316,-0.197946,0.505457, 0.999031, 1.531570, 0.853604, 40.985165,1.040093,2.219072,-0.109242,0.484341, 0.999052, 1.581730, 0.853660, 39.880822,1.040093,1.828059,-0.093761,0.388254, 0.999103, 1.467141, 0.696229, 34.375463,1.040093,1.822787,-0.093488,0.386856, 0.999104, 1.465748, 0.694049, 34.295348
  2.8950,1.041042,2.085742,0.564013,0.276427, 0.999092, 1.927641, 0.854562, 32.725738,1.041042,2.085742,0.564013,0.276427, 0.999092, 1.927641, 0.854562, 32.725738,1.041042,2.056089,0.563041,0.270105, 0.999085, 1.920896, 0.843357, 32.363519,1.040022,2.062819,-0.198374,0.503627, 0.999028, 1.531260, 0.853609, 40.971324,1.040022,2.062819,-0.198374,0.503627, 0.999028, 1.531260, 0.853609, 40.971324,1.040091,2.217759,-0.109568,0.482551, 0.999049, 1.581421, 0.853657, 39.869271,1.040091,1.827440,-0.093823,0.386559, 0.999099, 1.466833, 0.696208, 34.369295,1.040091,1.822181,-0.093545,0.385162, 0.999100, 1.465439, 0.694028, 34.289298
  2.9000,1.041032,2.084884,0.563760,0.274718, 0.999095, 1.927842, 0.854566, 32.717611,1.041032,2.084884,0.563760,0.274718, 0.999095, 1.927842, 0.854566, 32.717611,1.041032,2.055177,0.562769,0.268384, 0.999089, 1.921098, 0.843363, 32.354710,1.040020,2.061270,-0.198817,0.501793, 0.999026, 1.530993, 0.853615, 40.956965,1.040020,2.061270,-0.198817,0.501793, 0.999026, 1.530993, 0.853615, 40.956965,1.040088,2.216386,-0.109914,0.480757, 0.999047, 1.581155, 0.853656, 39.857172,1.040088,1.826751,-0.093915,0.384856, 0.999095, 1.466566, 0.696189, 34.362440,1.040088,1.821503,-0.093631,0.383462, 0.999096, 1.465173, 0.694009, 34.282555
  2.9050,1.041021,2.084031,0.563509,0.273016, 0.999099, 1.928029, 0.854569, 32.709482,1.041021,2.084031,0.563509,0.273016, 0.999099, 1.928029, 0.854569, 32.709482,1.041021,2.054272,0.562500,0.266671, 0.999093, 1.921284, 0.843368, 32.345922,1.040016,2.059672,-0.199274,0.499955, 0.999024, 1.530769, 0.853623, 40.942103,1.040016,2.059672,-0.199274,0.499955, 0.999024, 1.530769, 0.853623, 40.942103,1.040083,2.214954,-0.110277,0.478958, 0.999044, 1.580931, 0.853655, 39.844536,1.040083,1.825992,-0.094036,0.383146, 0.999091, 1.466343, 0.696171, 34.354900,1.040083,1.820756,-0.093747,0.381754, 0.999092, 1.464949, 0.693991, 34.275125
  2.9100,1.041011,2.083183,0.563262,0.271322, 0.999103, 1.928201, 0.854570, 32.701360,1.041011,2.083183,0.563262,0.271322, 0.999103, 1.928201, 0.854570, 32.701360,1.041011,2.053375,0.562236,0.264966, 0.999097, 1.921456, 0.843371, 32.337163,1.040012,2.058027,-0.199744,0.498113, 0.999022, 1.530588, 0.853631, 40.926754,1.040012,2.058027,-0.199744,0.498113, 0.999022, 1.530588, 0.853631, 40.926754,1.040078,2.213466,-0.110656,0.477155, 0.999042, 1.580750, 0.853656, 39.831375,1.040078,1.825165,-0.094185,0.381429, 0.999087, 1.466161, 0.696156, 34.346681,1.040078,1.819940,-0.093891,0.380038, 0.999088, 1.464768, 0.693975, 34.267012
  2.9150,1.041002,2.082340,0.563017,0.269635, 0.999107, 1.928358, 0.854571, 32.693251,1.041002,2.082340,0.563017,0.269635, 0.999107, 1.928358, 0.854571, 32.693251,1.041002,2.052486,0.561977,0.263268, 0.999102, 1.921613, 0.843374, 32.328442,1.040006,2.056336,-0.200225,0.496268, 0.999020, 1.530451, 0.853641, 40.910933,1.040006,2.056336,-0.200225,0.496268, 0.999020, 1.530451, 0.853641, 40.910933,1.040073,2.211923,-0.111051,0.475347, 0.999040, 1.580611, 0.853658, 39.817702,1.040073,1.824271,-0.094360,0.379705, 0.999084, 1.466022, 0.696141, 34.337787,1.040073,1.819057,-0.094062,0.378316, 0.999084, 1.464629, 0.693960, 34.258220
  2.9200,1.040992,2.081504,0.562776,0.267956, 0.999111, 1.928502, 0.854570, 32.685162,1.040992,2.081504,0.562776,0.267956, 0.999111, 1.928502, 0.854570, 32.685162,1.040992,2.051606,0.561722,0.261579, 0.999106, 1.921757, 0.843375, 32.319765,1.040000,2.054604,-0.200717,0.494419, 0.999019, 1.530358, 0.853652, 40.894656,1.040000,2.054604,-0.200717,0.494419, 0.999019, 1.530358, 0.853652, 40.894656,1.040066,2.210328,-0.111460,0.473536, 0.999038, 1.580515, 0.853661, 39.803529,1.040066,1.823312,-0.094562,0.377974, 0.999080, 1.465926, 0.696129, 34.328226,1.040066,1.818108,-0.094259,0.376587, 0.999081, 1.464533, 0.693947, 34.248757
  2.9250,1.040983,2.080674,0.562540,0.266285, 0.999115, 1.928633, 0.854568, 32.677102,1.040983,2.080674,0.562540,0.266285, 0.999115, 1.928633, 0.854568, 32.677102,1.040983,2.050736,0.561473,0.259898, 0.999110, 1.921888, 0.843375, 32.311142,1.039993,2.052831,-0.201217,0.492568, 0.999017, 1.530308, 0.853664, 40.877939,1.039993,2.052831,-0.201217,0.492568, 0.999017, 1.530308, 0.853664, 40.877939,1.040058,2.208683,-0.111882,0.471721, 0.999036, 1.580461, 0.853665, 39.788870,1.040058,1.822287,-0.094789,0.376236, 0.999076, 1.465873, 0.696118, 34.318003,1.040058,1.817094,-0.094482,0.374851, 0.999077, 1.464479, 0.693936, 34.238628
  2.9300,1.040974,2.079853,0.562307,0.264622, 0.999120, 1.928752, 0.854565, 32.669076,1.040974,2.079853,0.562307,0.264622, 0.999120, 1.928752, 0.854565, 32.669076,1.040974,2.049877,0.561229,0.258225, 0.999115, 1.922007, 0.843374, 32.302578,1.039984,2.051021,-0.201725,0.490714, 0.999016, 1.530301, 0.853677, 40.860799,1.039984,2.051021,-0.201725,0.490714, 0.999016, 1.530301, 0.853677, 40.860799,1.040050,2.206991,-0.112316,0.469903, 0.999035, 1.580450, 0.853670, 39.773739,1.040050,1.821200,-0.095041,0.374492, 0.999073, 1.465862, 0.696108, 34.307126,1.040050,1.816017,-0.094730,0.373108, 0.999074, 1.464468, 0.693926, 34.227840
  2.9350,1.040966,2.079040,0.562079,0.262966, 0.999124, 1.928859, 0.854561, 32.661093,1.040966,2.079040,0.562079,0.262966, 0.999124, 1.928859, 0.854561, 32.661093,1.040966,2.049029,0.560991,0.256561, 0.999119, 1.922114, 0.843372, 32.294083,1.039976,2.049176,-0.202240,0.488858, 0.999015, 1.530337, 0.853690, 40.843253,1.039976,2.049176,-0.202240,0.488858, 0.999015, 1.530337, 0.853690, 40.843253,1.040040,2.205253,-0.112761,0.468081, 0.999033, 1.580481, 0.853676, 39.758151,1.040040,1.820051,-0.095316,0.372742, 0.999070, 1.465893, 0.696100, 34.295603,1.040040,1.814877,-0.095001,0.371360, 0.999071, 1.464499, 0.693918, 34.216403
  2.9400,1.040957,2.078236,0.561856,0.261319, 0.999128, 1.928955, 0.854556, 32.653159,1.040957,2.078236,0.561856,0.261319, 0.999128, 1.928955, 0.854556, 32.653159,1.040957,2.048194,0.560759,0.254905, 0.999124, 1.922211, 0.843369, 32.285663,1.039966,2.047299,-0.202761,0.487001, 0.999014, 1.530417, 0.853705, 40.825319,1.039966,2.047299,-0.202761,0.487001, 0.999014, 1.530417, 0.853705, 40.825319,1.040030,2.203472,-0.113215,0.466258, 0.999032, 1.580555, 0.853683, 39.742120,1.040030,1.818842,-0.095613,0.370986, 0.999067, 1.465967, 0.696094, 34.283442,1.040030,1.813677,-0.095295,0.369605, 0.999067, 1.464573, 0.693911, 34.204323
  2.9450,1.040949,2.077442,0.561638,0.259680, 0.999133, 1.929042, 0.854549, 32.645282,1.040949,2.077442,0.561638,0.259680, 0.999133, 1.929042, 0.854549, 32.645282,1.040949,2.047371,0.560533,0.253258, 0.999129, 1.922297, 0.843364, 32.277326,1.039955,2.045391,-0.203286,0.485142, 0.999014, 1.530539, 0.853720, 40.807015,1.039955,2.045391,-0.203286,0.485142, 0.999014, 1.530539, 0.853720, 40.807015,1.040019,2.201651,-0.113679,0.464432, 0.999031, 1.580671, 0.853691, 39.725662,1.040019,1.817575,-0.095932,0.369224, 0.999064, 1.466082, 0.696089, 34.270653,1.040019,1.812418,-0.095611,0.367844, 0.999064, 1.464688, 0.693906, 34.191610
  2.9500,1.040941,2.076658,0.561425,0.258050, 0.999137, 1.929118, 0.854542, 32.637467,1.040941,2.076658,0.561425,0.258050, 0.999137, 1.929118, 0.854542, 32.637467,1.040941,2.046561,0.560315,0.251621, 0.999134, 1.922373, 0.843358, 32.269079,1.039944,2.043456,-0.203815,0.483282, 0.999013, 1.530704, 0.853737, 40.788358,1.039944,2.043456,-0.203815,0.483282, 0.999013, 1.530704, 0.853737, 40.788358,1.040007,2.199792,-0.114149,0.462604, 0.999030, 1.580828, 0.853700, 39.708792,1.040007,1.816250,-0.096272,0.367456, 0.999061, 1.466239, 0.696085, 34.257246,1.040007,1.811102,-0.095948,0.366078, 0.999062, 1.464846, 0.693902, 34.178275
  2.9550,1.040933,2.075886,0.561218,0.256429, 0.999142, 1.929186, 0.854533, 32.629722,1.040933,2.075886,0.561218,0.256429, 0.999142, 1.929186, 0.854533, 32.629722,1.040933,2.045766,0.560103,0.249992, 0.999138, 1.922441, 0.843350, 32.260929,1.039931,2.041497,-0.204345,0.481422, 0.999013, 1.530911, 0.853753, 40.769367,1.039931,2.041497,-0.204345,0.481422, 0.999013, 1.530911, 0.853753, 40.769367,1.039995,2.197897,-0.114626,0.460774, 0.999029, 1.581027, 0.853710, 39.691527,1.039995,1.814871,-0.096631,0.365684, 0.999058, 1.466438, 0.696083, 34.243230,1.039995,1.809730,-0.096304,0.364306, 0.999059, 1.465045, 0.693900, 34.164326
  2.9600,1.040925,2.075125,0.561018,0.254816, 0.999147, 1.929245, 0.854523, 32.622055,1.040925,2.075125,0.561018,0.254816, 0.999147, 1.929245, 0.854523, 32.622055,1.040925,2.044986,0.559900,0.248373, 0.999143, 1.922501, 0.843342, 32.252882,1.039918,2.039514,-0.204877,0.479561, 0.999013, 1.531160, 0.853771, 40.750061,1.039918,2.039514,-0.204877,0.479561, 0.999013, 1.531160, 0.853771, 40.750061,1.039982,2.195969,-0.115107,0.458944, 0.999029, 1.581267, 0.853721, 39.673882,1.039982,1.813437,-0.097008,0.363906, 0.999056, 1.466678, 0.696082, 34.228617,1.039982,1.808305,-0.096680,0.362530, 0.999056, 1.465285, 0.693899, 34.149776
  2.9650,1.040918,2.074377,0.560823,0.253212, 0.999152, 1.929297, 0.854512, 32.614470,1.040918,2.074377,0.560823,0.253212, 0.999152, 1.929297, 0.854512, 32.614470,1.040918,2.044221,0.559703,0.246763, 0.999148, 1.922552, 0.843332, 32.244946,1.039905,2.037512,-0.205408,0.477701, 0.999013, 1.531451, 0.853789, 40.730457,1.039905,2.037512,-0.205408,0.477701, 0.999013, 1.531451, 0.853789, 40.730457,1.039968,2.194010,-0.115593,0.457112, 0.999028, 1.581548, 0.853732, 39.655875,1.039968,1.811952,-0.097403,0.362123, 0.999053, 1.466959, 0.696083, 34.213419,1.039968,1.806826,-0.097073,0.360748, 0.999054, 1.465565, 0.693899, 34.134635
  2.9700,1.040910,2.073642,0.560636,0.251617, 0.999156, 1.929342, 0.854499, 32.606975,1.040910,2.073642,0.560636,0.251617, 0.999156, 1.929342, 0.854499, 32.606975,1.040910,2.043472,0.559515,0.245162, 0.999153, 1.922598, 0.843320, 32.237128,1.039890,2.035493,-0.205938,0.475842, 0.999014, 1.531782, 0.853807, 40.710576,1.039890,2.035493,-0.205938,0.475842, 0.999014, 1.531782, 0.853807, 40.710576,1.039953,2.192023,-0.116082,0.455280, 0.999028, 1.581869, 0.853744, 39.637522,1.039953,1.810417,-0.097815,0.360337, 0.999051, 1.467280, 0.696085, 34.197647,1.039953,1.805298,-0.097482,0.358962, 0.999051, 1.465886, 0.693901, 34.118916
  2.9750,1.040903,2.072921,0.560455,0.250032, 0.999161, 1.929381, 0.854485, 32.599576,1.040903,2.072921,0.560455,0.250032, 0.999161, 1.929381, 0.854485, 32.599576,1.040903,2.042739,0.559335,0.243571, 0.999159, 1.922636, 0.843308, 32.229433,1.039875,2.033459,-0.206466,0.473984, 0.999015, 1.532154, 0.853827, 40.690437,1.039875,2.033459,-0.206466,0.473984, 0.999015, 1.532154, 0.853827, 40.690437,1.039938,2.190011,-0.116572,0.453448, 0.999028, 1.582229, 0.853757, 39.618841,1.039938,1.808834,-0.098241,0.358546, 0.999049, 1.467641, 0.696088, 34.181315,1.039938,1.803721,-0.097908,0.357172, 0.999049, 1.466247, 0.693904, 34.102631
  2.9800,1.040896,2.072214,0.560282,0.248455, 0.999166, 1.929414, 0.854470, 32.592280,1.040896,2.072214,0.560282,0.248455, 0.999166, 1.929414, 0.854470, 32.592280,1.040896,2.042024,0.559163,0.241990, 0.999164, 1.922670, 0.843294, 32.221869,1.039859,2.031413,-0.206990,0.472127, 0.999016, 1.532566, 0.853846, 40.670058,1.039859,2.031413,-0.206990,0.472127, 0.999016, 1.532566, 0.853846, 40.670058,1.039922,2.187976,-0.117063,0.451617, 0.999028, 1.582630, 0.853770, 39.599850,1.039922,1.807204,-0.098683,0.356751, 0.999047, 1.468041, 0.696092, 34.164435,1.039922,1.802097,-0.098348,0.355378, 0.999047, 1.466648, 0.693908, 34.085793
  2.9850,1.040889,2.071522,0.560116,0.246888, 0.999171, 1.929443, 0.854454, 32.585092,1.040889,2.071522,0.560116,0.246888, 0.999171, 1.929443, 0.854454, 32.585092,1.040889,2.041327,0.559001,0.240419, 0.999169, 1.922698, 0.843278, 32.214441,1.039843,2.029357,-0.207509,0.470273, 0.999017, 1.533018, 0.853866, 40.649459,1.039843,2.029357,-0.207509,0.470273, 0.999017, 1.533018, 0.853866, 40.649459,1.039905,2.185920,-0.117553,0.449786, 0.999029, 1.583069, 0.853784, 39.580565,1.039905,1.805530,-0.099137,0.354953, 0.999045, 1.468480, 0.696098, 34.147021,1.039905,1.800428,-0.098802,0.353581, 0.999045, 1.467087, 0.693913, 34.068416
  2.9900,1.040882,2.070846,0.559958,0.245331, 0.999176, 1.929467, 0.854436, 32.578018,1.040882,2.070846,0.559958,0.245331, 0.999176, 1.929467, 0.854436, 32.578018,1.040882,2.040649,0.558847,0.238858, 0.999174, 1.922722, 0.843262, 32.207156,1.039826,2.027294,-0.208023,0.468420, 0.999018, 1.533508, 0.853886, 40.628660,1.039826,2.027294,-0.208023,0.468420, 0.999018, 1.533508, 0.853886, 40.628660,1.039888,2.183846,-0.118042,0.447956, 0.999030, 1.583546, 0.853799, 39.561005,1.039888,1.803814,-0.099604,0.353151, 0.999044, 1.468957, 0.696105, 34.129087,1.039888,1.798717,-0.099268,0.351780, 0.999044, 1.467564, 0.693920, 34.050514
  2.9950,1.040875,2.070185,0.559808,0.243783, 0.999181, 1.929488, 0.854417, 32.571066,1.040875,2.070185,0.559808,0.243783, 0.999181, 1.929488, 0.854417, 32.571066,1.040875,2.039989,0.558703,0.237307, 0.999180, 1.922743, 0.843243, 32.200019,1.039808,2.025227,-0.208530,0.466571, 0.999020, 1.534036, 0.853906, 40.607681,1.039808,2.025227,-0.208530,0.466571, 0.999020, 1.534036, 0.853906, 40.607681,1.039870,2.181756,-0.118528,0.446128, 0.999031, 1.584060, 0.853813, 39.541189,1.039870,1.802058,-0.100083,0.351347, 0.999042, 1.469472, 0.696112, 34.110648,1.039870,1.796965,-0.099746,0.349976, 0.999042, 1.468078, 0.693928, 34.032102
