scenario,legacy_scenario,architecture,control_mode,time_s,helics_time_transmission_s,helics_time_distribution_s,helics_time_controller_s,griddyn_poi_voltage_pu,helics_poi_voltage_pu,datacenter_ac_voltage_pu,mv_bus_voltage_pu,load_boundary,load_boundary_nominal_voltage_v,load_boundary_voltage_pu,dc_buffer_enabled,local_q_kvar,central_q_kvar,load_kw,served_load_kw,load_served_fraction,load_kvar,tx_observed_load_kw,below_trip_threshold_s,ac_voltage_trip_flag,trip_flag,opendss_converged
C1,baseline,traditional_ac_480v,baseline,0.0,0.02,0.02,0.02,1.01660454,1.01660454,0.9783852692053562,0.9893685437393305,480 V AC facility distribution,480.0,0.9783852692053562,False,0.0,0.0,79999.56965835202,79999.56965835202,1.0,24998.345494288922,0.0,0.0,False,False,True
C1,baseline,traditional_ac_480v,baseline,0.02,0.04,0.04,0.04,1.01656852,1.01656852,0.9783475843185433,0.989331290602378,480 V AC facility distribution,480.0,0.9783475843185433,False,0.0,0.0,79999.56871527918,79999.56871527918,1.0,24998.342252687493,0.0,0.0,False,False,True
C1,baseline,traditional_ac_480v,baseline,0.04,0.060000000000000005,0.060000000000000005,0.060000000000000005,1.01670801,1.01670801,0.9784935208478805,0.9894755553486713,480 V AC facility distribution,480.0,0.9784935208478805,False,0.0,0.0,79999.57236340482,79999.57236340482,1.0,24998.354798566834,79999.56871527918,0.0,False,False,True
C1,baseline,traditional_ac_480v,baseline,0.06,0.08,0.08,0.08,1.01681083,1.01681083,0.9786010911846347,0.9895818937343005,480 V AC facility distribution,480.0,0.9786010911846347,False,0.0,0.0,79999.5750456042,79999.5750456042,1.0,24998.364033452926,79999.57236340482,0.0,False,False,True
C1,baseline,traditional_ac_480v,baseline,0.08,0.1,0.1,0.1,1.01684617,1.01684617,0.9786380636191088,0.9896184428052275,480 V AC facility distribution,480.0,0.9786380636191088,False,0.0,0.0,79999.57596614811,79999.57596614811,1.0,24998.36720503529,79999.5750456042,0.0,False,False,True
C1,baseline,traditional_ac_480v,baseline,0.1,0.12000000000000001,0.12000000000000001,0.12000000000000001,1.01682941,1.01682941,0.9786205294554268,0.9896011094174805,480 V AC facility distribution,480.0,0.9786205294554268,False,0.0,0.0,79999.57552966598,79999.57552966598,1.0,24998.365701072355,79999.57596614811,0.0,False,False,True
C1,baseline,traditional_ac_480v,baseline,0.12,0.14,0.14,0.14,1.01678109,1.01678109,0.9785699773112141,0.989551136164606,480 V AC facility distribution,480.0,0.9785699773112141,False,0.0,0.0,79999.57427039606,79999.57427039606,1.0,24998.361363444208,79999.57552966598,0.0,False,False,True
C1,baseline,traditional_ac_480v,baseline,0.14,0.16,0.16,0.16,1.01671722,1.01671722,0.9785031564061148,0.989485080544226,480 V AC facility distribution,480.0,0.9785031564061148,False,0.0,0.0,79999.57260389831,79999.57260389831,1.0,24998.355626217235,79999.57427039606,0.0,False,False,True
C1,baseline,traditional_ac_480v,baseline,0.16,0.18000000000000002,0.18000000000000002,0.18000000000000002,1.01664852,1.01664852,0.9784312818024189,0.989414029223327,480 V AC facility distribution,480.0,0.9784312818024189,False,0.0,0.0,79999.57080885993,79999.57080885993,1.0,24998.349450429592,79999.57260389831,0.0,False,False,True
C1,baseline,traditional_ac_480v,baseline,0.18,0.2,0.2,0.2,1.01658159,1.01658159,0.9783612584472657,0.9893448080648162,480 V AC facility distribution,480.0,0.9783612584472657,False,0.0,0.0,79999.56905755989,79999.56905755989,1.0,24998.343429070366,79999.57080885993,0.0,False,False,True
C1,baseline,traditional_ac_480v,baseline,0.2,0.22,0.22,0.22,1.01652022,1.01652022,0.9782970515921732,0.989281336874894,480 V AC facility distribution,480.0,0.9782970515921732,False,0.0,0.0,79999.5674495656,79999.5674495656,1.0,24998.337903849748,79999.56905755989,0.0,False,False,True
C1,baseline,traditional_ac_480v,baseline,0.22,0.24000000000000002,0.24000000000000002,0.24000000000000002,1.01646632,1.01646632,0.9782406596695655,0.9892255911574047,480 V AC facility distribution,480.0,0.9782406596695655,False,0.0,0.0,79999.56603557794,79999.56603557794,1.0,24998.333047951783,79999.5674495656,0.0,False,False,True
C1,baseline,traditional_ac_480v,baseline,0.24,0.26,0.26,0.26,1.01642061,1.01642061,0.9781928361174117,0.989178315683529,480 V AC facility distribution,480.0,0.9781928361174117,False,0.0,0.0,79999.56483518211,79999.56483518211,1.0,24998.328927543575,79999.56603557794,0.0,False,False,True
C1,baseline,traditional_ac_480v,baseline,0.26,0.28,0.28,0.28,1.01638305,1.01638305,0.9781535392202052,0.9891394691864818,480 V AC facility distribution,480.0,0.9781535392202052,False,0.0,0.0,79999.56384794801,79999.56384794801,1.0,24998.325540177706,79999.56483518211,0.0,False,False,True
C1,baseline,traditional_ac_480v,baseline,0.28,0.30000000000000004,0.30000000000000004,0.30000000000000004,1.01635317,1.01635317,0.978122277350741,0.9891085656503644,480 V AC facility distribution,480.0,0.978122277350741,False,0.0,0.0,79999.563062018,79999.563062018,1.0,24998.322844393253,79999.56384794801,0.0,False,False,True
C1,baseline,traditional_ac_480v,baseline,0.3,0.32,0.32,0.32,1.01633025,1.01633025,0.9780982972901027,0.9890848604725573,480 V AC facility distribution,480.0,0.9780982972901027,False,0.0,0.0,79999.56245882058,79999.56245882058,1.0,24998.320775916043,79999.563062018,0.0,False,False,True
C1,baseline,traditional_ac_480v,baseline,0.32,0.34,0.34,0.34,1.01631347,1.01631347,0.9780807411674478,0.9890675056040249,480 V AC facility distribution,480.0,0.9780807411674478,False,0.0,0.0,79999.56201702802,79999.56201702802,1.0,24998.319261214736,79999.56245882058,0.0,False,False,True
C1,baseline,traditional_ac_480v,baseline,0.34,0.36000000000000004,0.36000000000000004,0.36000000000000004,1.01630196,1.01630196,0.9780686987777714,0.9890556012662152,480 V AC facility distribution,480.0,0.9780686987777714,False,0.0,0.0,79999.56171389642,79999.56171389642,1.0,24998.31822205849,79999.56201702802,0.0,False,False,True
C1,baseline,traditional_ac_480v,baseline,0.36,0.38,0.38,0.38,1.01629492,1.01629492,0.978061333138042,0.9890483200666143,480 V AC facility distribution,480.0,0.978061333138042,False,0.0,0.0,79999.56152845218,79999.56152845218,1.0,24998.3175863992,79999.56171389642,0.0,False,False,True
C1,baseline,traditional_ac_480v,baseline,0.38,0.4,0.4,0.4,1.01629159,1.01629159,0.9780578491046823,0.9890448759748709,480 V AC facility distribution,480.0,0.9780578491046823,False,0.0,0.0,79999.56144072537,79999.56144072537,1.0,24998.317285707242,79999.56152845218,0.0,False,False,True
C1,baseline,traditional_ac_480v,baseline,0.4,0.42000000000000004,0.42000000000000004,0.42000000000000004,1.01629128,1.01629128,0.9780575247651732,0.9890445553536658,480 V AC facility distribution,480.0,0.9780575247651732,False,0.0,0.0,79999.56143255832,79999.56143255832,1.0,24998.3172577143,79999.56144072537,0.0,False,False,True
C1,baseline,traditional_ac_480v,baseline,0.42,0.44,0.44,0.44,1.01629342,1.01629342,0.9780597637538103,0.9890467686740635,480 V AC facility distribution,480.0,0.9780597637538103,False,0.0,0.0,79999.56148893638,79999.56148893638,1.0,24998.317450953793,79999.56143255832,0.0,False,False,True
C1,baseline,traditional_ac_480v,baseline,0.44,0.46,0.46,0.46,1.0162975,1.0162975,0.9780640324782904,0.9890509884613159,480 V AC facility distribution,480.0,0.9780640324782904,False,0.0,0.0,79999.56159641646,79999.56159641646,1.0,24998.317819359847,79999.56148893638,0.0,False,False,True
C1,baseline,traditional_ac_480v,baseline,0.46,0.48000000000000004,0.48000000000000004,0.48000000000000004,1.01630309,1.01630309,0.9780698810460958,0.9890567699810666,480 V AC facility distribution,480.0,0.9780698810460958,False,0.0,0.0,79999.56174365975,79999.56174365975,1.0,24998.31832408426,79999.56159641646,0.0,False,False,True
C1,baseline,traditional_ac_480v,baseline,0.48,0.5,0.5,0.5,1.01630985,1.01630985,0.9780769537277473,0.989063761582502,480 V AC facility distribution,480.0,0.9780769537277473,False,0.0,0.0,79999.56192169827,79999.56192169827,1.0,24998.31893440541,79999.56174365975,0.0,False,False,True
C1,baseline,traditional_ac_480v,baseline,0.5,0.52,0.52,0.52,1.01631747,1.01631747,0.978084926181867,0.9890716426429779,480 V AC facility distribution,480.0,0.978084926181867,False,0.0,0.0,79999.56212235628,79999.56212235628,1.0,24998.319622314237,79999.56192169827,0.0,False,False,True
C1,baseline,traditional_ac_480v,baseline,0.52,0.54,0.54,0.54,1.01632573,1.01632573,0.9780935682305828,0.9890801856237527,480 V AC facility distribution,480.0,0.9780935682305828,False,0.0,0.0,79999.56233983106,79999.56233983106,1.0,24998.32036793224,79999.56212235628,0.0,False,False,True
C1,baseline,traditional_ac_480v,baseline,0.54,0.56,0.56,0.56,1.01633442,1.01633442,0.9781026601592172,0.9890891733291881,480 V AC facility distribution,480.0,0.9781026601592172,False,0.0,0.0,79999.56256858629,79999.56256858629,1.0,24998.321152289427,79999.56233983106,0.0,False,False,True
C1,baseline,traditional_ac_480v,baseline,0.56,0.5800000000000001,0.5800000000000001,0.5800000000000001,1.01634339,1.01634339,0.9781120450288924,0.9890984506196788,480 V AC facility distribution,480.0,0.9781120450288924,False,0.0,0.0,79999.56280466836,79999.56280466836,1.0,24998.321961837326,79999.56256858629,0.0,False,False,True
C1,baseline,traditional_ac_480v,baseline,0.58,0.6000000000000001,0.6000000000000001,0.6000000000000001,1.01635251,1.01635251,0.9781215868263141,0.989107883041209,480 V AC facility distribution,480.0,0.9781215868263141,False,0.0,0.0,79999.56304465252,79999.56304465252,1.0,24998.322784837394,79999.56280466836,0.0,False,False,True
C1,baseline,traditional_ac_480v,baseline,0.6,0.62,0.62,0.62,1.01636168,1.01636168,0.9781311809261859,0.9891173671678533,480 V AC facility distribution,480.0,0.9781311809261859,False,0.0,0.0,79999.56328590593,79999.56328590593,1.0,24998.32361226268,79999.56304465252,0.0,False,False,True
C1,baseline,traditional_ac_480v,baseline,0.62,0.64,0.64,0.64,1.01637081,1.01637081,0.9781407331661153,0.9891268099165685,480 V AC facility distribution,480.0,0.9781407331661153,False,0.0,0.0,79999.56352606062,79999.56352606062,1.0,24998.324435992232,79999.56328590593,0.0,False,False,True
C1,baseline,traditional_ac_480v,baseline,0.64,0.66,0.66,0.66,1.01637983,1.01637983,0.9781501703090204,0.989136138889688,480 V AC facility distribution,480.0,0.9781501703090204,False,0.0,0.0,79999.56376327653,79999.56376327653,1.0,24998.325249712565,79999.56352606062,0.0,False,False,True
C1,baseline,traditional_ac_480v,baseline,0.66,0.68,0.68,0.68,1.01638868,1.01638868,0.9781594295805681,0.989145292032308,480 V AC facility distribution,480.0,0.9781594295805681,False,0.0,0.0,79999.5639959778,79999.5639959778,1.0,24998.326048014867,79999.56376327653,0.0,False,False,True
C1,baseline,traditional_ac_480v,baseline,0.68,0.7000000000000001,0.7000000000000001,0.7000000000000001,1.01639732,1.01639732,0.9781684691315462,0.9891542279747557,480 V AC facility distribution,480.0,0.9781684691315462,False,0.0,0.0,79999.56422311545,79999.56422311545,1.0,24998.326827296194,79999.5639959778,0.0,False,False,True
C1,baseline,traditional_ac_480v,baseline,0.7,0.7200000000000001,0.7200000000000001,0.7200000000000001,1.0164057,1.0164057,0.9781772366504662,0.9891628950049611,480 V AC facility distribution,480.0,0.9781772366504662,False,0.0,0.0,79999.56444337845,79999.56444337845,1.0,24998.327583053117,79999.56422311545,0.0,False,False,True
C1,baseline,traditional_ac_480v,baseline,0.72,0.74,0.74,0.74,1.01641378,1.01641378,0.9781856902884375,0.9891712517534998,480 V AC facility distribution,480.0,0.9781856902884375,False,0.0,0.0,79999.56465571928,79999.56465571928,1.0,24998.32831168548,79999.56444337845,0.0,False,False,True
C1,baseline,traditional_ac_480v,baseline,0.74,0.76,0.76,0.76,1.01642154,1.01642154,0.9781938091215115,0.9891792775360415,480 V AC facility distribution,480.0,0.9781938091215115,False,0.0,0.0,79999.5648596165,79999.5648596165,1.0,24998.329011397524,79999.56465571928,0.0,False,False,True
C1,baseline,traditional_ac_480v,baseline,0.76,0.78,0.78,0.78,1.01642896,1.01642896,0.9782015722257795,0.9891869516682863,480 V AC facility distribution,480.0,0.9782015722257795,False,0.0,0.0,79999.56505454886,79999.56505454886,1.0,24998.329680393814,79999.5648596165,0.0,False,False,True
C1,baseline,traditional_ac_480v,baseline,0.78,0.8,0.8,0.8,1.01643601,1.01643601,0.9782089482149723,0.9891942431234728,480 V AC facility distribution,480.0,0.9782089482149723,False,0.0,0.0,79999.56523973268,79999.56523973268,1.0,24998.33031597767,79999.56505454886,0.0,False,False,True
C1,baseline,traditional_ac_480v,baseline,0.8,0.8200000000000001,0.8200000000000001,0.8200000000000001,1.01644267,1.01644267,0.9782159161652578,0.9892011312173604,480 V AC facility distribution,480.0,0.9782159161652578,False,0.0,0.0,79999.56541464695,79999.56541464695,1.0,24998.330916354345,79999.56523973268,0.0,False,False,True
C1,baseline,traditional_ac_480v,baseline,0.82,0.8400000000000001,0.8400000000000001,0.8400000000000001,1.01644893,1.01644893,0.9782224656151931,0.9892076056081928,480 V AC facility distribution,480.0,0.9782224656151931,False,0.0,0.0,79999.56557903344,79999.56557903344,1.0,24998.331480630513,79999.56541464695,0.0,False,False,True
C1,baseline,traditional_ac_480v,baseline,0.84,0.8600000000000001,0.8600000000000001,0.8600000000000001,1.01645478,1.01645478,0.9782285861033071,0.989213655954192,480 V AC facility distribution,480.0,0.9782285861033071,False,0.0,0.0,79999.56573263381,79999.56573263381,1.0,24998.33200791266,79999.56557903344,0.0,False,False,True
C1,baseline,traditional_ac_480v,baseline,0.86,0.88,0.88,0.88,1.01646021,1.01646021,0.9782342671680974,0.9892192719135561,480 V AC facility distribution,480.0,0.9782342671680974,False,0.0,0.0,79999.5658751895,79999.5658751895,1.0,24998.33249730698,79999.56573263381,0.0,False,False,True
C1,baseline,traditional_ac_480v,baseline,0.88,0.9,0.9,0.9,1.01646523,1.01646523,0.9782395192727411,0.9892244638293763,480 V AC facility distribution,480.0,0.9782395192727411,False,0.0,0.0,79999.56600696676,79999.56600696676,1.0,24998.332949721742,79999.5658751895,0.0,False,False,True
C1,baseline,traditional_ac_480v,baseline,0.9,0.92,0.92,0.92,1.01646984,1.01646984,0.9782443424179752,0.9892292317022191,480 V AC facility distribution,480.0,0.9782443424179752,False,0.0,0.0,79999.56612796908,79999.56612796908,1.0,24998.333365163337,79999.56600696676,0.0,False,False,True
C1,baseline,traditional_ac_480v,baseline,0.92,0.9400000000000001,0.9400000000000001,0.9400000000000001,1.01647403,1.01647403,0.9782487261421317,0.9892335651901552,480 V AC facility distribution,480.0,0.9782487261421317,False,0.0,0.0,79999.56623793709,79999.56623793709,1.0,24998.333742736526,79999.56612796908,0.0,False,False,True
C1,baseline,traditional_ac_480v,baseline,0.94,0.9600000000000001,0.9600000000000001,0.9600000000000001,1.01647782,1.01647782,0.978252691370527,0.9892374849785676,480 V AC facility distribution,480.0,0.978252691370527,False,0.0,0.0,79999.5663373986,79999.5663373986,1.0,24998.334084248905,79999.56623793709,0.0,False,False,True
C1,baseline,traditional_ac_480v,baseline,0.96,0.9800000000000001,0.9800000000000001,0.9800000000000001,1.01648122,1.01648122,0.9782562485660421,0.9892410014103187,480 V AC facility distribution,480.0,0.9782562485660421,False,0.0,0.0,79999.56642661852,79999.56642661852,1.0,24998.334390606193,79999.5663373986,0.0,False,False,True
C1,baseline,traditional_ac_480v,baseline,0.98,1.0,1.0,1.0,1.01648425,1.01648425,0.9782594186538209,0.9892441351706591,480 V AC facility distribution,480.0,0.9782594186538209,False,0.0,0.0,79999.56650612381,79999.56650612381,1.0,24998.334663614536,79999.56642661852,0.0,False,False,True
C1,baseline,traditional_ac_480v,baseline,1.0,1.02,1.02,1.02,0.10224176,0.10224176,0.0985663988881339,0.09962511183540547,480 V AC facility distribution,480.0,0.0985663988881339,False,0.0,0.0,777.2267991809194,777.2267991809194,1.0,242.88337474403727,79999.56650612381,0.020000000000000018,False,False,True
C1,baseline,traditional_ac_480v,baseline,1.02,1.04,1.04,1.04,0.09603573,0.09603573,0.09258346169601464,0.09357791123162201,480 V AC facility distribution,480.0,0.09258346169601464,False,0.0,0.0,685.7357903684593,0.0,0.0,214.2924344901435,777.2267991809194,0.040000000000000036,True,True,True
C1,baseline,traditional_ac_480v,baseline,1.04,1.06,1.06,1.06,0.09359132,0.09359132,0.09022692273281463,0.0911960604142888,480 V AC facility distribution,480.0,0.09022692273281463,False,0.0,0.0,651.2718068657778,0.0,0.0,203.5224396455555,685.7357903684593,0.06000000000000005,True,True,True
C1,baseline,traditional_ac_480v,baseline,1.06,1.08,1.08,1.08,0.92180008,0.92180008,0.8852838009179048,0.8957475143398616,480 V AC facility distribution,480.0,0.8852838009179048,False,0.0,0.0,68920.57328003141,68920.57328003141,1.0,21543.95374322493,651.2718068657778,0.0,False,False,True
C1,baseline,traditional_ac_480v,baseline,1.08,1.1,1.1,1.1,0.96187685,0.96187685,0.9235827631422762,0.9345528307506575,480 V AC facility distribution,480.0,0.9235827631422762,False,0.0,0.0,75377.44194371515,75377.44194371515,1.0,23562.79880667993,68920.57328003141,0.0,False,False,True
C1,baseline,traditional_ac_480v,baseline,1.1,1.12,1.12,1.12,0.98845837,0.98845837,0.9489857766219129,0.9602915337317489,480 V AC facility distribution,480.0,0.9489857766219129,False,0.0,0.0,79819.91102235885,79819.91102235885,1.0,24944.24473335169,75377.44194371515,0.0,False,False,True
C1,baseline,traditional_ac_480v,baseline,1.12,1.1400000000000001,1.1400000000000001,1.1400000000000001,1.00647662,1.00647662,0.9677830300183106,0.9788891275952316,480 V AC facility distribution,480.0,0.9677830300183106,False,0.0,0.0,79999.27529917931,79999.27529917931,1.0,24997.37942387165,79819.91102235885,0.0,False,False,True
C1,baseline,traditional_ac_480v,baseline,1.14,1.16,1.16,1.16,1.01971297,1.01971297,0.9816367926114132,0.9925829424660614,480 V AC facility distribution,480.0,0.9816367926114132,False,0.0,0.0,79999.64836576971,79999.64836576971,1.0,24998.620239418597,79999.27529917931,0.0,False,False,True
C1,baseline,traditional_ac_480v,baseline,1.16,1.18,1.18,1.18,1.03001763,1.03001763,0.9924110654917744,1.0032351073790269,480 V AC facility distribution,480.0,0.9924110654917744,False,0.0,0.0,79998.38974517409,79998.38974517409,1.0,24993.18077609864,79999.64836576971,0.0,False,False,True
C1,baseline,traditional_ac_480v,baseline,1.18,1.2,1.2,1.2,1.03833426,1.03833426,1.0010914443001977,1.0118207311362248,480 V AC facility distribution,480.0,1.0010914443001977,False,0.0,0.0,80000.21358913029,80000.21358913029,1.0,25000.96459827236,79998.38974517409,0.0,False,False,True
C1,baseline,traditional_ac_480v,baseline,1.2,1.22,1.22,1.22,1.04473439,1.04473439,1.0077666641731633,1.0184241512124073,480 V AC facility distribution,480.0,1.0077666641731633,False,0.0,0.0,80001.4252250847,80001.4252250847,1.0,25006.77786185794,80000.21358913029,0.0,False,False,True
C1,baseline,traditional_ac_480v,baseline,1.22,1.24,1.24,1.24,1.04928703,1.04928703,1.0125124849405578,1.0231194788324685,480 V AC facility distribution,480.0,1.0125124849405578,False,0.0,0.0,80002.19082066198,80002.19082066198,1.0,25010.822578128627,80001.4252250847,0.0,False,False,True
C1,baseline,traditional_ac_480v,baseline,1.24,1.26,1.26,1.26,1.05233282,1.05233282,1.0156863750811227,1.0262598537015126,480 V AC facility distribution,480.0,1.0156863750811227,False,0.0,0.0,80002.66004098968,80002.66004098968,1.0,25013.48759743549,80002.19082066198,0.0,False,False,True
C1,baseline,traditional_ac_480v,baseline,1.26,1.28,1.28,1.28,1.05417301,1.05417301,1.0176035217609436,1.0281568533939225,480 V AC facility distribution,480.0,1.0176035217609436,False,0.0,0.0,80002.92727043215,80002.92727043215,1.0,25015.082083655572,80002.66004098968,0.0,False,False,True
C1,baseline,traditional_ac_480v,baseline,1.28,1.3,1.3,1.3,1.05506589,1.05506589,1.0185336238595326,1.0290772074988028,480 V AC facility distribution,480.0,1.0185336238595326,False,0.0,0.0,80003.052590056,80003.052590056,1.0,25015.851540273536,80002.92727043215,0.0,False,False,True
C1,baseline,traditional_ac_480v,baseline,1.3,1.32,1.32,1.32,1.05522922,1.05522922,1.0187037543883453,1.0292455568176735,480 V AC facility distribution,480.0,1.0187037543883453,False,0.0,0.0,80003.07520959561,80003.07520959561,1.0,25015.99199728347,80003.052590056,0.0,False,False,True
C1,baseline,traditional_ac_480v,baseline,1.32,1.34,1.34,1.34,1.05484347,1.05484347,1.0183019388808563,1.0288479491060283,480 V AC facility distribution,480.0,1.0183019388808563,False,0.0,0.0,80003.02163597266,80003.02163597266,1.0,25015.660121386605,80003.07520959561,0.0,False,False,True
C1,baseline,traditional_ac_480v,baseline,1.34,1.36,1.36,1.36,1.05405573,1.05405573,1.017481346907305,1.028035960276209,480 V AC facility distribution,480.0,1.017481346907305,False,0.0,0.0,80002.91059984012,80002.91059984012,1.0,25014.980811804155,80003.02163597266,0.0,False,False,True
C1,baseline,traditional_ac_480v,baseline,1.36,1.38,1.38,1.38,1.05298388,1.05298388,1.0163646999521028,1.026931041802877,480 V AC facility distribution,480.0,1.0163646999521028,False,0.0,0.0,80002.75597271958,80002.75597271958,1.0,25014.05306633091,80002.91059984012,0.0,False,False,True
C1,baseline,traditional_ac_480v,baseline,1.38,1.4,1.4,1.4,1.05172076,1.05172076,1.0150486458157346,1.0256288424641575,480 V AC facility distribution,480.0,1.0150486458157346,False,0.0,0.0,80002.56846241152,80002.56846241152,1.0,25012.95465857359,80002.75597271958,0.0,False,False,True
C1,baseline,traditional_ac_480v,baseline,1.4,1.42,1.42,1.42,1.05033816,1.05033816,1.0136079261326152,1.0242033296916906,480 V AC facility distribution,480.0,1.0136079261326152,False,0.0,0.0,80002.356585643,80002.356585643,1.0,25011.745975083548,80002.56846241152,0.0,False,False,True
C1,baseline,traditional_ac_480v,baseline,1.42,1.44,1.44,1.44,1.04889056,1.04889056,1.0120992732240008,1.0227106453783983,480 V AC facility distribution,480.0,1.0120992732240008,False,0.0,0.0,80002.12723740336,80002.12723740336,1.0,25010.473275147007,80002.356585643,0.0,False,False,True
C1,baseline,traditional_ac_480v,baseline,1.44,1.46,1.46,1.46,1.04741839,1.04741839,1.0105648022437321,1.0211924633155705,480 V AC facility distribution,480.0,1.0105648022437321,False,0.0,0.0,80001.88602167364,80001.88602167364,1.0,25009.171370174183,80002.12723740336,0.0,False,False,True
C1,baseline,traditional_ac_480v,baseline,1.46,1.48,1.48,1.48,1.04595092,1.04595092,1.0090350164437665,1.0196789641272241,480 V AC facility distribution,480.0,1.0090350164437665,False,0.0,0.0,80001.63747420406,80001.63747420406,1.0,25007.865931566965,80001.88602167364,0.0,False,False,True
C1,baseline,traditional_ac_480v,baseline,1.48,1.5,1.5,1.5,1.04450882,1.04450882,1.0075314689898922,1.0181914702836885,480 V AC facility distribution,480.0,1.0075314689898922,False,0.0,0.0,80001.38524660467,80001.38524660467,1.0,25006.575523915773,80001.63747420406,0.0,False,False,True
C1,baseline,traditional_ac_480v,baseline,1.5,1.52,1.52,1.52,1.04310616,1.04310616,1.0060688422751762,1.0167445045282528,480 V AC facility distribution,480.0,1.0060688422751762,False,0.0,0.0,80001.13223945917,80001.13223945917,1.0,25005.31318449326,80001.38524660467,0.0,False,False,True
C1,baseline,traditional_ac_480v,baseline,1.52,1.54,1.54,1.54,1.0417522,1.0417522,1.0046568097550568,1.015347632819327,480 V AC facility distribution,480.0,1.0046568097550568,False,0.0,0.0,80000.88075070104,80000.88075070104,1.0,25004.087866484722,80001.13223945917,0.0,False,False,True
C1,baseline,traditional_ac_480v,baseline,1.54,1.56,1.56,1.56,1.04045274,1.04045274,1.0033014404010157,1.0140068544700442,480 V AC facility distribution,480.0,1.0033014404010157,False,0.0,0.0,80000.63259632571,80000.63259632571,1.0,25002.905536847837,80000.88075070104,0.0,False,False,True
C1,baseline,traditional_ac_480v,baseline,1.56,1.58,1.58,1.58,1.03921124,1.03921124,1.0020063644714106,1.012725755904758,480 V AC facility distribution,480.0,1.0020063644714106,False,0.0,0.0,80000.38923180377,80000.38923180377,1.0,25001.770108099387,80000.63259632571,0.0,False,False,True
C1,baseline,traditional_ac_480v,baseline,1.58,1.6,1.6,1.6,1.03802963,1.03802963,1.0007736168827042,1.0115063452783137,480 V AC facility distribution,480.0,1.0007736168827042,False,0.0,0.0,80000.15184929615,80000.15184929615,1.0,25000.684121616567,80000.38923180377,0.0,False,False,True
C1,baseline,traditional_ac_480v,baseline,1.6,1.62,1.62,1.62,1.03690893,1.03690893,0.9996042830583961,1.0103496915546584,480 V AC facility distribution,480.0,0.9996042830583961,False,0.0,0.0,79999.9214632201,79999.9214632201,1.0,24999.649281509544,80000.15184929615,0.0,False,False,True
C1,baseline,traditional_ac_480v,baseline,1.62,1.6400000000000001,1.6400000000000001,1.6400000000000001,1.03584964,1.03584964,0.9984989052890395,1.0092563265845482,480 V AC facility distribution,480.0,0.9984989052890395,False,0.0,0.0,79999.69896741473,79999.69896741473,1.0,24998.666793899145,79999.9214632201,0.0,False,False,True
C1,baseline,traditional_ac_480v,baseline,1.64,1.6600000000000001,1.6600000000000001,1.6600000000000001,1.03485201,1.03485201,0.9974577641717611,1.0082265235538888,480 V AC facility distribution,480.0,0.9974577641717611,False,0.0,0.0,79999.48517875376,79999.48517875376,1.0,24997.737605793736,79999.69896741473,0.0,False,False,True
C1,baseline,traditional_ac_480v,baseline,1.66,1.6800000000000002,1.6800000000000002,1.6800000000000002,1.03391617,1.03391617,0.9964810141266766,1.0072604310576763,480 V AC facility distribution,480.0,0.9964810141266766,False,0.0,0.0,79999.28085793933,79999.28085793933,1.0,24996.862520235572,79999.48517875376,0.0,False,False,True
C1,baseline,traditional_ac_480v,baseline,1.68,1.7000000000000002,1.7000000000000002,1.7000000000000002,1.03304214,1.03304214,0.9955686937450179,1.0063580833543009,480 V AC facility distribution,480.0,0.9955686937450179,False,0.0,0.0,79999.08670716846,79999.08670716846,1.0,24996.04220207088,79999.28085793933,0.0,False,False,True
C1,baseline,traditional_ac_480v,baseline,1.7,1.7200000000000002,1.7200000000000002,1.7200000000000002,1.03222984,1.03222984,0.9947207361541951,1.0055194106328664,480 V AC facility distribution,480.0,0.9947207361541951,False,0.0,0.0,79998.90336848181,79998.90336848181,1.0,24995.277184343096,79999.08670716846,0.0,False,False,True
C1,baseline,traditional_ac_480v,baseline,1.72,1.74,1.74,1.74,1.03147894,1.03147894,0.9939368123558823,1.004744084083198,480 V AC facility distribution,480.0,0.9939368123558823,False,0.0,0.0,79998.7313858713,79998.7313858713,1.0,24994.567723876582,79998.90336848181,0.0,False,False,True
C1,baseline,traditional_ac_480v,baseline,1.74,1.76,1.76,1.76,1.03078885,1.03078885,0.993216320682028,1.0040315054899267,480 V AC facility distribution,480.0,0.993216320682028,False,0.0,0.0,79998.57119787917,79998.57119787917,1.0,24993.91378769748,79998.7313858713,0.0,False,False,True
C1,baseline,traditional_ac_480v,baseline,1.76,1.78,1.78,1.78,1.03015855,1.03015855,0.9925582092063009,1.0033806316157339,480 V AC facility distribution,480.0,0.9925582092063009,False,0.0,0.0,79998.42309324617,79998.42309324617,1.0,24993.314887997578,79998.57119787917,0.0,False,False,True
C1,baseline,traditional_ac_480v,baseline,1.78,1.8,1.8,1.8,1.02958653,1.02958653,0.9919609129832582,1.0027899121552164,480 V AC facility distribution,480.0,0.9919609129832582,False,0.0,0.0,79998.28719137558,79998.28719137558,1.0,24992.77002066964,79998.42309324617,0.0,False,False,True
C1,baseline,traditional_ac_480v,baseline,1.8,1.82,1.82,1.82,1.02907072,1.02907072,0.9914222808651059,1.0022572173768538,480 V AC facility distribution,480.0,0.9914222808651059,False,0.0,0.0,79998.16342126198,79998.16342126198,1.0,24992.27759505192,79998.28719137558,0.0,False,False,True
C1,baseline,traditional_ac_480v,baseline,1.82,1.84,1.84,1.84,1.02860847,1.02860847,0.9909395545571494,1.0017798174220582,480 V AC facility distribution,480.0,0.9909395545571494,False,0.0,0.0,79998.05151356342,79998.05151356342,1.0,24991.835412404347,79998.16342126198,0.0,False,False,True
C1,baseline,traditional_ac_480v,baseline,1.84,1.86,1.86,1.86,1.02819653,1.02819653,0.9905093477134833,1.00135436163523,480 V AC facility distribution,480.0,0.9905093477134833,False,0.0,0.0,79997.95099440764,79997.95099440764,1.0,24991.440645901064,79998.05151356342,0.0,False,False,True
C1,baseline,traditional_ac_480v,baseline,1.86,1.88,1.88,1.88,1.02783108,1.02783108,0.9901276772899841,1.0009769095652337,480 V AC facility distribution,480.0,0.9901276772899841,False,0.0,0.0,79997.86119314362,79997.86119314362,1.0,24991.089870056345,79997.95099440764,0.0,False,False,True
C1,baseline,traditional_ac_480v,baseline,1.88,1.9,1.9,1.9,1.02750782,1.02750782,0.9897900576060932,1.0006430239726096,480 V AC facility distribution,480.0,0.9897900576060932,False,0.0,0.0,79997.78126681973,79997.78126681973,1.0,24990.77914946741,79997.86119314362,0.0,False,False,True
C1,baseline,traditional_ac_480v,baseline,1.9,1.92,1.92,1.92,1.02722204,1.02722204,0.9894915735595627,1.0003478432112738,480 V AC facility distribution,480.0,0.9894915735595627,False,0.0,0.0,79997.71022152525,79997.71022152525,1.0,24990.504109901292,79997.78126681973,0.0,False,False,True
C1,baseline,traditional_ac_480v,baseline,1.92,1.94,1.94,1.94,1.02696874,1.02696874,0.9892270060892439,1.0000862052745325,480 V AC facility distribution,480.0,0.9892270060892439,False,0.0,0.0,79997.64694729858,79997.64694729858,1.0,24990.260058471933,79997.71022152525,0.0,False,False,True
C1,baseline,traditional_ac_480v,baseline,1.94,1.96,1.96,1.96,1.02674274,1.02674274,0.9889909472101787,0.9998527615251375,480 V AC facility distribution,480.0,0.9889909472101787,False,0.0,0.0,79997.590251323,79997.590251323,1.0,24990.042094843644,79997.64694729858,0.0,False,False,True
C1,baseline,traditional_ac_480v,baseline,1.96,1.98,1.98,1.98,1.02653886,1.02653886,0.9887779881689703,0.9996421627345811,480 V AC facility distribution,480.0,0.9887779881689703,False,0.0,0.0,79997.53890893907,79997.53890893907,1.0,24989.845290139587,79997.590251323,0.0,False,False,True
C1,baseline,traditional_ac_480v,baseline,1.98,2.0,2.0,2.0,1.026352,1.026352,0.9885828031436453,0.9994491418251203,480 V AC facility distribution,480.0,0.9885828031436453,False,0.0,0.0,79997.49168942224,79997.49168942224,1.0,24989.664769247596,79997.53890893907,0.0,False,False,True
C1,baseline,traditional_ac_480v,baseline,2.0,2.02,2.02,2.02,1.02617732,1.02617732,0.9884003373825747,0.9992686998964566,480 V AC facility distribution,480.0,0.9884003373825747,False,0.0,0.0,79997.4474063908,79997.4474063908,1.0,24989.49588914307,79997.49168942224,0.0,False,False,True
C1,baseline,traditional_ac_480v,baseline,2.02,2.04,2.04,2.04,1.02601032,1.02601032,0.9882258908737607,0.9990961889442616,480 V AC facility distribution,480.0,0.9882258908737607,False,0.0,0.0,79997.40494236659,79997.40494236659,1.0,24989.33432007537,79997.4474063908,0.0,False,False,True
C1,baseline,traditional_ac_480v,baseline,2.04,2.06,2.06,2.06,1.02584694,1.02584694,0.9880552228862921,0.9989274152236004,480 V AC facility distribution,480.0,0.9880552228862921,False,0.0,0.0,79997.36327761774,79997.36327761774,1.0,24989.17614537815,79997.40494236659,0.0,False,False,True
C1,baseline,traditional_ac_480v,baseline,2.06,2.08,2.08,2.08,1.02568367,1.02568367,0.9878846669445024,0.9987587529322043,480 V AC facility distribution,480.0,0.9878846669445024,False,0.0,0.0,79997.32152100322,79997.32152100322,1.0,24989.01797046612,79997.36327761774,0.0,False,False,True
C1,baseline,traditional_ac_480v,baseline,2.08,2.1,2.1,2.1,1.02551755,1.02551755,0.9877111308838259,0.9985871442534489,480 V AC facility distribution,480.0,0.9877111308838259,False,0.0,0.0,79997.27891229288,79997.27891229288,1.0,24988.85692491145,79997.32152100322,0.0,False,False,True
C1,baseline,traditional_ac_480v,baseline,2.1,2.12,2.12,2.12,1.02534623,1.02534623,0.9875321595753873,0.9984101613741965,480 V AC facility distribution,480.0,0.9875321595753873,False,0.0,0.0,79997.2348394701,79997.2348394701,1.0,24988.690722322306,79997.27891229288,0.0,False,False,True
C1,baseline,traditional_ac_480v,baseline,2.12,2.14,2.14,2.14,1.02516795,1.02516795,0.9873459140769668,0.9982259858577072,480 V AC facility distribution,480.0,0.9873459140769668,False,0.0,0.0,79997.18883542587,79997.18883542587,1.0,24988.51764258388,79997.2348394701,0.0,False,False,True
C1,baseline,traditional_ac_480v,baseline,2.14,2.16,2.16,2.16,1.02498154,1.02498154,0.9871511716761169,0.9980334086768228,480 V AC facility distribution,480.0,0.9871511716761169,False,0.0,0.0,79997.14057975702,79997.14057975702,1.0,24988.336533463713,79997.18883542587,0.0,False,False,True
C1,baseline,traditional_ac_480v,baseline,2.16,2.18,2.18,2.18,1.02478633,1.02478633,0.9869472319116568,0.9978317372706047,480 V AC facility distribution,480.0,0.9869472319116568,False,0.0,0.0,79997.08987732402,79997.08987732402,1.0,24988.146724826052,79997.14057975702,0.0,False,False,True
C1,baseline,traditional_ac_480v,baseline,2.18,2.2,2.2,2.2,1.02458212,1.02458212,0.9867338852751512,0.9976207645844951,480 V AC facility distribution,480.0,0.9867338852751512,False,0.0,0.0,79997.03665226218,79997.03665226218,1.0,24987.94800106778,79997.08987732402,0.0,False,False,True
C1,baseline,traditional_ac_480v,baseline,2.2,2.22,2.22,2.22,1.02436911,1.02436911,0.9865113401240506,0.9974006967868385,480 V AC facility distribution,480.0,0.9865113401240506,False,0.0,0.0,79996.98093162593,79996.98093162593,1.0,24987.740534679207,79997.03665226218,0.0,False,False,True
C1,baseline,traditional_ac_480v,baseline,2.22,2.24,2.24,2.24,1.0241478,1.0241478,0.986280118247592,0.9971720499880692,480 V AC facility distribution,480.0,0.986280118247592,False,0.0,0.0,79996.92282100902,79996.92282100902,1.0,24987.524790425778,79996.98093162593,0.0,False,False,True
C1,baseline,traditional_ac_480v,baseline,2.24,2.26,2.26,2.26,1.02391894,1.02391894,0.9860410026645896,0.9969355986117304,480 V AC facility distribution,480.0,0.9860410026645896,False,0.0,0.0,79996.86249298204,79996.86249298204,1.0,24987.301477994348,79996.92282100902,0.0,False,False,True
C1,baseline,traditional_ac_480v,baseline,2.26,2.2800000000000002,2.2800000000000002,2.2800000000000002,1.02368342,1.02368342,0.9857949227262368,0.9966922617704277,480 V AC facility distribution,480.0,0.9857949227262368,False,0.0,0.0,79996.8001594537,79996.8001594537,1.0,24987.0714458601,79996.86249298204,0.0,False,False,True
C1,baseline,traditional_ac_480v,baseline,2.28,2.3,2.3,2.3,1.02344226,1.02344226,0.9855429436915362,0.9964430929522554,480 V AC facility distribution,480.0,0.9855429436915362,False,0.0,0.0,79996.7360700359,79996.7360700359,1.0,24986.8356724119,79996.8001594537,0.0,False,False,True
C1,baseline,traditional_ac_480v,baseline,2.3,2.32,2.32,2.32,1.02319651,1.02319651,0.9852861622605263,0.996189176714841,480 V AC facility distribution,480.0,0.9852861622605263,False,0.0,0.0,79996.67048630046,79996.67048630046,1.0,24986.595168917265,79996.7360700359,0.0,False,False,True
C1,baseline,traditional_ac_480v,baseline,2.32,2.34,2.34,2.34,1.02294723,1.02294723,0.9850256856856099,0.9959316080277609,480 V AC facility distribution,480.0,0.9850256856856099,False,0.0,0.0,79996.60367683813,79996.60367683813,1.0,24986.35096029393,79996.67048630046,0.0,False,False,True
C1,baseline,traditional_ac_480v,baseline,2.34,2.36,2.36,2.36,1.02269546,1.02269546,0.9847626004290828,0.9956714612788824,480 V AC facility distribution,480.0,0.9847626004290828,False,0.0,0.0,79996.53590944213,79996.53590944213,1.0,24986.104055911113,79996.60367683813,0.0,False,False,True
C1,baseline,traditional_ac_480v,baseline,2.36,2.38,2.38,2.38,1.02244225,1.02244225,0.9844980035136034,0.9954098212741944,480 V AC facility distribution,480.0,0.9844980035136034,False,0.0,0.0,79996.46745928831,79996.46745928831,1.0,24985.855479095684,79996.53590944213,0.0,False,False,True
C1,baseline,traditional_ac_480v,baseline,2.38,2.4,2.4,2.4,1.02218857,1.02218857,0.9842329084750089,0.9951476902415931,480 V AC facility distribution,480.0,0.9842329084750089,False,0.0,0.0,79996.39858462513,79996.39858462513,1.0,24985.60617878875,79996.46745928831,0.0,False,False,True
C1,baseline,traditional_ac_480v,baseline,2.4,2.42,2.42,2.42,1.02193543,1.02193543,0.983968370757315,0.9948861118248936,480 V AC facility distribution,480.0,0.983968370757315,False,0.0,0.0,79996.32955916542,79996.32955916542,1.0,24985.357147300405,79996.39858462513,0.0,False,False,True
C1,baseline,traditional_ac_480v,baseline,2.42,2.44,2.44,2.44,1.02168379,1.02168379,0.9837053936624447,0.9946260780852363,480 V AC facility distribution,480.0,0.9837053936624447,False,0.0,0.0,79996.26064764468,79996.26064764468,1.0,24985.109331850297,79996.32955916542,0.0,False,False,True
C1,baseline,traditional_ac_480v,baseline,2.44,2.46,2.46,2.46,1.02143463,1.02143463,0.9834450014991073,0.9943686018323145,480 V AC facility distribution,480.0,0.9834450014991073,False,0.0,0.0,79996.19212479837,79996.19212479837,1.0,24984.86370332734,79996.26064764468,0.0,False,False,True
C1,baseline,traditional_ac_480v,baseline,2.46,2.48,2.48,2.48,1.02118898,1.02118898,0.9831882709372753,0.9941147476272911,480 V AC facility distribution,480.0,0.9831882709372753,False,0.0,0.0,79996.12428371348,79996.12428371348,1.0,24984.621285946225,79996.19212479837,0.0,False,False,True
C1,baseline,traditional_ac_480v,baseline,2.48,2.5,2.5,2.5,1.02094788,1.02094788,0.9829362892059513,0.9938655904484678,480 V AC facility distribution,480.0,0.9829362892059513,False,0.0,0.0,79996.05742488256,79996.05742488256,1.0,24984.38311785526,79996.12428371348,0.0,False,False,True
C1,baseline,traditional_ac_480v,baseline,2.5,2.52,2.52,2.52,1.02071239,1.02071239,0.9826819768396643,0.993616246476663,480 V AC facility distribution,480.0,0.9826819768396643,False,0.0,0.0,79999.67256172418,79999.67256172418,1.0,24998.70650528166,79996.05742488256,0.0,False,False,True
C1,baseline,traditional_ac_480v,baseline,2.52,2.54,2.54,2.54,1.02048365,1.02048365,0.9824427730373196,0.99337975933551,480 V AC facility distribution,480.0,0.9824427730373196,False,0.0,0.0,79999.66707101332,79999.66707101332,1.0,24998.68684911954,79999.67256172418,0.0,False,False,True
C1,baseline,traditional_ac_480v,baseline,2.54,2.56,2.56,2.56,1.02026278,1.02026278,0.9822117934070159,0.9931514042465972,480 V AC facility distribution,480.0,0.9822117934070159,False,0.0,0.0,79999.6617427377,79999.6617427377,1.0,24998.667819907605,79999.66707101332,0.0,False,False,True
C1,baseline,traditional_ac_480v,baseline,2.56,2.58,2.58,2.58,1.02005092,1.02005092,0.9819902307810014,0.9929323603451208,480 V AC facility distribution,480.0,0.9819902307810014,False,0.0,0.0,79999.656607325,79999.656607325,1.0,24998.649521310654,79999.6617427377,0.0,False,False,True
C1,baseline,traditional_ac_480v,baseline,2.58,2.6,2.6,2.6,1.0198492,1.0198492,0.9817792676217565,0.9927237964950628,480 V AC facility distribution,480.0,0.9817792676217565,False,0.0,0.0,79999.65169536765,79999.65169536765,1.0,24998.632056890085,79999.656607325,0.0,False,False,True
C1,baseline,traditional_ac_480v,baseline,2.6,2.62,2.62,2.62,1.01965868,1.01965868,0.981580013256746,0.9925268092412792,480 V AC facility distribution,480.0,0.981580013256746,False,0.0,0.0,79999.64703609038,79999.64703609038,1.0,24998.615524775672,79999.65169536765,0.0,False,False,True
C1,baseline,traditional_ac_480v,baseline,2.62,2.64,2.64,2.64,1.01948036,1.01948036,0.9813935143156035,0.9923424331325988,480 V AC facility distribution,480.0,0.9813935143156035,False,0.0,0.0,79999.64265749816,79999.64265749816,1.0,24998.600018353834,79999.64703609038,0.0,False,False,True
C1,baseline,traditional_ac_480v,baseline,2.64,2.66,2.66,2.66,1.01931509,1.01931509,0.9812206605788959,0.9921715476473668,480 V AC facility distribution,480.0,0.9812206605788959,False,0.0,0.0,79999.63858406068,79999.63858406068,1.0,24998.585618244215,79999.64265749816,0.0,False,False,True
C1,baseline,traditional_ac_480v,baseline,2.66,2.68,2.68,2.68,1.01916359,1.01916359,0.9810622058679421,0.9920148978515198,480 V AC facility distribution,480.0,0.9810622058679421,False,0.0,0.0,79999.63483707779,79999.63483707779,1.0,24998.572393804454,79999.63858406068,0.0,False,False,True
C1,baseline,traditional_ac_480v,baseline,2.68,2.7,2.7,2.7,1.01902639,1.01902639,0.9809187052647914,0.9918730323393038,480 V AC facility distribution,480.0,0.9809187052647914,False,0.0,0.0,79999.63143307752,79999.63143307752,1.0,24998.56039767323,79999.63483707779,0.0,False,False,True
C1,baseline,traditional_ac_480v,baseline,2.7,2.72,2.72,2.72,1.01890379,1.01890379,0.9807904732484889,0.991746261852432,480 V AC facility distribution,480.0,0.9807904732484889,False,0.0,0.0,79999.6283827009,79999.6283827009,1.0,24998.549662042773,79999.63143307752,0.0,False,False,True
C1,baseline,traditional_ac_480v,baseline,2.72,2.74,2.74,2.74,1.01879589,1.01879589,0.9806776150498826,0.9916346902826356,480 V AC facility distribution,480.0,0.9806776150498826,False,0.0,0.0,79999.62569134038,79999.62569134038,1.0,24998.540201085063,79999.6283827009,0.0,False,False,True
C1,baseline,traditional_ac_480v,baseline,2.74,2.76,2.76,2.76,1.01870253,1.01870253,0.98057996387705,0.9915381526165734,480 V AC facility distribution,480.0,0.98057996387705,False,0.0,0.0,79999.62335756252,79999.62335756252,1.0,24998.53200553993,79999.62569134038,0.0,False,False,True
C1,baseline,traditional_ac_480v,baseline,2.76,2.7800000000000002,2.7800000000000002,2.7800000000000002,1.01862331,1.01862331,0.9804971018208288,0.99145623560599,480 V AC facility distribution,480.0,0.9804971018208288,False,0.0,0.0,79999.62137354416,79999.62137354416,1.0,24998.525044351365,79999.62335756252,0.0,False,False,True
C1,baseline,traditional_ac_480v,baseline,2.78,2.8,2.8,2.8,1.01855761,1.01855761,0.9804283807678528,0.991388298443647,480 V AC facility distribution,480.0,0.9804283807678528,False,0.0,0.0,79999.6197255428,79999.6197255428,1.0,24998.51926636818,79999.62137354416,0.0,False,False,True
C1,baseline,traditional_ac_480v,baseline,2.8,2.8200000000000003,2.8200000000000003,2.8200000000000003,1.01850457,1.01850457,0.9803729014803279,0.991333452081851,480 V AC facility distribution,480.0,0.9803729014803279,False,0.0,0.0,79999.61839339159,79999.61839339159,1.0,24998.51459857855,79999.6197255428,0.0,False,False,True
C1,baseline,traditional_ac_480v,baseline,2.82,2.84,2.84,2.84,1.01846314,1.01846314,0.9803295658996944,0.9912906109385058,480 V AC facility distribution,480.0,0.9803295658996944,False,0.0,0.0,79999.61735177366,79999.61735177366,1.0,24998.51095054473,79999.61839339159,0.0,False,False,True
C1,baseline,traditional_ac_480v,baseline,2.84,2.8600000000000003,2.8600000000000003,2.8600000000000003,1.0184321,1.0184321,0.9802970980755987,0.9912585135852997,480 V AC facility distribution,480.0,0.9802970980755987,False,0.0,0.0,79999.61657076603,79999.61657076603,1.0,24998.50821624081,79999.61735177366,0.0,False,False,True
C1,baseline,traditional_ac_480v,baseline,2.86,2.88,2.88,2.88,1.01841009,1.01841009,0.9802740755575899,0.9912357537786435,480 V AC facility distribution,480.0,0.9802740755575899,False,0.0,0.0,79999.61601664781,79999.61601664781,1.0,24998.50627679469,79999.61657076603,0.0,False,False,True
C1,baseline,traditional_ac_480v,baseline,2.88,2.9,2.9,2.9,1.01839566,1.01839566,0.9802589817083539,0.991220832173081,480 V AC facility distribution,480.0,0.9802589817083539,False,0.0,0.0,79999.61565321879,79999.61565321879,1.0,24998.505005005623,79999.61601664781,0.0,False,False,True
C1,baseline,traditional_ac_480v,baseline,2.9,2.92,2.92,2.92,1.0183873,1.0183873,0.9802502370969348,0.9912121873533978,480 V AC facility distribution,480.0,0.9802502370969348,False,0.0,0.0,79999.61544261489,79999.61544261489,1.0,24998.50426809978,79999.61565321879,0.0,False,False,True
C1,baseline,traditional_ac_480v,baseline,2.92,2.94,2.94,2.94,1.01838348,1.01838348,0.9802462413506784,0.9912082372063944,480 V AC facility distribution,480.0,0.9802462413506784,False,0.0,0.0,79999.61534636933,79999.61534636933,1.0,24998.50393135605,79999.61544261489,0.0,False,False,True
C1,baseline,traditional_ac_480v,baseline,2.94,2.96,2.96,2.96,1.0183827,1.0183827,0.9802454254651042,0.9912074306317115,480 V AC facility distribution,480.0,0.9802454254651042,False,0.0,0.0,79999.61532671617,79999.61532671617,1.0,24998.503862595047,79999.61534636933,0.0,False,False,True
C1,baseline,traditional_ac_480v,baseline,2.96,2.98,2.98,2.98,1.01838351,1.01838351,0.9802462727308916,0.9912082682284968,480 V AC facility distribution,480.0,0.9802462727308916,False,0.0,0.0,79999.61534712525,79999.61534712525,1.0,24998.503934000688,79999.61532671617,0.0,False,False,True
C1,baseline,traditional_ac_480v,baseline,2.98,3.0,3.0,3.0,1.01838453,1.01838453,0.9802473396580687,0.9912093229799185,480 V AC facility distribution,480.0,0.9802473396580687,False,0.0,0.0,79999.61537282508,79999.61537282508,1.0,24998.50402391798,79999.61534712525,0.0,False,False,True
C2,local_34p5kv,ac_corridor_sst_800vdc,local_34p5kv,0.0,0.02,0.02,0.02,1.01660454,1.01660454,0.9783852692053562,0.9893685437393305,800 V DC SST output,800.0,0.9783852692053562,False,0.0,0.0,79999.56965835202,79999.56965835202,1.0,24998.345494288922,0.0,0.0,False,False,True
C2,local_34p5kv,ac_corridor_sst_800vdc,local_34p5kv,0.02,0.04,0.04,0.04,1.01656852,1.01656852,0.9783475843185433,0.989331290602378,800 V DC SST output,800.0,0.9783475843185433,False,0.0,0.0,79999.56871527918,79999.56871527918,1.0,24998.342252687493,0.0,0.0,False,False,True
C2,local_34p5kv,ac_corridor_sst_800vdc,local_34p5kv,0.04,0.060000000000000005,0.060000000000000005,0.060000000000000005,1.01670801,1.01670801,0.9784935208478805,0.9894755553486713,800 V DC SST output,800.0,0.9784935208478805,False,0.0,0.0,79999.57236340482,79999.57236340482,1.0,24998.354798566834,79999.56871527918,0.0,False,False,True
C2,local_34p5kv,ac_corridor_sst_800vdc,local_34p5kv,0.06,0.08,0.08,0.08,1.01681083,1.01681083,0.9786010911846347,0.9895818937343005,800 V DC SST output,800.0,0.9786010911846347,False,0.0,0.0,79999.5750456042,79999.5750456042,1.0,24998.364033452926,79999.57236340482,0.0,False,False,True
C2,local_34p5kv,ac_corridor_sst_800vdc,local_34p5kv,0.08,0.1,0.1,0.1,1.01684617,1.01684617,0.9786380636191088,0.9896184428052275,800 V DC SST output,800.0,0.9786380636191088,False,0.0,0.0,79999.57596614811,79999.57596614811,1.0,24998.36720503529,79999.5750456042,0.0,False,False,True
C2,local_34p5kv,ac_corridor_sst_800vdc,local_34p5kv,0.1,0.12000000000000001,0.12000000000000001,0.12000000000000001,1.01682941,1.01682941,0.9786205294554268,0.9896011094174805,800 V DC SST output,800.0,0.9786205294554268,False,0.0,0.0,79999.57552966598,79999.57552966598,1.0,24998.365701072355,79999.57596614811,0.0,False,False,True
C2,local_34p5kv,ac_corridor_sst_800vdc,local_34p5kv,0.12,0.14,0.14,0.14,1.01678109,1.01678109,0.9785699773112141,0.989551136164606,800 V DC SST output,800.0,0.9785699773112141,False,0.0,0.0,79999.57427039606,79999.57427039606,1.0,24998.361363444208,79999.57552966598,0.0,False,False,True
C2,local_34p5kv,ac_corridor_sst_800vdc,local_34p5kv,0.14,0.16,0.16,0.16,1.01671722,1.01671722,0.9785031564061148,0.989485080544226,800 V DC SST output,800.0,0.9785031564061148,False,0.0,0.0,79999.57260389831,79999.57260389831,1.0,24998.355626217235,79999.57427039606,0.0,False,False,True
C2,local_34p5kv,ac_corridor_sst_800vdc,local_34p5kv,0.16,0.18000000000000002,0.18000000000000002,0.18000000000000002,1.01664852,1.01664852,0.9784312818024189,0.989414029223327,800 V DC SST output,800.0,0.9784312818024189,False,0.0,0.0,79999.57080885993,79999.57080885993,1.0,24998.349450429592,79999.57260389831,0.0,False,False,True
C2,local_34p5kv,ac_corridor_sst_800vdc,local_34p5kv,0.18,0.2,0.2,0.2,1.01658159,1.01658159,0.9783612584472657,0.9893448080648162,800 V DC SST output,800.0,0.9783612584472657,False,0.0,0.0,79999.56905755989,79999.56905755989,1.0,24998.343429070366,79999.57080885993,0.0,False,False,True
C2,local_34p5kv,ac_corridor_sst_800vdc,local_34p5kv,0.2,0.22,0.22,0.22,1.01652022,1.01652022,0.9782970515921732,0.989281336874894,800 V DC SST output,800.0,0.9782970515921732,False,0.0,0.0,79999.5674495656,79999.5674495656,1.0,24998.337903849748,79999.56905755989,0.0,False,False,True
C2,local_34p5kv,ac_corridor_sst_800vdc,local_34p5kv,0.22,0.24000000000000002,0.24000000000000002,0.24000000000000002,1.01646632,1.01646632,0.9782406596695655,0.9892255911574047,800 V DC SST output,800.0,0.9782406596695655,False,0.0,0.0,79999.56603557794,79999.56603557794,1.0,24998.333047951783,79999.5674495656,0.0,False,False,True
C2,local_34p5kv,ac_corridor_sst_800vdc,local_34p5kv,0.24,0.26,0.26,0.26,1.01642061,1.01642061,0.9781928361174117,0.989178315683529,800 V DC SST output,800.0,0.9781928361174117,False,0.0,0.0,79999.56483518211,79999.56483518211,1.0,24998.328927543575,79999.56603557794,0.0,False,False,True
C2,local_34p5kv,ac_corridor_sst_800vdc,local_34p5kv,0.26,0.28,0.28,0.28,1.01638305,1.01638305,0.9781535392202052,0.9891394691864818,800 V DC SST output,800.0,0.9781535392202052,False,0.0,0.0,79999.56384794801,79999.56384794801,1.0,24998.325540177706,79999.56483518211,0.0,False,False,True
C2,local_34p5kv,ac_corridor_sst_800vdc,local_34p5kv,0.28,0.30000000000000004,0.30000000000000004,0.30000000000000004,1.01635317,1.01635317,0.978122277350741,0.9891085656503644,800 V DC SST output,800.0,0.978122277350741,False,0.0,0.0,79999.563062018,79999.563062018,1.0,24998.322844393253,79999.56384794801,0.0,False,False,True
C2,local_34p5kv,ac_corridor_sst_800vdc,local_34p5kv,0.3,0.32,0.32,0.32,1.01633025,1.01633025,0.9780982972901027,0.9890848604725573,800 V DC SST output,800.0,0.9780982972901027,False,0.0,0.0,79999.56245882058,79999.56245882058,1.0,24998.320775916043,79999.563062018,0.0,False,False,True
C2,local_34p5kv,ac_corridor_sst_800vdc,local_34p5kv,0.32,0.34,0.34,0.34,1.01631347,1.01631347,0.9780807411674478,0.9890675056040249,800 V DC SST output,800.0,0.9780807411674478,False,0.0,0.0,79999.56201702802,79999.56201702802,1.0,24998.319261214736,79999.56245882058,0.0,False,False,True
C2,local_34p5kv,ac_corridor_sst_800vdc,local_34p5kv,0.34,0.36000000000000004,0.36000000000000004,0.36000000000000004,1.01630196,1.01630196,0.9780686987777714,0.9890556012662152,800 V DC SST output,800.0,0.9780686987777714,False,0.0,0.0,79999.56171389642,79999.56171389642,1.0,24998.31822205849,79999.56201702802,0.0,False,False,True
C2,local_34p5kv,ac_corridor_sst_800vdc,local_34p5kv,0.36,0.38,0.38,0.38,1.01629492,1.01629492,0.978061333138042,0.9890483200666143,800 V DC SST output,800.0,0.978061333138042,False,0.0,0.0,79999.56152845218,79999.56152845218,1.0,24998.3175863992,79999.56171389642,0.0,False,False,True
C2,local_34p5kv,ac_corridor_sst_800vdc,local_34p5kv,0.38,0.4,0.4,0.4,1.01629159,1.01629159,0.9780578491046823,0.9890448759748709,800 V DC SST output,800.0,0.9780578491046823,False,0.0,0.0,79999.56144072537,79999.56144072537,1.0,24998.317285707242,79999.56152845218,0.0,False,False,True
C2,local_34p5kv,ac_corridor_sst_800vdc,local_34p5kv,0.4,0.42000000000000004,0.42000000000000004,0.42000000000000004,1.01629128,1.01629128,0.9780575247651732,0.9890445553536658,800 V DC SST output,800.0,0.9780575247651732,False,0.0,0.0,79999.56143255832,79999.56143255832,1.0,24998.3172577143,79999.56144072537,0.0,False,False,True
C2,local_34p5kv,ac_corridor_sst_800vdc,local_34p5kv,0.42,0.44,0.44,0.44,1.01629342,1.01629342,0.9780597637538103,0.9890467686740635,800 V DC SST output,800.0,0.9780597637538103,False,0.0,0.0,79999.56148893638,79999.56148893638,1.0,24998.317450953793,79999.56143255832,0.0,False,False,True
C2,local_34p5kv,ac_corridor_sst_800vdc,local_34p5kv,0.44,0.46,0.46,0.46,1.0162975,1.0162975,0.9780640324782904,0.9890509884613159,800 V DC SST output,800.0,0.9780640324782904,False,0.0,0.0,79999.56159641646,79999.56159641646,1.0,24998.317819359847,79999.56148893638,0.0,False,False,True
C2,local_34p5kv,ac_corridor_sst_800vdc,local_34p5kv,0.46,0.48000000000000004,0.48000000000000004,0.48000000000000004,1.01630309,1.01630309,0.9780698810460958,0.9890567699810666,800 V DC SST output,800.0,0.9780698810460958,False,0.0,0.0,79999.56174365975,79999.56174365975,1.0,24998.31832408426,79999.56159641646,0.0,False,False,True
C2,local_34p5kv,ac_corridor_sst_800vdc,local_34p5kv,0.48,0.5,0.5,0.5,1.01630985,1.01630985,0.9780769537277473,0.989063761582502,800 V DC SST output,800.0,0.9780769537277473,False,0.0,0.0,79999.56192169827,79999.56192169827,1.0,24998.31893440541,79999.56174365975,0.0,False,False,True
C2,local_34p5kv,ac_corridor_sst_800vdc,local_34p5kv,0.5,0.52,0.52,0.52,1.01631747,1.01631747,0.978084926181867,0.9890716426429779,800 V DC SST output,800.0,0.978084926181867,False,0.0,0.0,79999.56212235628,79999.56212235628,1.0,24998.319622314237,79999.56192169827,0.0,False,False,True
C2,local_34p5kv,ac_corridor_sst_800vdc,local_34p5kv,0.52,0.54,0.54,0.54,1.01632573,1.01632573,0.9780935682305828,0.9890801856237527,800 V DC SST output,800.0,0.9780935682305828,False,0.0,0.0,79999.56233983106,79999.56233983106,1.0,24998.32036793224,79999.56212235628,0.0,False,False,True
C2,local_34p5kv,ac_corridor_sst_800vdc,local_34p5kv,0.54,0.56,0.56,0.56,1.01633442,1.01633442,0.9781026601592172,0.9890891733291881,800 V DC SST output,800.0,0.9781026601592172,False,0.0,0.0,79999.56256858629,79999.56256858629,1.0,24998.321152289427,79999.56233983106,0.0,False,False,True
C2,local_34p5kv,ac_corridor_sst_800vdc,local_34p5kv,0.56,0.5800000000000001,0.5800000000000001,0.5800000000000001,1.01634339,1.01634339,0.9781120450288924,0.9890984506196788,800 V DC SST output,800.0,0.9781120450288924,False,0.0,0.0,79999.56280466836,79999.56280466836,1.0,24998.321961837326,79999.56256858629,0.0,False,False,True
C2,local_34p5kv,ac_corridor_sst_800vdc,local_34p5kv,0.58,0.6000000000000001,0.6000000000000001,0.6000000000000001,1.01635251,1.01635251,0.9781215868263141,0.989107883041209,800 V DC SST output,800.0,0.9781215868263141,False,0.0,0.0,79999.56304465252,79999.56304465252,1.0,24998.322784837394,79999.56280466836,0.0,False,False,True
C2,local_34p5kv,ac_corridor_sst_800vdc,local_34p5kv,0.6,0.62,0.62,0.62,1.01636168,1.01636168,0.9781311809261859,0.9891173671678533,800 V DC SST output,800.0,0.9781311809261859,False,0.0,0.0,79999.56328590593,79999.56328590593,1.0,24998.32361226268,79999.56304465252,0.0,False,False,True
C2,local_34p5kv,ac_corridor_sst_800vdc,local_34p5kv,0.62,0.64,0.64,0.64,1.01637081,1.01637081,0.9781407331661153,0.9891268099165685,800 V DC SST output,800.0,0.9781407331661153,False,0.0,0.0,79999.56352606062,79999.56352606062,1.0,24998.324435992232,79999.56328590593,0.0,False,False,True
C2,local_34p5kv,ac_corridor_sst_800vdc,local_34p5kv,0.64,0.66,0.66,0.66,1.01637983,1.01637983,0.9781501703090204,0.989136138889688,800 V DC SST output,800.0,0.9781501703090204,False,0.0,0.0,79999.56376327653,79999.56376327653,1.0,24998.325249712565,79999.56352606062,0.0,False,False,True
C2,local_34p5kv,ac_corridor_sst_800vdc,local_34p5kv,0.66,0.68,0.68,0.68,1.01638868,1.01638868,0.9781594295805681,0.989145292032308,800 V DC SST output,800.0,0.9781594295805681,False,0.0,0.0,79999.5639959778,79999.5639959778,1.0,24998.326048014867,79999.56376327653,0.0,False,False,True
C2,local_34p5kv,ac_corridor_sst_800vdc,local_34p5kv,0.68,0.7000000000000001,0.7000000000000001,0.7000000000000001,1.01639732,1.01639732,0.9781684691315462,0.9891542279747557,800 V DC SST output,800.0,0.9781684691315462,False,0.0,0.0,79999.56422311545,79999.56422311545,1.0,24998.326827296194,79999.5639959778,0.0,False,False,True
C2,local_34p5kv,ac_corridor_sst_800vdc,local_34p5kv,0.7,0.7200000000000001,0.7200000000000001,0.7200000000000001,1.0164057,1.0164057,0.9781772366504662,0.9891628950049611,800 V DC SST output,800.0,0.9781772366504662,False,0.0,0.0,79999.56444337845,79999.56444337845,1.0,24998.327583053117,79999.56422311545,0.0,False,False,True
C2,local_34p5kv,ac_corridor_sst_800vdc,local_34p5kv,0.72,0.74,0.74,0.74,1.01641378,1.01641378,0.9781856902884375,0.9891712517534998,800 V DC SST output,800.0,0.9781856902884375,False,0.0,0.0,79999.56465571928,79999.56465571928,1.0,24998.32831168548,79999.56444337845,0.0,False,False,True
C2,local_34p5kv,ac_corridor_sst_800vdc,local_34p5kv,0.74,0.76,0.76,0.76,1.01642154,1.01642154,0.9781938091215115,0.9891792775360415,800 V DC SST output,800.0,0.9781938091215115,False,0.0,0.0,79999.5648596165,79999.5648596165,1.0,24998.329011397524,79999.56465571928,0.0,False,False,True
C2,local_34p5kv,ac_corridor_sst_800vdc,local_34p5kv,0.76,0.78,0.78,0.78,1.01642896,1.01642896,0.9782015722257795,0.9891869516682863,800 V DC SST output,800.0,0.9782015722257795,False,0.0,0.0,79999.56505454886,79999.56505454886,1.0,24998.329680393814,79999.5648596165,0.0,False,False,True
C2,local_34p5kv,ac_corridor_sst_800vdc,local_34p5kv,0.78,0.8,0.8,0.8,1.01643601,1.01643601,0.9782089482149723,0.9891942431234728,800 V DC SST output,800.0,0.9782089482149723,False,0.0,0.0,79999.56523973268,79999.56523973268,1.0,24998.33031597767,79999.56505454886,0.0,False,False,True
C2,local_34p5kv,ac_corridor_sst_800vdc,local_34p5kv,0.8,0.8200000000000001,0.8200000000000001,0.8200000000000001,1.01644267,1.01644267,0.9782159161652578,0.9892011312173604,800 V DC SST output,800.0,0.9782159161652578,False,0.0,0.0,79999.56541464695,79999.56541464695,1.0,24998.330916354345,79999.56523973268,0.0,False,False,True
C2,local_34p5kv,ac_corridor_sst_800vdc,local_34p5kv,0.82,0.8400000000000001,0.8400000000000001,0.8400000000000001,1.01644893,1.01644893,0.9782224656151931,0.9892076056081928,800 V DC SST output,800.0,0.9782224656151931,False,0.0,0.0,79999.56557903344,79999.56557903344,1.0,24998.331480630513,79999.56541464695,0.0,False,False,True
C2,local_34p5kv,ac_corridor_sst_800vdc,local_34p5kv,0.84,0.8600000000000001,0.8600000000000001,0.8600000000000001,1.01645478,1.01645478,0.9782285861033071,0.989213655954192,800 V DC SST output,800.0,0.9782285861033071,False,0.0,0.0,79999.56573263381,79999.56573263381,1.0,24998.33200791266,79999.56557903344,0.0,False,False,True
C2,local_34p5kv,ac_corridor_sst_800vdc,local_34p5kv,0.86,0.88,0.88,0.88,1.01646021,1.01646021,0.9782342671680974,0.9892192719135561,800 V DC SST output,800.0,0.9782342671680974,False,0.0,0.0,79999.5658751895,79999.5658751895,1.0,24998.33249730698,79999.56573263381,0.0,False,False,True
C2,local_34p5kv,ac_corridor_sst_800vdc,local_34p5kv,0.88,0.9,0.9,0.9,1.01646523,1.01646523,0.9782395192727411,0.9892244638293763,800 V DC SST output,800.0,0.9782395192727411,False,0.0,0.0,79999.56600696676,79999.56600696676,1.0,24998.332949721742,79999.5658751895,0.0,False,False,True
C2,local_34p5kv,ac_corridor_sst_800vdc,local_34p5kv,0.9,0.92,0.92,0.92,1.01646984,1.01646984,0.9782443424179752,0.9892292317022191,800 V DC SST output,800.0,0.9782443424179752,False,0.0,0.0,79999.56612796908,79999.56612796908,1.0,24998.333365163337,79999.56600696676,0.0,False,False,True
C2,local_34p5kv,ac_corridor_sst_800vdc,local_34p5kv,0.92,0.9400000000000001,0.9400000000000001,0.9400000000000001,1.01647403,1.01647403,0.9782487261421317,0.9892335651901552,800 V DC SST output,800.0,0.9782487261421317,False,0.0,0.0,79999.56623793709,79999.56623793709,1.0,24998.333742736526,79999.56612796908,0.0,False,False,True
C2,local_34p5kv,ac_corridor_sst_800vdc,local_34p5kv,0.94,0.9600000000000001,0.9600000000000001,0.9600000000000001,1.01647782,1.01647782,0.978252691370527,0.9892374849785676,800 V DC SST output,800.0,0.978252691370527,False,0.0,0.0,79999.5663373986,79999.5663373986,1.0,24998.334084248905,79999.56623793709,0.0,False,False,True
C2,local_34p5kv,ac_corridor_sst_800vdc,local_34p5kv,0.96,0.9800000000000001,0.9800000000000001,0.9800000000000001,1.01648122,1.01648122,0.9782562485660421,0.9892410014103187,800 V DC SST output,800.0,0.9782562485660421,False,0.0,0.0,79999.56642661852,79999.56642661852,1.0,24998.334390606193,79999.5663373986,0.0,False,False,True
C2,local_34p5kv,ac_corridor_sst_800vdc,local_34p5kv,0.98,1.0,1.0,1.0,1.01648425,1.01648425,0.9782594186538209,0.9892441351706591,800 V DC SST output,800.0,0.9782594186538209,False,0.0,0.0,79999.56650612381,79999.56650612381,1.0,24998.334663614536,79999.56642661852,0.0,False,False,True
C2,local_34p5kv,ac_corridor_sst_800vdc,local_34p5kv,1.0,1.02,1.02,1.02,0.10224176,0.10224176,0.0985663988881339,0.09962511183540547,800 V DC SST output,800.0,0.0985663988881339,False,0.0,0.0,777.2267991809194,777.2267991809194,1.0,242.88337474403727,79999.56650612381,0.020000000000000018,False,False,True
C2,local_34p5kv,ac_corridor_sst_800vdc,local_34p5kv,1.02,1.04,1.04,1.04,0.09603573,0.09603573,0.09258346169601464,0.09357791123162201,800 V DC SST output,800.0,0.09258346169601464,False,0.0,0.0,685.7357903684593,0.0,0.0,214.2924344901435,777.2267991809194,0.040000000000000036,True,True,True
C2,local_34p5kv,ac_corridor_sst_800vdc,local_34p5kv,1.04,1.06,1.06,1.06,0.09359132,0.09359132,0.1039058120854163,0.10181059282353173,800 V DC SST output,800.0,0.1039058120854163,False,120000.0,0.0,863.1989765742426,0.0,0.0,269.39277952457667,685.7357903684593,0.06000000000000005,True,True,True
C2,local_34p5kv,ac_corridor_sst_800vdc,local_34p5kv,1.06,1.08,1.08,1.08,0.92180008,0.92180008,0.9955162940964228,0.9811498581587745,800 V DC SST output,800.0,0.9955162940964228,False,120000.0,0.0,80002.00186285691,80002.00186285691,1.0,24998.51753139391,863.1989765742426,0.0,False,False,True
C2,local_34p5kv,ac_corridor_sst_800vdc,local_34p5kv,1.08,1.1,1.1,1.1,0.96187685,0.96187685,1.0332078217079597,1.019349068090586,800 V DC SST output,800.0,1.0332078217079597,False,120000.0,0.0,79988.66256484413,79988.66256484413,1.0,25009.415790876796,80002.00186285691,0.0,False,False,True
C2,local_34p5kv,ac_corridor_sst_800vdc,local_34p5kv,1.1,1.12,1.12,1.12,0.98845837,0.98845837,0.9489857766219129,0.9602915337317489,800 V DC SST output,800.0,0.9489857766219129,False,0.0,0.0,79819.91102235885,79819.91102235885,1.0,24944.24473335169,79988.66256484413,0.0,False,False,True
C2,local_34p5kv,ac_corridor_sst_800vdc,local_34p5kv,1.12,1.1400000000000001,1.1400000000000001,1.1400000000000001,1.00647662,1.00647662,0.9677830300183106,0.9788891275952316,800 V DC SST output,800.0,0.9677830300183106,False,0.0,0.0,79999.27529917931,79999.27529917931,1.0,24997.37942387165,79819.91102235885,0.0,False,False,True
C2,local_34p5kv,ac_corridor_sst_800vdc,local_34p5kv,1.14,1.16,1.16,1.16,1.01971297,1.01971297,0.9822359927819515,0.9930458715999027,800 V DC SST output,800.0,0.9822359927819515,False,608.5340268522588,0.0,79999.67926958611,79999.67926958611,1.0,24998.701849407465,79999.27529917931,0.0,False,False,True
C2,local_34p5kv,ac_corridor_sst_800vdc,local_34p5kv,1.16,1.18,1.18,1.18,1.03001763,1.03001763,0.9924110654917744,1.0032351073790269,800 V DC SST output,800.0,0.9924110654917744,False,0.0,0.0,79998.38974517409,79998.38974517409,1.0,24993.18077609864,79999.67926958611,0.0,False,False,True
C2,local_34p5kv,ac_corridor_sst_800vdc,local_34p5kv,1.18,1.2,1.2,1.2,1.03833426,1.03833426,1.0010914443001977,1.0118207311362248,800 V DC SST output,800.0,1.0010914443001977,False,0.0,0.0,80000.21358913029,80000.21358913029,1.0,25000.96459827236,79998.38974517409,0.0,False,False,True
C2,local_34p5kv,ac_corridor_sst_800vdc,local_34p5kv,1.2,1.22,1.22,1.22,1.04473439,1.04473439,1.0077666641731633,1.0184241512124073,800 V DC SST output,800.0,1.0077666641731633,False,0.0,0.0,80001.4252250847,80001.4252250847,1.0,25006.77786185794,80000.21358913029,0.0,False,False,True
C2,local_34p5kv,ac_corridor_sst_800vdc,local_34p5kv,1.22,1.24,1.24,1.24,1.04928703,1.04928703,1.0125124849405578,1.0231194788324685,800 V DC SST output,800.0,1.0125124849405578,False,0.0,0.0,80002.19082066198,80002.19082066198,1.0,25010.822578128627,80001.4252250847,0.0,False,False,True
C2,local_34p5kv,ac_corridor_sst_800vdc,local_34p5kv,1.24,1.26,1.26,1.26,1.05233282,1.05233282,1.0156863750811227,1.0262598537015126,800 V DC SST output,800.0,1.0156863750811227,False,0.0,0.0,80002.66004098968,80002.66004098968,1.0,25013.48759743549,80002.19082066198,0.0,False,False,True
C2,local_34p5kv,ac_corridor_sst_800vdc,local_34p5kv,1.26,1.28,1.28,1.28,1.05417301,1.05417301,1.0176035217609436,1.0281568533939225,800 V DC SST output,800.0,1.0176035217609436,False,0.0,0.0,80002.92727043215,80002.92727043215,1.0,25015.082083655572,80002.66004098968,0.0,False,False,True
C2,local_34p5kv,ac_corridor_sst_800vdc,local_34p5kv,1.28,1.3,1.3,1.3,1.05506589,1.05506589,1.0185336238595326,1.0290772074988028,800 V DC SST output,800.0,1.0185336238595326,False,0.0,0.0,80003.052590056,80003.052590056,1.0,25015.851540273536,80002.92727043215,0.0,False,False,True
C2,local_34p5kv,ac_corridor_sst_800vdc,local_34p5kv,1.3,1.32,1.32,1.32,1.05522922,1.05522922,1.0187037543883453,1.0292455568176735,800 V DC SST output,800.0,1.0187037543883453,False,0.0,0.0,80003.07520959561,80003.07520959561,1.0,25015.99199728347,80003.052590056,0.0,False,False,True
C2,local_34p5kv,ac_corridor_sst_800vdc,local_34p5kv,1.32,1.34,1.34,1.34,1.05484347,1.05484347,1.0183019388808563,1.0288479491060283,800 V DC SST output,800.0,1.0183019388808563,False,0.0,0.0,80003.02163597266,80003.02163597266,1.0,25015.660121386605,80003.07520959561,0.0,False,False,True
C2,local_34p5kv,ac_corridor_sst_800vdc,local_34p5kv,1.34,1.36,1.36,1.36,1.05405573,1.05405573,1.017481346907305,1.028035960276209,800 V DC SST output,800.0,1.017481346907305,False,0.0,0.0,80002.91059984012,80002.91059984012,1.0,25014.980811804155,80003.02163597266,0.0,False,False,True
C2,local_34p5kv,ac_corridor_sst_800vdc,local_34p5kv,1.36,1.38,1.38,1.38,1.05298388,1.05298388,1.0163646999521028,1.026931041802877,800 V DC SST output,800.0,1.0163646999521028,False,0.0,0.0,80002.75597271958,80002.75597271958,1.0,25014.05306633091,80002.91059984012,0.0,False,False,True
C2,local_34p5kv,ac_corridor_sst_800vdc,local_34p5kv,1.38,1.4,1.4,1.4,1.05172076,1.05172076,1.0150486458157346,1.0256288424641575,800 V DC SST output,800.0,1.0150486458157346,False,0.0,0.0,80002.56846241152,80002.56846241152,1.0,25012.95465857359,80002.75597271958,0.0,False,False,True
C2,local_34p5kv,ac_corridor_sst_800vdc,local_34p5kv,1.4,1.42,1.42,1.42,1.05033816,1.05033816,1.0136079261326152,1.0242033296916906,800 V DC SST output,800.0,1.0136079261326152,False,0.0,0.0,80002.356585643,80002.356585643,1.0,25011.745975083548,80002.56846241152,0.0,False,False,True
C2,local_34p5kv,ac_corridor_sst_800vdc,local_34p5kv,1.42,1.44,1.44,1.44,1.04889056,1.04889056,1.0120992732240008,1.0227106453783983,800 V DC SST output,800.0,1.0120992732240008,False,0.0,0.0,80002.12723740336,80002.12723740336,1.0,25010.473275147007,80002.356585643,0.0,False,False,True
C2,local_34p5kv,ac_corridor_sst_800vdc,local_34p5kv,1.44,1.46,1.46,1.46,1.04741839,1.04741839,1.0105648022437321,1.0211924633155705,800 V DC SST output,800.0,1.0105648022437321,False,0.0,0.0,80001.88602167364,80001.88602167364,1.0,25009.171370174183,80002.12723740336,0.0,False,False,True
C2,local_34p5kv,ac_corridor_sst_800vdc,local_34p5kv,1.46,1.48,1.48,1.48,1.04595092,1.04595092,1.0090350164437665,1.0196789641272241,800 V DC SST output,800.0,1.0090350164437665,False,0.0,0.0,80001.63747420406,80001.63747420406,1.0,25007.865931566965,80001.88602167364,0.0,False,False,True
C2,local_34p5kv,ac_corridor_sst_800vdc,local_34p5kv,1.48,1.5,1.5,1.5,1.04450882,1.04450882,1.0075314689898922,1.0181914702836885,800 V DC SST output,800.0,1.0075314689898922,False,0.0,0.0,80001.38524660467,80001.38524660467,1.0,25006.575523915773,80001.63747420406,0.0,False,False,True
C2,local_34p5kv,ac_corridor_sst_800vdc,local_34p5kv,1.5,1.52,1.52,1.52,1.04310616,1.04310616,1.0060688422751762,1.0167445045282528,800 V DC SST output,800.0,1.0060688422751762,False,0.0,0.0,80001.13223945917,80001.13223945917,1.0,25005.31318449326,80001.38524660467,0.0,False,False,True
C2,local_34p5kv,ac_corridor_sst_800vdc,local_34p5kv,1.52,1.54,1.54,1.54,1.0417522,1.0417522,1.0046568097550568,1.015347632819327,800 V DC SST output,800.0,1.0046568097550568,False,0.0,0.0,80000.88075070104,80000.88075070104,1.0,25004.087866484722,80001.13223945917,0.0,False,False,True
C2,local_34p5kv,ac_corridor_sst_800vdc,local_34p5kv,1.54,1.56,1.56,1.56,1.04045274,1.04045274,1.0033014404010157,1.0140068544700442,800 V DC SST output,800.0,1.0033014404010157,False,0.0,0.0,80000.63259632571,80000.63259632571,1.0,25002.905536847837,80000.88075070104,0.0,False,False,True
C2,local_34p5kv,ac_corridor_sst_800vdc,local_34p5kv,1.56,1.58,1.58,1.58,1.03921124,1.03921124,1.0020063644714106,1.012725755904758,800 V DC SST output,800.0,1.0020063644714106,False,0.0,0.0,80000.38923180377,80000.38923180377,1.0,25001.770108099387,80000.63259632571,0.0,False,False,True
C2,local_34p5kv,ac_corridor_sst_800vdc,local_34p5kv,1.58,1.6,1.6,1.6,1.03802963,1.03802963,1.0007736168827042,1.0115063452783137,800 V DC SST output,800.0,1.0007736168827042,False,0.0,0.0,80000.15184929615,80000.15184929615,1.0,25000.684121616567,80000.38923180377,0.0,False,False,True
C2,local_34p5kv,ac_corridor_sst_800vdc,local_34p5kv,1.6,1.62,1.62,1.62,1.03690893,1.03690893,0.9996042830583961,1.0103496915546584,800 V DC SST output,800.0,0.9996042830583961,False,0.0,0.0,79999.9214632201,79999.9214632201,1.0,24999.649281509544,80000.15184929615,0.0,False,False,True
C2,local_34p5kv,ac_corridor_sst_800vdc,local_34p5kv,1.62,1.6400000000000001,1.6400000000000001,1.6400000000000001,1.03584964,1.03584964,0.9984989052890395,1.0092563265845482,800 V DC SST output,800.0,0.9984989052890395,False,0.0,0.0,79999.69896741473,79999.69896741473,1.0,24998.666793899145,79999.9214632201,0.0,False,False,True
C2,local_34p5kv,ac_corridor_sst_800vdc,local_34p5kv,1.64,1.6600000000000001,1.6600000000000001,1.6600000000000001,1.03485201,1.03485201,0.9974577641717611,1.0082265235538888,800 V DC SST output,800.0,0.9974577641717611,False,0.0,0.0,79999.48517875376,79999.48517875376,1.0,24997.737605793736,79999.69896741473,0.0,False,False,True
C2,local_34p5kv,ac_corridor_sst_800vdc,local_34p5kv,1.66,1.6800000000000002,1.6800000000000002,1.6800000000000002,1.03391617,1.03391617,0.9964810141266766,1.0072604310576763,800 V DC SST output,800.0,0.9964810141266766,False,0.0,0.0,79999.28085793933,79999.28085793933,1.0,24996.862520235572,79999.48517875376,0.0,False,False,True
C2,local_34p5kv,ac_corridor_sst_800vdc,local_34p5kv,1.68,1.7000000000000002,1.7000000000000002,1.7000000000000002,1.03304214,1.03304214,0.9955686937450179,1.0063580833543009,800 V DC SST output,800.0,0.9955686937450179,False,0.0,0.0,79999.08670716846,79999.08670716846,1.0,24996.04220207088,79999.28085793933,0.0,False,False,True
C2,local_34p5kv,ac_corridor_sst_800vdc,local_34p5kv,1.7,1.7200000000000002,1.7200000000000002,1.7200000000000002,1.03222984,1.03222984,0.9947207361541951,1.0055194106328664,800 V DC SST output,800.0,0.9947207361541951,False,0.0,0.0,79998.90336848181,79998.90336848181,1.0,24995.277184343096,79999.08670716846,0.0,False,False,True
C2,local_34p5kv,ac_corridor_sst_800vdc,local_34p5kv,1.72,1.74,1.74,1.74,1.03147894,1.03147894,0.9939368123558823,1.004744084083198,800 V DC SST output,800.0,0.9939368123558823,False,0.0,0.0,79998.7313858713,79998.7313858713,1.0,24994.567723876582,79998.90336848181,0.0,False,False,True
C2,local_34p5kv,ac_corridor_sst_800vdc,local_34p5kv,1.74,1.76,1.76,1.76,1.03078885,1.03078885,0.993216320682028,1.0040315054899267,800 V DC SST output,800.0,0.993216320682028,False,0.0,0.0,79998.57119787917,79998.57119787917,1.0,24993.91378769748,79998.7313858713,0.0,False,False,True
C2,local_34p5kv,ac_corridor_sst_800vdc,local_34p5kv,1.76,1.78,1.78,1.78,1.03015855,1.03015855,0.9925582092063009,1.0033806316157339,800 V DC SST output,800.0,0.9925582092063009,False,0.0,0.0,79998.42309324617,79998.42309324617,1.0,24993.314887997578,79998.57119787917,0.0,False,False,True
C2,local_34p5kv,ac_corridor_sst_800vdc,local_34p5kv,1.78,1.8,1.8,1.8,1.02958653,1.02958653,0.9919609129832582,1.0027899121552164,800 V DC SST output,800.0,0.9919609129832582,False,0.0,0.0,79998.28719137558,79998.28719137558,1.0,24992.77002066964,79998.42309324617,0.0,False,False,True
C2,local_34p5kv,ac_corridor_sst_800vdc,local_34p5kv,1.8,1.82,1.82,1.82,1.02907072,1.02907072,0.9914222808651059,1.0022572173768538,800 V DC SST output,800.0,0.9914222808651059,False,0.0,0.0,79998.16342126198,79998.16342126198,1.0,24992.27759505192,79998.28719137558,0.0,False,False,True
C2,local_34p5kv,ac_corridor_sst_800vdc,local_34p5kv,1.82,1.84,1.84,1.84,1.02860847,1.02860847,0.9909395545571494,1.0017798174220582,800 V DC SST output,800.0,0.9909395545571494,False,0.0,0.0,79998.05151356342,79998.05151356342,1.0,24991.835412404347,79998.16342126198,0.0,False,False,True
C2,local_34p5kv,ac_corridor_sst_800vdc,local_34p5kv,1.84,1.86,1.86,1.86,1.02819653,1.02819653,0.9905093477134833,1.00135436163523,800 V DC SST output,800.0,0.9905093477134833,False,0.0,0.0,79997.95099440764,79997.95099440764,1.0,24991.440645901064,79998.05151356342,0.0,False,False,True
C2,local_34p5kv,ac_corridor_sst_800vdc,local_34p5kv,1.86,1.88,1.88,1.88,1.02783108,1.02783108,0.9901276772899841,1.0009769095652337,800 V DC SST output,800.0,0.9901276772899841,False,0.0,0.0,79997.86119314362,79997.86119314362,1.0,24991.089870056345,79997.95099440764,0.0,False,False,True
C2,local_34p5kv,ac_corridor_sst_800vdc,local_34p5kv,1.88,1.9,1.9,1.9,1.02750782,1.02750782,0.9897900576060932,1.0006430239726096,800 V DC SST output,800.0,0.9897900576060932,False,0.0,0.0,79997.78126681973,79997.78126681973,1.0,24990.77914946741,79997.86119314362,0.0,False,False,True
C2,local_34p5kv,ac_corridor_sst_800vdc,local_34p5kv,1.9,1.92,1.92,1.92,1.02722204,1.02722204,0.9894915735595627,1.0003478432112738,800 V DC SST output,800.0,0.9894915735595627,False,0.0,0.0,79997.71022152525,79997.71022152525,1.0,24990.504109901292,79997.78126681973,0.0,False,False,True
C2,local_34p5kv,ac_corridor_sst_800vdc,local_34p5kv,1.92,1.94,1.94,1.94,1.02696874,1.02696874,0.9892270060892439,1.0000862052745325,800 V DC SST output,800.0,0.9892270060892439,False,0.0,0.0,79997.64694729858,79997.64694729858,1.0,24990.260058471933,79997.71022152525,0.0,False,False,True
C2,local_34p5kv,ac_corridor_sst_800vdc,local_34p5kv,1.94,1.96,1.96,1.96,1.02674274,1.02674274,0.9889909472101787,0.9998527615251375,800 V DC SST output,800.0,0.9889909472101787,False,0.0,0.0,79997.590251323,79997.590251323,1.0,24990.042094843644,79997.64694729858,0.0,False,False,True
C2,local_34p5kv,ac_corridor_sst_800vdc,local_34p5kv,1.96,1.98,1.98,1.98,1.02653886,1.02653886,0.9887779881689703,0.9996421627345811,800 V DC SST output,800.0,0.9887779881689703,False,0.0,0.0,79997.53890893907,79997.53890893907,1.0,24989.845290139587,79997.590251323,0.0,False,False,True
C2,local_34p5kv,ac_corridor_sst_800vdc,local_34p5kv,1.98,2.0,2.0,2.0,1.026352,1.026352,0.9885828031436453,0.9994491418251203,800 V DC SST output,800.0,0.9885828031436453,False,0.0,0.0,79997.49168942224,79997.49168942224,1.0,24989.664769247596,79997.53890893907,0.0,False,False,True
C2,local_34p5kv,ac_corridor_sst_800vdc,local_34p5kv,2.0,2.02,2.02,2.02,1.02617732,1.02617732,0.9884003373825747,0.9992686998964566,800 V DC SST output,800.0,0.9884003373825747,False,0.0,0.0,79997.4474063908,79997.4474063908,1.0,24989.49588914307,79997.49168942224,0.0,False,False,True
C2,local_34p5kv,ac_corridor_sst_800vdc,local_34p5kv,2.02,2.04,2.04,2.04,1.02601032,1.02601032,0.9882258908737607,0.9990961889442616,800 V DC SST output,800.0,0.9882258908737607,False,0.0,0.0,79997.40494236659,79997.40494236659,1.0,24989.33432007537,79997.4474063908,0.0,False,False,True
C2,local_34p5kv,ac_corridor_sst_800vdc,local_34p5kv,2.04,2.06,2.06,2.06,1.02584694,1.02584694,0.9880552228862921,0.9989274152236004,800 V DC SST output,800.0,0.9880552228862921,False,0.0,0.0,79997.36327761774,79997.36327761774,1.0,24989.17614537815,79997.40494236659,0.0,False,False,True
C2,local_34p5kv,ac_corridor_sst_800vdc,local_34p5kv,2.06,2.08,2.08,2.08,1.02568367,1.02568367,0.9878846669445024,0.9987587529322043,800 V DC SST output,800.0,0.9878846669445024,False,0.0,0.0,79997.32152100322,79997.32152100322,1.0,24989.01797046612,79997.36327761774,0.0,False,False,True
C2,local_34p5kv,ac_corridor_sst_800vdc,local_34p5kv,2.08,2.1,2.1,2.1,1.02551755,1.02551755,0.9877111308838259,0.9985871442534489,800 V DC SST output,800.0,0.9877111308838259,False,0.0,0.0,79997.27891229288,79997.27891229288,1.0,24988.85692491145,79997.32152100322,0.0,False,False,True
C2,local_34p5kv,ac_corridor_sst_800vdc,local_34p5kv,2.1,2.12,2.12,2.12,1.02534623,1.02534623,0.9875321595753873,0.9984101613741965,800 V DC SST output,800.0,0.9875321595753873,False,0.0,0.0,79997.2348394701,79997.2348394701,1.0,24988.690722322306,79997.27891229288,0.0,False,False,True
C2,local_34p5kv,ac_corridor_sst_800vdc,local_34p5kv,2.12,2.14,2.14,2.14,1.02516795,1.02516795,0.9873459140769668,0.9982259858577072,800 V DC SST output,800.0,0.9873459140769668,False,0.0,0.0,79997.18883542587,79997.18883542587,1.0,24988.51764258388,79997.2348394701,0.0,False,False,True
C2,local_34p5kv,ac_corridor_sst_800vdc,local_34p5kv,2.14,2.16,2.16,2.16,1.02498154,1.02498154,0.9871511716761169,0.9980334086768228,800 V DC SST output,800.0,0.9871511716761169,False,0.0,0.0,79997.14057975702,79997.14057975702,1.0,24988.336533463713,79997.18883542587,0.0,False,False,True
C2,local_34p5kv,ac_corridor_sst_800vdc,local_34p5kv,2.16,2.18,2.18,2.18,1.02478633,1.02478633,0.9869472319116568,0.9978317372706047,800 V DC SST output,800.0,0.9869472319116568,False,0.0,0.0,79997.08987732402,79997.08987732402,1.0,24988.146724826052,79997.14057975702,0.0,False,False,True
C2,local_34p5kv,ac_corridor_sst_800vdc,local_34p5kv,2.18,2.2,2.2,2.2,1.02458212,1.02458212,0.9867338852751512,0.9976207645844951,800 V DC SST output,800.0,0.9867338852751512,False,0.0,0.0,79997.03665226218,79997.03665226218,1.0,24987.94800106778,79997.08987732402,0.0,False,False,True
C2,local_34p5kv,ac_corridor_sst_800vdc,local_34p5kv,2.2,2.22,2.22,2.22,1.02436911,1.02436911,0.9865113401240506,0.9974006967868385,800 V DC SST output,800.0,0.9865113401240506,False,0.0,0.0,79996.98093162593,79996.98093162593,1.0,24987.740534679207,79997.03665226218,0.0,False,False,True
C2,local_34p5kv,ac_corridor_sst_800vdc,local_34p5kv,2.22,2.24,2.24,2.24,1.0241478,1.0241478,0.986280118247592,0.9971720499880692,800 V DC SST output,800.0,0.986280118247592,False,0.0,0.0,79996.92282100902,79996.92282100902,1.0,24987.524790425778,79996.98093162593,0.0,False,False,True
C2,local_34p5kv,ac_corridor_sst_800vdc,local_34p5kv,2.24,2.26,2.26,2.26,1.02391894,1.02391894,0.9860410026645896,0.9969355986117304,800 V DC SST output,800.0,0.9860410026645896,False,0.0,0.0,79996.86249298204,79996.86249298204,1.0,24987.301477994348,79996.92282100902,0.0,False,False,True
C2,local_34p5kv,ac_corridor_sst_800vdc,local_34p5kv,2.26,2.2800000000000002,2.2800000000000002,2.2800000000000002,1.02368342,1.02368342,0.9857949227262368,0.9966922617704277,800 V DC SST output,800.0,0.9857949227262368,False,0.0,0.0,79996.8001594537,79996.8001594537,1.0,24987.0714458601,79996.86249298204,0.0,False,False,True
C2,local_34p5kv,ac_corridor_sst_800vdc,local_34p5kv,2.28,2.3,2.3,2.3,1.02344226,1.02344226,0.9855429436915362,0.9964430929522554,800 V DC SST output,800.0,0.9855429436915362,False,0.0,0.0,79996.7360700359,79996.7360700359,1.0,24986.8356724119,79996.8001594537,0.0,False,False,True
C2,local_34p5kv,ac_corridor_sst_800vdc,local_34p5kv,2.3,2.32,2.32,2.32,1.02319651,1.02319651,0.9852861622605263,0.996189176714841,800 V DC SST output,800.0,0.9852861622605263,False,0.0,0.0,79996.67048630046,79996.67048630046,1.0,24986.595168917265,79996.7360700359,0.0,False,False,True
C2,local_34p5kv,ac_corridor_sst_800vdc,local_34p5kv,2.32,2.34,2.34,2.34,1.02294723,1.02294723,0.9850256856856099,0.9959316080277609,800 V DC SST output,800.0,0.9850256856856099,False,0.0,0.0,79996.60367683813,79996.60367683813,1.0,24986.35096029393,79996.67048630046,0.0,False,False,True
C2,local_34p5kv,ac_corridor_sst_800vdc,local_34p5kv,2.34,2.36,2.36,2.36,1.02269546,1.02269546,0.9847626004290828,0.9956714612788824,800 V DC SST output,800.0,0.9847626004290828,False,0.0,0.0,79996.53590944213,79996.53590944213,1.0,24986.104055911113,79996.60367683813,0.0,False,False,True
C2,local_34p5kv,ac_corridor_sst_800vdc,local_34p5kv,2.36,2.38,2.38,2.38,1.02244225,1.02244225,0.9844980035136034,0.9954098212741944,800 V DC SST output,800.0,0.9844980035136034,False,0.0,0.0,79996.46745928831,79996.46745928831,1.0,24985.855479095684,79996.53590944213,0.0,False,False,True
C2,local_34p5kv,ac_corridor_sst_800vdc,local_34p5kv,2.38,2.4,2.4,2.4,1.02218857,1.02218857,0.9842329084750089,0.9951476902415931,800 V DC SST output,800.0,0.9842329084750089,False,0.0,0.0,79996.39858462513,79996.39858462513,1.0,24985.60617878875,79996.46745928831,0.0,False,False,True
C2,local_34p5kv,ac_corridor_sst_800vdc,local_34p5kv,2.4,2.42,2.42,2.42,1.02193543,1.02193543,0.983968370757315,0.9948861118248936,800 V DC SST output,800.0,0.983968370757315,False,0.0,0.0,79996.32955916542,79996.32955916542,1.0,24985.357147300405,79996.39858462513,0.0,False,False,True
C2,local_34p5kv,ac_corridor_sst_800vdc,local_34p5kv,2.42,2.44,2.44,2.44,1.02168379,1.02168379,0.9837053936624447,0.9946260780852363,800 V DC SST output,800.0,0.9837053936624447,False,0.0,0.0,79996.26064764468,79996.26064764468,1.0,24985.109331850297,79996.32955916542,0.0,False,False,True
C2,local_34p5kv,ac_corridor_sst_800vdc,local_34p5kv,2.44,2.46,2.46,2.46,1.02143463,1.02143463,0.9834450014991073,0.9943686018323145,800 V DC SST output,800.0,0.9834450014991073,False,0.0,0.0,79996.19212479837,79996.19212479837,1.0,24984.86370332734,79996.26064764468,0.0,False,False,True
C2,local_34p5kv,ac_corridor_sst_800vdc,local_34p5kv,2.46,2.48,2.48,2.48,1.02118898,1.02118898,0.9831882709372753,0.9941147476272911,800 V DC SST output,800.0,0.9831882709372753,False,0.0,0.0,79996.12428371348,79996.12428371348,1.0,24984.621285946225,79996.19212479837,0.0,False,False,True
C2,local_34p5kv,ac_corridor_sst_800vdc,local_34p5kv,2.48,2.5,2.5,2.5,1.02094788,1.02094788,0.9829362892059513,0.9938655904484678,800 V DC SST output,800.0,0.9829362892059513,False,0.0,0.0,79996.05742488256,79996.05742488256,1.0,24984.38311785526,79996.12428371348,0.0,False,False,True
C2,local_34p5kv,ac_corridor_sst_800vdc,local_34p5kv,2.5,2.52,2.52,2.52,1.02071239,1.02071239,0.9826819768396643,0.993616246476663,800 V DC SST output,800.0,0.9826819768396643,False,0.0,0.0,79999.67256172418,79999.67256172418,1.0,24998.70650528166,79996.05742488256,0.0,False,False,True
C2,local_34p5kv,ac_corridor_sst_800vdc,local_34p5kv,2.52,2.54,2.54,2.54,1.02048365,1.02048365,0.9824427730373196,0.99337975933551,800 V DC SST output,800.0,0.9824427730373196,False,0.0,0.0,79999.66707101332,79999.66707101332,1.0,24998.68684911954,79999.67256172418,0.0,False,False,True
C2,local_34p5kv,ac_corridor_sst_800vdc,local_34p5kv,2.54,2.56,2.56,2.56,1.02026278,1.02026278,0.9822117934070159,0.9931514042465972,800 V DC SST output,800.0,0.9822117934070159,False,0.0,0.0,79999.6617427377,79999.6617427377,1.0,24998.667819907605,79999.66707101332,0.0,False,False,True
C2,local_34p5kv,ac_corridor_sst_800vdc,local_34p5kv,2.56,2.58,2.58,2.58,1.02005092,1.02005092,0.9819902307810014,0.9929323603451208,800 V DC SST output,800.0,0.9819902307810014,False,0.0,0.0,79999.656607325,79999.656607325,1.0,24998.649521310654,79999.6617427377,0.0,False,False,True
C2,local_34p5kv,ac_corridor_sst_800vdc,local_34p5kv,2.58,2.6,2.6,2.6,1.0198492,1.0198492,0.9817792676217565,0.9927237964950628,800 V DC SST output,800.0,0.9817792676217565,False,0.0,0.0,79999.65169536765,79999.65169536765,1.0,24998.632056890085,79999.656607325,0.0,False,False,True
C2,local_34p5kv,ac_corridor_sst_800vdc,local_34p5kv,2.6,2.62,2.62,2.62,1.01965868,1.01965868,0.981580013256746,0.9925268092412792,800 V DC SST output,800.0,0.981580013256746,False,0.0,0.0,79999.64703609038,79999.64703609038,1.0,24998.615524775672,79999.65169536765,0.0,False,False,True
C2,local_34p5kv,ac_corridor_sst_800vdc,local_34p5kv,2.62,2.64,2.64,2.64,1.01948036,1.01948036,0.9813935143156035,0.9923424331325988,800 V DC SST output,800.0,0.9813935143156035,False,0.0,0.0,79999.64265749816,79999.64265749816,1.0,24998.600018353834,79999.64703609038,0.0,False,False,True
C2,local_34p5kv,ac_corridor_sst_800vdc,local_34p5kv,2.64,2.66,2.66,2.66,1.01931509,1.01931509,0.9812206605788959,0.9921715476473668,800 V DC SST output,800.0,0.9812206605788959,False,0.0,0.0,79999.63858406068,79999.63858406068,1.0,24998.585618244215,79999.64265749816,0.0,False,False,True
C2,local_34p5kv,ac_corridor_sst_800vdc,local_34p5kv,2.66,2.68,2.68,2.68,1.01916359,1.01916359,0.9810622058679421,0.9920148978515198,800 V DC SST output,800.0,0.9810622058679421,False,0.0,0.0,79999.63483707779,79999.63483707779,1.0,24998.572393804454,79999.63858406068,0.0,False,False,True
C2,local_34p5kv,ac_corridor_sst_800vdc,local_34p5kv,2.68,2.7,2.7,2.7,1.01902639,1.01902639,0.9809187052647914,0.9918730323393038,800 V DC SST output,800.0,0.9809187052647914,False,0.0,0.0,79999.63143307752,79999.63143307752,1.0,24998.56039767323,79999.63483707779,0.0,False,False,True
C2,local_34p5kv,ac_corridor_sst_800vdc,local_34p5kv,2.7,2.72,2.72,2.72,1.01890379,1.01890379,0.9807904732484889,0.991746261852432,800 V DC SST output,800.0,0.9807904732484889,False,0.0,0.0,79999.6283827009,79999.6283827009,1.0,24998.549662042773,79999.63143307752,0.0,False,False,True
C2,local_34p5kv,ac_corridor_sst_800vdc,local_34p5kv,2.72,2.74,2.74,2.74,1.01879589,1.01879589,0.9806776150498826,0.9916346902826356,800 V DC SST output,800.0,0.9806776150498826,False,0.0,0.0,79999.62569134038,79999.62569134038,1.0,24998.540201085063,79999.6283827009,0.0,False,False,True
C2,local_34p5kv,ac_corridor_sst_800vdc,local_34p5kv,2.74,2.76,2.76,2.76,1.01870253,1.01870253,0.98057996387705,0.9915381526165734,800 V DC SST output,800.0,0.98057996387705,False,0.0,0.0,79999.62335756252,79999.62335756252,1.0,24998.53200553993,79999.62569134038,0.0,False,False,True
C2,local_34p5kv,ac_corridor_sst_800vdc,local_34p5kv,2.76,2.7800000000000002,2.7800000000000002,2.7800000000000002,1.01862331,1.01862331,0.9804971018208288,0.99145623560599,800 V DC SST output,800.0,0.9804971018208288,False,0.0,0.0,79999.62137354416,79999.62137354416,1.0,24998.525044351365,79999.62335756252,0.0,False,False,True
C2,local_34p5kv,ac_corridor_sst_800vdc,local_34p5kv,2.78,2.8,2.8,2.8,1.01855761,1.01855761,0.9804283807678528,0.991388298443647,800 V DC SST output,800.0,0.9804283807678528,False,0.0,0.0,79999.6197255428,79999.6197255428,1.0,24998.51926636818,79999.62137354416,0.0,False,False,True
C2,local_34p5kv,ac_corridor_sst_800vdc,local_34p5kv,2.8,2.8200000000000003,2.8200000000000003,2.8200000000000003,1.01850457,1.01850457,0.9803729014803279,0.991333452081851,800 V DC SST output,800.0,0.9803729014803279,False,0.0,0.0,79999.61839339159,79999.61839339159,1.0,24998.51459857855,79999.6197255428,0.0,False,False,True
C2,local_34p5kv,ac_corridor_sst_800vdc,local_34p5kv,2.82,2.84,2.84,2.84,1.01846314,1.01846314,0.9803295658996944,0.9912906109385058,800 V DC SST output,800.0,0.9803295658996944,False,0.0,0.0,79999.61735177366,79999.61735177366,1.0,24998.51095054473,79999.61839339159,0.0,False,False,True
C2,local_34p5kv,ac_corridor_sst_800vdc,local_34p5kv,2.84,2.8600000000000003,2.8600000000000003,2.8600000000000003,1.0184321,1.0184321,0.9802970980755987,0.9912585135852997,800 V DC SST output,800.0,0.9802970980755987,False,0.0,0.0,79999.61657076603,79999.61657076603,1.0,24998.50821624081,79999.61735177366,0.0,False,False,True
C2,local_34p5kv,ac_corridor_sst_800vdc,local_34p5kv,2.86,2.88,2.88,2.88,1.01841009,1.01841009,0.9802740755575899,0.9912357537786435,800 V DC SST output,800.0,0.9802740755575899,False,0.0,0.0,79999.61601664781,79999.61601664781,1.0,24998.50627679469,79999.61657076603,0.0,False,False,True
C2,local_34p5kv,ac_corridor_sst_800vdc,local_34p5kv,2.88,2.9,2.9,2.9,1.01839566,1.01839566,0.9802589817083539,0.991220832173081,800 V DC SST output,800.0,0.9802589817083539,False,0.0,0.0,79999.61565321879,79999.61565321879,1.0,24998.505005005623,79999.61601664781,0.0,False,False,True
C2,local_34p5kv,ac_corridor_sst_800vdc,local_34p5kv,2.9,2.92,2.92,2.92,1.0183873,1.0183873,0.9802502370969348,0.9912121873533978,800 V DC SST output,800.0,0.9802502370969348,False,0.0,0.0,79999.61544261489,79999.61544261489,1.0,24998.50426809978,79999.61565321879,0.0,False,False,True
C2,local_34p5kv,ac_corridor_sst_800vdc,local_34p5kv,2.92,2.94,2.94,2.94,1.01838348,1.01838348,0.9802462413506784,0.9912082372063944,800 V DC SST output,800.0,0.9802462413506784,False,0.0,0.0,79999.61534636933,79999.61534636933,1.0,24998.50393135605,79999.61544261489,0.0,False,False,True
C2,local_34p5kv,ac_corridor_sst_800vdc,local_34p5kv,2.94,2.96,2.96,2.96,1.0183827,1.0183827,0.9802454254651042,0.9912074306317115,800 V DC SST output,800.0,0.9802454254651042,False,0.0,0.0,79999.61532671617,79999.61532671617,1.0,24998.503862595047,79999.61534636933,0.0,False,False,True
C2,local_34p5kv,ac_corridor_sst_800vdc,local_34p5kv,2.96,2.98,2.98,2.98,1.01838351,1.01838351,0.9802462727308916,0.9912082682284968,800 V DC SST output,800.0,0.9802462727308916,False,0.0,0.0,79999.61534712525,79999.61534712525,1.0,24998.503934000688,79999.61532671617,0.0,False,False,True
C2,local_34p5kv,ac_corridor_sst_800vdc,local_34p5kv,2.98,3.0,3.0,3.0,1.01838453,1.01838453,0.9802473396580687,0.9912093229799185,800 V DC SST output,800.0,0.9802473396580687,False,0.0,0.0,79999.61537282508,79999.61537282508,1.0,24998.50402391798,79999.61534712525,0.0,False,False,True
C3,central_138kv,bipolar_dc_corridor_800vdc,central_138kv,0.0,0.02,0.02,0.02,1.01660454,1.01660454,0.9783852692053562,0.9893685437393305,800 V DC corridor output,800.0,1.0,True,0.0,0.0,79999.56965835202,79999.56965835202,1.0,24998.345494288922,0.0,0.0,False,False,True
C3,central_138kv,bipolar_dc_corridor_800vdc,central_138kv,0.02,0.04,0.04,0.04,1.01656852,1.01656852,0.9783475843185433,0.989331290602378,800 V DC corridor output,800.0,1.0,True,0.0,0.0,79999.56871527918,79999.56871527918,1.0,24998.342252687493,0.0,0.0,False,False,True
C3,central_138kv,bipolar_dc_corridor_800vdc,central_138kv,0.04,0.060000000000000005,0.060000000000000005,0.060000000000000005,1.01670801,1.01670801,0.9784935208478805,0.9894755553486713,800 V DC corridor output,800.0,1.0,True,0.0,0.0,79999.57236340482,79999.57236340482,1.0,24998.354798566834,79999.56871527918,0.0,False,False,True
C3,central_138kv,bipolar_dc_corridor_800vdc,central_138kv,0.06,0.08,0.08,0.08,1.01681083,1.01681083,0.9786010911846347,0.9895818937343005,800 V DC corridor output,800.0,1.0,True,0.0,0.0,79999.5750456042,79999.5750456042,1.0,24998.364033452926,79999.57236340482,0.0,False,False,True
C3,central_138kv,bipolar_dc_corridor_800vdc,central_138kv,0.08,0.1,0.1,0.1,1.01684617,1.01684617,0.9786380636191088,0.9896184428052275,800 V DC corridor output,800.0,1.0,True,0.0,0.0,79999.57596614811,79999.57596614811,1.0,24998.36720503529,79999.5750456042,0.0,False,False,True
C3,central_138kv,bipolar_dc_corridor_800vdc,central_138kv,0.1,0.12000000000000001,0.12000000000000001,0.12000000000000001,1.01682941,1.01682941,0.9786205294554268,0.9896011094174805,800 V DC corridor output,800.0,1.0,True,0.0,0.0,79999.57552966598,79999.57552966598,1.0,24998.365701072355,79999.57596614811,0.0,False,False,True
C3,central_138kv,bipolar_dc_corridor_800vdc,central_138kv,0.12,0.14,0.14,0.14,1.01678109,1.01678109,0.9785699773112141,0.989551136164606,800 V DC corridor output,800.0,1.0,True,0.0,0.0,79999.57427039606,79999.57427039606,1.0,24998.361363444208,79999.57552966598,0.0,False,False,True
C3,central_138kv,bipolar_dc_corridor_800vdc,central_138kv,0.14,0.16,0.16,0.16,1.01671722,1.01671722,0.9785031564061148,0.989485080544226,800 V DC corridor output,800.0,1.0,True,0.0,0.0,79999.57260389831,79999.57260389831,1.0,24998.355626217235,79999.57427039606,0.0,False,False,True
C3,central_138kv,bipolar_dc_corridor_800vdc,central_138kv,0.16,0.18000000000000002,0.18000000000000002,0.18000000000000002,1.01664852,1.01664852,0.9784312818024189,0.989414029223327,800 V DC corridor output,800.0,1.0,True,0.0,0.0,79999.57080885993,79999.57080885993,1.0,24998.349450429592,79999.57260389831,0.0,False,False,True
C3,central_138kv,bipolar_dc_corridor_800vdc,central_138kv,0.18,0.2,0.2,0.2,1.01658159,1.01658159,0.9783612584472657,0.9893448080648162,800 V DC corridor output,800.0,1.0,True,0.0,0.0,79999.56905755989,79999.56905755989,1.0,24998.343429070366,79999.57080885993,0.0,False,False,True
C3,central_138kv,bipolar_dc_corridor_800vdc,central_138kv,0.2,0.22,0.22,0.22,1.01652022,1.01652022,0.9782970515921732,0.989281336874894,800 V DC corridor output,800.0,1.0,True,0.0,0.0,79999.5674495656,79999.5674495656,1.0,24998.337903849748,79999.56905755989,0.0,False,False,True
C3,central_138kv,bipolar_dc_corridor_800vdc,central_138kv,0.22,0.24000000000000002,0.24000000000000002,0.24000000000000002,1.01646632,1.01646632,0.9782406596695655,0.9892255911574047,800 V DC corridor output,800.0,1.0,True,0.0,0.0,79999.56603557794,79999.56603557794,1.0,24998.333047951783,79999.5674495656,0.0,False,False,True
C3,central_138kv,bipolar_dc_corridor_800vdc,central_138kv,0.24,0.26,0.26,0.26,1.01642061,1.01642061,0.9781928361174117,0.989178315683529,800 V DC corridor output,800.0,1.0,True,0.0,0.0,79999.56483518211,79999.56483518211,1.0,24998.328927543575,79999.56603557794,0.0,False,False,True
C3,central_138kv,bipolar_dc_corridor_800vdc,central_138kv,0.26,0.28,0.28,0.28,1.01638305,1.01638305,0.9781535392202052,0.9891394691864818,800 V DC corridor output,800.0,1.0,True,0.0,0.0,79999.56384794801,79999.56384794801,1.0,24998.325540177706,79999.56483518211,0.0,False,False,True
C3,central_138kv,bipolar_dc_corridor_800vdc,central_138kv,0.28,0.30000000000000004,0.30000000000000004,0.30000000000000004,1.01635317,1.01635317,0.978122277350741,0.9891085656503644,800 V DC corridor output,800.0,1.0,True,0.0,0.0,79999.563062018,79999.563062018,1.0,24998.322844393253,79999.56384794801,0.0,False,False,True
C3,central_138kv,bipolar_dc_corridor_800vdc,central_138kv,0.3,0.32,0.32,0.32,1.01633025,1.01633025,0.9780982972901027,0.9890848604725573,800 V DC corridor output,800.0,1.0,True,0.0,0.0,79999.56245882058,79999.56245882058,1.0,24998.320775916043,79999.563062018,0.0,False,False,True
C3,central_138kv,bipolar_dc_corridor_800vdc,central_138kv,0.32,0.34,0.34,0.34,1.01631347,1.01631347,0.9780807411674478,0.9890675056040249,800 V DC corridor output,800.0,1.0,True,0.0,0.0,79999.56201702802,79999.56201702802,1.0,24998.319261214736,79999.56245882058,0.0,False,False,True
C3,central_138kv,bipolar_dc_corridor_800vdc,central_138kv,0.34,0.36000000000000004,0.36000000000000004,0.36000000000000004,1.01630196,1.01630196,0.9780686987777714,0.9890556012662152,800 V DC corridor output,800.0,1.0,True,0.0,0.0,79999.56171389642,79999.56171389642,1.0,24998.31822205849,79999.56201702802,0.0,False,False,True
C3,central_138kv,bipolar_dc_corridor_800vdc,central_138kv,0.36,0.38,0.38,0.38,1.01629492,1.01629492,0.978061333138042,0.9890483200666143,800 V DC corridor output,800.0,1.0,True,0.0,0.0,79999.56152845218,79999.56152845218,1.0,24998.3175863992,79999.56171389642,0.0,False,False,True
C3,central_138kv,bipolar_dc_corridor_800vdc,central_138kv,0.38,0.4,0.4,0.4,1.01629159,1.01629159,0.9780578491046823,0.9890448759748709,800 V DC corridor output,800.0,1.0,True,0.0,0.0,79999.56144072537,79999.56144072537,1.0,24998.317285707242,79999.56152845218,0.0,False,False,True
C3,central_138kv,bipolar_dc_corridor_800vdc,central_138kv,0.4,0.42000000000000004,0.42000000000000004,0.42000000000000004,1.01629128,1.01629128,0.9780575247651732,0.9890445553536658,800 V DC corridor output,800.0,1.0,True,0.0,0.0,79999.56143255832,79999.56143255832,1.0,24998.3172577143,79999.56144072537,0.0,False,False,True
C3,central_138kv,bipolar_dc_corridor_800vdc,central_138kv,0.42,0.44,0.44,0.44,1.01629342,1.01629342,0.9780597637538103,0.9890467686740635,800 V DC corridor output,800.0,1.0,True,0.0,0.0,79999.56148893638,79999.56148893638,1.0,24998.317450953793,79999.56143255832,0.0,False,False,True
C3,central_138kv,bipolar_dc_corridor_800vdc,central_138kv,0.44,0.46,0.46,0.46,1.0162975,1.0162975,0.9780640324782904,0.9890509884613159,800 V DC corridor output,800.0,1.0,True,0.0,0.0,79999.56159641646,79999.56159641646,1.0,24998.317819359847,79999.56148893638,0.0,False,False,True
C3,central_138kv,bipolar_dc_corridor_800vdc,central_138kv,0.46,0.48000000000000004,0.48000000000000004,0.48000000000000004,1.01630309,1.01630309,0.9780698810460958,0.9890567699810666,800 V DC corridor output,800.0,1.0,True,0.0,0.0,79999.56174365975,79999.56174365975,1.0,24998.31832408426,79999.56159641646,0.0,False,False,True
C3,central_138kv,bipolar_dc_corridor_800vdc,central_138kv,0.48,0.5,0.5,0.5,1.01630985,1.01630985,0.9780769537277473,0.989063761582502,800 V DC corridor output,800.0,1.0,True,0.0,0.0,79999.56192169827,79999.56192169827,1.0,24998.31893440541,79999.56174365975,0.0,False,False,True
C3,central_138kv,bipolar_dc_corridor_800vdc,central_138kv,0.5,0.52,0.52,0.52,1.01631747,1.01631747,0.978084926181867,0.9890716426429779,800 V DC corridor output,800.0,1.0,True,0.0,0.0,79999.56212235628,79999.56212235628,1.0,24998.319622314237,79999.56192169827,0.0,False,False,True
C3,central_138kv,bipolar_dc_corridor_800vdc,central_138kv,0.52,0.54,0.54,0.54,1.01632573,1.01632573,0.9780935682305828,0.9890801856237527,800 V DC corridor output,800.0,1.0,True,0.0,0.0,79999.56233983106,79999.56233983106,1.0,24998.32036793224,79999.56212235628,0.0,False,False,True
C3,central_138kv,bipolar_dc_corridor_800vdc,central_138kv,0.54,0.56,0.56,0.56,1.01633442,1.01633442,0.9781026601592172,0.9890891733291881,800 V DC corridor output,800.0,1.0,True,0.0,0.0,79999.56256858629,79999.56256858629,1.0,24998.321152289427,79999.56233983106,0.0,False,False,True
C3,central_138kv,bipolar_dc_corridor_800vdc,central_138kv,0.56,0.5800000000000001,0.5800000000000001,0.5800000000000001,1.01634339,1.01634339,0.9781120450288924,0.9890984506196788,800 V DC corridor output,800.0,1.0,True,0.0,0.0,79999.56280466836,79999.56280466836,1.0,24998.321961837326,79999.56256858629,0.0,False,False,True
C3,central_138kv,bipolar_dc_corridor_800vdc,central_138kv,0.58,0.6000000000000001,0.6000000000000001,0.6000000000000001,1.01635251,1.01635251,0.9781215868263141,0.989107883041209,800 V DC corridor output,800.0,1.0,True,0.0,0.0,79999.56304465252,79999.56304465252,1.0,24998.322784837394,79999.56280466836,0.0,False,False,True
C3,central_138kv,bipolar_dc_corridor_800vdc,central_138kv,0.6,0.62,0.62,0.62,1.01636168,1.01636168,0.9781311809261859,0.9891173671678533,800 V DC corridor output,800.0,1.0,True,0.0,0.0,79999.56328590593,79999.56328590593,1.0,24998.32361226268,79999.56304465252,0.0,False,False,True
C3,central_138kv,bipolar_dc_corridor_800vdc,central_138kv,0.62,0.64,0.64,0.64,1.01637081,1.01637081,0.9781407331661153,0.9891268099165685,800 V DC corridor output,800.0,1.0,True,0.0,0.0,79999.56352606062,79999.56352606062,1.0,24998.324435992232,79999.56328590593,0.0,False,False,True
C3,central_138kv,bipolar_dc_corridor_800vdc,central_138kv,0.64,0.66,0.66,0.66,1.01637983,1.01637983,0.9781501703090204,0.989136138889688,800 V DC corridor output,800.0,1.0,True,0.0,0.0,79999.56376327653,79999.56376327653,1.0,24998.325249712565,79999.56352606062,0.0,False,False,True
C3,central_138kv,bipolar_dc_corridor_800vdc,central_138kv,0.66,0.68,0.68,0.68,1.01638868,1.01638868,0.9781594295805681,0.989145292032308,800 V DC corridor output,800.0,1.0,True,0.0,0.0,79999.5639959778,79999.5639959778,1.0,24998.326048014867,79999.56376327653,0.0,False,False,True
C3,central_138kv,bipolar_dc_corridor_800vdc,central_138kv,0.68,0.7000000000000001,0.7000000000000001,0.7000000000000001,1.01639732,1.01639732,0.9781684691315462,0.9891542279747557,800 V DC corridor output,800.0,1.0,True,0.0,0.0,79999.56422311545,79999.56422311545,1.0,24998.326827296194,79999.5639959778,0.0,False,False,True
C3,central_138kv,bipolar_dc_corridor_800vdc,central_138kv,0.7,0.7200000000000001,0.7200000000000001,0.7200000000000001,1.0164057,1.0164057,0.9781772366504662,0.9891628950049611,800 V DC corridor output,800.0,1.0,True,0.0,0.0,79999.56444337845,79999.56444337845,1.0,24998.327583053117,79999.56422311545,0.0,False,False,True
C3,central_138kv,bipolar_dc_corridor_800vdc,central_138kv,0.72,0.74,0.74,0.74,1.01641378,1.01641378,0.9781856902884375,0.9891712517534998,800 V DC corridor output,800.0,1.0,True,0.0,0.0,79999.56465571928,79999.56465571928,1.0,24998.32831168548,79999.56444337845,0.0,False,False,True
C3,central_138kv,bipolar_dc_corridor_800vdc,central_138kv,0.74,0.76,0.76,0.76,1.01642154,1.01642154,0.9781938091215115,0.9891792775360415,800 V DC corridor output,800.0,1.0,True,0.0,0.0,79999.5648596165,79999.5648596165,1.0,24998.329011397524,79999.56465571928,0.0,False,False,True
C3,central_138kv,bipolar_dc_corridor_800vdc,central_138kv,0.76,0.78,0.78,0.78,1.01642896,1.01642896,0.9782015722257795,0.9891869516682863,800 V DC corridor output,800.0,1.0,True,0.0,0.0,79999.56505454886,79999.56505454886,1.0,24998.329680393814,79999.5648596165,0.0,False,False,True
C3,central_138kv,bipolar_dc_corridor_800vdc,central_138kv,0.78,0.8,0.8,0.8,1.01643601,1.01643601,0.9782089482149723,0.9891942431234728,800 V DC corridor output,800.0,1.0,True,0.0,0.0,79999.56523973268,79999.56523973268,1.0,24998.33031597767,79999.56505454886,0.0,False,False,True
C3,central_138kv,bipolar_dc_corridor_800vdc,central_138kv,0.8,0.8200000000000001,0.8200000000000001,0.8200000000000001,1.01644267,1.01644267,0.9782159161652578,0.9892011312173604,800 V DC corridor output,800.0,1.0,True,0.0,0.0,79999.56541464695,79999.56541464695,1.0,24998.330916354345,79999.56523973268,0.0,False,False,True
C3,central_138kv,bipolar_dc_corridor_800vdc,central_138kv,0.82,0.8400000000000001,0.8400000000000001,0.8400000000000001,1.01644893,1.01644893,0.9782224656151931,0.9892076056081928,800 V DC corridor output,800.0,1.0,True,0.0,0.0,79999.56557903344,79999.56557903344,1.0,24998.331480630513,79999.56541464695,0.0,False,False,True
C3,central_138kv,bipolar_dc_corridor_800vdc,central_138kv,0.84,0.8600000000000001,0.8600000000000001,0.8600000000000001,1.01645478,1.01645478,0.9782285861033071,0.989213655954192,800 V DC corridor output,800.0,1.0,True,0.0,0.0,79999.56573263381,79999.56573263381,1.0,24998.33200791266,79999.56557903344,0.0,False,False,True
C3,central_138kv,bipolar_dc_corridor_800vdc,central_138kv,0.86,0.88,0.88,0.88,1.01646021,1.01646021,0.9782342671680974,0.9892192719135561,800 V DC corridor output,800.0,1.0,True,0.0,0.0,79999.5658751895,79999.5658751895,1.0,24998.33249730698,79999.56573263381,0.0,False,False,True
C3,central_138kv,bipolar_dc_corridor_800vdc,central_138kv,0.88,0.9,0.9,0.9,1.01646523,1.01646523,0.9782395192727411,0.9892244638293763,800 V DC corridor output,800.0,1.0,True,0.0,0.0,79999.56600696676,79999.56600696676,1.0,24998.332949721742,79999.5658751895,0.0,False,False,True
C3,central_138kv,bipolar_dc_corridor_800vdc,central_138kv,0.9,0.92,0.92,0.92,1.01646984,1.01646984,0.9782443424179752,0.9892292317022191,800 V DC corridor output,800.0,1.0,True,0.0,0.0,79999.56612796908,79999.56612796908,1.0,24998.333365163337,79999.56600696676,0.0,False,False,True
C3,central_138kv,bipolar_dc_corridor_800vdc,central_138kv,0.92,0.9400000000000001,0.9400000000000001,0.9400000000000001,1.01647403,1.01647403,0.9782487261421317,0.9892335651901552,800 V DC corridor output,800.0,1.0,True,0.0,0.0,79999.56623793709,79999.56623793709,1.0,24998.333742736526,79999.56612796908,0.0,False,False,True
C3,central_138kv,bipolar_dc_corridor_800vdc,central_138kv,0.94,0.9600000000000001,0.9600000000000001,0.9600000000000001,1.01647782,1.01647782,0.978252691370527,0.9892374849785676,800 V DC corridor output,800.0,1.0,True,0.0,0.0,79999.5663373986,79999.5663373986,1.0,24998.334084248905,79999.56623793709,0.0,False,False,True
C3,central_138kv,bipolar_dc_corridor_800vdc,central_138kv,0.96,0.9800000000000001,0.9800000000000001,0.9800000000000001,1.01648122,1.01648122,0.9782562485660421,0.9892410014103187,800 V DC corridor output,800.0,1.0,True,0.0,0.0,79999.56642661852,79999.56642661852,1.0,24998.334390606193,79999.5663373986,0.0,False,False,True
C3,central_138kv,bipolar_dc_corridor_800vdc,central_138kv,0.98,1.0,1.0,1.0,1.01648425,1.01648425,0.9782594186538209,0.9892441351706591,800 V DC corridor output,800.0,1.0,True,0.0,0.0,79999.56650612381,79999.56650612381,1.0,24998.334663614536,79999.56642661852,0.0,False,False,True
C3,central_138kv,bipolar_dc_corridor_800vdc,central_138kv,1.0,1.02,1.02,1.02,0.10224176,0.10224176,0.0985663988881339,0.09962511183540547,800 V DC corridor output,800.0,1.0,True,0.0,0.0,777.2267991809194,777.2267991809194,1.0,242.88337474403727,79999.56650612381,0.020000000000000018,False,False,True
C3,central_138kv,bipolar_dc_corridor_800vdc,central_138kv,1.02,1.04,1.04,1.04,0.09603573,0.09603573,0.09258346169601464,0.09357791123162201,800 V DC corridor output,800.0,1.0,True,0.0,0.0,685.7357903684593,685.7357903684593,1.0,214.2924344901435,777.2267991809194,0.040000000000000036,True,False,True
C3,central_138kv,bipolar_dc_corridor_800vdc,central_138kv,1.04,1.06,1.06,1.06,0.09359132,0.09359132,0.09285972632081295,0.09385714324630667,800 V DC corridor output,800.0,1.0,True,0.0,120000.0,689.8185008610067,689.8185008610067,1.0,215.5559286255786,685.7357903684593,0.06000000000000005,True,False,True
C3,central_138kv,bipolar_dc_corridor_800vdc,central_138kv,1.06,1.08,1.08,1.08,0.92180008,0.92180008,0.9089244527295894,0.9197005524424874,800 V DC corridor output,800.0,1.0,True,0.0,120000.0,72872.34520718893,72872.34520718893,1.0,22772.664877258238,689.8185008610067,0.0,False,False,True
C3,central_138kv,bipolar_dc_corridor_800vdc,central_138kv,1.08,1.1,1.1,1.1,0.96187685,0.96187685,0.9462866233108421,0.9575568820481083,800 V DC corridor output,800.0,1.0,True,0.0,120000.0,79343.24266712365,79343.24266712365,1.0,24801.321878325845,72872.34520718893,0.0,False,False,True
C3,central_138kv,bipolar_dc_corridor_800vdc,central_138kv,1.1,1.12,1.12,1.12,0.98845837,0.98845837,0.9539732313961751,0.9652435426669446,800 V DC corridor output,800.0,1.0,True,0.0,24645.32836224631,79998.9137995195,79998.9137995195,1.0,24996.167598095933,79343.24266712365,0.0,False,False,True
C3,central_138kv,bipolar_dc_corridor_800vdc,central_138kv,1.12,1.1400000000000001,1.1400000000000001,1.1400000000000001,1.00647662,1.00647662,0.9682355600281382,0.9793363610543477,800 V DC corridor output,800.0,1.0,True,0.0,2228.0260134946993,79999.29441627934,79999.29441627934,1.0,24997.43072161662,79998.9137995195,0.0,False,False,True
C3,central_138kv,bipolar_dc_corridor_800vdc,central_138kv,1.14,1.16,1.16,1.16,1.01971297,1.01971297,0.9816367926114132,0.9925829424660614,800 V DC corridor output,800.0,1.0,True,0.0,0.0,79999.64836576971,79999.64836576971,1.0,24998.620239418597,79999.29441627934,0.0,False,False,True
C3,central_138kv,bipolar_dc_corridor_800vdc,central_138kv,1.16,1.18,1.18,1.18,1.03001763,1.03001763,0.9924110654917744,1.0032351073790269,800 V DC corridor output,800.0,1.0,True,0.0,0.0,79998.38974517409,79998.38974517409,1.0,24993.18077609864,79999.64836576971,0.0,False,False,True
C3,central_138kv,bipolar_dc_corridor_800vdc,central_138kv,1.18,1.2,1.2,1.2,1.03833426,1.03833426,1.0010914443001977,1.0118207311362248,800 V DC corridor output,800.0,1.0,True,0.0,0.0,80000.21358913029,80000.21358913029,1.0,25000.96459827236,79998.38974517409,0.0,False,False,True
C3,central_138kv,bipolar_dc_corridor_800vdc,central_138kv,1.2,1.22,1.22,1.22,1.04473439,1.04473439,1.0077666641731633,1.0184241512124073,800 V DC corridor output,800.0,1.0,True,0.0,0.0,80001.4252250847,80001.4252250847,1.0,25006.77786185794,80000.21358913029,0.0,False,False,True
C3,central_138kv,bipolar_dc_corridor_800vdc,central_138kv,1.22,1.24,1.24,1.24,1.04928703,1.04928703,1.0125124849405578,1.0231194788324685,800 V DC corridor output,800.0,1.0,True,0.0,0.0,80002.19082066198,80002.19082066198,1.0,25010.822578128627,80001.4252250847,0.0,False,False,True
C3,central_138kv,bipolar_dc_corridor_800vdc,central_138kv,1.24,1.26,1.26,1.26,1.05233282,1.05233282,1.0156863750811227,1.0262598537015126,800 V DC corridor output,800.0,1.0,True,0.0,0.0,80002.66004098968,80002.66004098968,1.0,25013.48759743549,80002.19082066198,0.0,False,False,True
C3,central_138kv,bipolar_dc_corridor_800vdc,central_138kv,1.26,1.28,1.28,1.28,1.05417301,1.05417301,1.0176035217609436,1.0281568533939225,800 V DC corridor output,800.0,1.0,True,0.0,0.0,80002.92727043215,80002.92727043215,1.0,25015.082083655572,80002.66004098968,0.0,False,False,True
C3,central_138kv,bipolar_dc_corridor_800vdc,central_138kv,1.28,1.3,1.3,1.3,1.05506589,1.05506589,1.0185336238595326,1.0290772074988028,800 V DC corridor output,800.0,1.0,True,0.0,0.0,80003.052590056,80003.052590056,1.0,25015.851540273536,80002.92727043215,0.0,False,False,True
C3,central_138kv,bipolar_dc_corridor_800vdc,central_138kv,1.3,1.32,1.32,1.32,1.05522922,1.05522922,1.0187037543883453,1.0292455568176735,800 V DC corridor output,800.0,1.0,True,0.0,0.0,80003.07520959561,80003.07520959561,1.0,25015.99199728347,80003.052590056,0.0,False,False,True
C3,central_138kv,bipolar_dc_corridor_800vdc,central_138kv,1.32,1.34,1.34,1.34,1.05484347,1.05484347,1.0183019388808563,1.0288479491060283,800 V DC corridor output,800.0,1.0,True,0.0,0.0,80003.02163597266,80003.02163597266,1.0,25015.660121386605,80003.07520959561,0.0,False,False,True
C3,central_138kv,bipolar_dc_corridor_800vdc,central_138kv,1.34,1.36,1.36,1.36,1.05405573,1.05405573,1.017481346907305,1.028035960276209,800 V DC corridor output,800.0,1.0,True,0.0,0.0,80002.91059984012,80002.91059984012,1.0,25014.980811804155,80003.02163597266,0.0,False,False,True
C3,central_138kv,bipolar_dc_corridor_800vdc,central_138kv,1.36,1.38,1.38,1.38,1.05298388,1.05298388,1.0163646999521028,1.026931041802877,800 V DC corridor output,800.0,1.0,True,0.0,0.0,80002.75597271958,80002.75597271958,1.0,25014.05306633091,80002.91059984012,0.0,False,False,True
C3,central_138kv,bipolar_dc_corridor_800vdc,central_138kv,1.38,1.4,1.4,1.4,1.05172076,1.05172076,1.0150486458157346,1.0256288424641575,800 V DC corridor output,800.0,1.0,True,0.0,0.0,80002.56846241152,80002.56846241152,1.0,25012.95465857359,80002.75597271958,0.0,False,False,True
C3,central_138kv,bipolar_dc_corridor_800vdc,central_138kv,1.4,1.42,1.42,1.42,1.05033816,1.05033816,1.0136079261326152,1.0242033296916906,800 V DC corridor output,800.0,1.0,True,0.0,0.0,80002.356585643,80002.356585643,1.0,25011.745975083548,80002.56846241152,0.0,False,False,True
C3,central_138kv,bipolar_dc_corridor_800vdc,central_138kv,1.42,1.44,1.44,1.44,1.04889056,1.04889056,1.0120992732240008,1.0227106453783983,800 V DC corridor output,800.0,1.0,True,0.0,0.0,80002.12723740336,80002.12723740336,1.0,25010.473275147007,80002.356585643,0.0,False,False,True
C3,central_138kv,bipolar_dc_corridor_800vdc,central_138kv,1.44,1.46,1.46,1.46,1.04741839,1.04741839,1.0105648022437321,1.0211924633155705,800 V DC corridor output,800.0,1.0,True,0.0,0.0,80001.88602167364,80001.88602167364,1.0,25009.171370174183,80002.12723740336,0.0,False,False,True
C3,central_138kv,bipolar_dc_corridor_800vdc,central_138kv,1.46,1.48,1.48,1.48,1.04595092,1.04595092,1.0090350164437665,1.0196789641272241,800 V DC corridor output,800.0,1.0,True,0.0,0.0,80001.63747420406,80001.63747420406,1.0,25007.865931566965,80001.88602167364,0.0,False,False,True
C3,central_138kv,bipolar_dc_corridor_800vdc,central_138kv,1.48,1.5,1.5,1.5,1.04450882,1.04450882,1.0075314689898922,1.0181914702836885,800 V DC corridor output,800.0,1.0,True,0.0,0.0,80001.38524660467,80001.38524660467,1.0,25006.575523915773,80001.63747420406,0.0,False,False,True
C3,central_138kv,bipolar_dc_corridor_800vdc,central_138kv,1.5,1.52,1.52,1.52,1.04310616,1.04310616,1.0060688422751762,1.0167445045282528,800 V DC corridor output,800.0,1.0,True,0.0,0.0,80001.13223945917,80001.13223945917,1.0,25005.31318449326,80001.38524660467,0.0,False,False,True
C3,central_138kv,bipolar_dc_corridor_800vdc,central_138kv,1.52,1.54,1.54,1.54,1.0417522,1.0417522,1.0046568097550568,1.015347632819327,800 V DC corridor output,800.0,1.0,True,0.0,0.0,80000.88075070104,80000.88075070104,1.0,25004.087866484722,80001.13223945917,0.0,False,False,True
C3,central_138kv,bipolar_dc_corridor_800vdc,central_138kv,1.54,1.56,1.56,1.56,1.04045274,1.04045274,1.0033014404010157,1.0140068544700442,800 V DC corridor output,800.0,1.0,True,0.0,0.0,80000.63259632571,80000.63259632571,1.0,25002.905536847837,80000.88075070104,0.0,False,False,True
C3,central_138kv,bipolar_dc_corridor_800vdc,central_138kv,1.56,1.58,1.58,1.58,1.03921124,1.03921124,1.0020063644714106,1.012725755904758,800 V DC corridor output,800.0,1.0,True,0.0,0.0,80000.38923180377,80000.38923180377,1.0,25001.770108099387,80000.63259632571,0.0,False,False,True
C3,central_138kv,bipolar_dc_corridor_800vdc,central_138kv,1.58,1.6,1.6,1.6,1.03802963,1.03802963,1.0007736168827042,1.0115063452783137,800 V DC corridor output,800.0,1.0,True,0.0,0.0,80000.15184929615,80000.15184929615,1.0,25000.684121616567,80000.38923180377,0.0,False,False,True
C3,central_138kv,bipolar_dc_corridor_800vdc,central_138kv,1.6,1.62,1.62,1.62,1.03690893,1.03690893,0.9996042830583961,1.0103496915546584,800 V DC corridor output,800.0,1.0,True,0.0,0.0,79999.9214632201,79999.9214632201,1.0,24999.649281509544,80000.15184929615,0.0,False,False,True
C3,central_138kv,bipolar_dc_corridor_800vdc,central_138kv,1.62,1.6400000000000001,1.6400000000000001,1.6400000000000001,1.03584964,1.03584964,0.9984989052890395,1.0092563265845482,800 V DC corridor output,800.0,1.0,True,0.0,0.0,79999.69896741473,79999.69896741473,1.0,24998.666793899145,79999.9214632201,0.0,False,False,True
C3,central_138kv,bipolar_dc_corridor_800vdc,central_138kv,1.64,1.6600000000000001,1.6600000000000001,1.6600000000000001,1.03485201,1.03485201,0.9974577641717611,1.0082265235538888,800 V DC corridor output,800.0,1.0,True,0.0,0.0,79999.48517875376,79999.48517875376,1.0,24997.737605793736,79999.69896741473,0.0,False,False,True
C3,central_138kv,bipolar_dc_corridor_800vdc,central_138kv,1.66,1.6800000000000002,1.6800000000000002,1.6800000000000002,1.03391617,1.03391617,0.9964810141266766,1.0072604310576763,800 V DC corridor output,800.0,1.0,True,0.0,0.0,79999.28085793933,79999.28085793933,1.0,24996.862520235572,79999.48517875376,0.0,False,False,True
C3,central_138kv,bipolar_dc_corridor_800vdc,central_138kv,1.68,1.7000000000000002,1.7000000000000002,1.7000000000000002,1.03304214,1.03304214,0.9955686937450179,1.0063580833543009,800 V DC corridor output,800.0,1.0,True,0.0,0.0,79999.08670716846,79999.08670716846,1.0,24996.04220207088,79999.28085793933,0.0,False,False,True
C3,central_138kv,bipolar_dc_corridor_800vdc,central_138kv,1.7,1.7200000000000002,1.7200000000000002,1.7200000000000002,1.03222984,1.03222984,0.9947207361541951,1.0055194106328664,800 V DC corridor output,800.0,1.0,True,0.0,0.0,79998.90336848181,79998.90336848181,1.0,24995.277184343096,79999.08670716846,0.0,False,False,True
C3,central_138kv,bipolar_dc_corridor_800vdc,central_138kv,1.72,1.74,1.74,1.74,1.03147894,1.03147894,0.9939368123558823,1.004744084083198,800 V DC corridor output,800.0,1.0,True,0.0,0.0,79998.7313858713,79998.7313858713,1.0,24994.567723876582,79998.90336848181,0.0,False,False,True
C3,central_138kv,bipolar_dc_corridor_800vdc,central_138kv,1.74,1.76,1.76,1.76,1.03078885,1.03078885,0.993216320682028,1.0040315054899267,800 V DC corridor output,800.0,1.0,True,0.0,0.0,79998.57119787917,79998.57119787917,1.0,24993.91378769748,79998.7313858713,0.0,False,False,True
C3,central_138kv,bipolar_dc_corridor_800vdc,central_138kv,1.76,1.78,1.78,1.78,1.03015855,1.03015855,0.9925582092063009,1.0033806316157339,800 V DC corridor output,800.0,1.0,True,0.0,0.0,79998.42309324617,79998.42309324617,1.0,24993.314887997578,79998.57119787917,0.0,False,False,True
C3,central_138kv,bipolar_dc_corridor_800vdc,central_138kv,1.78,1.8,1.8,1.8,1.02958653,1.02958653,0.9919609129832582,1.0027899121552164,800 V DC corridor output,800.0,1.0,True,0.0,0.0,79998.28719137558,79998.28719137558,1.0,24992.77002066964,79998.42309324617,0.0,False,False,True
C3,central_138kv,bipolar_dc_corridor_800vdc,central_138kv,1.8,1.82,1.82,1.82,1.02907072,1.02907072,0.9914222808651059,1.0022572173768538,800 V DC corridor output,800.0,1.0,True,0.0,0.0,79998.16342126198,79998.16342126198,1.0,24992.27759505192,79998.28719137558,0.0,False,False,True
C3,central_138kv,bipolar_dc_corridor_800vdc,central_138kv,1.82,1.84,1.84,1.84,1.02860847,1.02860847,0.9909395545571494,1.0017798174220582,800 V DC corridor output,800.0,1.0,True,0.0,0.0,79998.05151356342,79998.05151356342,1.0,24991.835412404347,79998.16342126198,0.0,False,False,True
C3,central_138kv,bipolar_dc_corridor_800vdc,central_138kv,1.84,1.86,1.86,1.86,1.02819653,1.02819653,0.9905093477134833,1.00135436163523,800 V DC corridor output,800.0,1.0,True,0.0,0.0,79997.95099440764,79997.95099440764,1.0,24991.440645901064,79998.05151356342,0.0,False,False,True
C3,central_138kv,bipolar_dc_corridor_800vdc,central_138kv,1.86,1.88,1.88,1.88,1.02783108,1.02783108,0.9901276772899841,1.0009769095652337,800 V DC corridor output,800.0,1.0,True,0.0,0.0,79997.86119314362,79997.86119314362,1.0,24991.089870056345,79997.95099440764,0.0,False,False,True
C3,central_138kv,bipolar_dc_corridor_800vdc,central_138kv,1.88,1.9,1.9,1.9,1.02750782,1.02750782,0.9897900576060932,1.0006430239726096,800 V DC corridor output,800.0,1.0,True,0.0,0.0,79997.78126681973,79997.78126681973,1.0,24990.77914946741,79997.86119314362,0.0,False,False,True
C3,central_138kv,bipolar_dc_corridor_800vdc,central_138kv,1.9,1.92,1.92,1.92,1.02722204,1.02722204,0.9894915735595627,1.0003478432112738,800 V DC corridor output,800.0,1.0,True,0.0,0.0,79997.71022152525,79997.71022152525,1.0,24990.504109901292,79997.78126681973,0.0,False,False,True
C3,central_138kv,bipolar_dc_corridor_800vdc,central_138kv,1.92,1.94,1.94,1.94,1.02696874,1.02696874,0.9892270060892439,1.0000862052745325,800 V DC corridor output,800.0,1.0,True,0.0,0.0,79997.64694729858,79997.64694729858,1.0,24990.260058471933,79997.71022152525,0.0,False,False,True
C3,central_138kv,bipolar_dc_corridor_800vdc,central_138kv,1.94,1.96,1.96,1.96,1.02674274,1.02674274,0.9889909472101787,0.9998527615251375,800 V DC corridor output,800.0,1.0,True,0.0,0.0,79997.590251323,79997.590251323,1.0,24990.042094843644,79997.64694729858,0.0,False,False,True
C3,central_138kv,bipolar_dc_corridor_800vdc,central_138kv,1.96,1.98,1.98,1.98,1.02653886,1.02653886,0.9887779881689703,0.9996421627345811,800 V DC corridor output,800.0,1.0,True,0.0,0.0,79997.53890893907,79997.53890893907,1.0,24989.845290139587,79997.590251323,0.0,False,False,True
C3,central_138kv,bipolar_dc_corridor_800vdc,central_138kv,1.98,2.0,2.0,2.0,1.026352,1.026352,0.9885828031436453,0.9994491418251203,800 V DC corridor output,800.0,1.0,True,0.0,0.0,79997.49168942224,79997.49168942224,1.0,24989.664769247596,79997.53890893907,0.0,False,False,True
C3,central_138kv,bipolar_dc_corridor_800vdc,central_138kv,2.0,2.02,2.02,2.02,1.02617732,1.02617732,0.9884003373825747,0.9992686998964566,800 V DC corridor output,800.0,1.0,True,0.0,0.0,79997.4474063908,79997.4474063908,1.0,24989.49588914307,79997.49168942224,0.0,False,False,True
C3,central_138kv,bipolar_dc_corridor_800vdc,central_138kv,2.02,2.04,2.04,2.04,1.02601032,1.02601032,0.9882258908737607,0.9990961889442616,800 V DC corridor output,800.0,1.0,True,0.0,0.0,79997.40494236659,79997.40494236659,1.0,24989.33432007537,79997.4474063908,0.0,False,False,True
C3,central_138kv,bipolar_dc_corridor_800vdc,central_138kv,2.04,2.06,2.06,2.06,1.02584694,1.02584694,0.9880552228862921,0.9989274152236004,800 V DC corridor output,800.0,1.0,True,0.0,0.0,79997.36327761774,79997.36327761774,1.0,24989.17614537815,79997.40494236659,0.0,False,False,True
C3,central_138kv,bipolar_dc_corridor_800vdc,central_138kv,2.06,2.08,2.08,2.08,1.02568367,1.02568367,0.9878846669445024,0.9987587529322043,800 V DC corridor output,800.0,1.0,True,0.0,0.0,79997.32152100322,79997.32152100322,1.0,24989.01797046612,79997.36327761774,0.0,False,False,True
C3,central_138kv,bipolar_dc_corridor_800vdc,central_138kv,2.08,2.1,2.1,2.1,1.02551755,1.02551755,0.9877111308838259,0.9985871442534489,800 V DC corridor output,800.0,1.0,True,0.0,0.0,79997.27891229288,79997.27891229288,1.0,24988.85692491145,79997.32152100322,0.0,False,False,True
C3,central_138kv,bipolar_dc_corridor_800vdc,central_138kv,2.1,2.12,2.12,2.12,1.02534623,1.02534623,0.9875321595753873,0.9984101613741965,800 V DC corridor output,800.0,1.0,True,0.0,0.0,79997.2348394701,79997.2348394701,1.0,24988.690722322306,79997.27891229288,0.0,False,False,True
C3,central_138kv,bipolar_dc_corridor_800vdc,central_138kv,2.12,2.14,2.14,2.14,1.02516795,1.02516795,0.9873459140769668,0.9982259858577072,800 V DC corridor output,800.0,1.0,True,0.0,0.0,79997.18883542587,79997.18883542587,1.0,24988.51764258388,79997.2348394701,0.0,False,False,True
C3,central_138kv,bipolar_dc_corridor_800vdc,central_138kv,2.14,2.16,2.16,2.16,1.02498154,1.02498154,0.9871511716761169,0.9980334086768228,800 V DC corridor output,800.0,1.0,True,0.0,0.0,79997.14057975702,79997.14057975702,1.0,24988.336533463713,79997.18883542587,0.0,False,False,True
C3,central_138kv,bipolar_dc_corridor_800vdc,central_138kv,2.16,2.18,2.18,2.18,1.02478633,1.02478633,0.9869472319116568,0.9978317372706047,800 V DC corridor output,800.0,1.0,True,0.0,0.0,79997.08987732402,79997.08987732402,1.0,24988.146724826052,79997.14057975702,0.0,False,False,True
C3,central_138kv,bipolar_dc_corridor_800vdc,central_138kv,2.18,2.2,2.2,2.2,1.02458212,1.02458212,0.9867338852751512,0.9976207645844951,800 V DC corridor output,800.0,1.0,True,0.0,0.0,79997.03665226218,79997.03665226218,1.0,24987.94800106778,79997.08987732402,0.0,False,False,True
C3,central_138kv,bipolar_dc_corridor_800vdc,central_138kv,2.2,2.22,2.22,2.22,1.02436911,1.02436911,0.9865113401240506,0.9974006967868385,800 V DC corridor output,800.0,1.0,True,0.0,0.0,79996.98093162593,79996.98093162593,1.0,24987.740534679207,79997.03665226218,0.0,False,False,True
C3,central_138kv,bipolar_dc_corridor_800vdc,central_138kv,2.22,2.24,2.24,2.24,1.0241478,1.0241478,0.986280118247592,0.9971720499880692,800 V DC corridor output,800.0,1.0,True,0.0,0.0,79996.92282100902,79996.92282100902,1.0,24987.524790425778,79996.98093162593,0.0,False,False,True
C3,central_138kv,bipolar_dc_corridor_800vdc,central_138kv,2.24,2.26,2.26,2.26,1.02391894,1.02391894,0.9860410026645896,0.9969355986117304,800 V DC corridor output,800.0,1.0,True,0.0,0.0,79996.86249298204,79996.86249298204,1.0,24987.301477994348,79996.92282100902,0.0,False,False,True
C3,central_138kv,bipolar_dc_corridor_800vdc,central_138kv,2.26,2.2800000000000002,2.2800000000000002,2.2800000000000002,1.02368342,1.02368342,0.9857949227262368,0.9966922617704277,800 V DC corridor output,800.0,1.0,True,0.0,0.0,79996.8001594537,79996.8001594537,1.0,24987.0714458601,79996.86249298204,0.0,False,False,True
C3,central_138kv,bipolar_dc_corridor_800vdc,central_138kv,2.28,2.3,2.3,2.3,1.02344226,1.02344226,0.9855429436915362,0.9964430929522554,800 V DC corridor output,800.0,1.0,True,0.0,0.0,79996.7360700359,79996.7360700359,1.0,24986.8356724119,79996.8001594537,0.0,False,False,True
C3,central_138kv,bipolar_dc_corridor_800vdc,central_138kv,2.3,2.32,2.32,2.32,1.02319651,1.02319651,0.9852861622605263,0.996189176714841,800 V DC corridor output,800.0,1.0,True,0.0,0.0,79996.67048630046,79996.67048630046,1.0,24986.595168917265,79996.7360700359,0.0,False,False,True
C3,central_138kv,bipolar_dc_corridor_800vdc,central_138kv,2.32,2.34,2.34,2.34,1.02294723,1.02294723,0.9850256856856099,0.9959316080277609,800 V DC corridor output,800.0,1.0,True,0.0,0.0,79996.60367683813,79996.60367683813,1.0,24986.35096029393,79996.67048630046,0.0,False,False,True
C3,central_138kv,bipolar_dc_corridor_800vdc,central_138kv,2.34,2.36,2.36,2.36,1.02269546,1.02269546,0.9847626004290828,0.9956714612788824,800 V DC corridor output,800.0,1.0,True,0.0,0.0,79996.53590944213,79996.53590944213,1.0,24986.104055911113,79996.60367683813,0.0,False,False,True
C3,central_138kv,bipolar_dc_corridor_800vdc,central_138kv,2.36,2.38,2.38,2.38,1.02244225,1.02244225,0.9844980035136034,0.9954098212741944,800 V DC corridor output,800.0,1.0,True,0.0,0.0,79996.46745928831,79996.46745928831,1.0,24985.855479095684,79996.53590944213,0.0,False,False,True
C3,central_138kv,bipolar_dc_corridor_800vdc,central_138kv,2.38,2.4,2.4,2.4,1.02218857,1.02218857,0.9842329084750089,0.9951476902415931,800 V DC corridor output,800.0,1.0,True,0.0,0.0,79996.39858462513,79996.39858462513,1.0,24985.60617878875,79996.46745928831,0.0,False,False,True
C3,central_138kv,bipolar_dc_corridor_800vdc,central_138kv,2.4,2.42,2.42,2.42,1.02193543,1.02193543,0.983968370757315,0.9948861118248936,800 V DC corridor output,800.0,1.0,True,0.0,0.0,79996.32955916542,79996.32955916542,1.0,24985.357147300405,79996.39858462513,0.0,False,False,True
C3,central_138kv,bipolar_dc_corridor_800vdc,central_138kv,2.42,2.44,2.44,2.44,1.02168379,1.02168379,0.9837053936624447,0.9946260780852363,800 V DC corridor output,800.0,1.0,True,0.0,0.0,79996.26064764468,79996.26064764468,1.0,24985.109331850297,79996.32955916542,0.0,False,False,True
C3,central_138kv,bipolar_dc_corridor_800vdc,central_138kv,2.44,2.46,2.46,2.46,1.02143463,1.02143463,0.9834450014991073,0.9943686018323145,800 V DC corridor output,800.0,1.0,True,0.0,0.0,79996.19212479837,79996.19212479837,1.0,24984.86370332734,79996.26064764468,0.0,False,False,True
C3,central_138kv,bipolar_dc_corridor_800vdc,central_138kv,2.46,2.48,2.48,2.48,1.02118898,1.02118898,0.9831882709372753,0.9941147476272911,800 V DC corridor output,800.0,1.0,True,0.0,0.0,79996.12428371348,79996.12428371348,1.0,24984.621285946225,79996.19212479837,0.0,False,False,True
C3,central_138kv,bipolar_dc_corridor_800vdc,central_138kv,2.48,2.5,2.5,2.5,1.02094788,1.02094788,0.9829362892059513,0.9938655904484678,800 V DC corridor output,800.0,1.0,True,0.0,0.0,79996.05742488256,79996.05742488256,1.0,24984.38311785526,79996.12428371348,0.0,False,False,True
C3,central_138kv,bipolar_dc_corridor_800vdc,central_138kv,2.5,2.52,2.52,2.52,1.02071239,1.02071239,0.9826819768396643,0.993616246476663,800 V DC corridor output,800.0,1.0,True,0.0,0.0,79999.67256172418,79999.67256172418,1.0,24998.70650528166,79996.05742488256,0.0,False,False,True
C3,central_138kv,bipolar_dc_corridor_800vdc,central_138kv,2.52,2.54,2.54,2.54,1.02048365,1.02048365,0.9824427730373196,0.99337975933551,800 V DC corridor output,800.0,1.0,True,0.0,0.0,79999.66707101332,79999.66707101332,1.0,24998.68684911954,79999.67256172418,0.0,False,False,True
C3,central_138kv,bipolar_dc_corridor_800vdc,central_138kv,2.54,2.56,2.56,2.56,1.02026278,1.02026278,0.9822117934070159,0.9931514042465972,800 V DC corridor output,800.0,1.0,True,0.0,0.0,79999.6617427377,79999.6617427377,1.0,24998.667819907605,79999.66707101332,0.0,False,False,True
C3,central_138kv,bipolar_dc_corridor_800vdc,central_138kv,2.56,2.58,2.58,2.58,1.02005092,1.02005092,0.9819902307810014,0.9929323603451208,800 V DC corridor output,800.0,1.0,True,0.0,0.0,79999.656607325,79999.656607325,1.0,24998.649521310654,79999.6617427377,0.0,False,False,True
C3,central_138kv,bipolar_dc_corridor_800vdc,central_138kv,2.58,2.6,2.6,2.6,1.0198492,1.0198492,0.9817792676217565,0.9927237964950628,800 V DC corridor output,800.0,1.0,True,0.0,0.0,79999.65169536765,79999.65169536765,1.0,24998.632056890085,79999.656607325,0.0,False,False,True
C3,central_138kv,bipolar_dc_corridor_800vdc,central_138kv,2.6,2.62,2.62,2.62,1.01965868,1.01965868,0.981580013256746,0.9925268092412792,800 V DC corridor output,800.0,1.0,True,0.0,0.0,79999.64703609038,79999.64703609038,1.0,24998.615524775672,79999.65169536765,0.0,False,False,True
C3,central_138kv,bipolar_dc_corridor_800vdc,central_138kv,2.62,2.64,2.64,2.64,1.01948036,1.01948036,0.9813935143156035,0.9923424331325988,800 V DC corridor output,800.0,1.0,True,0.0,0.0,79999.64265749816,79999.64265749816,1.0,24998.600018353834,79999.64703609038,0.0,False,False,True
C3,central_138kv,bipolar_dc_corridor_800vdc,central_138kv,2.64,2.66,2.66,2.66,1.01931509,1.01931509,0.9812206605788959,0.9921715476473668,800 V DC corridor output,800.0,1.0,True,0.0,0.0,79999.63858406068,79999.63858406068,1.0,24998.585618244215,79999.64265749816,0.0,False,False,True
C3,central_138kv,bipolar_dc_corridor_800vdc,central_138kv,2.66,2.68,2.68,2.68,1.01916359,1.01916359,0.9810622058679421,0.9920148978515198,800 V DC corridor output,800.0,1.0,True,0.0,0.0,79999.63483707779,79999.63483707779,1.0,24998.572393804454,79999.63858406068,0.0,False,False,True
C3,central_138kv,bipolar_dc_corridor_800vdc,central_138kv,2.68,2.7,2.7,2.7,1.01902639,1.01902639,0.9809187052647914,0.9918730323393038,800 V DC corridor output,800.0,1.0,True,0.0,0.0,79999.63143307752,79999.63143307752,1.0,24998.56039767323,79999.63483707779,0.0,False,False,True
C3,central_138kv,bipolar_dc_corridor_800vdc,central_138kv,2.7,2.72,2.72,2.72,1.01890379,1.01890379,0.9807904732484889,0.991746261852432,800 V DC corridor output,800.0,1.0,True,0.0,0.0,79999.6283827009,79999.6283827009,1.0,24998.549662042773,79999.63143307752,0.0,False,False,True
C3,central_138kv,bipolar_dc_corridor_800vdc,central_138kv,2.72,2.74,2.74,2.74,1.01879589,1.01879589,0.9806776150498826,0.9916346902826356,800 V DC corridor output,800.0,1.0,True,0.0,0.0,79999.62569134038,79999.62569134038,1.0,24998.540201085063,79999.6283827009,0.0,False,False,True
C3,central_138kv,bipolar_dc_corridor_800vdc,central_138kv,2.74,2.76,2.76,2.76,1.01870253,1.01870253,0.98057996387705,0.9915381526165734,800 V DC corridor output,800.0,1.0,True,0.0,0.0,79999.62335756252,79999.62335756252,1.0,24998.53200553993,79999.62569134038,0.0,False,False,True
C3,central_138kv,bipolar_dc_corridor_800vdc,central_138kv,2.76,2.7800000000000002,2.7800000000000002,2.7800000000000002,1.01862331,1.01862331,0.9804971018208288,0.99145623560599,800 V DC corridor output,800.0,1.0,True,0.0,0.0,79999.62137354416,79999.62137354416,1.0,24998.525044351365,79999.62335756252,0.0,False,False,True
C3,central_138kv,bipolar_dc_corridor_800vdc,central_138kv,2.78,2.8,2.8,2.8,1.01855761,1.01855761,0.9804283807678528,0.991388298443647,800 V DC corridor output,800.0,1.0,True,0.0,0.0,79999.6197255428,79999.6197255428,1.0,24998.51926636818,79999.62137354416,0.0,False,False,True
C3,central_138kv,bipolar_dc_corridor_800vdc,central_138kv,2.8,2.8200000000000003,2.8200000000000003,2.8200000000000003,1.01850457,1.01850457,0.9803729014803279,0.991333452081851,800 V DC corridor output,800.0,1.0,True,0.0,0.0,79999.61839339159,79999.61839339159,1.0,24998.51459857855,79999.6197255428,0.0,False,False,True
C3,central_138kv,bipolar_dc_corridor_800vdc,central_138kv,2.82,2.84,2.84,2.84,1.01846314,1.01846314,0.9803295658996944,0.9912906109385058,800 V DC corridor output,800.0,1.0,True,0.0,0.0,79999.61735177366,79999.61735177366,1.0,24998.51095054473,79999.61839339159,0.0,False,False,True
C3,central_138kv,bipolar_dc_corridor_800vdc,central_138kv,2.84,2.8600000000000003,2.8600000000000003,2.8600000000000003,1.0184321,1.0184321,0.9802970980755987,0.9912585135852997,800 V DC corridor output,800.0,1.0,True,0.0,0.0,79999.61657076603,79999.61657076603,1.0,24998.50821624081,79999.61735177366,0.0,False,False,True
C3,central_138kv,bipolar_dc_corridor_800vdc,central_138kv,2.86,2.88,2.88,2.88,1.01841009,1.01841009,0.9802740755575899,0.9912357537786435,800 V DC corridor output,800.0,1.0,True,0.0,0.0,79999.61601664781,79999.61601664781,1.0,24998.50627679469,79999.61657076603,0.0,False,False,True
C3,central_138kv,bipolar_dc_corridor_800vdc,central_138kv,2.88,2.9,2.9,2.9,1.01839566,1.01839566,0.9802589817083539,0.991220832173081,800 V DC corridor output,800.0,1.0,True,0.0,0.0,79999.61565321879,79999.61565321879,1.0,24998.505005005623,79999.61601664781,0.0,False,False,True
C3,central_138kv,bipolar_dc_corridor_800vdc,central_138kv,2.9,2.92,2.92,2.92,1.0183873,1.0183873,0.9802502370969348,0.9912121873533978,800 V DC corridor output,800.0,1.0,True,0.0,0.0,79999.61544261489,79999.61544261489,1.0,24998.50426809978,79999.61565321879,0.0,False,False,True
C3,central_138kv,bipolar_dc_corridor_800vdc,central_138kv,2.92,2.94,2.94,2.94,1.01838348,1.01838348,0.9802462413506784,0.9912082372063944,800 V DC corridor output,800.0,1.0,True,0.0,0.0,79999.61534636933,79999.61534636933,1.0,24998.50393135605,79999.61544261489,0.0,False,False,True
C3,central_138kv,bipolar_dc_corridor_800vdc,central_138kv,2.94,2.96,2.96,2.96,1.0183827,1.0183827,0.9802454254651042,0.9912074306317115,800 V DC corridor output,800.0,1.0,True,0.0,0.0,79999.61532671617,79999.61532671617,1.0,24998.503862595047,79999.61534636933,0.0,False,False,True
C3,central_138kv,bipolar_dc_corridor_800vdc,central_138kv,2.96,2.98,2.98,2.98,1.01838351,1.01838351,0.9802462727308916,0.9912082682284968,800 V DC corridor output,800.0,1.0,True,0.0,0.0,79999.61534712525,79999.61534712525,1.0,24998.503934000688,79999.61532671617,0.0,False,False,True
C3,central_138kv,bipolar_dc_corridor_800vdc,central_138kv,2.98,3.0,3.0,3.0,1.01838453,1.01838453,0.9802473396580687,0.9912093229799185,800 V DC corridor output,800.0,1.0,True,0.0,0.0,79999.61537282508,79999.61537282508,1.0,24998.50402391798,79999.61534712525,0.0,False,False,True
