architecture,energy_MW_rss,relative_to_ac,p99_ramp_MW_s,energy_window_MWh,max_discharge_MW,max_charge_MW
Traditional AC,123.21107743985766,1.0,404.4141877782678,,,
AC + active filter/storage,15.492548275378503,0.12573989772097233,36.563267144572364,,,
Local SST,71.72748064610074,0.5821512329612788,178.04748623198054,,,
Local SST + coordinated control,21.332600418733374,0.1731386565395984,50.49715941444402,,,
Subtransmission DC backbone,7.26222251951046,0.05894131169379091,16.643053386602336,,,
DC buffer,,,,0.41955883501939256,101.99598149389965,317.4065088356392
