dt_s,rmse_MW_vs_1ms_reference
0.08,0.22942619934141786
0.04,0.11337820578608654
0.02,0.055266683115505824
0.01,0.02618664057587262
0.005,0.011640249089048442
