frequency_Hz,simulated_gain,theory_gain
0.05,0.19568475062076174,0.19511986277060736
0.1,0.09921107026503478,0.09898334222765102
0.2,0.04977265594724315,0.04967451868668874
0.5,0.019929293481788478,0.01989043209985809
1.0,0.009965656026562898,0.009946691860399695
2.0,0.004983147757170059,0.004973530457842852
5.0,0.0019932202322110017,0.0019894328517054915
