dt_s,rmse_MW_vs_dt0p02
0.04,0.058151983535754515
0.02,0.0
0.01,0.02907098018296341
0.005,0.043615462007800254
