scenario,thdv_pct
Traditional AC,2.162746345850114
Traditional AC,1.4353752424367257
Traditional AC,1.362892004407371
Traditional AC,2.051255531608943
Traditional AC,1.9342302579857436
Traditional AC,2.049262174132695
Traditional AC,2.9953109174852717
Traditional AC,1.8186106236419703
Traditional AC,2.1333607867081574
Traditional AC,1.8773887737399704
Traditional AC,2.206419718226608
Traditional AC,1.9940098497416552
Traditional AC,3.0405469218778234
Traditional AC,1.7408066066606296
Traditional AC,1.7568520792861315
Traditional AC,1.9879441369063402
Traditional AC,2.565056269295117
Traditional AC,5.760563601648075
Traditional AC,3.255169959478373
Traditional AC,2.4163195045869967
Traditional AC,2.139283863412099
Traditional AC,2.9503290343549162
Traditional AC,2.390010398941214
Traditional AC,2.231546439148613
Traditional AC,1.655687455794109
Traditional AC,4.28070719506418
Traditional AC,2.6798491665779514
Traditional AC,2.5696730310817117
Traditional AC,2.8605146673713753
Traditional AC,2.420048698868796
Traditional AC,2.0082959298280847
Traditional AC,2.08846016785893
Traditional AC,5.987207146405647
Traditional AC,1.3766739832680455
Traditional AC,0.958518584640743
Traditional AC,2.8133848342342755
Traditional AC,2.120178080348696
Traditional AC,1.2895945834374654
Traditional AC,2.632161856826767
Traditional AC,2.8084886551559274
Traditional AC,1.8248328498907915
Traditional AC,2.9816295142049127
Traditional AC,2.4984924044330645
Traditional AC,1.6898593783153422
Traditional AC,1.5573282087200429
Traditional AC,2.6605290078246795
Traditional AC,2.8149418505660684
Traditional AC,1.3291114758521048
Traditional AC,1.7191039734946119
Traditional AC,1.8432493405966655
Traditional AC,1.5303800748575664
Traditional AC,1.750548823134289
Traditional AC,2.576125997102178
Traditional AC,3.7709116378528766
Traditional AC,2.059039756281769
Traditional AC,2.572190632832696
Traditional AC,2.2722873846705203
Traditional AC,2.6308111637460896
Traditional AC,4.676991072785105
Traditional AC,4.572825592060004
Traditional AC,1.5386039028397869
Traditional AC,1.4082994442825316
Traditional AC,2.724701697141148
Traditional AC,1.9578926660472369
Traditional AC,1.37929031941234
Traditional AC,1.592059633965543
Traditional AC,2.6815816471425022
Traditional AC,1.1818111742160509
Traditional AC,3.1609883178734814
Traditional AC,1.9637400694611638
Traditional AC,2.0610115422272046
Traditional AC,1.375185827410445
Traditional AC,1.777205618834839
Traditional AC,1.643185606485086
Traditional AC,1.3846564929450438
Traditional AC,1.069048399523339
Traditional AC,2.767795327924631
Traditional AC,2.2882263576592474
Traditional AC,1.729958972581546
Traditional AC,2.298741119888599
Traditional AC,2.321720734427607
Traditional AC,2.573521578743998
Traditional AC,1.7439929349377985
Traditional AC,4.072819362069688
Traditional AC,1.857032070449912
Traditional AC,2.4627962142836735
Traditional AC,1.5602146746022048
Traditional AC,2.634128860466466
Traditional AC,1.8414198081187267
Traditional AC,2.5089826499703913
Traditional AC,3.0844609604700257
Traditional AC,2.4648536491166544
Traditional AC,1.6861324699753035
Traditional AC,1.8090300823178433
Traditional AC,1.591664344783014
Traditional AC,2.587926638120211
Traditional AC,1.8284539694669313
Traditional AC,2.932020825048339
Traditional AC,1.2816996421289295
Traditional AC,4.688914571669659
Traditional AC,1.9425613743285552
Traditional AC,2.5899022174099833
Traditional AC,2.283287670955416
Traditional AC,1.9715578258527573
Traditional AC,1.7422249630729774
Traditional AC,1.0430618238405374
Traditional AC,1.6205845268929704
Traditional AC,3.4169141329550117
Traditional AC,2.4317189294573294
Traditional AC,1.6844704099892167
Traditional AC,1.1987300467352096
Traditional AC,1.6610385784255022
Traditional AC,2.49835755208593
Traditional AC,3.067183042055469
Traditional AC,1.518211292319976
Traditional AC,1.4979259034185266
Traditional AC,1.6184623221315948
Traditional AC,2.2091747823856407
Traditional AC,5.112771402401721
Traditional AC,2.094517156198988
Traditional AC,3.5705468701559604
Traditional AC,2.9833487026806202
Traditional AC,2.891967081999353
Traditional AC,1.5561502528376672
Traditional AC,1.887498321368759
Traditional AC,1.9018635736573848
Traditional AC,2.7536687116284075
Traditional AC,2.000196735641496
Traditional AC,1.8318775218565164
Traditional AC,2.3228698124041216
Traditional AC,2.103108046395874
Traditional AC,1.3297348111778076
Traditional AC,2.8412486811481905
Traditional AC,4.448567983908953
Traditional AC,2.5447258046576486
Traditional AC,1.942383142840757
Traditional AC,2.133358048494066
Traditional AC,2.1857641067536275
Traditional AC,3.6532014570313733
Traditional AC,2.655449441016166
Traditional AC,2.973166038582369
Traditional AC,2.110859152820539
Traditional AC,2.3894695124885104
Traditional AC,2.8992730571482834
Traditional AC,3.2930540641021606
Traditional AC,2.571994280752738
Traditional AC,2.6743603278164714
Traditional AC,2.2749810710954224
Traditional AC,2.7521452113117992
Traditional AC,2.0964487077318354
Traditional AC,4.261637832823313
Traditional AC,1.6979280634036675
Traditional AC,3.141310974643561
Traditional AC,1.8659875997020294
Traditional AC,1.1587407830352074
Traditional AC,1.4930188555626398
Traditional AC,1.5923425319846225
Traditional AC,1.429602405277009
Traditional AC,2.6373241460642567
Traditional AC,2.453253471719158
Traditional AC,1.2079792805325005
Traditional AC,1.4329939372283416
Traditional AC,4.0065231748557215
Traditional AC,1.5629494255964052
Traditional AC,1.9704248119949177
Traditional AC,2.658493020015294
Traditional AC,3.094083501969404
Traditional AC,2.608122029216989
Traditional AC,2.7019252318188576
Traditional AC,2.957038720622199
Traditional AC,1.7679702265160602
Traditional AC,2.258754240793769
Traditional AC,4.065552303130859
Traditional AC,1.8422100475402847
Traditional AC,1.4990584466596983
Traditional AC,0.6786450743265986
Traditional AC,3.594715489602666
Traditional AC,1.8966346318982001
Traditional AC,1.6523652319392559
Traditional AC,1.8697312892197473
Traditional AC,2.5935019476460575
Traditional AC,1.4375515497960083
Traditional AC,2.1796369714899737
Traditional AC,2.579626943294746
Traditional AC,2.1596708055073113
Traditional AC,1.8686212338346564
Traditional AC,2.4461277814629354
Traditional AC,3.154688761764456
Traditional AC,2.072284567915287
Traditional AC,1.256101194936391
Traditional AC,1.225134685640245
Traditional AC,3.6124328277496915
Traditional AC,3.1831566908559625
Traditional AC,1.2093969389207997
Traditional AC,1.4662623389177865
Traditional AC,1.4967709032270846
Traditional AC,1.586611327472246
Traditional AC,2.4399347245178884
Traditional AC,3.0941233465083413
Traditional AC,2.3678400175322665
Traditional AC,2.2782704147084387
Traditional AC,2.008956329916064
Traditional AC,2.153778486698914
Traditional AC,1.922823077539655
Traditional AC,2.476060229106557
Traditional AC,3.377731943827079
Traditional AC,2.671129786308315
Traditional AC,3.7099616718210795
Traditional AC,2.372429689871339
Traditional AC,1.6363207289150807
Traditional AC,1.7075201667263529
Traditional AC,1.3669707292620965
Traditional AC,3.3123113196650333
Traditional AC,1.5736546203372532
Traditional AC,1.6811034459730216
Traditional AC,2.832440962112605
Traditional AC,2.4030073962819922
Traditional AC,1.3241551601928014
Traditional AC,2.9981818461045764
Traditional AC,2.6095537976572483
Traditional AC,1.280606186325818
Traditional AC,1.1589114635607511
Traditional AC,2.674551794768054
Traditional AC,1.6829605144793722
Traditional AC,1.5970840475403336
Traditional AC,1.210407545218014
Traditional AC,0.9544043734387263
Traditional AC,2.9414597796149047
Traditional AC,2.2816252126478784
Traditional AC,1.9683298780992946
Traditional AC,1.7472085967160618
Traditional AC,1.5400051098937095
Traditional AC,1.8934542281970712
Traditional AC,1.4310886048981546
Traditional AC,2.4405677766495675
Traditional AC,1.3097429430869452
Traditional AC,3.884353709027697
Traditional AC,1.7333278525634601
Traditional AC,1.973875064717982
Traditional AC,4.170800174488131
Traditional AC,1.6098583611413686
Traditional AC,1.9095770055294963
Traditional AC,1.5955221662644414
Traditional AC,1.9287893253394937
Traditional AC,2.5281454103221863
Traditional AC,2.029593045978544
Traditional AC,2.8745017771880685
Traditional AC,3.4894872643263732
Traditional AC,1.2769271151595205
Traditional AC,1.7534194028555805
Traditional AC,1.462566364409376
Traditional AC,2.7624492212696237
Traditional AC,2.839332908275173
Traditional AC,2.0873255491969838
Traditional AC,1.562896568975638
Traditional AC,1.2565297848277714
Traditional AC,1.6541067104287266
Traditional AC,3.597999680312725
Traditional AC,2.729885799976247
Traditional AC,1.566663256324872
Traditional AC,2.036331577851116
Traditional AC,1.4697427607279243
Traditional AC,2.287426938706656
Traditional AC,2.6684547143183623
Traditional AC,1.3756442724401892
Traditional AC,2.940783959936766
Traditional AC,4.337480018892069
Traditional AC,2.5357065447436042
Traditional AC,1.9511942505270947
Traditional AC,2.4724031611490016
Traditional AC,1.2198795581264759
Traditional AC,1.5556069175417777
Traditional AC,1.2321964905608693
Traditional AC,2.1335283534562417
Traditional AC,2.0469988826464767
Traditional AC,1.1372587055206973
Traditional AC,3.1058054170986535
Traditional AC,2.211082840985276
Traditional AC,3.532559284057177
Traditional AC,2.331442019251975
Traditional AC,5.1464465152429435
Traditional AC,1.8932088564784613
Traditional AC,1.6549602854377794
Traditional AC,2.9371646949638324
Traditional AC,1.5686748423279209
Traditional AC,3.0648702803545103
Traditional AC,2.9048708607271765
Traditional AC,4.496454335697523
Traditional AC,1.3131184671647433
Traditional AC,1.1442847737015938
Traditional AC,2.068203420315637
Traditional AC,2.280766440392447
Traditional AC,3.0840461319751755
Traditional AC,2.5691864362695624
Traditional AC,3.8858346316087267
Traditional AC,1.8495355615097637
Traditional AC,1.1919084944660128
Traditional AC,3.0649647918484133
Traditional AC,2.37218253372178
Traditional AC,4.4662867290367565
Traditional AC,2.443835713950468
Traditional AC,1.9410279779261452
Traditional AC,2.1486100720327035
Traditional AC,3.1524186836387718
Traditional AC,2.2928290522288295
Traditional AC,1.0354894314353669
Traditional AC,1.2079876505763052
Traditional AC,2.646714358476111
Traditional AC,4.359299146179821
Traditional AC,3.378933658391047
Traditional AC,1.7859906351079362
Traditional AC,1.815222663967193
Traditional AC,2.018975857487701
Traditional AC,2.110405429913995
Traditional AC,2.31287029350989
Traditional AC,3.0423049912796034
Traditional AC,1.2715307464067722
Traditional AC,3.37712854056277
Traditional AC,2.5964466250338756
Traditional AC,2.435768918396758
Traditional AC,2.411684131990541
Traditional AC,1.5830866098295364
Traditional AC,1.8139007944538903
Traditional AC,1.3999893017561196
Traditional AC,3.1502408374076327
Traditional AC,2.4076636232295554
Traditional AC,2.4234790487380864
Traditional AC,2.4201885395258214
Traditional AC,2.3106737408329217
Traditional AC,1.9474234067505996
Traditional AC,2.3827325227865463
Traditional AC,2.048905461487655
Traditional AC,1.1182786001244251
Traditional AC,3.443277245666506
Traditional AC,1.7479061755373904
Traditional AC,3.970495895712819
Traditional AC,1.6594365216419673
Traditional AC,1.3952962916526903
Traditional AC,2.429515359431055
Traditional AC,2.0090144061465103
Traditional AC,3.8788787579189568
Traditional AC,1.3363603190298055
Traditional AC,1.2418868626687227
Traditional AC,2.3412918900785864
Traditional AC,2.5548860409612466
Traditional AC,2.8992655710750057
Traditional AC,1.9168380560454963
Traditional AC,1.7872187674619913
Traditional AC,1.4202213567538784
Traditional AC,1.1640483545103164
Traditional AC,2.0194326279694503
Traditional AC,2.0889414010052594
Traditional AC,2.282345318070539
Traditional AC,2.168547316136714
Traditional AC,3.2735006422523605
Traditional AC,3.67049599436355
Traditional AC,2.762784840441922
Traditional AC,2.819816447233157
Traditional AC,2.079993500098703
Traditional AC,3.946580556371366
Traditional AC,3.275298834151304
Traditional AC,1.6609040439393568
Traditional AC,2.859615395711124
Traditional AC,1.8877331102801986
Traditional AC,3.070989532714619
Traditional AC,2.953476304665208
Traditional AC,2.889934247086901
Traditional AC,2.5234225168554745
Traditional AC,1.9099803482098363
Traditional AC,2.8481880337783356
Traditional AC,1.2067184744235746
Traditional AC,2.1099778924311448
Traditional AC,2.3227905513053146
Traditional AC,3.0352532057579102
Traditional AC,3.1290423091228745
Traditional AC,1.039988634262422
Traditional AC,2.715197271348836
Traditional AC,2.1815837529729816
Traditional AC,1.7302358753663583
Traditional AC,2.102006749367984
Traditional AC,2.177614325788084
Traditional AC,3.643376952235272
Traditional AC,1.8843484536061628
Traditional AC,2.5553450778422793
Traditional AC,1.626445534356153
Traditional AC,2.34740338135074
Traditional AC,1.0315853330079923
Traditional AC,3.5773584344585596
Traditional AC,2.6988195374853228
Traditional AC,1.5091831444685047
Traditional AC,1.628447412248823
Traditional AC,4.096364122432417
Traditional AC,2.341826253288456
Traditional AC,1.926157113456969
Traditional AC,2.015970966891148
Traditional AC,2.452646924708028
Traditional AC,2.91362130076604
Traditional AC,3.6254368088238342
Traditional AC,2.0318639545162682
Traditional AC,3.0612136305173916
Traditional AC,2.368287305405133
Traditional AC,3.6888687258858877
Traditional AC,1.4334516818013867
Traditional AC,1.9326750100319667
Traditional AC,2.058315882777881
Traditional AC,3.601581917371232
Traditional AC,2.0987555737486727
Traditional AC,2.62497917789192
Traditional AC,3.017347705279201
Traditional AC,3.8828921301459838
Traditional AC,2.533236552975954
Traditional AC,1.9607876332455891
Traditional AC,2.0816347281216965
Traditional AC,1.3396238195618497
Traditional AC,2.0517431901501264
Traditional AC,3.3531470585937138
Traditional AC,2.604892873348389
Traditional AC,1.826961609868423
Traditional AC,2.075909740210373
Traditional AC,1.958831021103842
Traditional AC,2.324632736575941
Traditional AC,1.112703393899825
Traditional AC,2.370882754086516
Traditional AC,4.126075432110638
Traditional AC,1.9826157971339986
Traditional AC,2.9398696468481864
Traditional AC,1.8875791645502809
Traditional AC,1.789681138237817
Traditional AC,1.4160121790622504
Traditional AC,1.3730532616835527
Traditional AC,5.196267329368804
Traditional AC,1.9028331305225665
Traditional AC,1.7593560643075736
Traditional AC,1.1166987032172009
Traditional AC,2.2275648128298338
Traditional AC,2.5124316434477625
Traditional AC,2.059286965543336
Traditional AC,1.878819868419536
Traditional AC,1.9182473578003083
Traditional AC,1.3799549281946182
Traditional AC,2.049305806623396
Traditional AC,1.4278953176909566
Traditional AC,1.570214531012588
Traditional AC,1.6039624261547591
Traditional AC,0.9422963655769877
Traditional AC,3.202025595597751
Traditional AC,5.573680384311357
Traditional AC,2.8320950864302974
Traditional AC,1.577959358203512
Traditional AC,5.319288956151037
Traditional AC,3.048344540445502
Traditional AC,2.7252220983595534
Traditional AC,2.650662386544896
Traditional AC,1.7139216748979522
Traditional AC,1.6808836404848528
Traditional AC,1.8724388883368752
Traditional AC,2.671968648400364
Traditional AC,4.695244380241512
Traditional AC,2.511173359539476
Traditional AC,0.7133479622282637
Traditional AC,3.1384088720471053
Traditional AC,2.0064824247635458
Traditional AC,1.064254982007526
Traditional AC,2.692677353272348
Traditional AC,1.956041773521122
Traditional AC,1.1986198811860336
Traditional AC,2.3790617627538304
Traditional AC,2.7016384632232247
Traditional AC,2.1641203280935994
Traditional AC,3.266225015489455
Traditional AC,1.6086845360188688
Traditional AC,1.4900024459558459
Traditional AC,1.9876639833882803
Traditional AC,1.4415315331638734
Traditional AC,2.4104817762285826
Traditional AC,2.9576282702085326
Traditional AC,1.6524467586601408
Traditional AC,1.384438927758215
Traditional AC,5.958572785724756
Traditional AC,2.6064539876608954
Traditional AC,2.6465954403725775
Traditional AC,1.7454688439920565
Traditional AC,2.066501402491988
Traditional AC,1.7718846909049648
Traditional AC,1.6188139510545188
Traditional AC,3.5289335475902917
Traditional AC,6.074663035218272
Traditional AC,2.4012989927789117
Traditional AC,1.5606663048981142
Traditional AC,4.843682628766918
Traditional AC,3.228975603172647
Traditional AC,2.8235395809864854
Traditional AC,1.0716179558490593
Traditional AC,2.7901366045056033
Traditional AC,3.4658973424021147
Traditional AC,1.7145793629496155
Traditional AC,1.5916967862991074
Traditional AC,1.5126225395274453
Traditional AC,1.8268846443133926
Traditional AC,1.8183224565401301
Traditional AC,4.506970556942745
Traditional AC,1.6463788464231521
Traditional AC,3.731377915779287
Traditional AC,2.877327160109197
Traditional AC,2.524206738148961
Traditional AC,1.554869842931606
Traditional AC,1.7522399771768098
Traditional AC,2.8245293369710853
Traditional AC,3.309380986682158
Traditional AC,3.9001658506622228
Traditional AC,3.4010559999539995
Traditional AC,2.429817897909935
Traditional AC,1.9552397574535576
Traditional AC,2.6803738707624127
Traditional AC,2.1265033790778185
Traditional AC,1.7583689764290258
Traditional AC,1.96810940434411
Traditional AC,2.1716111047652387
Traditional AC,3.8261021440850804
Traditional AC,2.9787057645313855
Traditional AC,1.8049563708986256
Traditional AC,2.5190276437228203
Traditional AC,2.656916811349254
Traditional AC,2.7719880831319763
Traditional AC,0.9274920530292509
Traditional AC,2.5816784989183126
Traditional AC,1.6475967161527154
Traditional AC,2.3340816905228725
Traditional AC,3.0055628060092228
Traditional AC,2.6319154463916714
Traditional AC,1.1697723877286115
Traditional AC,1.4300382583614033
Traditional AC,3.274725607458421
Traditional AC,3.8123141270142034
Traditional AC,2.211441800497083
Traditional AC,2.1266574581197393
Traditional AC,2.661610977511445
Traditional AC,1.1944465347981836
Traditional AC,3.459943987263199
Traditional AC,1.9080326358085549
Traditional AC,1.5946402538894764
Traditional AC,2.0260802883717317
Traditional AC,2.7572258317193636
Traditional AC,3.8816357665639547
Traditional AC,1.835370672020247
Traditional AC,3.2731556184677157
Traditional AC,2.28989044986005
Traditional AC,1.4273653832773565
Traditional AC,2.7585953535600676
Traditional AC,3.4502615230538516
Traditional AC,2.071076579839552
Traditional AC,4.52304762143868
Traditional AC,1.8913390965743504
Traditional AC,2.8306004396885887
Traditional AC,2.383625808671338
Traditional AC,2.170681930213556
Traditional AC,3.6270442576628037
Traditional AC,1.529156552925538
Traditional AC,2.6164470578884993
Traditional AC,1.4045564045151513
Traditional AC,2.0321934100197847
Traditional AC,2.6154547611299166
Traditional AC,1.4260530186546425
Traditional AC,1.7098423159770713
Traditional AC,2.339616496160352
Traditional AC,1.5526484145338075
Traditional AC,2.3645539432698794
Traditional AC,3.1183650076097136
Traditional AC,2.650892293925784
Traditional AC,3.786413187794537
Traditional AC,3.1485235826031315
Traditional AC,3.2439303930154257
Traditional AC,4.0391314080358525
Traditional AC,1.9199254011091267
Traditional AC,2.9438640186950367
Traditional AC,1.8332098956295888
Traditional AC,2.2615693623766275
Traditional AC,2.78491820220293
Traditional AC,2.8092845556479644
Traditional AC,1.6864737857113465
Traditional AC,1.9011054122399638
Traditional AC,1.8490748083548454
Traditional AC,5.019943518299752
Traditional AC,2.8852419823517796
Traditional AC,1.6435151984016017
Traditional AC,2.611367854242384
Traditional AC,1.8565821372358926
Traditional AC,1.8489275864851722
Traditional AC,1.683705160695454
Traditional AC,1.3437587601384462
Traditional AC,2.3990461306452655
Traditional AC,3.8940531294444902
Traditional AC,3.1423220285955726
Traditional AC,3.1025568738761047
Traditional AC,1.9016583741425115
Traditional AC,3.873563598348631
Traditional AC,3.642039012560533
Traditional AC,1.5596054335398268
Traditional AC,2.045043118562989
Traditional AC,3.786855247960638
Traditional AC,1.4665106991762131
Traditional AC,3.263497144816783
Traditional AC,1.513361803293521
Traditional AC,2.2389926608064408
Traditional AC,2.620385906907359
Traditional AC,2.26750530964452
Traditional AC,1.4894531937265818
Traditional AC,1.686761196033912
Traditional AC,2.473288002833122
Traditional AC,2.3849884591332406
Traditional AC,1.4456263691971925
Traditional AC,2.867932251637538
Traditional AC,3.7089008977986393
Traditional AC,2.528873192298395
Traditional AC,1.8464193515039717
Traditional AC,4.241497296401866
Traditional AC,3.405836385347999
Traditional AC,2.194060060009779
Traditional AC,1.5092279404894913
Traditional AC,1.8405305482826506
Traditional AC,1.7858891225632725
Traditional AC,1.6631429021096467
Traditional AC,1.683357094195112
Traditional AC,1.409733239662015
Traditional AC,1.1860397093399857
Traditional AC,1.7936598927839926
Traditional AC,2.0344820726432697
Traditional AC,1.5906947897025332
Traditional AC,1.7641964832768018
Traditional AC,3.4162476174098546
Traditional AC,3.123183016059988
Traditional AC,2.7737590704424226
Traditional AC,2.2314172117177966
Traditional AC,1.2517381841863229
Traditional AC,1.5064156916606708
Traditional AC,1.5678719990225187
Traditional AC,3.0981080437461066
Traditional AC,1.8159871941720465
Traditional AC,1.9469868851636944
Traditional AC,1.8355389770690735
Traditional AC,1.836803788097768
Traditional AC,1.6977993494198635
Traditional AC,2.791444122575055
Traditional AC,3.573841140522888
Traditional AC,1.7591191078238442
Traditional AC,1.405625139310283
Traditional AC,1.8194420875191328
Traditional AC,1.1971500828319392
Traditional AC,1.593561071709925
Traditional AC,2.2084651059591045
Traditional AC,1.6247174404686204
Traditional AC,2.0612123258890342
Traditional AC,1.9882387494823257
Traditional AC,2.139920088975794
Traditional AC,3.0799553195248968
Traditional AC,1.4797820164418054
Traditional AC,2.431844612411927
Traditional AC,3.469254818882106
Traditional AC,2.543914395934066
Traditional AC,1.475575249396857
Traditional AC,2.101072727808456
Traditional AC,1.4393664869783678
Traditional AC,1.5247595715595026
Traditional AC,2.058165790087229
Traditional AC,1.2514827916402032
Traditional AC,2.9624757284847134
Traditional AC,2.7329867351690695
Traditional AC,3.1210998160914376
Traditional AC,2.5064462913235617
Traditional AC,2.4855479384927848
Traditional AC,1.6363895350302495
Traditional AC,1.7154779050648599
Traditional AC,3.2166199221557483
Traditional AC,2.0235292548408417
Traditional AC,2.525741205592405
Traditional AC,1.7159299314291832
Traditional AC,2.428719973207909
Traditional AC,1.2971937275841796
Traditional AC,2.6055664979551407
Traditional AC,2.2075271375802985
Traditional AC,1.6986481317259885
Traditional AC,2.048326689765316
Traditional AC,1.1845174161767333
Traditional AC,2.6888066592803153
Traditional AC,2.696004895087636
Traditional AC,1.303124160316416
Traditional AC,2.9251464762762165
Traditional AC,2.9143558877272415
Traditional AC,1.8286458573244997
Traditional AC,1.7964369330865915
Traditional AC,2.8491318857868886
Traditional AC,2.3741335918543323
Traditional AC,1.3259589686300863
Traditional AC,2.436521867789234
Traditional AC,5.045484857769238
Traditional AC,1.804348622284529
Traditional AC,2.4874332528464933
Traditional AC,2.2568276197524857
Traditional AC,2.9174676377747235
Traditional AC,4.738692439990095
Traditional AC,2.551125753110723
Traditional AC,1.4417959602469845
Traditional AC,1.1190537425626241
Traditional AC,2.6944782302024737
Traditional AC,1.8950738635505187
Traditional AC,3.6193153044313986
Traditional AC,2.5735942011409962
Traditional AC,1.3581484551875838
Traditional AC,1.0968692849014423
Traditional AC,2.1324850510417748
Traditional AC,2.375989238439805
Traditional AC,1.7884507395341207
Traditional AC,1.7941620827734521
Traditional AC,3.160561617903998
Traditional AC,2.0424589441408374
Traditional AC,1.172077114583035
Traditional AC,2.564843527008473
Traditional AC,1.7339174629121885
Traditional AC,1.567971139227661
Traditional AC,4.262190745867432
Traditional AC,2.2579832814602745
Traditional AC,2.475424982096159
Traditional AC,4.2542922844883115
Traditional AC,2.406681100801754
Traditional AC,1.9036782844917042
Traditional AC,2.635100880709006
Traditional AC,1.7670561391279995
Traditional AC,2.9419453844623025
Traditional AC,1.6032255236118214
Traditional AC,2.647023647233552
Traditional AC,2.6966287880834043
Traditional AC,1.9366604045118494
Traditional AC,4.150773318996732
Traditional AC,2.44386257367641
Traditional AC,2.7694071474528017
Traditional AC,1.9003736234661408
Traditional AC,1.3208016717602418
Traditional AC,3.2786835013197106
Traditional AC,1.4925449087331302
Traditional AC,2.2950010150580646
Traditional AC,1.7071265882709958
Traditional AC,2.7647548112215574
Traditional AC,1.6467786835558091
Traditional AC,3.399957471767984
Traditional AC,1.8711410603289256
Traditional AC,1.7834565243254814
Traditional AC,1.2621733851994117
Traditional AC,2.9207154706328633
Traditional AC,3.396770429059791
Traditional AC,2.237838012696105
Traditional AC,1.9482816185490301
Traditional AC,2.9871186953780073
Traditional AC,1.7763042333125776
Traditional AC,2.3245399679383385
Traditional AC,2.3296623644929118
Traditional AC,2.1307749668432794
Traditional AC,1.1979431138481869
Traditional AC,2.6210757780513365
Traditional AC,2.482539499472002
Traditional AC,1.4050188386148756
Traditional AC,2.293634729913734
Traditional AC,1.3701697910207793
Traditional AC,2.4906529366475434
Traditional AC,4.922619853178436
Traditional AC,2.2007392153251906
Traditional AC,1.2467801121449835
Traditional AC,2.3648280860744055
Traditional AC,2.494410311973319
Traditional AC,1.5734858273460857
Traditional AC,2.0451432619925916
Traditional AC,1.9168690986804255
Traditional AC,1.7531593005136445
Traditional AC,2.1406505412136614
Traditional AC,4.239738865532097
Traditional AC,3.1753977204464965
Traditional AC,1.7163558107949626
Traditional AC,1.92185827415406
Traditional AC,0.922609628361503
Traditional AC,1.7254791108224736
Traditional AC,3.4182790190583368
Traditional AC,2.210991850681283
Traditional AC,2.2670221289419716
Traditional AC,1.4934174213222904
Traditional AC,1.6230950741532304
Traditional AC,2.458690864196023
Traditional AC,2.955582586868656
Traditional AC,2.266057782687524
Traditional AC,1.855103432240703
Traditional AC,2.847523629418697
Traditional AC,2.4497963454882434
Traditional AC,3.943131231522762
Traditional AC,2.744439198416453
Traditional AC,1.825509892320722
Traditional AC,4.089203641427669
Traditional AC,5.942353569746641
Traditional AC,2.678601995779236
Traditional AC,2.1652915831585764
Traditional AC,1.2957462366961032
Traditional AC,1.56863240246439
Traditional AC,2.4188720066408314
Traditional AC,2.5428135269693057
Traditional AC,2.664400337205738
Traditional AC,1.6795403344220883
Traditional AC,2.3864182975407524
Traditional AC,1.9859622955946503
Traditional AC,3.3511535270860153
Traditional AC,1.204698468292654
Traditional AC,2.556577778228496
Traditional AC,3.8787932727597827
Traditional AC,2.1313913657960484
Traditional AC,2.1828968034620133
Traditional AC,2.5525009808054824
Traditional AC,2.8086373126678414
Traditional AC,3.0136363608697194
Traditional AC,2.011316241407394
Traditional AC,3.7453730528068867
Traditional AC,3.2590106863343506
Traditional AC,2.966694088489608
Traditional AC,1.8409766283558169
Traditional AC,1.4515270086344458
Traditional AC,1.6990049221379722
Traditional AC,2.0264923041624545
Traditional AC,3.1502389086265445
Traditional AC,2.249284053904322
Traditional AC,1.4677196592764046
Traditional AC,1.4944041453942853
Traditional AC,1.7251905775275012
Traditional AC,1.8533488318818738
Traditional AC,1.8005462873118536
Traditional AC,2.4030573524501073
Traditional AC,1.7331912907316176
Traditional AC,2.1142857104149444
Traditional AC,1.9847053300995245
Traditional AC,2.54850340522213
Traditional AC,2.7128144606905273
Traditional AC,1.503263779437181
Traditional AC,1.9305859016833484
Traditional AC,1.6176225238502062
Traditional AC,1.6559274973209999
Traditional AC,1.7627572794355872
Traditional AC,1.8988162758925686
Traditional AC,2.107926759675761
Traditional AC,2.357806908286339
Traditional AC,4.480242939822559
Traditional AC,2.4293254836204947
Traditional AC,2.166946574942666
Traditional AC,4.365968237977731
Traditional AC,2.202303627168745
Traditional AC,1.3194996291500987
Traditional AC,1.2117807259446038
Traditional AC,1.7451631088591808
Traditional AC,1.7368316450681067
Traditional AC,1.4655277067746724
Traditional AC,2.2284082974488015
Traditional AC,2.665077605100291
Traditional AC,3.1008929687664484
Traditional AC,2.459414351303451
Traditional AC,1.6346234978436782
Traditional AC,1.6828106455900982
Traditional AC,1.9831696772648224
Traditional AC,2.3450746131449165
Traditional AC,2.113057551649442
Traditional AC,1.8676552490762661
Traditional AC,2.9577351800533687
Traditional AC,2.6616797375506787
Traditional AC,2.714240732045641
Traditional AC,1.7661210198040715
Traditional AC,2.3505513700548475
Traditional AC,1.932293935809222
Traditional AC,1.624079046269014
Traditional AC,1.4747612839748536
Traditional AC,1.2474078837247533
Traditional AC,3.064365404472457
Traditional AC,1.8865497412335466
Traditional AC,1.5791716112030683
Traditional AC,1.1028055908571355
Traditional AC,2.104399450938644
Traditional AC,2.489805326683536
Traditional AC,1.6338281012292157
Traditional AC,2.0096967563000403
Traditional AC,1.3683972200778265
Traditional AC,3.493418940231419
Traditional AC,3.611678657506871
Traditional AC,3.3558196787082837
Traditional AC,2.3326354205563304
Traditional AC,1.629995719020118
Traditional AC,1.9530473415028429
Traditional AC,2.883949509005506
Traditional AC,3.298436255560019
Traditional AC,1.83246014085802
Traditional AC,4.766953986294131
Traditional AC,1.8934574446261594
Traditional AC,3.3280244280192464
Traditional AC,1.9015486750714363
Traditional AC,1.9358501686199499
Traditional AC,1.2466735424056794
Traditional AC,4.794952370982895
Traditional AC,1.8230110646007
Traditional AC,2.607899995671736
Traditional AC,1.6794608359112835
Traditional AC,3.1064431755106825
Traditional AC,2.318419010742798
Traditional AC,2.7247369142144806
Traditional AC,3.2796374456648847
Traditional AC,4.114559443111516
Traditional AC,3.0791454708365356
Traditional AC,2.3179662691415386
Traditional AC,1.9654762045541694
Traditional AC,1.4388004048027916
Traditional AC,2.750144915065718
Traditional AC,1.3303238706818548
Traditional AC,2.255414352675379
Traditional AC,3.0845148071860975
Traditional AC,2.1847900874110495
Traditional AC,1.6872732124622485
Traditional AC,2.005112981058834
Traditional AC,1.7365517717581662
Traditional AC,1.1254714326857902
Traditional AC,1.681901548258296
Traditional AC,2.073886220984254
Traditional AC,1.2003652220894796
Traditional AC,3.352240378100742
Traditional AC,1.784933882186926
Traditional AC,1.5132584704310708
Traditional AC,2.395527783176306
Traditional AC,1.5431876251922387
Traditional AC,2.133013956571294
Traditional AC,2.744827232612011
Traditional AC,1.8375678395764847
Traditional AC,2.2649663388920693
Traditional AC,2.5117527783694156
Traditional AC,1.0126282825061284
Traditional AC,3.1916639906806314
Traditional AC,3.153947827952904
Traditional AC,1.5328774277019752
Traditional AC,1.3641370375708788
Traditional AC,2.373099731719103
Traditional AC,0.9382446492852249
Traditional AC,2.5425683467524682
Traditional AC,2.666355158095499
Traditional AC,3.0324056103293646
Traditional AC,2.528287738897586
Traditional AC,1.3036793224058418
Traditional AC,2.1780034035622124
Traditional AC,1.7392804237948412
Traditional AC,1.6004799220534445
Traditional AC,1.9505587908764332
Traditional AC,0.9976079333820227
Traditional AC,3.3009210280480814
Traditional AC,3.764442140192164
Traditional AC,1.5746130258729671
Traditional AC,1.9761119793146331
Traditional AC,2.9413548040631134
Traditional AC,1.888438021007255
Traditional AC,1.624066803488796
Traditional AC,2.312593211925102
Traditional AC,3.296662717559684
Traditional AC,3.0654151055877876
Traditional AC,5.231381626677333
Traditional AC,2.127693757759143
Traditional AC,1.6247740210137829
Traditional AC,3.042673529866497
Traditional AC,1.9412017018677241
Traditional AC,3.199506637101131
Traditional AC,1.789475001029047
Traditional AC,2.0942110428704135
Traditional AC,2.1420240160253297
Traditional AC,5.024973015088702
Traditional AC,2.172364914852011
Traditional AC,1.9497222155079896
Traditional AC,1.9838494787273366
Traditional AC,2.103534067371518
Traditional AC,2.429808944461773
Traditional AC,2.891270625463761
Traditional AC,1.9736392919567272
Traditional AC,1.2785196143353865
Traditional AC,1.1530857222006694
Traditional AC,3.6527382717366796
Traditional AC,2.9129749750334355
Traditional AC,3.2407904225786712
Traditional AC,1.7116229756185226
Traditional AC,2.622609475686999
Traditional AC,0.9303457926265597
Traditional AC,1.9854661559176554
Traditional AC,2.055440092235537
Traditional AC,0.9052649364922294
Traditional AC,2.7004975731944585
Traditional AC,1.5082708336082793
Traditional AC,2.0305949041619478
Traditional AC,1.8443032992674415
Traditional AC,3.6912831831543462
Traditional AC,3.7892793169772703
Traditional AC,2.4839015603307764
Traditional AC,0.9595472354827342
Traditional AC,2.2216853745589464
Traditional AC,1.683850506039453
Traditional AC,3.3913770280398654
Traditional AC,3.43145791567943
Traditional AC,3.006713261629992
Traditional AC,5.321350245266711
Traditional AC,1.9404847031034345
Traditional AC,1.6580598964725932
Traditional AC,1.206417431382483
Traditional AC,1.9390186239840783
Traditional AC,1.9906888802515894
Traditional AC,1.9840209613265793
Traditional AC,1.3995469442803576
Traditional AC,1.8827323855043716
Traditional AC,2.9003297192088433
Traditional AC,1.339823529045894
Traditional AC,1.6528421731387322
Traditional AC,2.8042129051738502
Traditional AC,3.26623000990156
Traditional AC,1.6110865887984016
Traditional AC,2.5430752734288284
Traditional AC,1.3624782177862365
Traditional AC,2.583466944315833
Traditional AC,3.3006073501411732
Traditional AC,1.30480353467878
Traditional AC,1.8707706372761417
Traditional AC,3.416349977021187
Traditional AC,1.5869819974913073
Traditional AC,2.1493871210755637
Traditional AC,2.0955218339273767
Traditional AC,1.7074752254450276
Traditional AC,2.268295236851108
Traditional AC,1.4886292832979953
Traditional AC,1.7028522710570582
Traditional AC,3.2550475687377993
Traditional AC,2.729730099429161
Traditional AC,1.9642019473566619
Traditional AC,1.846360238649925
Traditional AC,5.567450729975133
Traditional AC,1.9500644387900703
Traditional AC,3.5923075096622967
Traditional AC,1.5607238223077355
Traditional AC,2.739860745922381
Traditional AC,1.7625951440462986
Traditional AC,2.905706615006363
Traditional AC,4.177901159080886
Traditional AC,2.279658601146834
Traditional AC,2.1017527162670366
Traditional AC,1.8939674451397106
Traditional AC,4.277695027291984
Traditional AC,1.356952088500705
Traditional AC,4.054501540193933
Traditional AC,1.5520294568252286
Traditional AC,1.915337994327648
Traditional AC,1.2528632826209856
Traditional AC,2.529611278758473
Traditional AC,1.835450160794703
Traditional AC,1.6387401502143673
Traditional AC,1.8967320757675479
Traditional AC,2.486300491780209
Traditional AC,3.910032802852272
Traditional AC,2.917146758872385
Traditional AC,1.6080847291469385
Traditional AC,1.4444519809207308
Traditional AC,1.8354396577907186
Traditional AC,2.3473253062098514
Traditional AC,3.078040917969252
Traditional AC,2.8436170284585818
Traditional AC,1.658696563744195
Traditional AC,1.4856469218068236
Traditional AC,1.1186857422167371
Traditional AC,2.6323921039392664
Traditional AC,2.1399573370978633
Traditional AC,2.0940466189589286
Traditional AC,2.1688231255846007
Traditional AC,2.0102203629595743
Traditional AC,1.6973751931869419
Traditional AC,2.1183862996356497
Traditional AC,1.6514122407348517
Traditional AC,3.178526365892207
Traditional AC,2.061753667912055
Traditional AC,2.207316145290451
Traditional AC,1.5555754694739976
Traditional AC,2.1704432415208323
Traditional AC,1.4730068090399866
Traditional AC,1.9685895624044325
Traditional AC,2.0904818140525845
Traditional AC,1.2685067888469144
Traditional AC,1.3564176592327362
Traditional AC,2.135399535707105
Traditional AC,4.113762168837749
Traditional AC,1.22297035879742
Traditional AC,2.0311936120234617
Traditional AC,1.424398099152111
Traditional AC,1.2063208945288064
Traditional AC,1.7747774585476215
Traditional AC,2.406790670713371
Traditional AC,2.828540730138726
Traditional AC,2.9694935647987033
Traditional AC,4.470343219588276
Traditional AC,1.805050531274143
Traditional AC,1.8258338896100257
Traditional AC,2.8120943512179726
Traditional AC,3.833221740999631
Traditional AC,3.649561379339909
Traditional AC,2.4578074445391906
Traditional AC,2.383903795382195
Traditional AC,2.851324049158632
Traditional AC,1.4266871622419215
Traditional AC,1.7127231611225275
Traditional AC,3.5171306551224024
Traditional AC,1.8685003491428633
Traditional AC,2.7828908587002865
Traditional AC,2.510254762884658
Traditional AC,1.6749360868640077
Traditional AC,1.5111698550346357
Traditional AC,1.704559957833392
Traditional AC,1.5442861911993264
Traditional AC,2.8528501579025987
Traditional AC,2.91487495669549
Traditional AC,1.874805212642924
Traditional AC,2.192950059143331
Traditional AC,1.6400716872348284
Traditional AC,2.6276902910600164
Traditional AC,1.7524802688953207
Traditional AC,2.523694666586773
Traditional AC,1.4484778231619808
Traditional AC,2.26248337008861
Traditional AC,1.2359668637530439
Traditional AC,1.6111014461314204
Traditional AC,2.7064345241483005
Traditional AC,2.2006649338304105
Traditional AC,0.842227543848927
Traditional AC,2.02348703284709
Traditional AC,2.287778328404448
Traditional AC,2.681611512576647
Traditional AC,4.978102319095172
Traditional AC,2.752970323889457
Traditional AC,6.184339532619422
Traditional AC,2.967566136021219
Traditional AC,2.085758372400715
Traditional AC,1.771539597148997
Traditional AC,4.998085898374241
Traditional AC,2.0188441725125923
Traditional AC,2.8909111769418914
Traditional AC,3.4179231065249094
Traditional AC,1.6625760902972104
Traditional AC,2.61659914564492
Traditional AC,2.607901755692515
Traditional AC,2.3045816306289892
Traditional AC,2.358515851486413
Traditional AC,2.8048771846926805
Traditional AC,3.0968220694297597
Traditional AC,1.241080610958726
Traditional AC,1.7743973022087003
Traditional AC,1.4695048602108731
Traditional AC,1.115607386469186
Traditional AC,2.7068509886040797
Traditional AC,1.9905225329679346
Traditional AC,2.0217347916411588
Traditional AC,3.290227442076616
Traditional AC,3.6950711328354386
Traditional AC,3.455901854106298
Traditional AC,1.8481887045152996
Traditional AC,1.4193384745331743
Traditional AC,1.9585902685783119
Traditional AC,2.2069536708419406
Traditional AC,1.5506324564527654
Traditional AC,1.4730880635588062
Traditional AC,1.2442542429911008
Traditional AC,1.1982974453289827
Traditional AC,1.6811535637668868
Traditional AC,3.1528545702818445
Traditional AC,1.7953946532593712
Traditional AC,1.7420612541261715
Traditional AC,1.6491717893453561
Traditional AC,3.0443015651969296
Traditional AC,1.9832788911093704
Traditional AC,1.7481102715637014
Traditional AC,2.7435374932837795
Traditional AC,3.4977424886181163
Traditional AC,3.1216852918279625
Traditional AC,3.772968831907571
Traditional AC,6.510264253448409
Traditional AC,2.3645518297278403
Traditional AC,2.4948318451748106
Traditional AC,1.9870458921412573
Traditional AC,3.6296093407793033
Traditional AC,2.1832131576383187
Traditional AC,1.6702418460204906
Traditional AC,1.4802309283335666
Traditional AC,1.8888595467676326
Traditional AC,4.313784921711269
Traditional AC,2.3558819946094536
Traditional AC,2.8018621875874326
Traditional AC,3.1066868859448507
Traditional AC,2.8301218633083973
Traditional AC,2.716794192742809
Traditional AC,2.243259976151995
Traditional AC,1.2233488151071867
Traditional AC,3.3168289682857592
Traditional AC,1.5471865816063262
Traditional AC,2.289541213409449
Traditional AC,2.55805490875475
Traditional AC,2.9051290799519327
Traditional AC,3.0649677365769965
Traditional AC,2.55295193013435
Traditional AC,2.301273814899802
Traditional AC,3.907454151475241
Traditional AC,3.644069787019655
Traditional AC,1.2551948571803035
Traditional AC,2.037399089541908
Traditional AC,3.4109292768498682
Traditional AC,1.6499927719808385
Traditional AC,3.987124246147859
Traditional AC,1.7971810710775507
Traditional AC,3.325705634699049
Traditional AC,2.4968101578561575
Traditional AC,3.458180584278034
Traditional AC,2.209563126857928
Traditional AC,2.5598009190016606
Traditional AC,5.771760684520884
Traditional AC,2.387589153885265
Traditional AC,2.340149978073561
Traditional AC,1.7703620661001425
Traditional AC,2.4004645906785362
Traditional AC,2.0627955454893425
Traditional AC,3.4332835628559466
Traditional AC,2.6064222641528065
Traditional AC,1.4131733519095342
Traditional AC,3.158321154542161
Traditional AC,1.5208794936807357
Traditional AC,1.8773360552252891
Traditional AC,1.633382489823229
Traditional AC,1.6505571249773845
Traditional AC,2.791761833889884
Traditional AC,1.9004063136196958
Traditional AC,3.3594034878335957
Traditional AC,1.5258431017872347
Traditional AC,1.9666300892728557
Traditional AC,3.155089294489217
Traditional AC,2.356641761673183
Traditional AC,1.6424048012349506
Traditional AC,2.949632661958459
Traditional AC,2.072352604951225
Traditional AC,4.058838970746911
Traditional AC,2.5859390647526532
Traditional AC,1.6816419708821029
Traditional AC,1.245508809882456
Traditional AC,1.5604418573218435
Traditional AC,2.8993416475995892
Traditional AC,1.696919849734487
Traditional AC,1.9822599611203213
Traditional AC,2.2159600735738683
Traditional AC,3.575110511765403
Traditional AC,2.255392473496207
Traditional AC,4.599299617459969
Traditional AC,1.5822374236493
Traditional AC,1.3577527773094975
Traditional AC,3.4353357666790694
Traditional AC,1.658680788065276
Traditional AC,1.513834250110977
Traditional AC,2.6902100016834094
Traditional AC,1.3612381791152608
Traditional AC,1.7797809679135277
Traditional AC,3.3354504213237477
Traditional AC,1.9115655342339413
Traditional AC,2.5452028370883832
Traditional AC,3.5329403901505168
Traditional AC,2.5130826210826323
Traditional AC,2.136781273258766
Traditional AC,2.2581710903078034
Traditional AC,1.473583886300787
Traditional AC,1.6241101719396633
Traditional AC,2.1091584284088762
Traditional AC,2.0884108339191823
Traditional AC,2.212681971863874
Traditional AC,2.105957357301939
Traditional AC,1.629430932657051
Traditional AC,2.130469782940814
Traditional AC,2.704701954306634
Traditional AC,1.9392005260938425
Traditional AC,2.719869976112872
Traditional AC,1.2741693299002776
Traditional AC,0.8918485458546765
Traditional AC,2.5726480879426017
Traditional AC,2.786535257613427
Traditional AC,3.741879089181663
Traditional AC,1.589847497830882
Traditional AC,1.409237182463161
Traditional AC,2.290454219293894
Traditional AC,2.048528178377147
Traditional AC,4.072790082666101
Traditional AC,5.242023127201171
Traditional AC,1.5606340286579605
Traditional AC,3.1790355950693954
Traditional AC,2.83284156760883
Traditional AC,1.5811367546330852
Traditional AC,3.6134136965941437
Traditional AC,2.6527330445015416
Traditional AC,2.187421793612378
Traditional AC,2.9402348919934633
Traditional AC,1.4440095300763807
Traditional AC,1.8123524773101507
Traditional AC,2.2399292372938406
Traditional AC,3.2762989218897416
Traditional AC,3.072462812741953
Traditional AC,2.1860966184403026
Traditional AC,2.637949866012782
Traditional AC,2.1629053787243424
Traditional AC,1.8163757566312293
Traditional AC,1.495419031177564
Traditional AC,1.7338284738681573
Traditional AC,3.817908521059775
Traditional AC,1.548585701038432
Traditional AC,1.8976583265946327
Traditional AC,2.9429269009665058
Traditional AC,1.5493616657278588
Traditional AC,1.202515402126733
Traditional AC,2.0159484588338428
Traditional AC,3.3568223398283132
Traditional AC,4.194132493312584
Traditional AC,1.31337696365602
Traditional AC,4.545436116141654
Traditional AC,2.565406056489015
Traditional AC,2.9815133668581457
Traditional AC,3.678902896956669
Traditional AC,1.0842823906330217
Traditional AC,2.1526729165568708
Traditional AC,2.5767660728968336
Traditional AC,2.3428998539614314
Traditional AC,2.0465914550909323
Traditional AC,2.4316322504281334
Traditional AC,3.295371226732424
Traditional AC,2.0638510253156452
Traditional AC,5.476100545224381
Traditional AC,1.3095070346052582
Traditional AC,2.3426539297731197
Traditional AC,2.211884894456235
Traditional AC,0.937139739535769
Traditional AC,4.528253300383528
Traditional AC,3.1953073111187287
Traditional AC,1.8612592684349254
Traditional AC,1.649834877259756
Traditional AC,1.542649210793512
Traditional AC,2.0841711705023873
Traditional AC,4.972874208691738
Traditional AC,1.7059165037561639
Traditional AC,1.868941508155796
Traditional AC,2.3684908467149106
Traditional AC,2.2649965147528768
Traditional AC,2.278576994060954
Traditional AC,3.8151169142532644
Traditional AC,1.823943771133954
Traditional AC,3.640178879297104
Traditional AC,2.766907400904402
Traditional AC,1.3059506149794626
Traditional AC,1.4748731630839336
Traditional AC,3.530211197978519
Traditional AC,1.7269710053595273
Traditional AC,2.230046851373289
Traditional AC,2.011225008255227
Traditional AC,2.0698290193854176
Traditional AC,1.4128261998305494
Traditional AC,1.2221921630555943
Traditional AC,3.095288520806308
Traditional AC,2.8689089831604195
Traditional AC,1.6112582256783021
Traditional AC,1.2010810768347184
Traditional AC,1.695136117410432
Traditional AC,2.3889230803692225
Traditional AC,2.6101263595547914
Traditional AC,2.4217668733659394
Traditional AC,1.8747468793810687
Traditional AC,3.2691821142536504
Traditional AC,1.5405287683277762
Traditional AC,1.5838511344385766
Traditional AC,1.6148039099441676
Traditional AC,2.89190195772348
Traditional AC,4.0269378569133725
Traditional AC,1.884339340355999
Traditional AC,2.0014649819304426
Traditional AC,2.1658875344496704
Traditional AC,2.1570457286374465
Traditional AC,2.0833475483801527
Traditional AC,2.007867933927544
Traditional AC,2.644277581244693
Traditional AC,1.645077798620696
Traditional AC,1.6680644010287518
Traditional AC,0.9605980693779054
Traditional AC,1.3374550311334734
Traditional AC,1.460225263845491
Traditional AC,2.024465762906921
Traditional AC,1.796723170042611
Traditional AC,1.803467883651814
Traditional AC,2.274542336786001
Traditional AC,1.5048376088861504
Traditional AC,1.804843241962866
Traditional AC,2.8429720297569894
Traditional AC,2.5029250907312663
Traditional AC,1.5690025294442227
Traditional AC,3.3018194283314894
Traditional AC,3.6289167019635533
Traditional AC,2.6025237817487437
Traditional AC,1.524607842928599
Traditional AC,2.8682445170412225
Traditional AC,2.335895228706139
Traditional AC,2.3236677294153245
Traditional AC,1.0364961225285332
Traditional AC,1.7348960083662228
Traditional AC,4.114991853964028
Traditional AC,4.136900343472865
Traditional AC,2.3416177446914532
Traditional AC,1.91301893292448
Traditional AC,2.9168582164958425
Traditional AC,2.0569920866650078
Traditional AC,3.3791746936046883
Traditional AC,1.722024276335534
Traditional AC,2.85011400652409
Traditional AC,6.700128630328122
Traditional AC,5.501168713354731
Traditional AC,1.6602174759182764
Traditional AC,2.073105306531672
Traditional AC,1.2815112592012945
Traditional AC,2.2149722257622098
Traditional AC,1.9830399603305982
Traditional AC,1.2364394622590367
Traditional AC,2.2885120291433476
Traditional AC,3.7767092554265838
Traditional AC,1.7581415290981006
Traditional AC,2.5072134760604023
Traditional AC,1.569523720160262
Traditional AC,2.67161669500062
Traditional AC,2.5557215941619367
Traditional AC,1.8101086829893986
Traditional AC,2.8477426632906737
Traditional AC,1.5485882635077057
Traditional AC,1.8181800724180703
Traditional AC,1.821001779847366
Traditional AC,2.70134421990934
Traditional AC,2.030418794539541
Traditional AC,1.3224154662329815
Traditional AC,3.235480311561837
Traditional AC,2.791866864765932
Traditional AC,6.18258240220692
Traditional AC,2.499592868099706
Traditional AC,1.9444781139986338
Traditional AC,1.3711515875684117
Traditional AC,1.2747564363240216
Traditional AC,1.708874640090002
Traditional AC,2.2075878687425305
Traditional AC,3.0872721217740438
Traditional AC,1.8457818275603224
Traditional AC,1.0473270525926863
Traditional AC,1.9790155489335148
Traditional AC,2.7706886922283114
Traditional AC,4.241598848551362
Traditional AC,2.1554612157221653
Traditional AC,1.625202754044778
Traditional AC,0.9970849462796082
Traditional AC,2.3551576714021634
Traditional AC,4.4023318232154045
Traditional AC,3.4178308283414243
Traditional AC,3.6990217782870918
Traditional AC,2.8987955158238354
Traditional AC,3.8927367489771387
Traditional AC,3.8977733156829624
Traditional AC,2.8990541167992867
Traditional AC,3.6899818431083964
Traditional AC,1.0508900616286576
Traditional AC,2.912337007683563
Traditional AC,4.205650298924691
Traditional AC,1.9206158507548527
Traditional AC,1.3929246947789746
Traditional AC,1.0064858317562844
Traditional AC,1.1263816112867373
Traditional AC,2.706653257746052
Traditional AC,1.4526049469329647
Traditional AC,2.4489190261794427
Traditional AC,2.7532974570245154
Traditional AC,1.4844374538425864
Traditional AC,2.425795356507902
Traditional AC,3.379628533682868
Traditional AC,1.9272268441152787
Traditional AC,2.0579493898152577
Traditional AC,3.09172964311487
Traditional AC,3.6637592845264653
Traditional AC,1.5142218396493656
Traditional AC,2.0941893561422704
Traditional AC,2.141584609982502
Traditional AC,2.4494813667613715
Traditional AC,1.3607273300569576
Traditional AC,2.1336486204642298
Traditional AC,2.118726721145945
Traditional AC,1.231878269651932
Traditional AC,1.324410341524657
Traditional AC,1.9192639397416873
Traditional AC,2.039914516245146
Traditional AC,2.4762240585330013
Traditional AC,2.5285358500573993
Traditional AC,3.6188843553583707
Traditional AC,2.5902506888055576
Traditional AC,1.8441392698498005
Traditional AC,1.253358371842508
Traditional AC,1.315009928157502
Traditional AC,2.1867075855977394
Traditional AC,1.2272788236986276
Traditional AC,1.457939721738556
Traditional AC,1.1335398303610438
Traditional AC,2.580344253128063
Traditional AC,2.3547823888166097
Traditional AC,3.911751322952394
Traditional AC,2.031690014621648
Traditional AC,1.737900902852743
Traditional AC,1.3389513375674866
Traditional AC,2.0116255917351755
Traditional AC,4.928328962523316
Traditional AC,3.278369276679207
Traditional AC,3.0314725284506383
Traditional AC,2.5962780590984296
Traditional AC,2.5939098798512763
Traditional AC,2.9523260419515696
Traditional AC,1.8769553819389138
Traditional AC,4.285054476032837
Traditional AC,1.9842771859996817
Traditional AC,2.988135826726071
Traditional AC,2.8263246861978475
Traditional AC,3.113152278775893
Traditional AC,2.8529561298874464
Traditional AC,2.5436954718321436
Traditional AC,1.3318848558581449
Traditional AC,4.073554972712349
Traditional AC,2.2945782053353576
Traditional AC,4.042804239163097
Traditional AC,2.9156800774918272
Traditional AC,1.972069970703093
Traditional AC,2.39007236514898
Traditional AC,3.2655416854963435
Traditional AC,1.9061549174052153
Traditional AC,2.926564615163742
Traditional AC,1.4286319615589331
Traditional AC,1.3108430031532576
Traditional AC,2.3003682396860077
Traditional AC,1.89420107616934
Traditional AC,2.27799202021144
Traditional AC,2.9175103330997056
Traditional AC,2.956184786592582
Traditional AC,2.009515766756124
Traditional AC,4.204655876695198
Traditional AC,1.9190498098373807
Traditional AC,1.2297022289934743
Traditional AC,2.6388795685367996
Traditional AC,2.2585565643710686
Traditional AC,1.6705498776720649
Traditional AC,1.1689733485075249
Traditional AC,4.484946209691464
Traditional AC,3.018192004762579
Traditional AC,1.8357889165430774
Traditional AC,2.23808428447086
Traditional AC,1.7228661504802694
Traditional AC,4.153766549537847
Traditional AC,1.6310014327043478
Traditional AC,4.209564292245635
Traditional AC,2.185864310347879
Traditional AC,1.7096412568402788
Traditional AC,2.3129792329107417
Traditional AC,1.51902840080356
Traditional AC,3.153834511948371
Traditional AC,1.7268646845471658
Traditional AC,3.877003191016466
Traditional AC,1.537981241783991
Traditional AC,1.1907491793959293
Traditional AC,3.8783684941324097
Traditional AC,1.7179569164720516
Traditional AC,1.5333411885046273
Traditional AC,1.4994278483136727
Traditional AC,3.874844133138138
Traditional AC,0.9770822860739667
Traditional AC,3.2551884687119403
Traditional AC,1.9322980783295274
Traditional AC,1.7434963340802203
Traditional AC,2.4625377879683263
Traditional AC,1.4850775350891514
Traditional AC,2.083903011515601
Traditional AC,3.86738907710907
Traditional AC,1.7128727413174605
Traditional AC,2.067473424717272
Traditional AC,1.0574757886994304
Traditional AC,1.5872697475129616
Traditional AC,1.976537008548601
Traditional AC,2.404338829734756
Traditional AC,2.1448174122800205
Traditional AC,2.499384712549642
Traditional AC,1.7252771668970095
Traditional AC,2.521738662405105
Traditional AC,1.5582196155327475
Traditional AC,2.1094512395539575
Traditional AC,2.4607477618433156
Traditional AC,3.0278614856567714
Traditional AC,3.0928213346465783
Traditional AC,1.453003462182675
Traditional AC,2.545309483908406
Traditional AC,2.1506731741302887
Traditional AC,1.8691865626388628
Traditional AC,1.9504609961551336
Traditional AC,3.1702011738816784
Traditional AC,4.190886582390409
Traditional AC,1.4331203312148326
Traditional AC,3.8106446555590816
Traditional AC,1.565264389924027
Traditional AC,3.2890105032830164
Traditional AC,2.1912321113105317
Traditional AC,2.2948839492346584
Traditional AC,2.7588124367004605
Traditional AC,1.256273500191832
Traditional AC,3.442332900016477
Traditional AC,2.7321055104957814
Traditional AC,2.4125181029023177
Traditional AC,1.8379564597562301
Traditional AC,2.5478847006363323
Traditional AC,1.4338578073709451
Traditional AC,2.803642304971626
Traditional AC,2.796275376200465
Traditional AC,1.5664504181635939
Traditional AC,3.018591869389842
Traditional AC,5.018433973249405
Traditional AC,1.7124592642318541
Traditional AC,2.7837927595915297
Traditional AC,2.2308809829248752
Traditional AC,1.3682889675941012
Traditional AC,2.5880526438809928
Traditional AC,2.645806140692115
Traditional AC,1.52284406156438
Traditional AC,2.7382741759167413
Traditional AC,2.0644966374833884
Traditional AC,2.520806498203415
Traditional AC,1.4027321579343353
Traditional AC,3.010235351272301
Traditional AC,2.1417229746503588
Traditional AC,1.748807189575547
Traditional AC,2.560737920925022
Traditional AC,2.576001967949087
Traditional AC,3.0117116047824286
Traditional AC,2.662726087486254
Traditional AC,1.5372114308278195
Traditional AC,2.104107618671594
Traditional AC,3.0576876699254116
Traditional AC,1.4111434798449274
Traditional AC,2.145563065373779
Traditional AC,2.184017961295082
Traditional AC,1.2279367266272379
Traditional AC,1.529569852436628
Traditional AC,2.4183418041173907
Traditional AC,4.677139766171484
Traditional AC,1.586524599569184
Traditional AC,1.5661969157417757
Traditional AC,2.2860646233658515
Traditional AC,2.7116269351556372
Traditional AC,3.83056391811126
Traditional AC,2.2947494918718525
Traditional AC,1.9227564775119372
Traditional AC,2.516785260417859
Traditional AC,2.408275593938921
Traditional AC,2.6675892856333867
Traditional AC,1.3545602461209172
Traditional AC,4.390163130622498
Traditional AC,3.154051040114028
Traditional AC,3.5380928624100276
Traditional AC,1.7764322537059571
Traditional AC,1.4518569189715376
Traditional AC,2.8774007875103726
Traditional AC,2.214598032350566
Traditional AC,1.314737748360111
Traditional AC,0.7879818998443138
Traditional AC,2.368371329507679
Traditional AC,1.843910440678846
Traditional AC,1.5566673321869167
Traditional AC,3.484017583851219
Traditional AC,2.5908927603437264
Traditional AC,1.7947544902262642
Traditional AC,1.2243118310862546
Traditional AC,2.9377421126542425
Traditional AC,1.7624592492503333
Traditional AC,1.737800822361605
Traditional AC,0.9315828379308607
Traditional AC,1.884259471377803
Traditional AC,2.557689302552579
Traditional AC,3.5452839988254095
Traditional AC,1.7202560449589184
Traditional AC,4.03766412580622
Traditional AC,2.5549514783940808
Traditional AC,2.510509959707175
Traditional AC,2.841984657925233
Traditional AC,4.510283576234766
Traditional AC,1.4300801830798684
Traditional AC,1.6314914348144258
Traditional AC,2.0711408637150193
Traditional AC,2.536000407326898
Traditional AC,2.4215767269295796
Traditional AC,3.400979186182606
Traditional AC,4.693581188853244
Traditional AC,2.1259523490511234
Traditional AC,2.506522463875756
Traditional AC,2.397282971327582
Traditional AC,1.3944003594764223
Traditional AC,2.091281716960393
Traditional AC,1.6066599471887988
Traditional AC,1.700856675809297
Traditional AC,1.8577144029533064
Traditional AC,1.2322884956004472
Traditional AC,3.192377444035373
Traditional AC,1.2821146048833925
Traditional AC,4.1873139981502066
Traditional AC,1.6560477407357301
Traditional AC,1.829159262816586
Traditional AC,2.166073398299368
Traditional AC,2.1390720847282085
Traditional AC,2.5390211854035543
Traditional AC,1.2839268934359178
Traditional AC,2.011279695142037
Traditional AC,2.6298506478830026
Traditional AC,3.036473386472141
Traditional AC,1.386641975420681
Traditional AC,1.5073202843889182
Traditional AC,2.2098112580967424
Traditional AC,1.906117078563405
Traditional AC,2.9816704396738176
Traditional AC,1.8038030506547926
Traditional AC,4.764014608254308
Traditional AC,2.340787308923766
Traditional AC,1.4451022174023396
Traditional AC,3.0199601057534364
Traditional AC,1.2210894195689141
Traditional AC,0.9538166448527146
Traditional AC,2.3678876493168706
Traditional AC,1.3099610592222064
Traditional AC,1.3234377135464774
Traditional AC,3.130075115636356
Traditional AC,3.6971772840524064
Traditional AC,2.7751667640957502
Traditional AC,2.802120877203826
Traditional AC,1.816711284307696
Traditional AC,1.3811684278096992
Traditional AC,2.513411387752042
Traditional AC,2.1924793829667952
Traditional AC,3.1595513688797316
Traditional AC,1.7546045524629494
Traditional AC,2.7992771552781823
Traditional AC,2.3238851877798608
Traditional AC,1.1854585526720192
Traditional AC,3.0949234381181587
Traditional AC,1.70799640833315
Traditional AC,2.428879776005387
Traditional AC,2.4828108418532295
Traditional AC,3.0368852820204832
Traditional AC,2.266962828561291
Traditional AC,1.4532854386406886
Traditional AC,2.7394457200121876
Traditional AC,2.323861675927485
Traditional AC,1.9124837553125937
Traditional AC,2.5584211636648515
Traditional AC,2.9147922815670717
Traditional AC,2.5040786249828426
Traditional AC,3.2519872788999353
Traditional AC,2.4067740994373565
Traditional AC,3.328745290399966
Traditional AC,1.2367085545305048
Traditional AC,1.8973198374632032
Traditional AC,1.2041220623903686
Traditional AC,1.6702701171309666
Traditional AC,0.9249506429965779
Traditional AC,1.171464074840602
Traditional AC,1.7762367035530646
Traditional AC,1.7242850320207708
Traditional AC,2.6245986502417225
Traditional AC,1.1780683259190545
Traditional AC,2.233408441065952
Traditional AC,2.312026901471075
Traditional AC,1.490120467705562
Traditional AC,1.6211155673088837
Traditional AC,3.197360293065863
Traditional AC,1.8697517953963747
Traditional AC,2.500552268797795
Traditional AC,1.645138580644368
Traditional AC,2.890686103126574
Traditional AC,1.226551070657759
Traditional AC,2.3386771662546866
Traditional AC,4.082220444124493
Traditional AC,3.49611624828258
Traditional AC,2.0803915232794017
Traditional AC,1.9345367958679915
Traditional AC,2.5645386414184608
Traditional AC,1.5654714481684286
Traditional AC,1.469236622547103
Traditional AC,1.2150893448717228
Traditional AC,2.3601127767645993
Traditional AC,2.5748359940891596
Traditional AC,1.9311775129173876
Traditional AC,2.676740637126843
Traditional AC,1.567003360408118
Traditional AC,1.3273929747109725
Traditional AC,2.861834048139597
Traditional AC,1.7143185389253026
Traditional AC,2.1268101139165583
Traditional AC,2.378657067221918
Traditional AC,1.630883974681532
Traditional AC,2.845220519832657
Traditional AC,2.3970112091302473
Traditional AC,1.9687050511493054
Traditional AC,3.5144889028638837
Traditional AC,4.044992447030217
Traditional AC,3.268470066634441
Traditional AC,2.4145353915133705
Traditional AC,2.7724144097879857
Traditional AC,1.847981080023554
Traditional AC,2.0535697954424155
Traditional AC,1.8115737710422386
Traditional AC,3.2881809245226603
Traditional AC,1.189715242471864
Traditional AC,2.194602085309539
Traditional AC,4.127316707001537
Traditional AC,2.5094933571423463
Traditional AC,2.567090670428067
Traditional AC,1.6116880344783042
Traditional AC,2.513154982018629
Traditional AC,2.987110583216806
Traditional AC,2.22560964283908
Traditional AC,1.6898876004692518
Traditional AC,2.2419172655989064
Traditional AC,1.9018385837824783
Traditional AC,1.5896877971302237
Traditional AC,1.735842041727558
Traditional AC,1.6024656643274195
Traditional AC,2.2537369459949073
Traditional AC,2.4825114870864833
Traditional AC,2.078337303526503
Traditional AC,2.107777206851666
Traditional AC,2.482840413156451
Traditional AC,3.4135283716825575
Traditional AC,4.583686910743481
Traditional AC,5.082145249184801
Traditional AC,3.1375060656095717
Traditional AC,2.1395384004718685
Traditional AC,1.560084669645666
Traditional AC,1.9964740155867124
Traditional AC,2.102549614130121
Traditional AC,1.5313046867285094
Traditional AC,1.8887956936380497
Traditional AC,2.014293677507591
Traditional AC,1.9543606610568167
Traditional AC,2.7173929624477555
Traditional AC,4.002777925351338
Traditional AC,2.842010545923084
Traditional AC,3.7670652147971384
Traditional AC,2.6304512682035344
Traditional AC,1.2872733771574865
Traditional AC,3.265622844013571
Traditional AC,2.693253307635864
Traditional AC,2.900465375088679
Traditional AC,1.5795419065301906
Traditional AC,2.0026654222213414
Traditional AC,1.8372943733059786
Traditional AC,1.533875123762184
Traditional AC,1.0881323667622498
Traditional AC,3.9497054997554506
Traditional AC,2.8139909598206545
Traditional AC,2.6231512013357703
Traditional AC,2.023654223390107
Traditional AC,1.9826773757510585
Traditional AC,3.000975308314633
Traditional AC,2.4433190998858065
Traditional AC,2.5965886326363314
Traditional AC,1.327401043655867
Traditional AC,1.0046809450660537
Traditional AC,2.248679021990417
Traditional AC,2.582723850754082
Traditional AC,1.3396266932288556
Traditional AC,1.4299900658129003
Traditional AC,1.704050424674153
Traditional AC,1.2190141191477872
Traditional AC,2.027034877050832
Traditional AC,2.167209986005748
Traditional AC,3.072512861050298
Traditional AC,2.420596192532026
Traditional AC,3.513997634758601
Traditional AC,2.1301952463406897
Traditional AC,3.2771255789871048
Traditional AC,0.934421565470121
Traditional AC,1.4472350223937833
Traditional AC,2.357793128443319
Traditional AC,2.118682015200291
Traditional AC,1.569683433667577
Traditional AC,2.2374806025956997
Traditional AC,1.3674604659587073
Traditional AC,1.0870997753971128
Traditional AC,2.7623588170771156
Traditional AC,2.0172051401017117
Traditional AC,2.165216776729294
Traditional AC,1.433899052012167
Traditional AC,2.908984230928615
Traditional AC,3.0040217360146357
Traditional AC,4.389606591267467
Traditional AC,2.675856758015726
Traditional AC,2.7510140091330295
Traditional AC,2.560653177241393
Traditional AC,1.457480316023541
Traditional AC,1.5855123634909372
Traditional AC,3.596492556545048
Traditional AC,2.5952185375699943
Traditional AC,3.1083900193974787
Traditional AC,1.5916583077754407
Traditional AC,1.9192553389936782
Traditional AC,3.045297213653656
Traditional AC,2.8382349835046954
Traditional AC,1.341909353860138
Traditional AC,2.917574816071011
Traditional AC,3.485142626844271
Traditional AC,4.551461419163127
Traditional AC,1.1241528865601946
Traditional AC,1.790157146455179
Traditional AC,2.1050690471190516
Traditional AC,2.4415044093139113
Traditional AC,2.753132807562831
Traditional AC,1.82895110521456
Traditional AC,2.319083337052832
Traditional AC,2.5899865245692313
Traditional AC,1.4628814442134113
Traditional AC,1.6907220699982077
Traditional AC,1.5241874529605013
Traditional AC,2.2381939725306252
Traditional AC,1.9224243343310647
Traditional AC,1.947649062124995
Traditional AC,1.5519514808718047
Traditional AC,2.442014704527172
Traditional AC,2.342901850476752
Traditional AC,3.0704939686741053
Traditional AC,1.6949503675326845
Traditional AC,2.0216458312018166
Traditional AC,3.6364137047814324
Traditional AC,2.336775873370326
Traditional AC,1.2028825312472364
Traditional AC,2.063006651437055
Traditional AC,2.190800561251479
Traditional AC,3.679190059509699
Traditional AC,2.94899283608119
Traditional AC,3.297210856339785
Traditional AC,2.3857615781272927
Traditional AC,1.9974433649999777
Traditional AC,1.8809728308483826
Traditional AC,2.6570526959863527
Traditional AC,2.6314791078993935
Traditional AC,1.3869807765640698
Traditional AC,2.2174221554578524
Traditional AC,1.8002800662944167
Traditional AC,3.0502144437506904
Traditional AC,2.5207223874384868
Traditional AC,1.9343172095136731
Traditional AC,1.7857230846932295
Traditional AC,2.0831302535545433
Traditional AC,4.202285407973731
Traditional AC,3.735207460858742
Traditional AC,2.8611588786655116
Traditional AC,5.0902620541335235
Traditional AC,2.8405427076861915
Traditional AC,2.3618191725635445
Traditional AC,2.2628655175810564
Traditional AC,2.1268825189754375
Traditional AC,1.3936130038325454
Traditional AC,2.9473917673328565
Traditional AC,3.2952719824614802
Traditional AC,1.749918874205608
Traditional AC,1.918234648629784
Traditional AC,2.572897725606333
Traditional AC,1.5117067797125245
Traditional AC,1.9930914721538335
Traditional AC,1.6971870538082068
Traditional AC,1.4230727186633856
Traditional AC,1.563141053777167
Traditional AC,1.8926176761914122
Traditional AC,1.2699707680855765
Traditional AC,1.2176098827159676
Traditional AC,1.5690487324754507
Traditional AC,2.9915654914248626
Traditional AC,2.0094068752689624
Traditional AC,2.5457153042472127
Traditional AC,2.533696570201866
Traditional AC,1.9209169907493193
Traditional AC,4.3519392956765115
Traditional AC,2.694310188003253
Traditional AC,2.907599309990442
Traditional AC,2.7659238094138954
Traditional AC,1.3256056055700873
Traditional AC,2.4754782894520755
Traditional AC,1.5696525085307222
Traditional AC,3.028643952648423
Traditional AC,2.5000488859323795
Traditional AC,1.5262364557965802
Traditional AC,2.8146609449798397
Traditional AC,2.021285194319977
Traditional AC,3.0765846134563977
Traditional AC,1.45759718000007
Traditional AC,1.705876003016791
Traditional AC,1.9632311435749126
Traditional AC,2.0883852503330402
Traditional AC,1.7422605967560418
Traditional AC,1.3865028590482433
Traditional AC,1.7840619229728136
Traditional AC,1.7649856636409655
Traditional AC,1.8785147770368524
Traditional AC,1.6110379658597984
Traditional AC,2.465474004447931
Traditional AC,1.6766183169398878
Traditional AC,1.6033485405728747
Traditional AC,1.1788493736598264
Traditional AC,2.62389769204532
Traditional AC,3.0114726650667913
Traditional AC,2.678811724057429
Traditional AC,1.4335196702203084
Traditional AC,2.718418106885601
Traditional AC,1.9225064268854646
Traditional AC,1.7790438239701454
Traditional AC,3.1177345272264123
Traditional AC,2.1445769583526064
Traditional AC,4.313940648829137
Traditional AC,1.26287434023242
Traditional AC,1.862787048180463
Traditional AC,3.052654998629478
Traditional AC,1.359867079613012
Traditional AC,2.2453099080846632
Traditional AC,2.8524679568347673
Traditional AC,3.1896783601538297
Traditional AC,2.0687911438383892
Traditional AC,1.618811700694231
Traditional AC,1.5192732242943963
Traditional AC,1.906287976195729
Traditional AC,1.6881431249889765
Traditional AC,2.1341227407717285
Traditional AC,1.7148901071194593
Traditional AC,4.403112720018219
Traditional AC,3.141526251198783
Traditional AC,2.3123339074951725
Traditional AC,1.1617176887932275
Traditional AC,1.3913794080262243
Traditional AC,1.6430342621564604
Traditional AC,4.696388534892879
Traditional AC,3.897682093666745
Traditional AC,1.9990314636662931
Traditional AC,2.721902134663387
Traditional AC,2.206812478632986
Traditional AC,2.1697254673256046
Traditional AC,1.7604385442470003
Traditional AC,4.818650131177052
Traditional AC,3.2688159951594256
Traditional AC,1.821022724436579
Traditional AC,3.9633191743854526
Traditional AC,1.610586195681387
Traditional AC,2.1771774087495164
Traditional AC,1.9131392204099582
Traditional AC,2.3047314386724485
Traditional AC,1.5212158065696542
Traditional AC,2.119416266652883
Traditional AC,2.0802919670542437
Traditional AC,2.050838131603891
Traditional AC,2.3203345481726654
Traditional AC,2.434331789795558
Traditional AC,2.1234278039226404
Traditional AC,1.8522366899802536
Traditional AC,2.284621387437195
Traditional AC,1.4685429683336493
Traditional AC,2.8037695508879805
Traditional AC,2.6593192090785798
Traditional AC,2.7586658765530205
Traditional AC,1.5645640124707794
Traditional AC,2.1958716682394663
Traditional AC,4.473523955607614
Traditional AC,1.3861906172678713
Traditional AC,1.9290822592313788
Traditional AC,2.5906498584993276
Traditional AC,2.114814150062637
Traditional AC,1.5904745771174478
Traditional AC,2.1829003072354896
Traditional AC,2.1076270286009695
Traditional AC,1.3812977092132401
Traditional AC,2.6854942482424238
Traditional AC,4.59859511438694
Traditional AC,2.159949881456795
Traditional AC,2.8050123134139193
Traditional AC,1.2681715023944695
Traditional AC,1.2583890272467761
Traditional AC,1.6102059369391162
Traditional AC,2.845200287560408
Traditional AC,1.5065474321718444
Traditional AC,3.3311386763703172
Traditional AC,1.617948176503727
Traditional AC,2.5140777964525154
Traditional AC,2.138414813169105
Traditional AC,3.6135382778047864
Traditional AC,1.6895647176253745
Traditional AC,3.2058572418391167
Traditional AC,2.057028579398528
Traditional AC,2.3512243389431458
Traditional AC,1.5823085693508108
Traditional AC,2.852949462975892
Traditional AC,1.4358095627137635
Traditional AC,2.17063439749827
Traditional AC,2.3569418183542177
Traditional AC,2.2288181796754856
Traditional AC,2.2827237867360126
Traditional AC,2.304950327868038
Traditional AC,1.856871339306979
Traditional AC,1.6849264266816086
Traditional AC,2.7589992875384715
Traditional AC,1.8936103881191662
Traditional AC,2.287691110187829
Traditional AC,1.5613058781252058
Traditional AC,1.1845952363270589
Traditional AC,1.074304184970492
Traditional AC,3.757879912436949
Traditional AC,2.568036912590137
Traditional AC,2.8427158777763184
Traditional AC,1.7316435908245407
Traditional AC,2.5456253783561644
Traditional AC,1.450673394112872
Traditional AC,2.3401613060545396
Traditional AC,1.5313319032557076
Traditional AC,1.6377888758376729
Traditional AC,2.0725320837090546
Traditional AC,1.4536643385355117
Traditional AC,3.042920252404235
Traditional AC,0.8374561659056448
Traditional AC,2.1359768643342365
Traditional AC,1.663201654344509
Traditional AC,4.03104461009544
Traditional AC,2.1406727854310206
Traditional AC,1.1629254246276497
Traditional AC,1.637599205208209
Traditional AC,0.9810732002955189
Traditional AC,2.4303852972937072
Traditional AC,1.912201041922818
Traditional AC,4.823689635075123
Traditional AC,2.3126747417048485
Traditional AC,2.1306395098355972
Traditional AC,1.9189005663794956
Traditional AC,3.8320886374368035
Traditional AC,4.111187756293618
Traditional AC,3.2912197177316522
Traditional AC,2.610986778199995
Traditional AC,2.258329002902269
Traditional AC,1.5087815261827844
Traditional AC,2.740792319696823
Traditional AC,2.7065633917261107
Traditional AC,2.756962890476523
Traditional AC,1.8333172272662952
Traditional AC,1.9923683244904924
Traditional AC,2.6612115689871585
Traditional AC,3.0392026332391846
Traditional AC,4.19770245989986
Traditional AC,1.5471007298323403
Traditional AC,2.116717230250174
Traditional AC,1.4693781898328968
Traditional AC,2.0706232185077527
Traditional AC,1.181138969752914
Traditional AC,2.184512259534247
Traditional AC,2.1312993187688543
Traditional AC,2.7042704720247515
Traditional AC,1.6941239630818818
Traditional AC,2.736157740651885
Traditional AC,2.323489867190811
Traditional AC,2.663375489997378
Traditional AC,2.6916888887899844
Traditional AC,4.161474439908028
Traditional AC,3.7563178965957276
Traditional AC,2.494451605496401
Traditional AC,1.6344374064449099
Traditional AC,1.45897872882325
Traditional AC,1.229537193965225
Traditional AC,1.4611491665275822
Traditional AC,1.6910064408836396
Traditional AC,3.4893735941174664
Traditional AC,2.019027762072736
Traditional AC,1.417768803021797
Traditional AC,1.5339950639408746
Traditional AC,1.6708398450139548
Traditional AC,2.7060027355183696
Traditional AC,2.3873089871999715
Traditional AC,1.7821560658943774
Traditional AC,1.2157084823383064
Traditional AC,1.902196662049487
Traditional AC,1.0433184430905487
Traditional AC,2.2793541798996033
Traditional AC,2.7234831655907343
Traditional AC,1.8830167118254906
Traditional AC,2.2276930841298874
Traditional AC,2.764628814052762
Traditional AC,1.4860029154516208
Traditional AC,2.005495784376261
Traditional AC,2.265143590808116
Traditional AC,4.3741412204249315
Traditional AC,2.930949986751873
Traditional AC,2.5457685540304826
Traditional AC,3.189604050662306
Traditional AC,1.1689305526080662
Traditional AC,1.3175420985055704
Traditional AC,1.6999817559696724
Traditional AC,2.5825108534060646
Traditional AC,1.797881764960413
Traditional AC,2.1677251316340462
Traditional AC,2.776581682284858
Traditional AC,3.558638483433169
Traditional AC,3.251096269716764
Traditional AC,2.686580547741714
Traditional AC,2.1323485573594545
Traditional AC,3.2805136791860066
Traditional AC,1.6453646195223828
Traditional AC,1.9385416512186913
Traditional AC,4.337545297178518
Traditional AC,1.7934565505763291
Traditional AC,2.154545173115621
Traditional AC,0.8779022979486012
Traditional AC,2.4171208292042823
Traditional AC,1.3144419434551318
Traditional AC,1.6397296859510317
Traditional AC,3.3554809708266227
Traditional AC,2.4147133933617395
Traditional AC,1.4226845150041747
Traditional AC,1.7884616300319076
Traditional AC,2.1976717771530487
Traditional AC,1.791684537000685
Traditional AC,2.1418545741742134
Traditional AC,2.178239307248253
Traditional AC,1.6797805025608612
Traditional AC,1.6267128166671692
Traditional AC,1.301585131815558
Traditional AC,1.6411889528812482
Traditional AC,1.1997696475264874
Traditional AC,3.5544933508576513
Traditional AC,2.386430582611648
Traditional AC,3.5051362828751618
Traditional AC,3.0232871275957467
Traditional AC,1.1734853101703064
Traditional AC,1.4419013854723994
Traditional AC,1.7671233284525893
Traditional AC,1.8389598533661855
Traditional AC,2.072535010986807
Traditional AC,1.5547676324656887
Traditional AC,1.9144685614114278
Traditional AC,2.2191534123508596
Traditional AC,4.596815309861577
Traditional AC,2.955686270013831
Traditional AC,2.663383469769555
Traditional AC,2.506510741090733
Traditional AC,4.316315409547823
Traditional AC,1.1976342861399498
Traditional AC,1.3242904989726167
Traditional AC,2.069352271994462
Traditional AC,3.514771941683593
Traditional AC,1.7619116543931272
Traditional AC,1.440064134007647
Traditional AC,2.0836330388287925
Traditional AC,2.373148406487448
Traditional AC,1.2035398053725657
Traditional AC,1.91188912189642
Traditional AC,2.1604364518128456
Traditional AC,1.387655979718571
Traditional AC,3.0484862244297948
Traditional AC,3.014031999432322
Traditional AC,2.882541052923386
Traditional AC,3.0973790177647915
Traditional AC,2.4358312037895526
Traditional AC,1.7038828676415454
Traditional AC,2.5464077504779215
Traditional AC,1.9685128447281122
Traditional AC,1.208105164857508
Traditional AC,1.7251792334674476
Traditional AC,2.682032917279288
Traditional AC,3.3190357976390494
Traditional AC,2.4120436394994766
Traditional AC,1.6048775242273194
Traditional AC,3.2524487615680773
Traditional AC,1.31461690039835
Traditional AC,1.2841919003737243
Traditional AC,3.2374663893234543
Traditional AC,1.9537706969345028
Traditional AC,2.5244026069535317
Traditional AC,2.866510540164
Traditional AC,4.270633682462234
Traditional AC,2.224916660219328
Traditional AC,2.563093157817565
Traditional AC,1.5711761621820624
Traditional AC,1.467218186931003
Traditional AC,1.5502962030277478
Traditional AC,1.525542388614803
Traditional AC,2.2061883809408007
Traditional AC,2.3443508474467336
Traditional AC,1.9640945019601166
Traditional AC,5.386010170111784
Traditional AC,1.7741798091884136
Traditional AC,2.266726332542271
Traditional AC,1.9771803126018064
Traditional AC,1.745402735311184
Traditional AC,1.3700387610786782
Traditional AC,0.8572687602668034
Traditional AC,1.5899355257573475
Traditional AC,2.3808638056090947
Traditional AC,2.3924305651711104
Traditional AC,2.287908483704572
Traditional AC,1.3752723145959205
Traditional AC,1.6294958705748888
Traditional AC,1.9903551450812553
Traditional AC,4.16089233130592
Traditional AC,2.262159619585474
Traditional AC,2.2502091610778843
Traditional AC,2.899845956020466
Traditional AC,2.0699928360721187
Traditional AC,2.420691268865098
Traditional AC,1.610679846363362
Traditional AC,2.3647270469644877
Traditional AC,1.1845631251064634
Traditional AC,2.586436327164057
Traditional AC,0.8734794223025023
Traditional AC,2.0314358204619207
Traditional AC,1.216256739077834
Traditional AC,3.2792808295010625
Traditional AC,1.691605078172055
Traditional AC,4.1345274552037115
Traditional AC,2.311351481238169
Traditional AC,1.8173585156648513
Traditional AC,2.095968915531464
Traditional AC,2.0993016996006135
Traditional AC,2.7815138363780862
Traditional AC,1.5720138518953022
Traditional AC,1.3472886503168162
Traditional AC,2.238372025736055
Traditional AC,2.6128368897829435
Traditional AC,1.6261325585305448
Traditional AC,3.0318803727810026
Traditional AC,2.101209382685276
Traditional AC,1.9604581947862885
Traditional AC,3.259588617111056
Traditional AC,2.516898991740412
Traditional AC,2.3623104938759636
Traditional AC,2.7686093562964946
Traditional AC,1.364906744211267
Traditional AC,2.1628922314874197
Traditional AC,1.5659694979674552
Traditional AC,1.8059090138400677
Traditional AC,4.288372696185727
Traditional AC,1.718898504820408
Traditional AC,1.746279315645943
Traditional AC,1.9987479711214533
Traditional AC,2.045383014699514
Traditional AC,1.360617063726995
Traditional AC,1.0292198963548502
Traditional AC,2.4092222013916422
Traditional AC,1.4197550841324318
Traditional AC,1.5491527989268274
Traditional AC,2.772215507506893
Traditional AC,1.7296232198338655
Traditional AC,1.5102895969675874
Traditional AC,2.1954075475911234
Traditional AC,1.4888359335406973
Traditional AC,2.736899322776314
Traditional AC,2.397452572152624
Traditional AC,2.610159809640996
Traditional AC,2.21583895352541
Traditional AC,2.2036094761134333
Traditional AC,2.17653086860323
Traditional AC,1.7870330797638514
Traditional AC,2.7784984724398494
Traditional AC,2.825489937989885
Traditional AC,1.109035189035918
Traditional AC,1.1585513323608512
Traditional AC,2.257523688267256
Traditional AC,2.4434959433031915
Traditional AC,1.3136278441740967
Traditional AC,1.66655072409628
Traditional AC,3.207780153181102
Traditional AC,4.053439445895148
Traditional AC,1.951476632149486
Traditional AC,3.6929081398680608
Traditional AC,2.230002347172496
Traditional AC,1.2576632884227545
Traditional AC,2.000177628729557
Traditional AC,7.083254925310735
Traditional AC,5.750916442179267
Traditional AC,1.114290444402026
Traditional AC,2.254557644522653
Traditional AC,1.5559994986711054
Traditional AC,1.8524627928962605
Traditional AC,1.9680509531909232
Traditional AC,1.7661531420448668
Traditional AC,1.1921984875500218
Traditional AC,1.4901732465248745
Traditional AC,2.1574616245070213
Traditional AC,2.0591796193940373
Traditional AC,1.970543412874016
Traditional AC,2.366708887223239
Traditional AC,4.211241551169983
Traditional AC,1.9624221747251809
Traditional AC,2.601396182579241
Traditional AC,4.515661306723118
Traditional AC,1.6904263106187936
Traditional AC,1.6544541020405625
Traditional AC,1.4294026955688173
Traditional AC,2.2807620376033655
Traditional AC,2.209496997655623
Traditional AC,2.5733117322478547
Traditional AC,2.7027519652181957
Traditional AC,2.618235491606232
Traditional AC,2.1214935767865026
Traditional AC,3.172152645083414
Traditional AC,3.585264787197895
Traditional AC,3.1687167092714184
Traditional AC,1.4945206292684987
Traditional AC,1.5938751655763834
Traditional AC,2.2139675040868827
Traditional AC,2.767745963126372
Traditional AC,1.5862679440556529
Traditional AC,1.6450694990038628
Traditional AC,1.1074378608729
Traditional AC,2.1087802798349737
Traditional AC,4.208235176255107
Traditional AC,2.487104023398372
Traditional AC,2.236342080010126
Traditional AC,3.1596970281112897
Traditional AC,2.312789310789567
Traditional AC,1.6075026258122054
Traditional AC,2.5895486619914703
Traditional AC,4.1627305794331715
Traditional AC,2.8443314284175236
Traditional AC,2.4463057410771682
Traditional AC,2.0186220497164573
Traditional AC,1.538211868409044
Traditional AC,3.079827379764054
Traditional AC,3.6858555627708185
Traditional AC,2.8337034135679033
Traditional AC,2.5101964080755548
Traditional AC,1.1618202472436512
Traditional AC,2.3091468665141486
Traditional AC,1.395051478042378
Traditional AC,2.657667922698557
Traditional AC,1.809348418458156
Traditional AC,2.3947831893044995
Traditional AC,2.9162396864449343
Traditional AC,1.9026628222339648
Traditional AC,2.116212474341188
Traditional AC,1.5349151255195717
Traditional AC,3.4284663018129287
Traditional AC,1.4555362506919094
Traditional AC,1.8238124400494726
Traditional AC,4.387856153517515
Traditional AC,2.3256604911137577
Traditional AC,1.7956019135956842
Traditional AC,1.0880168374199612
Traditional AC,1.9216369668011934
Traditional AC,3.003166730116524
Traditional AC,1.642008524734368
Traditional AC,2.183619469463983
Traditional AC,0.8782033806179576
Traditional AC,1.5632481320317133
Traditional AC,1.5410846449939368
Traditional AC,1.495615465886373
Traditional AC,2.9192204264093253
Traditional AC,1.492114641236148
Traditional AC,0.9773820156505989
Traditional AC,2.489912424510024
Traditional AC,4.121622024919887
Traditional AC,1.4820347843145836
Traditional AC,1.609483076175325
Traditional AC,2.7798639219244676
Traditional AC,1.775397293348611
Traditional AC,2.2426641778006524
Traditional AC,2.0230832275283372
Traditional AC,1.4744448306406512
Traditional AC,3.5937812269360814
Traditional AC,2.6445423675090782
Traditional AC,1.1631410037150514
Traditional AC,2.0601851601863723
Traditional AC,3.288868074258841
Traditional AC,1.5653459693500151
Traditional AC,2.3885246562528977
Traditional AC,2.2926960434619437
Traditional AC,2.5683216192971736
Traditional AC,1.610049581286881
Traditional AC,1.9872155659446566
Traditional AC,1.1468056626626448
Traditional AC,3.7754963200100087
Traditional AC,2.711282684867762
Traditional AC,2.0151154395313524
Traditional AC,2.1397541384299044
Traditional AC,1.5055485069909735
Traditional AC,1.8427932542954526
Traditional AC,1.7817125261145421
Traditional AC,1.5979543621102457
Traditional AC,1.9602410693082688
Traditional AC,1.6597729975642324
Traditional AC,3.0499479916056043
Traditional AC,2.314866842516378
Traditional AC,2.6714284866183364
Traditional AC,2.3356167192009174
Traditional AC,3.3086021579367695
Traditional AC,1.5719361651479185
Traditional AC,2.9473750657901774
Traditional AC,3.072452613865505
Traditional AC,1.1719321922287917
Traditional AC,2.046790150240883
Traditional AC,2.4840554940216624
Traditional AC,2.6047956649298616
Traditional AC,1.3824339683545341
Traditional AC,1.463800803862603
Traditional AC,3.3145695765370733
Traditional AC,2.9682863396933206
Traditional AC,1.2441526596568613
Traditional AC,0.9877593646054235
Traditional AC,1.1388210134115995
Traditional AC,2.6285673270014667
Traditional AC,3.665551090449873
Traditional AC,1.8684886120432498
Traditional AC,2.4184945372222697
Traditional AC,2.1160015934224417
Traditional AC,2.2843824641559927
Traditional AC,2.9600677362549663
Traditional AC,1.998815225551921
Traditional AC,3.3659690922181538
Traditional AC,1.6953150459768034
Traditional AC,2.3940232877369647
Traditional AC,3.0410555302064743
Traditional AC,3.022196563305301
Traditional AC,2.5057059611037418
Traditional AC,4.250623190470895
Traditional AC,2.302982016492427
Traditional AC,1.9764543486026003
Traditional AC,3.703740706612328
Traditional AC,2.143168106700315
Traditional AC,2.614456832762746
Traditional AC,2.979874930759542
Traditional AC,2.3017650038169806
Traditional AC,1.8125805625222486
Traditional AC,1.3081912570092038
Traditional AC,1.3964461619069735
Traditional AC,2.0636519964694733
Traditional AC,1.768091044688669
Traditional AC,1.7068915792431114
Traditional AC,2.991679695057399
Traditional AC,4.060898646927361
Traditional AC,1.575047758809493
Traditional AC,3.536788387986678
Traditional AC,1.8475474093800015
Traditional AC,1.0345092597172967
Traditional AC,1.5954131916728054
Traditional AC,3.0883384684236908
Traditional AC,1.4309201370143558
Traditional AC,1.9042590640039954
Traditional AC,1.9017719680889407
Traditional AC,1.5973405913457022
Traditional AC,3.7431351075761095
Traditional AC,1.5718255299273494
Traditional AC,2.092970762793773
Traditional AC,3.496645884112727
Traditional AC,2.7470696302498636
Traditional AC,1.444159742249041
Traditional AC,2.5213476878138317
Traditional AC,1.8709896346485848
Traditional AC,2.523912706671487
Traditional AC,2.5171059613492557
Traditional AC,2.9146388766207605
Traditional AC,2.542645596990627
Traditional AC,1.5452659162368485
Traditional AC,2.762736850082445
Traditional AC,1.2593569159473994
Traditional AC,2.2737007814726184
Traditional AC,1.2038325344811436
Traditional AC,2.5515181175028396
Traditional AC,1.6488908818859203
Traditional AC,1.4511696318624467
Traditional AC,1.701015365147614
Traditional AC,1.9643599915181467
Traditional AC,2.650133427375609
Traditional AC,3.6025056340410204
Traditional AC,1.602228183678398
Traditional AC,2.868694001144482
Traditional AC,1.8181688523944444
Traditional AC,1.8545734210912608
Traditional AC,2.7907697847776056
Traditional AC,1.5288826197529595
Traditional AC,2.4900017116064794
Traditional AC,2.1198748592982017
Traditional AC,1.8624917377975931
Traditional AC,4.4584249724473475
Traditional AC,2.064081002812257
Traditional AC,1.6150717112811486
Traditional AC,2.794015134188867
Traditional AC,1.349381045869935
Traditional AC,2.124725490188921
Traditional AC,2.6013762848255713
Traditional AC,4.16989354717158
Traditional AC,1.7659181711539749
Traditional AC,2.0361354989792266
Traditional AC,3.344688735953835
Traditional AC,3.180750870217731
Traditional AC,1.5824514974141417
Traditional AC,4.962441913895668
Traditional AC,1.3703539269177785
Traditional AC,1.9826924465189495
Traditional AC,2.072537213483352
Traditional AC,1.4806154706293801
Traditional AC,2.517309309038243
Traditional AC,4.1842424972673
Traditional AC,2.6705109100958024
Traditional AC,2.0328361836164723
Traditional AC,2.3360352708732193
Traditional AC,4.156840375575506
Traditional AC,1.417741357828442
Traditional AC,1.6293990245813674
Traditional AC,2.0700031613421306
Traditional AC,2.6898986764816497
Traditional AC,2.7672801920403516
Traditional AC,2.1881720497392636
Traditional AC,3.1069291429278376
Traditional AC,1.8218943764271858
Traditional AC,3.713367176746347
Traditional AC,2.880671974451555
Traditional AC,3.1134608733945575
Traditional AC,2.5638847445867867
Traditional AC,2.673764068088105
Traditional AC,2.1121667431090048
Traditional AC,2.9455387949963474
Traditional AC,2.086745424301315
Traditional AC,3.6049037067755068
Traditional AC,2.219517781052754
Traditional AC,2.416845200286462
Traditional AC,2.5929987082746906
Traditional AC,2.7562535436710394
Traditional AC,2.0498799853812613
Traditional AC,1.2108059994264855
Traditional AC,2.390081697409217
Traditional AC,2.3859360619113827
Traditional AC,1.445972208205512
Traditional AC,3.341066820073472
Traditional AC,1.8487795646815761
Traditional AC,1.2268573085257586
Traditional AC,2.0824386712657224
Traditional AC,1.8905815083657929
Traditional AC,2.2480254894838385
Traditional AC,2.6170336211619323
Traditional AC,2.6630697188479466
Traditional AC,1.79550085788362
Traditional AC,1.7018947422699706
Traditional AC,1.0189772209134313
Traditional AC,2.347891881287612
Traditional AC,1.1845250031307852
Traditional AC,4.882291716829483
Traditional AC,2.1352756033556513
Traditional AC,1.392277023521246
Traditional AC,1.6201594625855245
Traditional AC,2.2415001423709495
Traditional AC,2.607454605217794
Traditional AC,1.8072228228686993
Traditional AC,2.733136233099473
Traditional AC,1.9491005932009118
Traditional AC,2.7907322590785046
Traditional AC,3.3533744137057004
Traditional AC,2.8305357551538384
Traditional AC,1.9452863601182746
Traditional AC,1.3849614084749526
Traditional AC,3.31362343986913
Traditional AC,1.8954976497176363
Traditional AC,2.316297360811343
Traditional AC,2.490092342456192
Traditional AC,4.42523382795309
Traditional AC,2.0053697571725344
Traditional AC,2.37470627201447
Traditional AC,2.6783529161092208
Traditional AC,2.0319254925126677
Traditional AC,1.9109042895706843
Traditional AC,1.5591905834073558
Traditional AC,2.18380273888994
Traditional AC,1.7050235401895204
Traditional AC,1.8587317115829218
Traditional AC,2.2494583923778513
Traditional AC,1.5911009891525132
Traditional AC,1.35372117084527
Traditional AC,1.7828466624046178
Traditional AC,2.9043500931440125
Traditional AC,2.4255276748238286
Traditional AC,2.366531789564586
Traditional AC,1.4831338205041344
Traditional AC,3.2260384551756913
Traditional AC,2.381055691206627
Traditional AC,1.7691965581362197
Traditional AC,1.9133659575815776
Traditional AC,2.4203677686155243
Traditional AC,2.1818054602467445
Traditional AC,2.654760410227309
Traditional AC,2.332144788407685
Traditional AC,3.594180709005486
Traditional AC,2.0729188144226773
Traditional AC,2.27028666528142
Traditional AC,2.490442560175765
Traditional AC,3.337894974520552
Traditional AC,2.8266170642111423
Traditional AC,1.664857549295054
Traditional AC,4.2989092560124424
Traditional AC,1.8802290908082204
Traditional AC,2.654569810551565
Traditional AC,1.9619825411617282
Traditional AC,3.2870363345904625
Traditional AC,1.0900396619459631
Traditional AC,1.906112750676344
Traditional AC,2.313821219177334
Traditional AC,3.423728489678343
Traditional AC,2.612229339765831
Traditional AC,1.5233062831554123
Traditional AC,1.6728247407491532
Traditional AC,3.748737839456092
Traditional AC,3.49839404818698
Traditional AC,2.1989960934521724
Traditional AC,2.1482366390703165
Traditional AC,2.8082609416945017
Traditional AC,3.2841301606574866
Traditional AC,2.0887907888375254
Traditional AC,1.5355091733389614
Traditional AC,2.5337759192702443
Traditional AC,1.202377696850647
Traditional AC,2.3381692744654994
Traditional AC,2.0584852703104284
Traditional AC,2.7178075751650463
Traditional AC,2.2928003244346438
Traditional AC,2.3514541119126444
Traditional AC,1.8572645036466338
Traditional AC,1.7342172998645338
Traditional AC,2.3023616023243356
Traditional AC,2.158752230947359
Traditional AC,1.9347362298251334
Traditional AC,1.9159577680595268
Traditional AC,1.625092792822573
Traditional AC,2.7618244160570358
Traditional AC,1.9354828918528575
Traditional AC,1.951115690902477
Traditional AC,1.9262619547925035
Traditional AC,1.7988814169239231
Traditional AC,2.4036655671269993
Traditional AC,2.684121560151911
Traditional AC,1.9849880871130574
Traditional AC,1.7791564316195463
Traditional AC,1.5709746593842535
Traditional AC,2.48829486141084
Traditional AC,2.537826691396924
Traditional AC,1.9721485344705851
Traditional AC,2.782051995519898
Traditional AC,1.8607141254483595
Traditional AC,1.8351288572279207
Traditional AC,1.7090051186575308
Traditional AC,1.9110033239793975
Traditional AC,2.8330054983413837
Traditional AC,1.416632711724496
Traditional AC,1.5272448289402571
Traditional AC,2.998148552611928
Traditional AC,1.9901793277375062
Traditional AC,1.739169947368859
Traditional AC,1.9664035804846192
Traditional AC,1.862666034262768
Traditional AC,3.141891171543123
Traditional AC,2.699119422218827
Traditional AC,3.7425274473035306
Traditional AC,2.5944499125375255
Traditional AC,1.6210509233542658
Traditional AC,1.118994094905008
Traditional AC,2.6751186312620447
Traditional AC,1.9559064505395969
Traditional AC,2.6210485305190683
Traditional AC,1.996215839161417
Traditional AC,4.128536232966275
Traditional AC,2.0028468865042
Traditional AC,2.3159945800575543
Traditional AC,3.0166957977186146
Traditional AC,1.6513252031521208
Traditional AC,1.6822010869886297
Traditional AC,3.4233348883759587
Traditional AC,3.2862986229964144
Traditional AC,1.564810038922582
Traditional AC,1.9467575677239526
Traditional AC,1.6619188186967715
Traditional AC,2.28260172760227
Traditional AC,1.986826117482694
Traditional AC,2.9137642104260633
Traditional AC,4.069293871529403
Traditional AC,2.121252066108715
Traditional AC,4.041259640345764
Traditional AC,2.3440353647596726
Traditional AC,2.7005186914122317
Traditional AC,1.9452169442739815
Traditional AC,2.549150634325345
Traditional AC,1.283403645860819
Traditional AC,2.095839612697876
Traditional AC,1.221230690855185
Traditional AC,1.517228119255934
Traditional AC,2.5228347153282247
Traditional AC,3.3989632114811235
Traditional AC,2.3781302917237372
Traditional AC,1.3040330835536702
Traditional AC,1.615010683777252
Traditional AC,3.959439833213334
Traditional AC,1.7996510648960191
Traditional AC,1.8755087425081602
Traditional AC,2.6070558970343742
Traditional AC,2.6314578562155124
Traditional AC,1.4156708569934342
Traditional AC,2.4833443435915794
Traditional AC,2.4317562951858482
Traditional AC,1.2472591067407148
Traditional AC,4.400435294311825
Traditional AC,5.096502289023768
Traditional AC,1.762908067202376
Traditional AC,4.854165100230217
Traditional AC,2.2974482479265976
Traditional AC,1.3240817735234809
Traditional AC,2.0940533475687984
Traditional AC,2.422139054991015
Traditional AC,1.4725015315933456
Traditional AC,3.013690205446897
Traditional AC,2.0078353745472204
Traditional AC,2.0035241063957474
Traditional AC,4.410925862206729
Traditional AC,2.5560496337025675
Traditional AC,3.523167172288258
Traditional AC,2.9510265798217534
Traditional AC,4.65794776168287
Traditional AC,1.94722455650855
Traditional AC,1.4194000749248008
Traditional AC,4.506696639284078
Traditional AC,2.9425876636243102
Traditional AC,1.6462812910763398
Traditional AC,1.919482780092892
Traditional AC,1.7698710238460063
Traditional AC,0.8821821872825759
Traditional AC,2.3351059622388104
Traditional AC,2.800634506811424
Traditional AC,1.8875532478811243
Traditional AC,2.081949806758584
Traditional AC,3.6819183698366156
Traditional AC,1.7622506114304417
Traditional AC,1.97954765289188
Traditional AC,2.461436139591662
Traditional AC,2.9441315500748133
Traditional AC,1.7629050920682778
Traditional AC,2.6624695260042266
Traditional AC,1.5508105565172978
Traditional AC,2.202553437704122
Traditional AC,2.306656033586601
Traditional AC,1.5390167921077735
Traditional AC,2.099682758032493
Traditional AC,3.041387642642421
Traditional AC,1.2121078426455991
Traditional AC,1.2516780478180145
Traditional AC,1.7659128436426652
Traditional AC,2.111065926486251
Traditional AC,1.4926877505691571
Traditional AC,3.756140798283544
Traditional AC,3.934299681033716
Traditional AC,1.5842352374429427
Traditional AC,1.918812710548711
Traditional AC,2.554873678561053
Traditional AC,2.604250372076454
Traditional AC,2.17627567743697
Traditional AC,2.24495119183051
Traditional AC,2.4555138166590487
Traditional AC,1.9463986320944067
Traditional AC,2.13424805999949
Traditional AC,4.240661070154329
Traditional AC,3.360220344278871
Traditional AC,1.385517310797948
Traditional AC,2.8801002782591216
Traditional AC,1.358499296451866
Traditional AC,1.3789560299529433
Traditional AC,1.8548401962091383
Traditional AC,2.2737081867106474
Traditional AC,3.3715845575307455
Traditional AC,2.605389174091063
Traditional AC,3.2729569236980764
Traditional AC,2.7781310442593927
Traditional AC,1.4656834648292312
Traditional AC,2.6346223778515556
Traditional AC,3.1000593480567358
Traditional AC,2.038606909114517
Traditional AC,1.8648996767750599
Traditional AC,2.276360417936794
Traditional AC,1.8737555243736215
Traditional AC,4.095052827467165
Traditional AC,4.075606573318678
Traditional AC,1.7152144155140046
Traditional AC,2.277827405232975
Traditional AC,2.370290582506172
Traditional AC,1.4049708744651401
Traditional AC,3.8514011098019063
Traditional AC,1.6608284004428042
Traditional AC,2.4253531932474375
Traditional AC,1.3157161674207443
Traditional AC,2.3331164648826754
Traditional AC,2.4993256859371233
Traditional AC,1.4580700457571791
Traditional AC,3.267235595453826
Traditional AC,2.1637710349757153
Traditional AC,3.2537265458480475
Traditional AC,2.8881940360066602
Traditional AC,1.3348285343004114
Traditional AC,1.73647710312708
Traditional AC,1.8453165634965343
Traditional AC,1.6968572100299695
Traditional AC,2.5479825348802185
Traditional AC,3.8289504812143633
Traditional AC,2.0608059579299187
Traditional AC,1.727914330140371
Traditional AC,2.519233766178587
Traditional AC,1.0431490706770785
Traditional AC,4.013181815541803
Traditional AC,2.7992572965740052
Traditional AC,1.9271915880334736
Traditional AC,2.9087856006313726
Traditional AC,2.059122931467477
Traditional AC,2.3407752389147034
Traditional AC,1.7104351389440866
Traditional AC,3.944349432792363
Traditional AC,2.4625009260947386
Traditional AC,2.2377495498034596
Traditional AC,2.4965336290122706
Traditional AC,1.3783209298264802
Traditional AC,1.668583645293287
Traditional AC,1.739128074725463
Traditional AC,3.474490150769889
Traditional AC,1.4688749373735746
Traditional AC,1.3042498322713636
Traditional AC,1.6760420656599744
Traditional AC,1.8534418361541476
Traditional AC,1.1947776128143004
Traditional AC,1.6726917313719007
Traditional AC,3.5554612920296953
Traditional AC,1.0384482923736835
Traditional AC,1.7575681217412145
Traditional AC,3.2579547567188536
Traditional AC,2.4721051310213293
Traditional AC,1.6915893756309341
Traditional AC,3.2015752703203315
Traditional AC,3.1513136157531294
Traditional AC,1.8865257049620918
Traditional AC,4.1064689949667965
Traditional AC,3.147948721998193
Traditional AC,1.3658194645251807
Traditional AC,2.74968132268466
Traditional AC,2.7816454516497484
Traditional AC,1.419780927071771
Traditional AC,1.9408274010756712
Traditional AC,4.847715053489004
Traditional AC,4.101739541163071
Traditional AC,1.92298581327063
Traditional AC,2.3730241609060876
Traditional AC,1.6270782151060805
Traditional AC,2.8716451852263636
Traditional AC,2.8386086040302803
Traditional AC,1.2696353442898447
Traditional AC,1.0498850168483762
Traditional AC,1.8927995466282848
Traditional AC,2.1366643655208595
Traditional AC,2.2305591735664168
Traditional AC,1.6789863348475975
Traditional AC,2.4658433413986023
Traditional AC,1.673002003448176
Traditional AC,2.956317720023464
Traditional AC,2.4705955478976316
Traditional AC,2.6817506315587005
Traditional AC,2.0870480067070547
Traditional AC,2.1223972458741867
Traditional AC,3.668345422037583
Traditional AC,1.6118505647070722
Traditional AC,1.441176018528722
Traditional AC,1.675992585122188
Traditional AC,1.0742130099919436
Traditional AC,2.7934419762468634
Traditional AC,2.8542435673673134
Traditional AC,1.3257457247643636
Traditional AC,1.0760203029259514
Traditional AC,1.9594633743025889
Traditional AC,2.5330185685350624
Traditional AC,1.3313644911365674
Traditional AC,2.3074358700583173
Traditional AC,3.027233906223796
Traditional AC,2.7452367944530423
Traditional AC,3.8349062105727034
Traditional AC,3.2215464030950867
Traditional AC,2.1506465975837874
Traditional AC,1.5194184449901678
Traditional AC,1.9963764889321718
Traditional AC,1.5737122490985114
Traditional AC,2.659890333709731
Traditional AC,1.5102754851672502
Traditional AC,2.3490187835877374
Traditional AC,3.0717255966680725
Traditional AC,4.566563252468995
Traditional AC,2.7854015746509075
Traditional AC,1.9777173898776865
Traditional AC,2.143914603127695
Traditional AC,1.757274545659293
Traditional AC,1.622520860582532
Traditional AC,3.025360571821769
Traditional AC,2.7808684197755174
Traditional AC,1.4045902663210308
Traditional AC,2.7699514042135855
Traditional AC,0.9732930479645339
Traditional AC,1.8466342601389922
Traditional AC,1.185212690988655
Traditional AC,3.076821893092691
Traditional AC,1.8806722044623443
Traditional AC,2.4871042574796127
Traditional AC,4.133616961963273
Traditional AC,1.7215103256173094
Traditional AC,3.743365956256442
Traditional AC,1.688740443930217
Traditional AC,2.8456674778652116
Traditional AC,1.4654890866894432
Traditional AC,1.2922766177161318
Traditional AC,2.0482615032668714
Traditional AC,2.5543874536821773
Traditional AC,2.2996679337988635
Traditional AC,1.652722664384679
Traditional AC,1.7564529813227325
Traditional AC,1.25461115054545
Traditional AC,1.51316264471484
Traditional AC,2.3825639231998004
Traditional AC,2.677427891247625
Traditional AC,2.006447560290108
Traditional AC,2.1991071106424376
Traditional AC,1.1787433659029452
Traditional AC,3.915024605650629
Traditional AC,3.0282541360119337
Traditional AC,1.3868433323872804
Traditional AC,2.504175635330978
Traditional AC,1.7186648443256833
Traditional AC,2.4923891605591377
Traditional AC,3.0752633722703284
Traditional AC,3.105913153694173
Traditional AC,4.240512652978279
Traditional AC,1.4055191187874807
Traditional AC,1.5444964622564936
Traditional AC,3.1599771634385783
Traditional AC,1.8077607682878531
Traditional AC,2.816772475270577
Traditional AC,2.67997584316228
Traditional AC,1.684103339964929
Traditional AC,2.0288603341467253
Traditional AC,3.008432661669059
Traditional AC,2.15323498515004
Traditional AC,3.1602335790657947
Traditional AC,2.508221666952656
Traditional AC,2.123735412007127
Traditional AC,1.564003057475744
Traditional AC,3.058296410811985
Traditional AC,2.194047520277124
Traditional AC,4.286538515017542
Traditional AC,1.4673855473785922
Traditional AC,2.1466125969616443
Traditional AC,4.05087947861622
Traditional AC,6.447538095460202
Traditional AC,3.66468250658296
Traditional AC,2.3701552255714415
Traditional AC,1.517321029123121
Traditional AC,2.5453159071795266
Traditional AC,3.578166309691273
Traditional AC,4.5179730349813
Traditional AC,1.4129354775971328
Traditional AC,2.315141755605283
Traditional AC,1.982280928980515
Traditional AC,2.1309471574470114
Traditional AC,4.22297107844098
Traditional AC,2.725865741983335
Traditional AC,2.416166913584075
Traditional AC,1.3179133051899252
Traditional AC,1.3278002301546883
Traditional AC,3.1552758950498268
Traditional AC,1.6519533558661759
Traditional AC,2.4218719926763494
Traditional AC,3.204521121785865
Traditional AC,2.510087892543382
Traditional AC,1.6345665849930222
Traditional AC,1.9550756535372527
Traditional AC,1.4756307824481345
Traditional AC,3.2681731740276776
Traditional AC,3.3879266167689317
Traditional AC,1.7219231937424206
Traditional AC,2.1935164922470367
Traditional AC,2.190410007607156
Traditional AC,1.6509195511480554
Traditional AC,3.4873308184621568
Traditional AC,2.1150307786434297
Traditional AC,3.658001599941108
Traditional AC,2.5468924420188532
Traditional AC,2.680321941577369
Traditional AC,2.138016300897221
Traditional AC,1.814951028689609
Traditional AC,3.788070748949137
Traditional AC,1.514556400459442
Traditional AC,2.9933294848894034
Traditional AC,2.343926613091869
Traditional AC,1.6406364027992257
Traditional AC,4.190862620386118
Traditional AC,2.5202307209383052
Traditional AC,1.9462638308711873
Traditional AC,1.7605892012559432
Traditional AC,1.3713575042192458
Traditional AC,3.8270448399875687
Traditional AC,2.597051243994042
Traditional AC,2.2650186229608087
Traditional AC,3.0800666960021377
Traditional AC,2.420774502719843
Traditional AC,1.687229122574178
Traditional AC,0.8590156714947362
Traditional AC,3.8353380744674785
Traditional AC,2.2732329257653396
Traditional AC,2.7667125279260425
Traditional AC,3.123751413871579
Traditional AC,1.3027061669658226
Traditional AC,2.8095209867715387
Traditional AC,1.402705701464851
Traditional AC,1.2325633187194522
Traditional AC,1.4309919326739324
Traditional AC,1.7987482130999237
Traditional AC,3.026308927902135
Traditional AC,2.45313282984578
Traditional AC,2.408180557217214
Traditional AC,2.5390998279817016
Traditional AC,1.8701107992792352
Traditional AC,2.7673563543499093
Traditional AC,1.9073156155508604
Traditional AC,1.571073652694777
Traditional AC,3.334221481604909
Traditional AC,1.756000578586321
Traditional AC,1.9651704815670497
Traditional AC,2.678773222898253
Traditional AC,3.8890796967273946
Traditional AC,4.760217295464271
Traditional AC,1.1016915875090112
Traditional AC,1.4104346665300365
Traditional AC,1.5003430208442863
Traditional AC,2.0594080810529327
Traditional AC,1.954794064412892
Traditional AC,2.0823374808905295
Traditional AC,3.333141750817813
Traditional AC,1.7037194300188108
Traditional AC,1.4553969983515738
Traditional AC,0.7821012804090364
Traditional AC,1.1231462647282757
Traditional AC,2.442830908977801
Traditional AC,3.786877367907727
Traditional AC,1.7555432306589371
Traditional AC,2.8317681036428044
Traditional AC,1.88871787607068
Traditional AC,2.378531172811965
Traditional AC,2.311068693498696
Traditional AC,1.4453005268369834
Traditional AC,2.568694807784702
Traditional AC,2.102545255244008
Traditional AC,2.58006745101744
Traditional AC,1.4264685846202605
Traditional AC,2.3191400774832163
Traditional AC,3.8963891097877967
Traditional AC,3.188223216716654
Traditional AC,1.3898393141382137
Traditional AC,2.954791978300374
Traditional AC,1.8490677286283004
Traditional AC,1.6553616838294813
Traditional AC,1.6919509297233268
Traditional AC,1.785262722276089
Traditional AC,2.5305907823647313
Traditional AC,1.2150184540146722
Traditional AC,2.0784778696625277
Traditional AC,2.093311207789381
Traditional AC,3.483894254455986
Traditional AC,1.535500910211161
Traditional AC,1.0814349428789887
Traditional AC,2.200158360545499
Traditional AC,2.6461626011990886
Traditional AC,2.8614740959038985
Traditional AC,2.429930544158663
Traditional AC,2.0672992321484505
Traditional AC,3.3535971896658694
Traditional AC,2.2014904687223114
Traditional AC,3.390079281384733
Traditional AC,2.530700628260171
Traditional AC,3.8936166722307255
Traditional AC,2.7949430819706294
Traditional AC,1.8362279969461595
Traditional AC,2.086570673188871
Traditional AC,1.984853173579814
Traditional AC,1.2286755692748617
Traditional AC,2.257543995239133
Traditional AC,2.0311811561814204
Traditional AC,1.9937654533801936
Traditional AC,2.009715561099124
Traditional AC,2.50837401732643
Traditional AC,2.8473171137481748
Traditional AC,3.433476182360614
Traditional AC,3.4438522640326883
Traditional AC,1.795265083484383
Traditional AC,1.2234409945833553
Traditional AC,3.246459734346302
Traditional AC,3.1596043287011306
Traditional AC,1.6347774691435466
Traditional AC,2.36246494595977
Traditional AC,2.5793497558006937
Traditional AC,2.391644949497115
Traditional AC,1.6489845928522693
Traditional AC,1.3750932708991048
Traditional AC,3.502315233844129
Traditional AC,2.563924537163023
Traditional AC,1.040699799763968
Traditional AC,4.352621603403749
Traditional AC,2.9478896108498907
Traditional AC,2.3666091717423874
Traditional AC,2.6054234495662136
Traditional AC,1.8549337427328354
Traditional AC,2.4041095466567906
Traditional AC,1.4810315600776265
Traditional AC,1.8715698646462289
Traditional AC,1.683596548665334
Traditional AC,2.560509679330364
Traditional AC,1.5787558253729055
Traditional AC,2.9439534040276456
Traditional AC,1.2362933877991336
Traditional AC,1.9689135496235486
Traditional AC,2.0407453870931955
Traditional AC,1.386315280756414
Traditional AC,2.76665457794443
Traditional AC,1.7583915809574953
Traditional AC,3.149980246236723
Traditional AC,2.194733261228368
Traditional AC,1.9688634547015598
Traditional AC,1.4178134957341266
Traditional AC,1.7461552186922178
Traditional AC,2.9421388142524343
Traditional AC,3.425436474634107
Traditional AC,2.8172095344764263
Traditional AC,2.328514491392903
Traditional AC,2.2524315777626613
Traditional AC,2.136989538146381
Traditional AC,4.081191471843642
Traditional AC,2.508780906172169
Traditional AC,2.239513782026022
Traditional AC,1.4732165342260846
Traditional AC,2.2225460667021504
Traditional AC,2.194333226947728
Traditional AC,3.8850274108990637
Traditional AC,1.9107108695369623
Traditional AC,4.025036813204034
Traditional AC,2.312946076802922
Traditional AC,2.462534598116443
Traditional AC,3.0197935688918576
Traditional AC,1.7463775637002674
Traditional AC,3.053602377629894
Traditional AC,2.408327025403064
Traditional AC,1.8263665065387158
Traditional AC,3.6571468522603117
Traditional AC,1.922925181625152
Traditional AC,3.3584585823345843
Traditional AC,1.7846863161567907
Traditional AC,2.3973428275873014
Traditional AC,1.64321570546895
Traditional AC,1.5470328252326153
Traditional AC,1.310607224044224
Traditional AC,6.077042987984659
Traditional AC,2.435256750286064
Traditional AC,2.4408736303660303
Traditional AC,2.2549269291852707
Traditional AC,2.616357455162745
Traditional AC,1.871042454390063
Traditional AC,3.7997054471384843
Traditional AC,2.3354243155241106
Traditional AC,2.7792555103651013
Traditional AC,1.9755517767053474
Traditional AC,4.73282843615949
Traditional AC,1.6449405557619448
Traditional AC,2.392061948795236
Traditional AC,2.6023900108998834
Traditional AC,1.6718682252500674
Traditional AC,3.634307073627768
Traditional AC,2.6471405626807933
Traditional AC,2.0761043077589276
Traditional AC,1.9695503455825063
Traditional AC,2.6790147893137566
Traditional AC,2.1611682008731843
Traditional AC,3.583010812615596
Traditional AC,1.8894017972571182
Traditional AC,3.5142755476897496
Traditional AC,3.3382330973543177
Traditional AC,3.935936346046928
Traditional AC,1.5615951304081557
Traditional AC,1.2504056572893278
Traditional AC,2.841959492903864
Traditional AC,2.3208436529783993
Traditional AC,1.5990421304861226
Traditional AC,3.456615741522679
Traditional AC,3.6363880541576186
Traditional AC,2.5732220440792046
Traditional AC,4.361791236050347
Traditional AC,1.3668801075677415
Traditional AC,2.538747037340988
Traditional AC,1.8119352274120568
Traditional AC,2.4020997735908627
Traditional AC,2.8770993463068884
Traditional AC,3.156035127796766
Traditional AC,2.5616761062750077
Traditional AC,4.082929748389337
Traditional AC,1.4183855620595431
Traditional AC,1.7174149846686713
Traditional AC,2.2234082331863827
Traditional AC,2.292648217661884
Traditional AC,3.6234860987220325
Traditional AC,2.07367619668977
Traditional AC,3.5605476160222853
Traditional AC,2.378444057602669
Traditional AC,3.951202809595128
Traditional AC,1.9116230266880305
Traditional AC,3.395172387470913
Traditional AC,4.1753016883760115
Traditional AC,1.9259872470961108
Traditional AC,1.1531015284931285
Traditional AC,4.648311779560463
Traditional AC,1.992597943405046
Traditional AC,2.392359707312148
Traditional AC,4.5079377033510815
Traditional AC,0.9268446214863348
Traditional AC,2.2753347345526787
Traditional AC,1.3711627985415915
Traditional AC,1.2707539404433648
Traditional AC,4.017837745164386
Traditional AC,2.156609946027217
Traditional AC,1.4084722932840914
Traditional AC,1.5285191737690598
Traditional AC,1.1994837745511977
Traditional AC,2.4818235186232163
Traditional AC,2.2495120789732215
Traditional AC,3.720162710799332
Traditional AC,1.6677029042396658
Traditional AC,4.887824875467954
Traditional AC,2.5742453577444495
Traditional AC,3.982506210572135
Traditional AC,1.8131636699641263
Traditional AC,1.7876599022409425
Traditional AC,0.8450301756309637
Traditional AC,2.7585807761295955
Traditional AC,2.737110088917881
Traditional AC,2.076579632276869
Traditional AC,2.2394389965161667
Traditional AC,1.6465163524073112
Traditional AC,4.954340075502461
Traditional AC,1.8021189868618996
Traditional AC,1.133940879412523
Traditional AC,1.5371310085308323
Traditional AC,2.152871551222324
Traditional AC,2.1533283041793125
Traditional AC,1.5502019765733033
Traditional AC,1.5544863921080452
Traditional AC,2.44214556918292
Traditional AC,2.7755021764585317
Traditional AC,2.2237900166076776
Traditional AC,3.116356135683691
Traditional AC,1.4546868980804035
Traditional AC,2.3949638730734515
Traditional AC,2.4479938251095903
Traditional AC,2.861563328177419
Traditional AC,3.140026543823494
Traditional AC,1.3910552862209455
Traditional AC,2.7191012626660407
Traditional AC,1.2763711579437222
Traditional AC,1.5143236050315345
Traditional AC,4.072344929390454
Traditional AC,3.01329996843634
Traditional AC,1.2963363595815476
Traditional AC,2.140851655343329
Traditional AC,2.3325090942193345
Traditional AC,2.5108004351775555
Traditional AC,1.6136579443039185
Traditional AC,1.5598648226348435
Traditional AC,1.4948118957524752
Traditional AC,2.194210162054067
Traditional AC,2.0891949803445855
Traditional AC,2.4716638183702098
Traditional AC,1.9840802762017706
Traditional AC,1.306745139981343
Traditional AC,2.3643786783483054
Traditional AC,2.169640504742941
Traditional AC,2.1595336154248765
Traditional AC,2.148474365990001
Traditional AC,2.4598712634248336
Traditional AC,2.8153536134499677
Traditional AC,2.527380973466042
Traditional AC,2.281280811261772
Traditional AC,1.3596389863036331
Traditional AC,1.5829038629826746
Traditional AC,1.8098868356819648
Traditional AC,2.0932475711243184
Traditional AC,2.1001689970743693
Traditional AC,1.4431937400709443
Traditional AC,2.046126078496525
Traditional AC,3.625660634314352
Traditional AC,1.016367829146264
Traditional AC,2.674894609528435
Traditional AC,2.1019378626565373
Traditional AC,2.6321602669966917
Traditional AC,2.531164681510064
Traditional AC,2.2909268088313315
Traditional AC,2.5331213971950497
Traditional AC,2.4888041822361537
Traditional AC,2.601216662174582
Traditional AC,1.9703324306779324
Traditional AC,1.197319685211431
Traditional AC,0.9893239740804515
Traditional AC,1.8641029870301398
Traditional AC,1.8246455173053642
Traditional AC,3.1454814552729315
Traditional AC,2.223951839497103
Traditional AC,2.5190106946546034
Traditional AC,1.1228092767953581
Traditional AC,2.4067840453003546
Traditional AC,1.3237576306692822
Traditional AC,1.4570630216311238
Traditional AC,1.486835552244638
Traditional AC,2.5743023595467402
Traditional AC,3.5325510764148333
Traditional AC,1.8840592593353842
Traditional AC,3.027656398942618
Traditional AC,2.0443289219706333
Traditional AC,3.658885099855643
Traditional AC,1.5344153585782092
Traditional AC,3.716940304553959
Traditional AC,2.1744500847678165
Traditional AC,1.136121689288362
Traditional AC,5.234646314057428
Traditional AC,1.451406287403249
Traditional AC,3.4093880965004266
Traditional AC,1.486814900558381
Traditional AC,3.183368257485516
Traditional AC,1.6177166509004064
Traditional AC,2.2362799682013517
Traditional AC,2.221990275135444
Traditional AC,1.4932381236724177
Traditional AC,1.7277785562059722
Traditional AC,3.930920723854483
Traditional AC,1.8872444872902499
Traditional AC,2.176688228220166
Traditional AC,2.6232854169245883
Traditional AC,3.394227395680885
Traditional AC,3.782943892369383
Traditional AC,1.2160613110828111
Traditional AC,1.917711865202645
Traditional AC,1.8923415812817395
Traditional AC,2.157649106747007
Traditional AC,2.6063610651033375
Traditional AC,2.5166995706091635
Traditional AC,1.2795125262719516
Traditional AC,3.348658928825623
Traditional AC,0.8397745127726702
Traditional AC,1.4983029476834577
Traditional AC,1.6037784529608412
Traditional AC,1.900158683471152
Traditional AC,2.1335377909328965
Traditional AC,4.725844356217227
Traditional AC,2.570629136113483
Traditional AC,2.3262774544935656
Traditional AC,2.4911733424526403
Traditional AC,1.0655544389735232
Traditional AC,2.415276794776245
Traditional AC,1.5416745586021974
Traditional AC,1.8729535726455624
Traditional AC,5.457104900786339
Traditional AC,2.3028724165224848
Traditional AC,2.563760045774806
Traditional AC,3.35152530369679
Traditional AC,1.9312460613697842
Traditional AC,1.8271239413617562
Traditional AC,2.5085790174700073
Traditional AC,4.8345890174188435
Traditional AC,3.5836996361407816
Traditional AC,1.7411728017830495
Traditional AC,1.7036047302441129
Traditional AC,1.6304728891061369
Traditional AC,2.2044177723752747
Traditional AC,1.4088594938135655
Traditional AC,3.244280046461791
Traditional AC,2.5545675839934296
Traditional AC,2.0512543610340863
Traditional AC,1.5673105031280659
Traditional AC,1.7666341126255196
Traditional AC,2.2124239121547076
Traditional AC,2.5843962925574955
Traditional AC,2.6523289402510173
Traditional AC,1.8550117414101888
Traditional AC,2.7078313508949186
Traditional AC,1.7071732804095119
Traditional AC,2.923245070322169
Traditional AC,3.030716742514429
Traditional AC,2.798667359086028
Traditional AC,4.197275295555678
Traditional AC,2.24343930790882
Traditional AC,1.619585958048005
Traditional AC,1.8032725712731927
Traditional AC,4.553402726328795
Traditional AC,1.7751861857525602
Traditional AC,1.6638222326128358
Traditional AC,3.2481341559633
Traditional AC,2.857932519671839
Traditional AC,4.693534779743312
Traditional AC,2.720573116903068
Traditional AC,2.2184430173259675
Traditional AC,2.606240271096969
Traditional AC,4.041199082999801
Traditional AC,2.093780176778099
Traditional AC,4.454252395955864
Traditional AC,3.040401075497316
Traditional AC,1.846528830328717
Traditional AC,2.694624461004625
Traditional AC,1.4024686383930445
Traditional AC,1.917694822590747
Traditional AC,2.2934798747154326
Traditional AC,2.2388420327414056
Traditional AC,2.4384845555217636
Traditional AC,2.8686224987443727
Traditional AC,5.249053126367933
Traditional AC,2.8391887912419524
Traditional AC,3.859406085905725
Traditional AC,3.4752338454072373
Traditional AC,3.1999184106620744
Traditional AC,2.733801719511674
Traditional AC,3.1356849170333443
Traditional AC,1.5059458781543555
Traditional AC,3.825241063292576
Traditional AC,1.6295266735705871
Traditional AC,4.569083914596473
Traditional AC,2.8775191467100503
Traditional AC,2.108691192394311
Traditional AC,2.5232101512001783
Traditional AC,3.44484489522537
Traditional AC,1.445258217401794
Traditional AC,2.2946464607131847
Traditional AC,1.5641184881013936
Traditional AC,2.397097252427001
Traditional AC,1.665462425193521
Traditional AC,3.4514570141219307
Traditional AC,3.0407772896220275
Traditional AC,2.6246871469731694
Traditional AC,4.0247075504981344
Traditional AC,4.557531102370418
Traditional AC,1.1837695999186557
Traditional AC,2.49474800888986
Traditional AC,3.6766897765365054
Traditional AC,5.087193414679573
Traditional AC,2.003792862141175
Traditional AC,2.032410871348087
Traditional AC,1.9858842840396767
Traditional AC,1.029741049465177
Traditional AC,3.455467580432875
Traditional AC,3.097778303941328
Traditional AC,2.6045219497005965
Traditional AC,1.0263487040394317
Traditional AC,2.968472112678048
Traditional AC,3.7479678829965195
Traditional AC,1.473137400056831
Traditional AC,2.032401309029075
Traditional AC,1.9772754759073137
Traditional AC,2.2259377882448113
Traditional AC,4.191634668112482
Traditional AC,3.31518484024073
Traditional AC,2.179178691681656
Traditional AC,2.1962228496613525
Traditional AC,2.4836768124057236
Traditional AC,3.2966878655823506
Traditional AC,1.6624713381821867
Traditional AC,2.3286704520085837
Traditional AC,1.9416210957139888
Traditional AC,1.8135160042370082
Traditional AC,1.9435603729268935
Traditional AC,2.697031913535377
Traditional AC,2.104882713335986
Traditional AC,1.8152407078340524
Traditional AC,1.942851387447737
Traditional AC,2.0372627207959324
Traditional AC,1.2583773030462861
Traditional AC,2.270528474714167
Traditional AC,2.135610374546536
Traditional AC,1.431336309290066
Traditional AC,3.0039878969543365
Traditional AC,1.88193167467783
Traditional AC,2.0538641946897003
Traditional AC,2.7366261906342184
Traditional AC,3.6396336324111283
Traditional AC,2.497485275286439
Traditional AC,3.4395733405281015
Traditional AC,2.230774757833436
Traditional AC,0.968420356996411
Traditional AC,1.9673270168986
Traditional AC,3.4377134259728632
Traditional AC,1.3830696620092036
Traditional AC,1.9151973558163649
Traditional AC,3.7483218859926417
Traditional AC,2.5056925223811546
Traditional AC,2.541867946932565
Traditional AC,2.2673056267760963
Traditional AC,2.489499091032643
Traditional AC,1.3692163977866527
Traditional AC,1.7942079858418052
Traditional AC,4.281750608116206
Traditional AC,1.9146549578897416
Traditional AC,3.2229601278335696
Traditional AC,1.3785530537046615
Traditional AC,1.7184311243002006
Traditional AC,3.011498138086711
Traditional AC,2.1428862414597267
Traditional AC,3.08180502595133
Traditional AC,3.3873858418097202
Traditional AC,2.3239988567539536
Traditional AC,1.280500692846943
Traditional AC,2.122044970581807
Traditional AC,2.4860770952819027
Traditional AC,2.6335549852091975
Traditional AC,2.30550192811323
Traditional AC,5.21558194157565
Traditional AC,2.59033799093053
Traditional AC,2.926051585003762
Traditional AC,1.3040114945174102
Traditional AC,1.099261194807203
Traditional AC,0.8710858938436329
Traditional AC,1.6348584357775922
Traditional AC,2.0984423032245023
Traditional AC,1.9017624194412757
Traditional AC,3.1966208109941183
Traditional AC,1.3714705977073787
Traditional AC,1.7754769148237517
Traditional AC,1.2181685093015617
Traditional AC,4.305096223897382
Traditional AC,2.2487672080881502
Traditional AC,1.476172583489047
Traditional AC,1.3903981372578678
Traditional AC,1.2751591611295923
Traditional AC,1.9157771106669657
Traditional AC,1.5105830574589914
Traditional AC,1.3687249065318439
Traditional AC,3.0307586396155757
Traditional AC,1.7378226917754955
Traditional AC,4.269976539731834
Traditional AC,2.614613064226804
Traditional AC,2.058992579685004
Traditional AC,1.5998573944043826
Traditional AC,1.3983035405681903
Traditional AC,2.0138001977402813
Traditional AC,2.644178130579015
Traditional AC,2.262713310459631
Traditional AC,5.035874950967129
Traditional AC,1.8215758456191267
Traditional AC,2.2128787768098035
Traditional AC,4.299096322056954
Traditional AC,2.2847808249107753
Traditional AC,2.7033199338833613
Traditional AC,1.560494536554221
Traditional AC,1.2493418649588652
Traditional AC,3.6364700756485577
Traditional AC,2.1416773504088633
Traditional AC,1.6964944436095835
Traditional AC,2.559934623725031
Traditional AC,2.3551004930466517
Traditional AC,1.2812275941071516
Traditional AC,1.89175010848213
Traditional AC,2.7916260636860404
Traditional AC,2.1221827703466296
Traditional AC,1.4547111407413602
Traditional AC,1.6945878938087469
Traditional AC,5.531955406439474
Traditional AC,1.8355930464758041
Traditional AC,1.9880561733708333
Traditional AC,1.1978650156904092
Traditional AC,2.1781169541479297
Traditional AC,0.7620830284006913
Traditional AC,0.965433560914863
Traditional AC,2.32038096457809
Traditional AC,2.415001567929142
Traditional AC,4.335543707501658
Traditional AC,1.641645713323657
Traditional AC,2.099885894153935
Traditional AC,1.4173390297857484
Traditional AC,1.755805102180199
Traditional AC,2.718139694051894
Traditional AC,2.977004814145776
Traditional AC,2.039302160717705
Traditional AC,2.4441333428233514
Traditional AC,1.7296951847076125
Traditional AC,1.4199355401065707
Traditional AC,0.9001683417600859
Traditional AC,1.715751759804305
Traditional AC,0.9519679471636173
Traditional AC,3.466264123388054
Traditional AC,0.9890923607911081
Traditional AC,2.7900755866191798
Traditional AC,1.501774217159326
Traditional AC,1.7220229932870175
Traditional AC,1.8626178993847087
Traditional AC,2.4479865849017024
Traditional AC,4.3299699164704535
Traditional AC,2.1500664253332946
Traditional AC,2.4260971336662
Traditional AC,3.869069607131139
Traditional AC,3.591134580027367
Traditional AC,2.881970950566874
Traditional AC,1.384226528343435
Traditional AC,3.0086499081993843
Traditional AC,3.2143348701962835
Traditional AC,3.1873521066144184
Traditional AC,2.7930445857725923
Traditional AC,1.8259549645545887
Traditional AC,2.1723734525532534
Traditional AC,2.7158390108368695
Traditional AC,2.44859818287235
Traditional AC,2.1047934079783017
Traditional AC,2.586953614122537
Traditional AC,2.8401706607614225
Traditional AC,2.779650652010667
Traditional AC,1.6498226839562864
Traditional AC,2.6974263039680855
Traditional AC,2.785819573771959
Traditional AC,3.6451396646907073
Traditional AC,1.9314832835654516
Traditional AC,1.3427709358609417
Traditional AC,1.9310211952275342
Traditional AC,2.5207871818271608
Traditional AC,2.589954129517986
Traditional AC,0.9150541033603573
Traditional AC,2.576322428066814
Traditional AC,2.3232278130025046
Traditional AC,1.60740058967231
Traditional AC,2.327268439703021
Traditional AC,2.023117415945474
Traditional AC,3.476353561964976
Traditional AC,4.757596556313228
Traditional AC,3.8935205384197857
Traditional AC,1.0791913603819212
Traditional AC,3.5629398705469155
Traditional AC,1.6586830701373534
Traditional AC,0.9437482336604152
Traditional AC,2.90432592799877
Traditional AC,2.9388196444085684
Traditional AC,2.0950706439576448
Traditional AC,2.614583029415717
Traditional AC,4.362368991653663
Traditional AC,1.3601715708023632
Traditional AC,1.6347213029765004
Traditional AC,1.7685220774783388
Traditional AC,1.9003020049141122
Traditional AC,3.2437139965092867
Traditional AC,2.4994838304116054
Traditional AC,2.5621105639021713
Traditional AC,2.2501377424804634
Traditional AC,1.5827446722305054
Traditional AC,3.612831797190798
Traditional AC,1.6669031958761555
Traditional AC,1.2767181570255068
Traditional AC,2.424364903447128
Traditional AC,2.5159170346584436
Traditional AC,2.0525500825360017
Traditional AC,1.352124096872948
Traditional AC,3.0876099543299445
Traditional AC,1.5267116253434934
Traditional AC,2.7156319449574347
Traditional AC,3.2179617114990204
Traditional AC,1.563176433110737
Traditional AC,3.5155577280623533
Traditional AC,2.2459455738471283
Traditional AC,2.2487104112034926
Traditional AC,1.1901368304490214
Traditional AC,1.867968604901974
Traditional AC,2.8334720842984087
Traditional AC,1.601187752166897
Traditional AC,2.2595160052059926
Traditional AC,2.24439445261543
Traditional AC,3.854242486484029
Traditional AC,1.2687222285113384
Traditional AC,2.874195988259789
Traditional AC,1.5644266533852365
Traditional AC,1.581157977609617
Traditional AC,5.082800095900443
Traditional AC,1.1790529056144678
Traditional AC,2.1607464645635854
Traditional AC,2.1960445121866528
Traditional AC,1.7923966461310206
Traditional AC,2.720624905472761
Traditional AC,2.1711895953228133
Traditional AC,2.655206986843915
Traditional AC,2.7929458528927573
Traditional AC,1.1994190756442844
Traditional AC,0.9691987624760094
Traditional AC,1.4573559684339445
Traditional AC,2.2865522867509083
Traditional AC,1.1591676562457613
Traditional AC,2.7051670609672076
Traditional AC,2.8548174383813096
Traditional AC,3.240757868422885
Traditional AC,2.210431460712935
Traditional AC,2.104515975391537
Traditional AC,1.4002270321476893
Traditional AC,1.4687153738079533
Traditional AC,1.632837611732628
Traditional AC,1.7134825827043678
Traditional AC,1.7831209222815223
Traditional AC,2.948892331271104
Traditional AC,2.1133082198421467
Traditional AC,2.0118063324827635
Traditional AC,1.3970527558583827
Traditional AC,2.176785928812982
Traditional AC,4.196885515304257
Traditional AC,1.17039988903624
Traditional AC,2.022381395329283
Traditional AC,2.3993222455456498
Traditional AC,2.2070333343146427
Traditional AC,1.6084045601769816
Traditional AC,1.442876538534828
Traditional AC,2.989756932471429
Traditional AC,1.938072490147271
Traditional AC,2.7081249245524486
Traditional AC,3.08163853116245
Traditional AC,1.397337505249156
Traditional AC,2.011310879870605
Traditional AC,1.8588699991566338
Traditional AC,1.1156125812936195
Traditional AC,1.2960968526299341
Traditional AC,1.8995482139131135
Traditional AC,2.163171492172398
Traditional AC,2.0050063416952257
Traditional AC,1.89686857568395
Traditional AC,2.7930107360238936
Traditional AC,0.8687495060677639
Traditional AC,0.9071620145136938
Traditional AC,1.9377015831291242
Traditional AC,2.335357130953086
Traditional AC,4.228668165298394
Traditional AC,1.4968119722482705
Traditional AC,1.9044779427393046
Traditional AC,1.756313172040859
Traditional AC,1.227991726067067
Traditional AC,2.332258452343534
Traditional AC,1.649948085551495
Traditional AC,2.5511469254511
Traditional AC,2.6898235012927407
Traditional AC,3.4031838233850342
Traditional AC,4.399561233834925
Traditional AC,2.425087255395092
Traditional AC,4.064453268743195
Traditional AC,2.403916669148069
Traditional AC,2.437587966953269
Traditional AC,4.006288227972587
Traditional AC,1.144090893083867
Traditional AC,1.0944019311632078
Traditional AC,1.3266672714789431
Traditional AC,2.8730850665752565
Traditional AC,1.5668516690234313
Traditional AC,3.454146731411142
Traditional AC,5.1885325978355725
Traditional AC,1.4810975002348559
Traditional AC,2.0825691197683605
Traditional AC,2.1153034325601205
Traditional AC,3.2869389227084835
Traditional AC,1.8144299828034556
Traditional AC,1.984672143500772
Traditional AC,3.183927328789285
Traditional AC,2.83054663520408
Traditional AC,1.8228135547981914
Traditional AC,4.837844809350183
Traditional AC,1.329219313209417
Traditional AC,3.1527265362447947
Traditional AC,3.2670520927601845
Traditional AC,3.1537666947483345
Traditional AC,2.3216841859103052
Traditional AC,3.3129954082531343
Traditional AC,1.7967769258234676
Traditional AC,4.295158976491342
Traditional AC,3.732482402292153
Traditional AC,1.7518720157776255
Traditional AC,1.2527253504970033
Traditional AC,1.0867128383459157
Traditional AC,1.6175926747358176
Traditional AC,2.466089843543454
Traditional AC,1.5256267482895547
Traditional AC,3.5186371534664254
Traditional AC,3.5263909172752768
Traditional AC,3.929774987024141
Traditional AC,3.5031296486977697
Traditional AC,3.835515466792718
Traditional AC,1.447686505968935
Traditional AC,1.8107246698040278
Traditional AC,1.2809995066565976
Traditional AC,3.7805548229515193
Traditional AC,1.6358165416930517
Traditional AC,1.4217807514261138
Traditional AC,2.097494419433762
Traditional AC,3.8290907601264452
Traditional AC,1.6802992182632412
Traditional AC,3.2020942704069815
Traditional AC,1.9635535271097493
Traditional AC,2.464375220156979
Traditional AC,3.2859011111756686
Traditional AC,2.2184778988898075
Traditional AC,1.9353581536432343
Traditional AC,2.343666357196849
Traditional AC,1.7617486076204742
Traditional AC,4.23339384587344
Traditional AC,2.4709814943639232
Traditional AC,2.718992536176755
Traditional AC,0.9679319637586439
Traditional AC,1.8459379268087999
Traditional AC,3.693860329137176
Traditional AC,1.5861651467354354
Traditional AC,2.8161413689038515
Traditional AC,2.9909685698632003
Traditional AC,2.0178532540473086
Traditional AC,2.739999538126526
Traditional AC,1.261172911029911
Traditional AC,2.989995481440081
Traditional AC,4.208205067048545
Traditional AC,2.3283489455048705
Traditional AC,2.994113306734306
Traditional AC,1.855311101172955
Traditional AC,2.2427288676866826
Traditional AC,1.297847500849016
Traditional AC,1.5398918471947791
Traditional AC,2.2710701425228077
Traditional AC,2.626123307865366
Traditional AC,2.9091795661363418
Traditional AC,3.707778550661143
Traditional AC,2.282489742084945
Traditional AC,3.0355398432174097
Traditional AC,1.9479834302578616
Traditional AC,1.9393391924021381
Traditional AC,1.2880722296854392
Traditional AC,2.205525055309686
Traditional AC,1.7119117570452125
Traditional AC,1.6838253136185346
Traditional AC,1.233882782157329
Traditional AC,2.99324944888039
Traditional AC,1.7333572213120008
Traditional AC,2.2847927952148903
Traditional AC,2.831407127396312
Traditional AC,1.5219936367304583
Traditional AC,2.6076552214094284
Traditional AC,1.4130109152565207
Traditional AC,3.130064006024153
Traditional AC,1.9673479891692665
Traditional AC,2.386112357593156
Traditional AC,1.6165723891219865
Traditional AC,2.4010430778748435
Traditional AC,1.9709351271166367
Traditional AC,2.3788176227063165
Traditional AC,2.0860894868428383
Traditional AC,1.6373895647176087
Traditional AC,3.889097649744208
Traditional AC,1.7674116815193324
Traditional AC,1.6198938595594203
Traditional AC,1.779546798109264
Traditional AC,2.5130209470686418
Traditional AC,1.6634639526352673
Traditional AC,1.3028219105971683
Traditional AC,1.1452820834377222
Traditional AC,1.2643562764418628
Traditional AC,2.8585274313724796
Traditional AC,2.0426245006580386
Traditional AC,4.282506942190249
Traditional AC,3.413186415268846
Traditional AC,2.2285993331510188
Traditional AC,2.5316232080921295
Traditional AC,3.093963713625535
Traditional AC,3.8647806756803105
Traditional AC,2.359381948060978
Traditional AC,3.499715688434274
Traditional AC,2.986552388411502
Traditional AC,2.0573983990402978
Traditional AC,2.3008675711711115
Traditional AC,1.9254628555550186
Traditional AC,2.828455822378736
Traditional AC,2.030524849156478
Traditional AC,1.6459084023247232
Traditional AC,2.470567480764126
Traditional AC,2.459379171429653
Traditional AC,1.2850833875729375
Traditional AC,3.7422828390723013
Traditional AC,2.5998310913620704
Traditional AC,3.348434499699942
Traditional AC,1.805260833692131
Traditional AC,3.796963936572727
Traditional AC,3.6457708759367056
Traditional AC,3.5252872093630967
Traditional AC,5.595600476331572
Traditional AC,3.1949608931800473
Traditional AC,1.3852590688969264
Traditional AC,3.0064989613460003
Traditional AC,1.279526157210024
Traditional AC,2.3147663374149223
Traditional AC,3.965030264629779
Traditional AC,2.30821624347952
Traditional AC,2.4566617997305733
Traditional AC,2.4399291292828593
Traditional AC,3.1317362625670024
Traditional AC,3.0392246501116373
Traditional AC,2.205428742062336
AC + active filter/storage,0.7442184268308739
AC + active filter/storage,0.6546147717827131
AC + active filter/storage,0.9757817619279376
AC + active filter/storage,0.7159061720513007
AC + active filter/storage,0.8188345685385708
AC + active filter/storage,0.8558988671627652
AC + active filter/storage,1.6164857578120222
AC + active filter/storage,0.4583313052088362
AC + active filter/storage,0.6208233144036326
AC + active filter/storage,1.2275536639193647
AC + active filter/storage,0.6847133631528951
AC + active filter/storage,0.5614323224953371
AC + active filter/storage,1.2487581834699744
AC + active filter/storage,0.6612915522522528
AC + active filter/storage,1.0639008932479876
AC + active filter/storage,0.7317394900060263
AC + active filter/storage,1.0499127525561347
AC + active filter/storage,0.9450948944039717
AC + active filter/storage,0.5479837404271718
AC + active filter/storage,1.0306382795380742
AC + active filter/storage,0.6140681809040502
AC + active filter/storage,1.410098900120474
AC + active filter/storage,1.2994516642943843
AC + active filter/storage,0.4660876613852168
AC + active filter/storage,2.750803100361798
AC + active filter/storage,1.3339920308835642
AC + active filter/storage,2.230477672670202
AC + active filter/storage,1.152236484432728
AC + active filter/storage,1.1574210785591714
AC + active filter/storage,0.5905857815222683
AC + active filter/storage,0.835852137432318
AC + active filter/storage,1.481100775654897
AC + active filter/storage,0.7334001333537162
AC + active filter/storage,0.5935268941076409
AC + active filter/storage,0.9926994013609588
AC + active filter/storage,1.0637352840437275
AC + active filter/storage,0.9664310602244781
AC + active filter/storage,0.5189329124094452
AC + active filter/storage,0.7558820930288738
AC + active filter/storage,1.1674013991461751
AC + active filter/storage,1.0941032499733152
AC + active filter/storage,1.5304963828664064
AC + active filter/storage,1.4245331430980388
AC + active filter/storage,1.1384979423245694
AC + active filter/storage,1.0379524174913313
AC + active filter/storage,0.9273053608930847
AC + active filter/storage,1.0445801225128355
AC + active filter/storage,0.5109203302316597
AC + active filter/storage,1.333390952098058
AC + active filter/storage,0.9664887616139021
AC + active filter/storage,1.4240925299594507
AC + active filter/storage,1.334061087626595
AC + active filter/storage,1.2593042200420002
AC + active filter/storage,0.7858995443846886
AC + active filter/storage,0.7793304926465178
AC + active filter/storage,0.41841986227956973
AC + active filter/storage,0.8657790802460062
AC + active filter/storage,1.4721394167017228
AC + active filter/storage,0.7509597330663076
AC + active filter/storage,0.6671900103098083
AC + active filter/storage,1.0318189721407054
AC + active filter/storage,0.6729776321961902
AC + active filter/storage,1.2717167785707204
AC + active filter/storage,1.3430161756837236
AC + active filter/storage,0.7559031281517591
AC + active filter/storage,1.294607561157105
AC + active filter/storage,1.0402592915916713
AC + active filter/storage,1.3337556974705294
AC + active filter/storage,1.181341652803068
AC + active filter/storage,0.5394037117548863
AC + active filter/storage,0.8052439990794948
AC + active filter/storage,0.9596954160642047
AC + active filter/storage,0.8847623669896455
AC + active filter/storage,0.9014286070752365
AC + active filter/storage,0.43078898604534727
AC + active filter/storage,1.046904521610176
AC + active filter/storage,0.9158614515551334
AC + active filter/storage,0.5947849184179216
AC + active filter/storage,2.043930723434006
AC + active filter/storage,1.1280780183024224
AC + active filter/storage,0.510332608137826
AC + active filter/storage,1.1242267804413881
AC + active filter/storage,0.4025193560538688
AC + active filter/storage,1.841778952081214
AC + active filter/storage,1.1330903172228526
AC + active filter/storage,0.7328597199317712
AC + active filter/storage,0.9220109461266937
AC + active filter/storage,1.3885629510424502
AC + active filter/storage,0.8466670566124822
AC + active filter/storage,1.2058840066645369
AC + active filter/storage,1.0918326480397946
AC + active filter/storage,0.9322938010818326
AC + active filter/storage,0.6634710000036073
AC + active filter/storage,0.8863054663148555
AC + active filter/storage,0.6838247632252948
AC + active filter/storage,1.0827563065201542
AC + active filter/storage,0.5111383830109966
AC + active filter/storage,0.8834252016092425
AC + active filter/storage,1.0430846524059687
AC + active filter/storage,1.5012162501001054
AC + active filter/storage,0.9177311095820456
AC + active filter/storage,1.0972399649781504
AC + active filter/storage,1.2919183849878166
AC + active filter/storage,0.7605113269263233
AC + active filter/storage,0.6943962457607225
AC + active filter/storage,0.5900586049730122
AC + active filter/storage,0.6206268982013476
AC + active filter/storage,0.779436529180959
AC + active filter/storage,0.6156721744112716
AC + active filter/storage,0.7304273119890301
AC + active filter/storage,1.3009299515834782
AC + active filter/storage,0.5586000676747842
AC + active filter/storage,0.998395094862069
AC + active filter/storage,1.4816339208204057
AC + active filter/storage,0.9151642520743832
AC + active filter/storage,0.6241090770598423
AC + active filter/storage,1.727410218661433
AC + active filter/storage,0.8356224683781771
AC + active filter/storage,0.6305157552615225
AC + active filter/storage,0.9281735191213527
AC + active filter/storage,0.7245944286174514
AC + active filter/storage,0.9896068453691771
AC + active filter/storage,1.0164247721613735
AC + active filter/storage,0.9330284879546709
AC + active filter/storage,1.8318229504482557
AC + active filter/storage,0.7046994776393529
AC + active filter/storage,0.791838462423433
AC + active filter/storage,0.7729016558587446
AC + active filter/storage,1.4678315641542727
AC + active filter/storage,0.7187887257405452
AC + active filter/storage,0.9243379694311977
AC + active filter/storage,0.6497757980202477
AC + active filter/storage,1.2738982559489478
AC + active filter/storage,0.5491188536689503
AC + active filter/storage,0.8179053903422807
AC + active filter/storage,0.8415301887222371
AC + active filter/storage,0.9140318339411492
AC + active filter/storage,1.3293124775429543
AC + active filter/storage,1.0231031812503453
AC + active filter/storage,0.7183505671650195
AC + active filter/storage,0.6837554810174147
AC + active filter/storage,1.1650260439082585
AC + active filter/storage,0.664457024437077
AC + active filter/storage,0.7841042628609493
AC + active filter/storage,0.6819645465373007
AC + active filter/storage,0.9808637754670886
AC + active filter/storage,1.279593007027746
AC + active filter/storage,0.45221388888098063
AC + active filter/storage,0.6533685264740217
AC + active filter/storage,0.8730711201732279
AC + active filter/storage,0.9199196683946125
AC + active filter/storage,0.6909573602630296
AC + active filter/storage,0.5729420771877161
AC + active filter/storage,0.8775538733974568
AC + active filter/storage,0.461110313485541
AC + active filter/storage,0.9728788204331932
AC + active filter/storage,1.0957064796488982
AC + active filter/storage,1.8898842604405424
AC + active filter/storage,1.1877059558650156
AC + active filter/storage,0.5299118346447067
AC + active filter/storage,0.6581247706193559
AC + active filter/storage,0.5283630461897288
AC + active filter/storage,1.2708371480352865
AC + active filter/storage,1.5145217288566204
AC + active filter/storage,1.0987331063130454
AC + active filter/storage,0.7773095819715647
AC + active filter/storage,1.163385447486606
AC + active filter/storage,1.2067885052529645
AC + active filter/storage,1.3609166078573651
AC + active filter/storage,0.6926952432620467
AC + active filter/storage,1.588300413158168
AC + active filter/storage,0.6124962870244767
AC + active filter/storage,0.5657114043989672
AC + active filter/storage,1.2189771549034267
AC + active filter/storage,1.529362058631258
AC + active filter/storage,0.8326536212250367
AC + active filter/storage,0.3892898541383609
AC + active filter/storage,0.4481768468296225
AC + active filter/storage,0.7405360992104569
AC + active filter/storage,2.061682749295446
AC + active filter/storage,0.7951116527502642
AC + active filter/storage,1.562127581439765
AC + active filter/storage,0.7522282185167918
AC + active filter/storage,1.7528021638513922
AC + active filter/storage,0.9665456618631522
AC + active filter/storage,1.2763641748158097
AC + active filter/storage,0.8314861316825534
AC + active filter/storage,1.5859971901675987
AC + active filter/storage,1.1868554948719752
AC + active filter/storage,0.6632256192446986
AC + active filter/storage,0.5317017330494577
AC + active filter/storage,0.9365420307886623
AC + active filter/storage,1.4655683716871721
AC + active filter/storage,0.8061492621579215
AC + active filter/storage,1.7179497220695
AC + active filter/storage,1.2275498447976292
AC + active filter/storage,0.6194028192917269
AC + active filter/storage,0.6951918419869197
AC + active filter/storage,1.1391276084375794
AC + active filter/storage,1.3049916669178523
AC + active filter/storage,1.079756219993556
AC + active filter/storage,0.7608435081573176
AC + active filter/storage,0.5108511409211037
AC + active filter/storage,2.136329535940406
AC + active filter/storage,0.6723695125609149
AC + active filter/storage,1.401488238612861
AC + active filter/storage,0.8523000999730554
AC + active filter/storage,0.9920269117898778
AC + active filter/storage,0.5784776863527572
AC + active filter/storage,0.7308073305380068
AC + active filter/storage,1.4029929789975009
AC + active filter/storage,0.7706693933406149
AC + active filter/storage,1.2836850851343031
AC + active filter/storage,1.0319010062001983
AC + active filter/storage,1.3619630954496362
AC + active filter/storage,1.1174346909896908
AC + active filter/storage,1.0938561005873757
AC + active filter/storage,0.9856807176632486
AC + active filter/storage,0.9301207083749645
AC + active filter/storage,1.3272929545400023
AC + active filter/storage,0.8889086607404879
AC + active filter/storage,0.7578065067283876
AC + active filter/storage,0.820567954668047
AC + active filter/storage,0.4870554901651479
AC + active filter/storage,0.5587393772829232
AC + active filter/storage,1.2787684397016958
AC + active filter/storage,0.731327718968363
AC + active filter/storage,0.8506113069851795
AC + active filter/storage,0.8773096129990284
AC + active filter/storage,0.8738089354660787
AC + active filter/storage,0.6569512521058057
AC + active filter/storage,0.851475219261681
AC + active filter/storage,0.5231160267209836
AC + active filter/storage,0.9669622289251251
AC + active filter/storage,0.6218600597389694
AC + active filter/storage,1.11175166535531
AC + active filter/storage,0.9230449633055647
AC + active filter/storage,0.5989581233846868
AC + active filter/storage,0.7543383802231033
AC + active filter/storage,1.5301410720493511
AC + active filter/storage,1.1248195698800405
AC + active filter/storage,1.6751274370037335
AC + active filter/storage,0.7690341064646398
AC + active filter/storage,0.6236498463664082
AC + active filter/storage,0.7381703536815901
AC + active filter/storage,0.658587424047218
AC + active filter/storage,0.470369949788754
AC + active filter/storage,0.9618524750821273
AC + active filter/storage,1.1439474828549077
AC + active filter/storage,1.1224408817656029
AC + active filter/storage,1.1865102219334562
AC + active filter/storage,1.7941579370314014
AC + active filter/storage,0.556731449878482
AC + active filter/storage,0.88994288511916
AC + active filter/storage,1.199519382633526
AC + active filter/storage,1.0947048974653928
AC + active filter/storage,0.613782309008059
AC + active filter/storage,0.562426861163495
AC + active filter/storage,0.6755474461900774
AC + active filter/storage,0.7375578041115779
AC + active filter/storage,0.7121709097695972
AC + active filter/storage,0.7371622757784971
AC + active filter/storage,0.39105045737691874
AC + active filter/storage,1.4893398873688197
AC + active filter/storage,0.5610452499913037
AC + active filter/storage,0.7616972117219518
AC + active filter/storage,0.7587413087878732
AC + active filter/storage,0.5946070798726029
AC + active filter/storage,1.2013184724619796
AC + active filter/storage,1.5828791568528506
AC + active filter/storage,1.5415141629696012
AC + active filter/storage,0.5844476712222821
AC + active filter/storage,0.7658888379531679
AC + active filter/storage,0.712862034387925
AC + active filter/storage,0.7804080619728586
AC + active filter/storage,2.8582515577571925
AC + active filter/storage,1.8344542334956442
AC + active filter/storage,0.6443431071096616
AC + active filter/storage,0.8306740062048686
AC + active filter/storage,0.8495537262883766
AC + active filter/storage,0.9969213362834349
AC + active filter/storage,1.3128964851200868
AC + active filter/storage,1.0823470649579965
AC + active filter/storage,1.8329201324967812
AC + active filter/storage,0.3569217790932011
AC + active filter/storage,0.7509153686967925
AC + active filter/storage,1.3486196477416426
AC + active filter/storage,1.0148683807038426
AC + active filter/storage,1.545661278085602
AC + active filter/storage,0.9192100910753034
AC + active filter/storage,0.5529416944350677
AC + active filter/storage,0.6830512364435251
AC + active filter/storage,0.7216677266798985
AC + active filter/storage,0.9536285678760127
AC + active filter/storage,0.7696151076398681
AC + active filter/storage,1.291731823653088
AC + active filter/storage,1.053967505955543
AC + active filter/storage,0.9222684996674243
AC + active filter/storage,1.0796879447075927
AC + active filter/storage,0.5173727673838499
AC + active filter/storage,1.3989341577710772
AC + active filter/storage,1.0636829475473473
AC + active filter/storage,1.844406209415729
AC + active filter/storage,0.3173566391008195
AC + active filter/storage,0.6694263688498472
AC + active filter/storage,1.2367656787399317
AC + active filter/storage,1.3822731561314516
AC + active filter/storage,0.5688208531954045
AC + active filter/storage,1.3664058782718989
AC + active filter/storage,1.7087612379285344
AC + active filter/storage,0.5986858670563484
AC + active filter/storage,0.8601157211669047
AC + active filter/storage,1.1597875672390867
AC + active filter/storage,0.7327441029032931
AC + active filter/storage,0.6990840986861511
AC + active filter/storage,1.206441553510616
AC + active filter/storage,0.9697856373638952
AC + active filter/storage,0.7403827806521136
AC + active filter/storage,1.0672706790851314
AC + active filter/storage,0.818732420658057
AC + active filter/storage,1.0599021602277126
AC + active filter/storage,1.420834330652201
AC + active filter/storage,0.4948261823814872
AC + active filter/storage,1.1235088989297295
AC + active filter/storage,0.6062321853440616
AC + active filter/storage,0.7306979612593438
AC + active filter/storage,0.765669232654359
AC + active filter/storage,0.5649407803190749
AC + active filter/storage,1.2330841759168982
AC + active filter/storage,0.5479089073040772
AC + active filter/storage,1.1846214297749966
AC + active filter/storage,1.3564583142232003
AC + active filter/storage,0.7268256974792681
AC + active filter/storage,0.7464682566174667
AC + active filter/storage,0.9670801839550455
AC + active filter/storage,0.9854655733718448
AC + active filter/storage,0.9148617543304665
AC + active filter/storage,0.7627592591384883
AC + active filter/storage,0.8382043222206818
AC + active filter/storage,0.7122800651653186
AC + active filter/storage,0.7779355336233134
AC + active filter/storage,1.0029990330697187
AC + active filter/storage,1.332123024762633
AC + active filter/storage,0.7363775090964914
AC + active filter/storage,1.215875492638991
AC + active filter/storage,1.400798137561284
AC + active filter/storage,1.1874862051192583
AC + active filter/storage,0.8910936438243429
AC + active filter/storage,0.8560562071524227
AC + active filter/storage,1.0303706762577627
AC + active filter/storage,0.46446627432816884
AC + active filter/storage,0.5967413088735086
AC + active filter/storage,0.9506764874318779
AC + active filter/storage,0.5786020511458695
AC + active filter/storage,1.3157206942949797
AC + active filter/storage,0.8117524736621174
AC + active filter/storage,1.1964909232833143
AC + active filter/storage,0.8908228479451321
AC + active filter/storage,1.123782613611067
AC + active filter/storage,0.6638894629238637
AC + active filter/storage,1.1571985998489482
AC + active filter/storage,0.901001079987174
AC + active filter/storage,0.38452275217588044
AC + active filter/storage,1.3593897379733755
AC + active filter/storage,0.6527857183677984
AC + active filter/storage,1.0292578747837855
AC + active filter/storage,1.625806585089242
AC + active filter/storage,1.1167415227249966
AC + active filter/storage,0.7737496931591175
AC + active filter/storage,1.1076456222002922
AC + active filter/storage,1.3091405174287971
AC + active filter/storage,1.1422502974937245
AC + active filter/storage,0.545533007009911
AC + active filter/storage,0.771154325898396
AC + active filter/storage,0.795705274425354
AC + active filter/storage,1.2216184826037808
AC + active filter/storage,1.1126925709037334
AC + active filter/storage,1.760483110289285
AC + active filter/storage,1.100476053793066
AC + active filter/storage,0.9802581840970891
AC + active filter/storage,1.1052521715945263
AC + active filter/storage,0.5801713363543252
AC + active filter/storage,0.7272432116117572
AC + active filter/storage,0.8015335176152091
AC + active filter/storage,0.6180870600991546
AC + active filter/storage,1.2466585633591625
AC + active filter/storage,0.8471954521158411
AC + active filter/storage,0.6061678272724134
AC + active filter/storage,1.1155166118991426
AC + active filter/storage,0.42899211832850853
AC + active filter/storage,1.8065199078764318
AC + active filter/storage,0.8705409368686912
AC + active filter/storage,0.9425400861824016
AC + active filter/storage,1.212207570609504
AC + active filter/storage,0.7616816975002668
AC + active filter/storage,0.5159360152709916
AC + active filter/storage,1.6054697298069054
AC + active filter/storage,0.7885624758588218
AC + active filter/storage,1.255788406653274
AC + active filter/storage,0.8069145134796903
AC + active filter/storage,0.5236979910445849
AC + active filter/storage,0.9384443111866918
AC + active filter/storage,1.4284059715252597
AC + active filter/storage,0.7849041692922322
AC + active filter/storage,0.61572897905155
AC + active filter/storage,1.0120887759820618
AC + active filter/storage,0.7298491008523786
AC + active filter/storage,1.172129025203349
AC + active filter/storage,1.807476088495196
AC + active filter/storage,0.5463281780872887
AC + active filter/storage,0.97056104923314
AC + active filter/storage,0.6175628353692861
AC + active filter/storage,1.9461799629900318
AC + active filter/storage,1.0674941635738244
AC + active filter/storage,0.5817764313482023
AC + active filter/storage,1.028271421965759
AC + active filter/storage,0.7650285450610215
AC + active filter/storage,1.0426587374215366
AC + active filter/storage,0.3863851907404077
AC + active filter/storage,1.1225340308392329
AC + active filter/storage,1.3599923012661108
AC + active filter/storage,0.9805865338016033
AC + active filter/storage,1.7482600644977606
AC + active filter/storage,0.7036209921991177
AC + active filter/storage,0.7888572681907032
AC + active filter/storage,1.9635032150070495
AC + active filter/storage,0.6018527009517055
AC + active filter/storage,0.6952868319438034
AC + active filter/storage,0.8724472158121948
AC + active filter/storage,1.0731597806461821
AC + active filter/storage,0.998212839931966
AC + active filter/storage,0.7493964203291074
AC + active filter/storage,0.7889549946280773
AC + active filter/storage,0.41296677937777604
AC + active filter/storage,1.2565654796943062
AC + active filter/storage,1.8650723589849638
AC + active filter/storage,0.6824233911833258
AC + active filter/storage,1.57687592224555
AC + active filter/storage,0.7887835569280593
AC + active filter/storage,1.2477452898125778
AC + active filter/storage,0.8881461212553499
AC + active filter/storage,0.5875222783313218
AC + active filter/storage,1.0873749941432493
AC + active filter/storage,0.7154957103364421
AC + active filter/storage,1.118476098290717
AC + active filter/storage,0.7369315577827156
AC + active filter/storage,0.9189133537224256
AC + active filter/storage,0.6123443681045746
AC + active filter/storage,0.6928503380274352
AC + active filter/storage,1.363237176814191
AC + active filter/storage,0.7955366136257015
AC + active filter/storage,0.6998494694332877
AC + active filter/storage,1.080216420859456
AC + active filter/storage,1.272798236081567
AC + active filter/storage,1.0229935547895772
AC + active filter/storage,0.6386371338497213
AC + active filter/storage,0.9017519956290402
AC + active filter/storage,0.7226518378035865
AC + active filter/storage,0.6346456595517921
AC + active filter/storage,0.703884169613897
AC + active filter/storage,0.8734561326527808
AC + active filter/storage,1.158184563383437
AC + active filter/storage,0.7538137019944207
AC + active filter/storage,1.4346501311423958
AC + active filter/storage,1.0211977584539482
AC + active filter/storage,0.8622066142999102
AC + active filter/storage,0.7878782284721361
AC + active filter/storage,0.5231508654294982
AC + active filter/storage,0.42412604438643936
AC + active filter/storage,0.7758167903995932
AC + active filter/storage,1.1702945028292755
AC + active filter/storage,1.0619315824497944
AC + active filter/storage,1.181106700416048
AC + active filter/storage,1.2199911529957785
AC + active filter/storage,0.6251589601757854
AC + active filter/storage,1.6321229923493454
AC + active filter/storage,1.4738272184572045
AC + active filter/storage,0.8273438275770617
AC + active filter/storage,1.862637986359448
AC + active filter/storage,0.9723175685318909
AC + active filter/storage,1.7350184482193154
AC + active filter/storage,1.889175358052949
AC + active filter/storage,1.2245383829587222
AC + active filter/storage,0.7802735651113275
AC + active filter/storage,0.9159765943604805
AC + active filter/storage,1.067193302551111
AC + active filter/storage,1.0247906224550551
AC + active filter/storage,0.5779615065834887
AC + active filter/storage,0.9308875640481424
AC + active filter/storage,0.609046070291275
AC + active filter/storage,0.9627010795150691
AC + active filter/storage,0.9647205186513419
AC + active filter/storage,0.7587325552013339
AC + active filter/storage,1.031922087722909
AC + active filter/storage,1.0276881205106885
AC + active filter/storage,0.9406633586885306
AC + active filter/storage,1.1929171551539033
AC + active filter/storage,0.5204012007386868
AC + active filter/storage,1.1172354944619747
AC + active filter/storage,0.4396160452454334
AC + active filter/storage,1.2601367347477979
AC + active filter/storage,1.200447329522704
AC + active filter/storage,1.2407368572892474
AC + active filter/storage,0.557365552375805
AC + active filter/storage,1.807826348144217
AC + active filter/storage,0.6926962997130716
AC + active filter/storage,0.799003810316065
AC + active filter/storage,1.033602348541401
AC + active filter/storage,1.5087833989464314
AC + active filter/storage,1.1721893076790468
AC + active filter/storage,0.4901966849780347
AC + active filter/storage,0.6141246860520323
AC + active filter/storage,0.8717659969566378
AC + active filter/storage,1.0650618001146166
AC + active filter/storage,1.2338861072747167
AC + active filter/storage,0.8677869631002739
AC + active filter/storage,0.7451687852420789
AC + active filter/storage,0.7922914544181583
AC + active filter/storage,0.51220196347612
AC + active filter/storage,1.1545837665706782
AC + active filter/storage,1.0269026193813675
AC + active filter/storage,1.0202262288757518
AC + active filter/storage,0.742657461860281
AC + active filter/storage,0.7396027531412248
AC + active filter/storage,1.1950163499998134
AC + active filter/storage,1.2154209760469297
AC + active filter/storage,1.1703877169717354
AC + active filter/storage,0.8186092220562936
AC + active filter/storage,1.1526531486939695
AC + active filter/storage,1.2267120624391703
AC + active filter/storage,0.5617187303304982
AC + active filter/storage,0.5259059540290013
AC + active filter/storage,0.9250114055382377
AC + active filter/storage,0.76799675090518
AC + active filter/storage,0.5809987661752555
AC + active filter/storage,1.0814851350166053
AC + active filter/storage,0.7197797642448721
AC + active filter/storage,0.856081108019435
AC + active filter/storage,0.8760612254280953
AC + active filter/storage,1.0274131862378029
AC + active filter/storage,0.893025398905971
AC + active filter/storage,0.7249280773835278
AC + active filter/storage,1.3091484231349648
AC + active filter/storage,0.805856219646542
AC + active filter/storage,1.2018436358582747
AC + active filter/storage,0.9128811653521939
AC + active filter/storage,1.5267030631491592
AC + active filter/storage,0.6879756852590824
AC + active filter/storage,0.7935530066038838
AC + active filter/storage,1.5607049233814292
AC + active filter/storage,1.3475947123389
AC + active filter/storage,0.6662382709082024
AC + active filter/storage,0.8293624525785747
AC + active filter/storage,1.2351161511606557
AC + active filter/storage,0.5756121402658377
AC + active filter/storage,0.5134068197567755
AC + active filter/storage,0.6560287710480273
AC + active filter/storage,0.9282804579930736
AC + active filter/storage,1.4553686277715918
AC + active filter/storage,0.6511323508477536
AC + active filter/storage,1.5360644506670285
AC + active filter/storage,1.0561441828940745
AC + active filter/storage,0.812866696070177
AC + active filter/storage,0.8620126174841237
AC + active filter/storage,0.8281550487048663
AC + active filter/storage,0.986936142359461
AC + active filter/storage,0.8260181816913831
AC + active filter/storage,0.8759305909900953
AC + active filter/storage,0.6575711188841707
AC + active filter/storage,1.3342732821759018
AC + active filter/storage,1.3127807997972103
AC + active filter/storage,1.0301560210433296
AC + active filter/storage,0.8877036352662611
AC + active filter/storage,0.9212832464488456
AC + active filter/storage,0.8218209499531053
AC + active filter/storage,0.9075306382024813
AC + active filter/storage,0.8027516175220573
AC + active filter/storage,1.2077043891348587
AC + active filter/storage,1.0784571542984802
AC + active filter/storage,1.087119964856586
AC + active filter/storage,0.9118235046984047
AC + active filter/storage,1.1226108958619627
AC + active filter/storage,0.7594442215462371
AC + active filter/storage,1.6756353403014375
AC + active filter/storage,1.1475475292433486
AC + active filter/storage,0.9307548434082148
AC + active filter/storage,1.4627047149066923
AC + active filter/storage,1.1991411111778554
AC + active filter/storage,0.8269345314229477
AC + active filter/storage,0.8997887853043784
AC + active filter/storage,0.5493078539389276
AC + active filter/storage,0.6109379586976676
AC + active filter/storage,0.7431526458196922
AC + active filter/storage,0.8923013537844849
AC + active filter/storage,1.0975870248404598
AC + active filter/storage,1.3955917489101006
AC + active filter/storage,0.8778589900692804
AC + active filter/storage,0.6919299583714063
AC + active filter/storage,1.1332548249075787
AC + active filter/storage,0.9658788539578887
AC + active filter/storage,1.2760544278651391
AC + active filter/storage,0.7971078041980468
AC + active filter/storage,1.3498540220124244
AC + active filter/storage,0.4596588100704091
AC + active filter/storage,0.5843227603829521
AC + active filter/storage,0.627189647351267
AC + active filter/storage,1.7107677356058555
AC + active filter/storage,0.8527879876177152
AC + active filter/storage,0.6501627697646203
AC + active filter/storage,0.8691731575213939
AC + active filter/storage,1.5298573797476103
AC + active filter/storage,0.9926657428430747
AC + active filter/storage,0.8608758377072676
AC + active filter/storage,0.7092224681971124
AC + active filter/storage,1.2480820929914274
AC + active filter/storage,0.8782164463867895
AC + active filter/storage,0.7957759149639165
AC + active filter/storage,1.2145596490292003
AC + active filter/storage,0.5170009922845914
AC + active filter/storage,1.9843084455579436
AC + active filter/storage,1.2369653589239389
AC + active filter/storage,1.9661968640126621
AC + active filter/storage,1.0193054588080823
AC + active filter/storage,1.1161951552300113
AC + active filter/storage,1.0266323769446781
AC + active filter/storage,1.9827525926000888
AC + active filter/storage,0.8547072435123397
AC + active filter/storage,0.8249003833058268
AC + active filter/storage,1.1000485860029534
AC + active filter/storage,0.5313872088132459
AC + active filter/storage,0.9919583430394947
AC + active filter/storage,1.7211741700126397
AC + active filter/storage,1.1886415957094163
AC + active filter/storage,0.6750786255592991
AC + active filter/storage,1.026461085648546
AC + active filter/storage,1.2920172898908502
AC + active filter/storage,0.7814418405401274
AC + active filter/storage,1.1036017275726961
AC + active filter/storage,0.9081450924501514
AC + active filter/storage,0.9882326163833742
AC + active filter/storage,1.0145402045695513
AC + active filter/storage,0.6588776218130385
AC + active filter/storage,0.5550250436227177
AC + active filter/storage,0.8264793034754051
AC + active filter/storage,2.3465219340614296
AC + active filter/storage,0.7883192559196033
AC + active filter/storage,0.6953229794369391
AC + active filter/storage,0.6712979036932002
AC + active filter/storage,1.3433497887675336
AC + active filter/storage,1.0020655254856483
AC + active filter/storage,1.3325383611686616
AC + active filter/storage,0.9109854793365065
AC + active filter/storage,0.9732140753515671
AC + active filter/storage,0.9203538631386967
AC + active filter/storage,1.1088363361674811
AC + active filter/storage,1.8805905084503405
AC + active filter/storage,0.7415641574201948
AC + active filter/storage,0.9608238599804543
AC + active filter/storage,1.1022603940911397
AC + active filter/storage,1.4960549332710016
AC + active filter/storage,1.1783467967745969
AC + active filter/storage,0.9942485371685501
AC + active filter/storage,0.5946661787890914
AC + active filter/storage,0.8375764717541107
AC + active filter/storage,1.2390583557737693
AC + active filter/storage,0.6271097306858141
AC + active filter/storage,2.1051522991085583
AC + active filter/storage,1.060669960059605
AC + active filter/storage,0.9991389120390813
AC + active filter/storage,2.122598661269886
AC + active filter/storage,0.7458473933943794
AC + active filter/storage,1.0503866684879892
AC + active filter/storage,0.47371721898696256
AC + active filter/storage,0.811157472245591
AC + active filter/storage,0.9725187138054302
AC + active filter/storage,1.4250031176334936
AC + active filter/storage,0.9986849459257503
AC + active filter/storage,1.0030228277404456
AC + active filter/storage,0.6006011660994751
AC + active filter/storage,1.3571805689261942
AC + active filter/storage,0.6831521555426548
AC + active filter/storage,0.7795829591070637
AC + active filter/storage,0.813678979892314
AC + active filter/storage,0.9888339186859101
AC + active filter/storage,0.9949894308279353
AC + active filter/storage,1.0338385295248822
AC + active filter/storage,1.1658949778226482
AC + active filter/storage,0.5622287258617703
AC + active filter/storage,1.1451653912467297
AC + active filter/storage,0.7765540952156821
AC + active filter/storage,0.8221301141731246
AC + active filter/storage,0.9767557989691388
AC + active filter/storage,0.8142141014037073
AC + active filter/storage,0.9022579337111367
AC + active filter/storage,0.865076303346022
AC + active filter/storage,0.5912192278514741
AC + active filter/storage,1.0797139932884137
AC + active filter/storage,0.9720997040869259
AC + active filter/storage,1.0140104249204203
AC + active filter/storage,0.663445481878483
AC + active filter/storage,0.9166827761657037
AC + active filter/storage,0.6146574679310752
AC + active filter/storage,1.0672182399625192
AC + active filter/storage,1.9199884367735591
AC + active filter/storage,0.9618544080170004
AC + active filter/storage,0.6832986559596735
AC + active filter/storage,0.7611899238561023
AC + active filter/storage,2.210512629986781
AC + active filter/storage,1.1751823724163484
AC + active filter/storage,0.9545390621260254
AC + active filter/storage,0.6368247843370528
AC + active filter/storage,1.0609175006808906
AC + active filter/storage,0.9230224829276726
AC + active filter/storage,1.0240012914275856
AC + active filter/storage,0.6899209952021989
AC + active filter/storage,0.8341767686188015
AC + active filter/storage,1.00749568317273
AC + active filter/storage,0.5365543086785577
AC + active filter/storage,0.7988923702332299
AC + active filter/storage,1.337069453721985
AC + active filter/storage,0.9351278772621597
AC + active filter/storage,0.8684605665728483
AC + active filter/storage,0.7679379255077242
AC + active filter/storage,0.7855871722977962
AC + active filter/storage,0.7813397480927708
AC + active filter/storage,1.2358986275041097
AC + active filter/storage,0.9610548645720276
AC + active filter/storage,1.2630936154292323
AC + active filter/storage,0.6503009000057819
AC + active filter/storage,0.465264217599979
AC + active filter/storage,1.635663613452096
AC + active filter/storage,0.87144884870741
AC + active filter/storage,1.1987705974685503
AC + active filter/storage,1.0872573797693812
AC + active filter/storage,1.913064894449615
AC + active filter/storage,0.48583771800018694
AC + active filter/storage,0.509390681896034
AC + active filter/storage,0.9870785924358462
AC + active filter/storage,1.1561344253849495
AC + active filter/storage,0.6142703177517513
AC + active filter/storage,0.8878144935010762
AC + active filter/storage,1.9796743982499914
AC + active filter/storage,0.9418385417092465
AC + active filter/storage,0.5150634320566765
AC + active filter/storage,0.968530536217361
AC + active filter/storage,0.6253252202830624
AC + active filter/storage,1.0625719893425465
AC + active filter/storage,0.7369857402469638
AC + active filter/storage,1.509946760650089
AC + active filter/storage,1.046508683749089
AC + active filter/storage,1.0446156177284311
AC + active filter/storage,0.672196150096435
AC + active filter/storage,0.5787836650176237
AC + active filter/storage,0.8698727008774508
AC + active filter/storage,0.4707731958763219
AC + active filter/storage,1.1151912933965236
AC + active filter/storage,0.6822224342379762
AC + active filter/storage,1.2956778020596373
AC + active filter/storage,0.5603155898573736
AC + active filter/storage,1.7020343558946232
AC + active filter/storage,0.7468762007145905
AC + active filter/storage,0.8858598505547812
AC + active filter/storage,0.6179654883316351
AC + active filter/storage,1.1759996516822047
AC + active filter/storage,1.0239333362209309
AC + active filter/storage,0.9212332827581795
AC + active filter/storage,1.061109744070481
AC + active filter/storage,0.9599280865601485
AC + active filter/storage,1.0243403303471408
AC + active filter/storage,1.1205715215666976
AC + active filter/storage,0.8952271288365912
AC + active filter/storage,0.9916198929367698
AC + active filter/storage,1.992575770800201
AC + active filter/storage,0.8477095899213458
AC + active filter/storage,0.8618953886875215
AC + active filter/storage,1.3469079787406393
AC + active filter/storage,0.4937700117868502
AC + active filter/storage,0.7011267437314673
AC + active filter/storage,0.5159730628556026
AC + active filter/storage,1.5239277269034093
AC + active filter/storage,1.4716681133566984
AC + active filter/storage,0.5736538897339334
AC + active filter/storage,1.120985511619543
AC + active filter/storage,0.8956744318994726
AC + active filter/storage,0.9345343050563361
AC + active filter/storage,1.2984366113496004
AC + active filter/storage,1.3441504023585118
AC + active filter/storage,0.8250329003878163
AC + active filter/storage,0.7792591684620707
AC + active filter/storage,1.6737557193923824
AC + active filter/storage,0.7135132231657311
AC + active filter/storage,1.3466364644603772
AC + active filter/storage,1.1093297793682702
AC + active filter/storage,0.9925021327675502
AC + active filter/storage,0.8333988894372025
AC + active filter/storage,0.8588566817284112
AC + active filter/storage,0.718092014155215
AC + active filter/storage,2.396325121588629
AC + active filter/storage,0.7061465531154211
AC + active filter/storage,0.7631114775410949
AC + active filter/storage,1.0632693269814717
AC + active filter/storage,1.4922102661400736
AC + active filter/storage,0.5677380080222245
AC + active filter/storage,0.8921399406225372
AC + active filter/storage,1.951163729586306
AC + active filter/storage,1.0694342077972923
AC + active filter/storage,1.138152283251671
AC + active filter/storage,0.5463470190333937
AC + active filter/storage,1.3186252297962322
AC + active filter/storage,1.1304160536213816
AC + active filter/storage,2.0413934957083457
AC + active filter/storage,1.380340667141303
AC + active filter/storage,1.0125971341064175
AC + active filter/storage,1.3939907116004084
AC + active filter/storage,0.41846378323761696
AC + active filter/storage,1.0723905716901818
AC + active filter/storage,1.6721969311006992
AC + active filter/storage,0.7170725369318586
AC + active filter/storage,1.827782787749479
AC + active filter/storage,0.8550214466139211
AC + active filter/storage,0.9226643420540626
AC + active filter/storage,0.6519301468573496
AC + active filter/storage,2.2487101738061313
AC + active filter/storage,0.648534053339181
AC + active filter/storage,0.9836927615277736
AC + active filter/storage,1.1086593904583038
AC + active filter/storage,2.1302518921478644
AC + active filter/storage,2.077774944958122
AC + active filter/storage,1.1319509280291762
AC + active filter/storage,1.4406759442376984
AC + active filter/storage,0.9969013885896145
AC + active filter/storage,0.7506695005235848
AC + active filter/storage,1.430575238521231
AC + active filter/storage,0.6139225584708979
AC + active filter/storage,0.8852003051680747
AC + active filter/storage,0.6469135915932452
AC + active filter/storage,2.4455665073956387
AC + active filter/storage,1.0462742769408349
AC + active filter/storage,0.45541678634570915
AC + active filter/storage,0.7658223783259758
AC + active filter/storage,0.9379211576815444
AC + active filter/storage,0.8575366172519927
AC + active filter/storage,1.0223322652505134
AC + active filter/storage,1.1286797628119614
AC + active filter/storage,0.6725496523612883
AC + active filter/storage,0.8382218683190814
AC + active filter/storage,0.5091040973309785
AC + active filter/storage,1.7947424771996237
AC + active filter/storage,0.9984682174772992
AC + active filter/storage,1.2721240076295515
AC + active filter/storage,0.6874690511422399
AC + active filter/storage,0.8527717629095566
AC + active filter/storage,1.4736436698467237
AC + active filter/storage,1.1698496422450004
AC + active filter/storage,0.8787330437154894
AC + active filter/storage,0.5477124995293655
AC + active filter/storage,0.8053181370533733
AC + active filter/storage,0.7396011580093481
AC + active filter/storage,0.9070753651070296
AC + active filter/storage,1.1910535715456025
AC + active filter/storage,0.497232963334958
AC + active filter/storage,0.7220223059231897
AC + active filter/storage,1.0558822303043476
AC + active filter/storage,1.3723171810202417
AC + active filter/storage,0.5044901803788524
AC + active filter/storage,0.7837982553311035
AC + active filter/storage,1.3327579564893317
AC + active filter/storage,0.7676640388816292
AC + active filter/storage,0.43569304019775557
AC + active filter/storage,0.631588858829024
AC + active filter/storage,1.0404274635680402
AC + active filter/storage,0.9327560353597385
AC + active filter/storage,1.0899247553603097
AC + active filter/storage,1.207467326819969
AC + active filter/storage,0.8299426876381887
AC + active filter/storage,1.5980649535052212
AC + active filter/storage,0.5951729851853791
AC + active filter/storage,0.9655015907021561
AC + active filter/storage,0.6466000954758355
AC + active filter/storage,1.7727047122803379
AC + active filter/storage,0.5426338630105894
AC + active filter/storage,1.0330815200507653
AC + active filter/storage,1.025633191036562
AC + active filter/storage,0.5381888191258546
AC + active filter/storage,0.5862018591114789
AC + active filter/storage,0.7180434002886464
AC + active filter/storage,0.8046807111882575
AC + active filter/storage,0.5135480688197782
AC + active filter/storage,1.3420908057389638
AC + active filter/storage,0.7214762445445397
AC + active filter/storage,0.7799172169679495
AC + active filter/storage,1.13017214078
AC + active filter/storage,1.2994389151016912
AC + active filter/storage,0.8086144967551152
AC + active filter/storage,1.5386854408863662
AC + active filter/storage,0.7750632985708708
AC + active filter/storage,0.620735467647497
AC + active filter/storage,0.7247275655707702
AC + active filter/storage,0.5856537552201956
AC + active filter/storage,1.2988334668874608
AC + active filter/storage,0.4552515384727001
AC + active filter/storage,0.5960034338916493
AC + active filter/storage,1.2623680752902846
AC + active filter/storage,1.062890035264225
AC + active filter/storage,0.49430482107254403
AC + active filter/storage,1.457554472404939
AC + active filter/storage,2.128902779737974
AC + active filter/storage,0.5883058466077278
AC + active filter/storage,0.9537881831351289
AC + active filter/storage,1.3022504672267026
AC + active filter/storage,0.6423191534142336
AC + active filter/storage,0.8547251825879185
AC + active filter/storage,1.2105495591779303
AC + active filter/storage,0.6316771334167577
AC + active filter/storage,1.248389706958758
AC + active filter/storage,0.5332863271488547
AC + active filter/storage,1.0929956308897992
AC + active filter/storage,0.697185489522657
AC + active filter/storage,0.7006217815172753
AC + active filter/storage,1.034066556975586
AC + active filter/storage,0.6739091917565218
AC + active filter/storage,0.8258104548448162
AC + active filter/storage,0.4989589572541941
AC + active filter/storage,0.4714781736897312
AC + active filter/storage,0.94216225633999
AC + active filter/storage,0.7680775318818288
AC + active filter/storage,0.6645565721020626
AC + active filter/storage,0.4809692131265671
AC + active filter/storage,1.3245688984052364
AC + active filter/storage,0.4787917861048483
AC + active filter/storage,0.7542987948807575
AC + active filter/storage,1.5026814225550351
AC + active filter/storage,0.8706764099264177
AC + active filter/storage,0.7848528956575543
AC + active filter/storage,0.6152745032563811
AC + active filter/storage,0.8451769654782941
AC + active filter/storage,0.8844793652653584
AC + active filter/storage,0.6801724528270865
AC + active filter/storage,1.5608465921421923
AC + active filter/storage,1.0453326070076285
AC + active filter/storage,0.9031231663072844
AC + active filter/storage,1.3734355857569112
AC + active filter/storage,1.7668605538140267
AC + active filter/storage,0.6628424916337337
AC + active filter/storage,1.2151737647155452
AC + active filter/storage,0.7362487331836564
AC + active filter/storage,0.8493498935867514
AC + active filter/storage,0.548794301312826
AC + active filter/storage,0.6837118316020996
AC + active filter/storage,0.7611340944209364
AC + active filter/storage,0.9668108777858019
AC + active filter/storage,0.5883293778140831
AC + active filter/storage,0.8476723448270292
AC + active filter/storage,0.5673510611540105
AC + active filter/storage,0.5257617941039953
AC + active filter/storage,1.348972885131235
AC + active filter/storage,0.4989021222306426
AC + active filter/storage,0.8466977021979348
AC + active filter/storage,0.6773821042505302
AC + active filter/storage,0.9699474923531584
AC + active filter/storage,1.118812971386424
AC + active filter/storage,0.565725418931568
AC + active filter/storage,0.7798449720935514
AC + active filter/storage,1.5663695525521708
AC + active filter/storage,0.9233372307430407
AC + active filter/storage,1.0209651570038405
AC + active filter/storage,0.8975526083469404
AC + active filter/storage,0.9245898504499774
AC + active filter/storage,0.6847016411621107
AC + active filter/storage,0.6572462367978342
AC + active filter/storage,1.1545289991721714
AC + active filter/storage,0.4729291994957963
AC + active filter/storage,0.6365040175539803
AC + active filter/storage,1.3246301693769322
AC + active filter/storage,1.220066463964474
AC + active filter/storage,0.9290887057846018
AC + active filter/storage,1.5110737586671743
AC + active filter/storage,0.5728272996546327
AC + active filter/storage,0.9839611394760083
AC + active filter/storage,0.628830886584627
AC + active filter/storage,0.8100959917287455
AC + active filter/storage,0.7220415576458049
AC + active filter/storage,0.9415547744304927
AC + active filter/storage,0.9153878208282307
AC + active filter/storage,1.177512757076772
AC + active filter/storage,0.9199259148230213
AC + active filter/storage,1.0196665740947384
AC + active filter/storage,0.7676643209682823
AC + active filter/storage,0.7653882581057065
AC + active filter/storage,1.3087619274437268
AC + active filter/storage,0.6451377236614978
AC + active filter/storage,0.6694711910843123
AC + active filter/storage,0.904739551721452
AC + active filter/storage,0.965516919923644
AC + active filter/storage,0.810969874566685
AC + active filter/storage,0.7557534577227532
AC + active filter/storage,0.9377748736224694
AC + active filter/storage,0.7296660139864168
AC + active filter/storage,0.7134536163255467
AC + active filter/storage,1.4684770200212853
AC + active filter/storage,0.8750565673708214
AC + active filter/storage,1.1763082711665211
AC + active filter/storage,0.4557778944354932
AC + active filter/storage,1.291823760401417
AC + active filter/storage,1.6617217758796476
AC + active filter/storage,0.5758823220608592
AC + active filter/storage,0.9780403543059938
AC + active filter/storage,0.5855864895039706
AC + active filter/storage,1.111208425751746
AC + active filter/storage,0.8910395633008186
AC + active filter/storage,0.5853683694455136
AC + active filter/storage,1.7150044356579286
AC + active filter/storage,0.6250837351238087
AC + active filter/storage,0.4974872767238917
AC + active filter/storage,0.8203425021965308
AC + active filter/storage,0.7001376008295113
AC + active filter/storage,0.6171868786388808
AC + active filter/storage,0.6944353861242187
AC + active filter/storage,0.8174006938067573
AC + active filter/storage,0.5848692596374152
AC + active filter/storage,1.5217985988413938
AC + active filter/storage,1.3175109521799298
AC + active filter/storage,0.5467827943539616
AC + active filter/storage,0.7166889699971599
AC + active filter/storage,0.8746623474470256
AC + active filter/storage,1.4565105509359653
AC + active filter/storage,1.190599978817474
AC + active filter/storage,1.1104585301207992
AC + active filter/storage,1.2608843045497293
AC + active filter/storage,0.3589937187462804
AC + active filter/storage,1.1254758689413904
AC + active filter/storage,0.9747403417306226
AC + active filter/storage,0.7519230364313391
AC + active filter/storage,1.747982405562508
AC + active filter/storage,1.2016768548710386
AC + active filter/storage,1.1126180495490143
AC + active filter/storage,0.9876807671010899
AC + active filter/storage,0.5805804134104703
AC + active filter/storage,0.9744086930168311
AC + active filter/storage,1.2746590350479132
AC + active filter/storage,0.8671986194749504
AC + active filter/storage,1.9669633471069792
AC + active filter/storage,0.7280775679286381
AC + active filter/storage,1.2212163843596069
AC + active filter/storage,0.881781938045247
AC + active filter/storage,0.9568535948002027
AC + active filter/storage,1.4891411728739299
AC + active filter/storage,1.026512585079516
AC + active filter/storage,1.1216258675717516
AC + active filter/storage,1.1292056110302522
AC + active filter/storage,0.7588175483451542
AC + active filter/storage,1.0830926214309369
AC + active filter/storage,0.505426869829721
AC + active filter/storage,1.2656655808359802
AC + active filter/storage,1.2646570073124657
AC + active filter/storage,1.2707723488103495
AC + active filter/storage,0.4895387110444869
AC + active filter/storage,0.44180989067641685
AC + active filter/storage,0.7559787542711437
AC + active filter/storage,0.6380341247575181
AC + active filter/storage,1.3926408197917792
AC + active filter/storage,0.6698453223793541
AC + active filter/storage,0.73341302383184
AC + active filter/storage,0.8113955764955283
AC + active filter/storage,0.878855513300174
AC + active filter/storage,1.2556762875858796
AC + active filter/storage,0.6491131269819805
AC + active filter/storage,1.0443925079994463
AC + active filter/storage,1.2125106184702361
AC + active filter/storage,1.3004062311854854
AC + active filter/storage,1.3812811491289543
AC + active filter/storage,1.1670908990668372
AC + active filter/storage,1.396965445567542
AC + active filter/storage,0.6929208752283749
AC + active filter/storage,0.47526559140569447
AC + active filter/storage,0.35327419177289826
AC + active filter/storage,0.6487287075487306
AC + active filter/storage,0.9349260204607044
AC + active filter/storage,0.6746664166588894
AC + active filter/storage,0.9457294324164272
AC + active filter/storage,0.9860520036994153
AC + active filter/storage,0.7644925049282628
AC + active filter/storage,0.6512310128354447
AC + active filter/storage,0.9223408613056118
AC + active filter/storage,0.8088778990857652
AC + active filter/storage,1.0082731410989578
AC + active filter/storage,0.7368035453860349
AC + active filter/storage,0.9030418810083262
AC + active filter/storage,0.5283140064183387
AC + active filter/storage,1.0298667395221917
AC + active filter/storage,1.2402329454884922
AC + active filter/storage,1.1582581330278572
AC + active filter/storage,0.6793842729637016
AC + active filter/storage,0.4586033456148314
AC + active filter/storage,0.7390186649442954
AC + active filter/storage,0.9698993249202609
AC + active filter/storage,1.2981526299427935
AC + active filter/storage,0.6887998801291796
AC + active filter/storage,0.8279349205767704
AC + active filter/storage,0.9048910271532501
AC + active filter/storage,0.8213316338196254
AC + active filter/storage,0.8068612541897674
AC + active filter/storage,1.1968641801320168
AC + active filter/storage,1.3068825475824182
AC + active filter/storage,0.576265715285397
AC + active filter/storage,1.9860531449087067
AC + active filter/storage,1.247527983014938
AC + active filter/storage,0.5083908432057783
AC + active filter/storage,1.1145444734916563
AC + active filter/storage,0.6855499386024567
AC + active filter/storage,1.0215143433314011
AC + active filter/storage,1.3632667795469262
AC + active filter/storage,0.6699854977924977
AC + active filter/storage,1.1253004294627718
AC + active filter/storage,1.6340480733269183
AC + active filter/storage,1.2772664540374319
AC + active filter/storage,1.0918562957696112
AC + active filter/storage,0.8974710597757241
AC + active filter/storage,1.1272993269851372
AC + active filter/storage,0.8881369037824459
AC + active filter/storage,0.4888874705425468
AC + active filter/storage,0.5074775905722669
AC + active filter/storage,0.8857125426564255
AC + active filter/storage,0.6868029148145562
AC + active filter/storage,1.0777403471168254
AC + active filter/storage,1.6766134174411618
AC + active filter/storage,1.396738164844969
AC + active filter/storage,0.9234011859707975
AC + active filter/storage,0.7651831080225082
AC + active filter/storage,0.8088999619065494
AC + active filter/storage,1.8456282685564362
AC + active filter/storage,0.8734057220531717
AC + active filter/storage,0.9131828435432491
AC + active filter/storage,1.3983817659863467
AC + active filter/storage,0.507996378444721
AC + active filter/storage,0.9449626707086194
AC + active filter/storage,0.649791302153149
AC + active filter/storage,1.030900651798511
AC + active filter/storage,0.8973371260369476
AC + active filter/storage,2.230826968736706
AC + active filter/storage,0.7663051046989976
AC + active filter/storage,1.175152914348258
AC + active filter/storage,0.671617193719483
AC + active filter/storage,1.2123734329560636
AC + active filter/storage,0.6658028984266285
AC + active filter/storage,0.5040644258788459
AC + active filter/storage,0.6247210663634649
AC + active filter/storage,1.506141346609661
AC + active filter/storage,1.1554625921781618
AC + active filter/storage,1.106467929908361
AC + active filter/storage,0.7447689468756963
AC + active filter/storage,0.7492643476719266
AC + active filter/storage,1.2089408784727529
AC + active filter/storage,0.6222288864380852
AC + active filter/storage,1.1616542487117993
AC + active filter/storage,0.7326647277791389
AC + active filter/storage,0.9090613682043727
AC + active filter/storage,1.1506478071564818
AC + active filter/storage,0.599787011275584
AC + active filter/storage,1.6729920864109369
AC + active filter/storage,1.342006818849745
AC + active filter/storage,1.3824591327542564
AC + active filter/storage,0.7291408800442811
AC + active filter/storage,0.7128880952511698
AC + active filter/storage,1.1594469184744762
AC + active filter/storage,0.606966653400661
AC + active filter/storage,0.9523486236815741
AC + active filter/storage,0.9514521601028083
AC + active filter/storage,0.6408293212089256
AC + active filter/storage,0.6609361159307362
AC + active filter/storage,0.8650137074145337
AC + active filter/storage,1.133856215203445
AC + active filter/storage,1.0647333834466652
AC + active filter/storage,0.5284335117738741
AC + active filter/storage,0.8639695398200813
AC + active filter/storage,1.6797351196606618
AC + active filter/storage,0.6686225161329193
AC + active filter/storage,0.6474060977275145
AC + active filter/storage,1.1344869836268807
AC + active filter/storage,1.7364210037814471
AC + active filter/storage,0.7216039122220659
AC + active filter/storage,0.6791786733560381
AC + active filter/storage,0.6542747907022433
AC + active filter/storage,0.6207621177980632
AC + active filter/storage,0.9760645926965743
AC + active filter/storage,0.8980049803521526
AC + active filter/storage,1.578191061744685
AC + active filter/storage,1.627144742809999
AC + active filter/storage,1.1888743787884357
AC + active filter/storage,1.1958800662512266
AC + active filter/storage,1.0683953424040114
AC + active filter/storage,0.9144952261312186
AC + active filter/storage,0.8569095570770574
AC + active filter/storage,0.8234265165912471
AC + active filter/storage,1.1176809691901655
AC + active filter/storage,0.5120486315928027
AC + active filter/storage,0.9554011146151642
AC + active filter/storage,0.9878213947882578
AC + active filter/storage,0.7151771847958786
AC + active filter/storage,1.0037389965510597
AC + active filter/storage,0.9088373003368152
AC + active filter/storage,0.74764869096593
AC + active filter/storage,0.887131169485155
AC + active filter/storage,1.5348033430665284
AC + active filter/storage,0.7439649480594831
AC + active filter/storage,1.0278754444715332
AC + active filter/storage,1.022248495660935
AC + active filter/storage,0.6548713171240091
AC + active filter/storage,1.2929987794706201
AC + active filter/storage,0.8739555142748666
AC + active filter/storage,0.5626393916900556
AC + active filter/storage,1.0344788399983245
AC + active filter/storage,0.9687344800523516
AC + active filter/storage,0.7398665706625525
AC + active filter/storage,0.9983366650705157
AC + active filter/storage,1.0937004875392866
AC + active filter/storage,1.2507631898697336
AC + active filter/storage,1.3244449248523968
AC + active filter/storage,1.017955301948523
AC + active filter/storage,1.1731931703586405
AC + active filter/storage,0.43951053872887846
AC + active filter/storage,1.0388422825947639
AC + active filter/storage,0.5189797242759361
AC + active filter/storage,1.0373465665223418
AC + active filter/storage,0.5433109280105509
AC + active filter/storage,0.5096268907731027
AC + active filter/storage,1.1517733046311995
AC + active filter/storage,1.295302427542296
AC + active filter/storage,1.123334013896465
AC + active filter/storage,0.8299474533316518
AC + active filter/storage,0.8497282620552952
AC + active filter/storage,1.028109555955119
AC + active filter/storage,1.1834393299391455
AC + active filter/storage,0.6060838930424822
AC + active filter/storage,0.7417535819768138
AC + active filter/storage,1.0888387502113424
AC + active filter/storage,1.0267433487449897
AC + active filter/storage,1.562616766715913
AC + active filter/storage,0.937188679951964
AC + active filter/storage,0.7876133892891578
AC + active filter/storage,1.0357550604105958
AC + active filter/storage,0.9968513971840136
AC + active filter/storage,0.6150924536404533
AC + active filter/storage,1.1294687593599002
AC + active filter/storage,0.9089570118510117
AC + active filter/storage,1.1952223020123225
AC + active filter/storage,0.9733371335191091
AC + active filter/storage,1.0392598689829795
AC + active filter/storage,0.839545853708859
AC + active filter/storage,1.2373563601941244
AC + active filter/storage,0.38983429676348114
AC + active filter/storage,0.45570723923880596
AC + active filter/storage,1.6447051137883868
AC + active filter/storage,0.5685033136663831
AC + active filter/storage,1.394116308590626
AC + active filter/storage,0.9820420950737596
AC + active filter/storage,0.6283385357430068
AC + active filter/storage,0.6169176351456449
AC + active filter/storage,0.6961978032778676
AC + active filter/storage,0.8492758833914673
AC + active filter/storage,1.2177515209954175
AC + active filter/storage,1.067370151267838
AC + active filter/storage,1.6532907739354497
AC + active filter/storage,1.357008312800122
AC + active filter/storage,0.8896069965740603
AC + active filter/storage,0.5380720567408317
AC + active filter/storage,0.8864717820230918
AC + active filter/storage,0.8866988012848467
AC + active filter/storage,1.2111653557125832
AC + active filter/storage,0.6841481529953494
AC + active filter/storage,1.0184959014853698
AC + active filter/storage,0.9159202233519843
AC + active filter/storage,1.2099820690062213
AC + active filter/storage,1.0305487644673972
AC + active filter/storage,0.920892010252526
AC + active filter/storage,1.3468639270713243
AC + active filter/storage,1.1541926532075935
AC + active filter/storage,1.1712489923793352
AC + active filter/storage,1.16028204576509
AC + active filter/storage,0.892974294803233
AC + active filter/storage,0.7409618540179609
AC + active filter/storage,0.4148648010785043
AC + active filter/storage,0.8584697180935977
AC + active filter/storage,1.1250603965335946
AC + active filter/storage,1.996788991476643
AC + active filter/storage,0.8344560421454066
AC + active filter/storage,1.0550454814817967
AC + active filter/storage,1.0907011149072183
AC + active filter/storage,0.99018215585843
AC + active filter/storage,0.7194923748624273
AC + active filter/storage,1.4731377923268738
AC + active filter/storage,1.0276013864633622
AC + active filter/storage,0.7511101937787668
AC + active filter/storage,1.7186262172096243
AC + active filter/storage,1.0281320717300293
AC + active filter/storage,0.7874491766682966
AC + active filter/storage,0.44414281148851487
AC + active filter/storage,0.852739288223758
AC + active filter/storage,0.6944994535711476
AC + active filter/storage,1.3866718692345974
AC + active filter/storage,0.8788759295927889
AC + active filter/storage,0.6254299744977434
AC + active filter/storage,1.8658623628927746
AC + active filter/storage,0.4807184032619852
AC + active filter/storage,0.50821430953067
AC + active filter/storage,1.193318803152948
AC + active filter/storage,1.3110885814446909
AC + active filter/storage,2.123190260264567
AC + active filter/storage,0.9798846575129293
AC + active filter/storage,1.2901537545781796
AC + active filter/storage,0.42199217494060975
AC + active filter/storage,0.9580178991614154
AC + active filter/storage,1.2865762787189305
AC + active filter/storage,0.716537169904654
AC + active filter/storage,0.9382013941959375
AC + active filter/storage,0.5486140436991821
AC + active filter/storage,1.1180896891207213
AC + active filter/storage,0.4884397007337455
AC + active filter/storage,1.0114300994919516
AC + active filter/storage,0.8040083009441177
AC + active filter/storage,1.1219421303639239
AC + active filter/storage,1.2285655803594437
AC + active filter/storage,0.7938271588198951
AC + active filter/storage,1.2914095530163514
AC + active filter/storage,0.5477281597974699
AC + active filter/storage,1.2328828318621168
AC + active filter/storage,1.1388253886504207
AC + active filter/storage,0.6911187672803836
AC + active filter/storage,0.9106918396841158
AC + active filter/storage,1.1274388113413254
AC + active filter/storage,0.8033312241358834
AC + active filter/storage,0.5371225759712187
AC + active filter/storage,0.7462517707380196
AC + active filter/storage,1.3589769324372902
AC + active filter/storage,0.46312060827612783
AC + active filter/storage,1.194732311990146
AC + active filter/storage,0.832149005525053
AC + active filter/storage,1.1984544730534323
AC + active filter/storage,0.5862698280697338
AC + active filter/storage,1.004621095702867
AC + active filter/storage,0.6083399781218789
AC + active filter/storage,0.6949955531225305
AC + active filter/storage,0.5511403333879978
AC + active filter/storage,0.6386529437809486
AC + active filter/storage,0.3515722673279146
AC + active filter/storage,0.6857041871533679
AC + active filter/storage,1.799215894125287
AC + active filter/storage,0.7065290754928925
AC + active filter/storage,0.6840750809983144
AC + active filter/storage,1.5738596018185131
AC + active filter/storage,0.9358008971837114
AC + active filter/storage,0.830693572088129
AC + active filter/storage,0.8758134252710633
AC + active filter/storage,1.1436110785464517
AC + active filter/storage,0.8288155582341423
AC + active filter/storage,1.205043792850926
AC + active filter/storage,1.0772490811603586
AC + active filter/storage,0.3950965206962091
AC + active filter/storage,0.816572024291731
AC + active filter/storage,1.212661319412254
AC + active filter/storage,0.605563786162818
AC + active filter/storage,1.9767980979439668
AC + active filter/storage,1.309125281437468
AC + active filter/storage,0.9601012213160087
AC + active filter/storage,0.4694944624211611
AC + active filter/storage,1.2359451533486907
AC + active filter/storage,1.0083571245405123
AC + active filter/storage,0.7965206878507576
AC + active filter/storage,1.3175424125571114
AC + active filter/storage,1.09614214220576
AC + active filter/storage,0.7032466785746289
AC + active filter/storage,1.112276694020167
AC + active filter/storage,1.0773980842463804
AC + active filter/storage,0.6314609692044038
AC + active filter/storage,1.1717320941230431
AC + active filter/storage,1.1627061865948074
AC + active filter/storage,1.6446541834398865
AC + active filter/storage,1.3562733981296375
AC + active filter/storage,0.6757658867409353
AC + active filter/storage,0.6898051999583704
AC + active filter/storage,0.6994253215507898
AC + active filter/storage,0.905664588318012
AC + active filter/storage,0.7005060076859101
AC + active filter/storage,0.7143233392300946
AC + active filter/storage,0.5997397424031357
AC + active filter/storage,0.9242034952886364
AC + active filter/storage,0.9336190620803239
AC + active filter/storage,0.9698460707635503
AC + active filter/storage,0.362671466220572
AC + active filter/storage,1.2311728876756705
AC + active filter/storage,0.776404183782747
AC + active filter/storage,1.3775943281185266
AC + active filter/storage,0.9227199152950931
AC + active filter/storage,0.9068375243297468
AC + active filter/storage,0.5869285831876966
AC + active filter/storage,1.2002906592893994
AC + active filter/storage,0.6725077343948668
AC + active filter/storage,0.7682564753157429
AC + active filter/storage,0.7711603574222158
AC + active filter/storage,0.9883782712497616
AC + active filter/storage,0.8867762127413595
AC + active filter/storage,1.143362732034286
AC + active filter/storage,0.8650087921119829
AC + active filter/storage,0.7351128141196562
AC + active filter/storage,0.7376860661049287
AC + active filter/storage,1.015340019511098
AC + active filter/storage,0.5174766576108883
AC + active filter/storage,1.0793667671229499
AC + active filter/storage,1.2334369975415345
AC + active filter/storage,0.6143219441449588
AC + active filter/storage,1.1998691535038832
AC + active filter/storage,0.47829434287261374
AC + active filter/storage,0.5927733757464337
AC + active filter/storage,0.5499980453267919
AC + active filter/storage,1.0384048852365149
AC + active filter/storage,1.0690180870191794
AC + active filter/storage,0.5409951735923638
AC + active filter/storage,1.1685664258101225
AC + active filter/storage,0.896082401482499
AC + active filter/storage,1.071110176027524
AC + active filter/storage,0.8107428610197459
AC + active filter/storage,1.6759111915769038
AC + active filter/storage,0.6607006397619608
AC + active filter/storage,1.2070097978575813
AC + active filter/storage,0.5013039431758086
AC + active filter/storage,0.6623384706193038
AC + active filter/storage,0.884474348026948
AC + active filter/storage,1.2915039651119211
AC + active filter/storage,1.151969204201682
AC + active filter/storage,1.6704096801653012
AC + active filter/storage,0.45716485344273244
AC + active filter/storage,0.7470272050619995
AC + active filter/storage,0.7473301092559248
AC + active filter/storage,1.5326276092508104
AC + active filter/storage,1.0000314199829246
AC + active filter/storage,0.881936718534174
AC + active filter/storage,0.6845827573114845
AC + active filter/storage,0.6936311860843349
AC + active filter/storage,0.6758783742190867
AC + active filter/storage,1.459405711909354
AC + active filter/storage,1.467791706024972
AC + active filter/storage,0.8261608003326204
AC + active filter/storage,1.2338430345837346
AC + active filter/storage,0.8482212603541711
AC + active filter/storage,1.0647383085646032
AC + active filter/storage,0.6038703640185961
AC + active filter/storage,1.0191607654007615
AC + active filter/storage,1.260543501073288
AC + active filter/storage,1.1070558927005205
AC + active filter/storage,0.8250004121169597
AC + active filter/storage,1.6713541255837576
AC + active filter/storage,0.6173856699514476
AC + active filter/storage,1.187931504898183
AC + active filter/storage,2.2061177065473725
AC + active filter/storage,1.0378158318535986
AC + active filter/storage,0.9334577154449298
AC + active filter/storage,1.3771034786113896
AC + active filter/storage,0.7535246251896601
AC + active filter/storage,0.39240812136978365
AC + active filter/storage,0.9162476589683233
AC + active filter/storage,1.173899349721538
AC + active filter/storage,0.5778696731944521
AC + active filter/storage,1.3733162118903153
AC + active filter/storage,1.0518861288954497
AC + active filter/storage,0.7645131019820822
AC + active filter/storage,1.2174832265017783
AC + active filter/storage,1.063949936636058
AC + active filter/storage,0.7685447493101623
AC + active filter/storage,1.0881639113282415
AC + active filter/storage,1.2108022797970175
AC + active filter/storage,0.7837984768268609
AC + active filter/storage,0.6452278503289034
AC + active filter/storage,1.1027875006097974
AC + active filter/storage,1.4225981104814456
AC + active filter/storage,0.6103234002761957
AC + active filter/storage,1.2831757192132716
AC + active filter/storage,0.5338503633261816
AC + active filter/storage,0.8946488871026181
AC + active filter/storage,1.4783189480599617
AC + active filter/storage,0.8658470360356366
AC + active filter/storage,1.088440892291691
AC + active filter/storage,1.040194628079623
AC + active filter/storage,0.9973655428982285
AC + active filter/storage,1.8188827414056858
AC + active filter/storage,1.9567439874136923
AC + active filter/storage,1.069929904077075
AC + active filter/storage,1.006258604576837
AC + active filter/storage,0.8992672631994075
AC + active filter/storage,1.0379911646390507
AC + active filter/storage,0.9708322210437751
AC + active filter/storage,0.7756260329660766
AC + active filter/storage,0.9361485329664667
AC + active filter/storage,0.5858427313934522
AC + active filter/storage,0.7674676500609946
AC + active filter/storage,0.2981384785917611
AC + active filter/storage,0.5862500462556494
AC + active filter/storage,0.5678779163182215
AC + active filter/storage,0.7482623029727999
AC + active filter/storage,0.9763511870044567
AC + active filter/storage,1.1718934176342362
AC + active filter/storage,0.7548141849963788
AC + active filter/storage,0.47472001246411677
AC + active filter/storage,0.8843535628792746
AC + active filter/storage,1.6489093164649495
AC + active filter/storage,0.8981934181079156
AC + active filter/storage,1.849950070520717
AC + active filter/storage,1.033892993982084
AC + active filter/storage,1.7440263697560778
AC + active filter/storage,1.2859879154795506
AC + active filter/storage,1.1915727347794225
AC + active filter/storage,1.4091121355003489
AC + active filter/storage,1.0983650483410587
AC + active filter/storage,0.9224247411171027
AC + active filter/storage,0.7901829718929321
AC + active filter/storage,1.1198121997909387
AC + active filter/storage,1.1180155178060263
AC + active filter/storage,1.3403981067778157
AC + active filter/storage,0.8690131469536225
AC + active filter/storage,1.0516748547243029
AC + active filter/storage,0.6198057930917827
AC + active filter/storage,0.6950156314708746
AC + active filter/storage,0.4862842086920855
AC + active filter/storage,1.314804141028373
AC + active filter/storage,0.5676076515092401
AC + active filter/storage,0.6941238432824087
AC + active filter/storage,1.1870101123145536
AC + active filter/storage,0.6551652350052953
AC + active filter/storage,0.7805499541623775
AC + active filter/storage,1.157282811535455
AC + active filter/storage,0.5400994167717164
AC + active filter/storage,1.4164819145698124
AC + active filter/storage,0.827186761281582
AC + active filter/storage,0.9675937047349432
AC + active filter/storage,0.860421915051812
AC + active filter/storage,0.5459252478647356
AC + active filter/storage,0.8723448789914741
AC + active filter/storage,0.8212174676657074
AC + active filter/storage,0.7423000817996313
AC + active filter/storage,0.7823946771570323
AC + active filter/storage,0.6841917302696411
AC + active filter/storage,1.0626914083998071
AC + active filter/storage,0.9842283382713644
AC + active filter/storage,1.1177775554698257
AC + active filter/storage,1.1891010473305357
AC + active filter/storage,0.9259346031321362
AC + active filter/storage,0.708193767772562
AC + active filter/storage,1.6925465223952416
AC + active filter/storage,1.1926374622834526
AC + active filter/storage,0.8653189036281502
AC + active filter/storage,1.0827906156614315
AC + active filter/storage,1.1391641892471427
AC + active filter/storage,1.4333271250208555
AC + active filter/storage,0.6506980013167725
AC + active filter/storage,1.5302625977075337
AC + active filter/storage,2.1475952454050202
AC + active filter/storage,0.7708081904097813
AC + active filter/storage,0.9037030099246982
AC + active filter/storage,0.5054784980253499
AC + active filter/storage,0.7715172131455591
AC + active filter/storage,1.3231607144995652
AC + active filter/storage,0.3940679903020931
AC + active filter/storage,0.9813379531696488
AC + active filter/storage,1.0194732244092435
AC + active filter/storage,1.081106329567738
AC + active filter/storage,0.7686158427447486
AC + active filter/storage,1.246803625413821
AC + active filter/storage,1.248631363661665
AC + active filter/storage,1.6794568139879749
AC + active filter/storage,0.9287474629915159
AC + active filter/storage,1.1191185336359717
AC + active filter/storage,0.7468842332344682
AC + active filter/storage,0.7543343743297678
AC + active filter/storage,0.7041857995837684
AC + active filter/storage,1.0626530461381374
AC + active filter/storage,0.48603058816433503
AC + active filter/storage,1.2388132972626371
AC + active filter/storage,0.6149117099215444
AC + active filter/storage,0.6404763210246166
AC + active filter/storage,1.2200441517864464
AC + active filter/storage,0.9358405703961375
AC + active filter/storage,0.7866659197934993
AC + active filter/storage,0.9513756181077796
AC + active filter/storage,0.660679486536165
AC + active filter/storage,0.8413864726940581
AC + active filter/storage,0.875184511055096
AC + active filter/storage,1.773623558885063
AC + active filter/storage,0.8194780030916148
AC + active filter/storage,0.5120784349461034
AC + active filter/storage,0.7136540507951508
AC + active filter/storage,0.9559487684853234
AC + active filter/storage,1.9358475251913416
AC + active filter/storage,0.6902346013190858
AC + active filter/storage,1.0152238642377347
AC + active filter/storage,0.8796392006567822
AC + active filter/storage,1.8348891905724192
AC + active filter/storage,0.8302630488207773
AC + active filter/storage,0.9157102700249498
AC + active filter/storage,0.9453600927993081
AC + active filter/storage,0.9206640819101483
AC + active filter/storage,1.032122411465167
AC + active filter/storage,0.7399564554541652
AC + active filter/storage,0.6799664475199527
AC + active filter/storage,0.8041704713207378
AC + active filter/storage,1.6064745071226483
AC + active filter/storage,0.9069259976429646
AC + active filter/storage,0.3776901252840498
AC + active filter/storage,1.4802133345472195
AC + active filter/storage,1.0559798520455357
AC + active filter/storage,0.9966881992697043
AC + active filter/storage,0.9215661567194309
AC + active filter/storage,0.6592310666106627
AC + active filter/storage,1.1146439556687755
AC + active filter/storage,0.7974926439244624
AC + active filter/storage,0.5516680233235693
AC + active filter/storage,0.9920415716977503
AC + active filter/storage,1.1534295530751684
AC + active filter/storage,1.1487677127313427
AC + active filter/storage,1.632056163888397
AC + active filter/storage,1.4066947733441857
AC + active filter/storage,1.307714780059034
AC + active filter/storage,0.973551446349585
AC + active filter/storage,1.0798218498500183
AC + active filter/storage,1.2058098865011562
AC + active filter/storage,1.3999455320863783
AC + active filter/storage,0.48810826533000695
AC + active filter/storage,0.5687681311886241
AC + active filter/storage,0.8541277582713608
AC + active filter/storage,0.9752136130683454
AC + active filter/storage,2.0114378692097485
AC + active filter/storage,0.6970109675653099
AC + active filter/storage,1.1058087784592343
AC + active filter/storage,0.6609258894349952
AC + active filter/storage,0.7157351680487711
AC + active filter/storage,0.9312718493807853
AC + active filter/storage,0.9336603749252117
AC + active filter/storage,0.8450313491969976
AC + active filter/storage,0.4097985691680455
AC + active filter/storage,1.6297276727596826
AC + active filter/storage,0.6558635214693084
AC + active filter/storage,0.7397314963713748
AC + active filter/storage,1.079033254633719
AC + active filter/storage,0.9136070099120375
AC + active filter/storage,0.8970936719954602
AC + active filter/storage,0.689300259682608
AC + active filter/storage,0.6843556900027971
AC + active filter/storage,0.9301249502482978
AC + active filter/storage,0.5348096316857041
AC + active filter/storage,1.1216705537353227
AC + active filter/storage,0.7053132999054426
AC + active filter/storage,1.237209972100645
AC + active filter/storage,1.5397137276860098
AC + active filter/storage,0.7690632728520839
AC + active filter/storage,0.5428629615984137
AC + active filter/storage,0.9527308140812983
AC + active filter/storage,0.8578133062442177
AC + active filter/storage,1.0969849396452038
AC + active filter/storage,1.0656062766768921
AC + active filter/storage,1.348197283552769
AC + active filter/storage,0.5311554589656013
AC + active filter/storage,1.0381080638500868
AC + active filter/storage,0.704436383684992
AC + active filter/storage,0.6924368341414783
AC + active filter/storage,0.9126916323379465
AC + active filter/storage,0.8546447138464399
AC + active filter/storage,0.8698891401875939
AC + active filter/storage,0.5265179352679279
AC + active filter/storage,0.7897907672732556
AC + active filter/storage,0.7265748868867115
AC + active filter/storage,1.662815819046246
AC + active filter/storage,1.5016006808540778
AC + active filter/storage,0.8399990337876315
AC + active filter/storage,0.5057989056480084
AC + active filter/storage,1.088204816909706
AC + active filter/storage,1.6356398792090039
AC + active filter/storage,1.2226199623223613
AC + active filter/storage,1.4732248367536211
AC + active filter/storage,0.6909855578300602
AC + active filter/storage,1.025552701166018
AC + active filter/storage,0.7951470223203649
AC + active filter/storage,0.7328944280622423
AC + active filter/storage,1.4842062514513494
AC + active filter/storage,0.9452618771787691
AC + active filter/storage,1.7438440374944892
AC + active filter/storage,1.2079474443404252
AC + active filter/storage,0.7595319583329391
AC + active filter/storage,0.5876115516571798
AC + active filter/storage,0.6818239425459884
AC + active filter/storage,1.0951888500406066
AC + active filter/storage,1.783081123611856
AC + active filter/storage,0.664737834961776
AC + active filter/storage,1.3701787152857012
AC + active filter/storage,1.1700473235548001
AC + active filter/storage,1.0263220546261194
AC + active filter/storage,0.9798823068129898
AC + active filter/storage,0.6369537130856548
AC + active filter/storage,0.7402403558829792
AC + active filter/storage,1.2500773757158865
AC + active filter/storage,0.6342744037637356
AC + active filter/storage,1.948602245404803
AC + active filter/storage,1.1029187668094196
AC + active filter/storage,0.9544093863796335
AC + active filter/storage,0.6011738562630936
AC + active filter/storage,1.4533471397833275
AC + active filter/storage,1.6155686198849997
AC + active filter/storage,1.0191820942298955
AC + active filter/storage,0.4720862370670058
AC + active filter/storage,0.7483240250058959
AC + active filter/storage,1.2800780714500892
AC + active filter/storage,0.9293093561724756
AC + active filter/storage,1.5416323734594752
AC + active filter/storage,1.1191085275589503
AC + active filter/storage,0.4927979839002892
AC + active filter/storage,0.6958342660421104
AC + active filter/storage,0.9899003648905828
AC + active filter/storage,0.7827006422946715
AC + active filter/storage,0.9872709336765841
AC + active filter/storage,0.8007664132407737
AC + active filter/storage,1.1691368005940437
AC + active filter/storage,1.5735070656504015
AC + active filter/storage,0.8845587479576476
AC + active filter/storage,0.7268383735513738
AC + active filter/storage,0.806618555311881
AC + active filter/storage,1.082584783931315
AC + active filter/storage,1.062458081484252
AC + active filter/storage,0.7838276742854021
AC + active filter/storage,1.6794061757646253
AC + active filter/storage,1.3301604440857098
AC + active filter/storage,1.3316987875720532
AC + active filter/storage,0.607851791980764
AC + active filter/storage,1.017471287740953
AC + active filter/storage,1.1292253186773684
AC + active filter/storage,0.9171252271659207
AC + active filter/storage,0.7923076597521259
AC + active filter/storage,0.9246374198811658
AC + active filter/storage,0.9808760711020483
AC + active filter/storage,0.9609210966649118
AC + active filter/storage,1.1662709533342166
AC + active filter/storage,0.6127901180949292
AC + active filter/storage,0.971801684601531
AC + active filter/storage,1.1471837351676644
AC + active filter/storage,1.2258872479657312
AC + active filter/storage,0.7067032170769143
AC + active filter/storage,1.3066058472134796
AC + active filter/storage,1.0568170883418009
AC + active filter/storage,1.8616705812132115
AC + active filter/storage,0.4283792121170904
AC + active filter/storage,1.4405514307843097
AC + active filter/storage,0.8516798172710784
AC + active filter/storage,0.8049292655167004
AC + active filter/storage,1.5533776426093036
AC + active filter/storage,0.5858303778772861
AC + active filter/storage,0.8098098301405245
AC + active filter/storage,0.7970016522372344
AC + active filter/storage,1.13004305717077
AC + active filter/storage,1.3170092510193614
AC + active filter/storage,0.7801682879377885
AC + active filter/storage,1.2973078077935534
AC + active filter/storage,1.1373584998090163
AC + active filter/storage,1.1313178493609612
AC + active filter/storage,0.9284254198886596
AC + active filter/storage,0.9110570468236167
AC + active filter/storage,1.1617710033388167
AC + active filter/storage,0.9025844242173894
AC + active filter/storage,0.6279453399021179
AC + active filter/storage,0.5246017911050402
AC + active filter/storage,0.611190227736929
AC + active filter/storage,1.658494846317508
AC + active filter/storage,1.6281042033940079
AC + active filter/storage,0.9589141080430774
AC + active filter/storage,0.5447028110632961
AC + active filter/storage,0.9464820975556271
AC + active filter/storage,1.1601225537498099
AC + active filter/storage,1.3768831223810636
AC + active filter/storage,1.1583230199581425
AC + active filter/storage,0.88663999953731
AC + active filter/storage,0.47459277423506924
AC + active filter/storage,1.302301000852622
AC + active filter/storage,0.7685160100588468
AC + active filter/storage,0.9546854859351717
AC + active filter/storage,0.5589351305400958
AC + active filter/storage,1.8350968971257842
AC + active filter/storage,1.6300905508629226
AC + active filter/storage,1.3619353606230424
AC + active filter/storage,0.8708853608671349
AC + active filter/storage,1.4684552041236434
AC + active filter/storage,0.9853096415560478
AC + active filter/storage,1.0106230634624012
AC + active filter/storage,1.7544391121084353
AC + active filter/storage,1.2130862933081936
AC + active filter/storage,0.7425915373809312
AC + active filter/storage,0.4745698188006287
AC + active filter/storage,1.0333288624787034
AC + active filter/storage,0.5270016080239003
AC + active filter/storage,1.6655550612091827
AC + active filter/storage,0.8084732580934809
AC + active filter/storage,0.4722879042033721
AC + active filter/storage,0.68337721641403
AC + active filter/storage,1.4000391761300144
AC + active filter/storage,0.563536588582065
AC + active filter/storage,1.7091135924027545
AC + active filter/storage,0.8077722412401308
AC + active filter/storage,0.6724586836264013
AC + active filter/storage,0.6986568162515256
AC + active filter/storage,0.5904135796491323
AC + active filter/storage,1.0029724284607267
AC + active filter/storage,0.5886085252990129
AC + active filter/storage,1.3230704152099273
AC + active filter/storage,0.655262182954275
AC + active filter/storage,0.9491325087216952
AC + active filter/storage,1.4077398217742345
AC + active filter/storage,1.2468149476187917
AC + active filter/storage,0.6605909267636456
AC + active filter/storage,1.4146160520335544
AC + active filter/storage,1.7670417320920706
AC + active filter/storage,0.7793487330589705
AC + active filter/storage,0.49201242552882835
AC + active filter/storage,1.6285420507667585
AC + active filter/storage,1.0855120508684557
AC + active filter/storage,1.1688022387173937
AC + active filter/storage,0.8787732135496973
AC + active filter/storage,0.7573756600796677
AC + active filter/storage,1.2630815321314515
AC + active filter/storage,0.9396548890022459
AC + active filter/storage,0.5597059827470129
AC + active filter/storage,1.1050080693280944
AC + active filter/storage,0.5738407987962862
AC + active filter/storage,0.7692800192670287
AC + active filter/storage,1.276267800945476
AC + active filter/storage,0.9902707648285796
AC + active filter/storage,0.7855309120576668
AC + active filter/storage,0.9075614259950788
AC + active filter/storage,0.5766555917407674
AC + active filter/storage,0.7978628336437501
AC + active filter/storage,0.6997899692782897
AC + active filter/storage,1.1309262615424287
AC + active filter/storage,1.5966833834513319
AC + active filter/storage,1.1711816531765047
AC + active filter/storage,0.8078096838438419
AC + active filter/storage,0.7809563582304251
AC + active filter/storage,0.4519923618527053
AC + active filter/storage,1.5248536733708895
AC + active filter/storage,2.19275792284733
AC + active filter/storage,0.5200444677818193
AC + active filter/storage,1.3594292451022554
AC + active filter/storage,1.5655677562000867
AC + active filter/storage,0.5995676676246595
AC + active filter/storage,0.7835764842071616
AC + active filter/storage,0.8686214289226634
AC + active filter/storage,0.5372101791614745
AC + active filter/storage,0.6728370269824585
AC + active filter/storage,0.5723302798938769
AC + active filter/storage,0.8046128213748547
AC + active filter/storage,1.0489047291222817
AC + active filter/storage,1.0288162467919573
AC + active filter/storage,1.1827311380279528
AC + active filter/storage,0.7068098132699776
AC + active filter/storage,1.0514874525870723
AC + active filter/storage,0.8826305731169953
AC + active filter/storage,0.788371273721746
AC + active filter/storage,1.26782098420707
AC + active filter/storage,1.0964996560388824
AC + active filter/storage,0.7804531882865419
AC + active filter/storage,0.44544890273831966
AC + active filter/storage,0.9888000174895591
AC + active filter/storage,1.3720526352307738
AC + active filter/storage,0.673210475548032
AC + active filter/storage,0.8621169293198543
AC + active filter/storage,1.124104953596451
AC + active filter/storage,0.7152765571191708
AC + active filter/storage,0.6243305374373482
AC + active filter/storage,0.5063029811959397
AC + active filter/storage,0.9621295421631157
AC + active filter/storage,1.030031443951056
AC + active filter/storage,1.1480871066638094
AC + active filter/storage,0.6786749082241244
AC + active filter/storage,0.40336393078089877
AC + active filter/storage,1.3633016866933774
AC + active filter/storage,1.0517449219461432
AC + active filter/storage,0.6436512208449765
AC + active filter/storage,0.9863399088520762
AC + active filter/storage,0.7339799622134167
AC + active filter/storage,1.142080153205193
AC + active filter/storage,0.9745190393406964
AC + active filter/storage,1.0574684016382088
AC + active filter/storage,0.6711193682976709
AC + active filter/storage,0.8178599115692751
AC + active filter/storage,0.6502348187252227
AC + active filter/storage,0.7155671228106802
AC + active filter/storage,0.6475254982222929
AC + active filter/storage,1.6259016248084548
AC + active filter/storage,0.4901915422793887
AC + active filter/storage,0.7665752910125379
AC + active filter/storage,0.6469923707381154
AC + active filter/storage,1.3743579755355462
AC + active filter/storage,1.0101820477757726
AC + active filter/storage,1.6074738110974933
AC + active filter/storage,1.2119037836893767
AC + active filter/storage,1.3317618724475917
AC + active filter/storage,0.5563969392132241
AC + active filter/storage,1.0680927105503615
AC + active filter/storage,1.1755770374703276
AC + active filter/storage,2.444988244652405
AC + active filter/storage,1.2502405693053928
AC + active filter/storage,1.165635604314509
AC + active filter/storage,0.6917436389366768
AC + active filter/storage,0.7651487026201692
AC + active filter/storage,2.2094184957587304
AC + active filter/storage,0.5196953102835494
AC + active filter/storage,0.9017616153565781
AC + active filter/storage,1.0284096032022372
AC + active filter/storage,1.5723502927755213
AC + active filter/storage,0.7788261595088373
AC + active filter/storage,0.7289351824176296
AC + active filter/storage,0.9763947597675785
AC + active filter/storage,1.2000670767248411
AC + active filter/storage,0.6531739983161532
AC + active filter/storage,0.48155241937857585
AC + active filter/storage,0.9836718943714576
AC + active filter/storage,1.1034103573818401
AC + active filter/storage,1.2807455839566615
AC + active filter/storage,1.0073183914870052
AC + active filter/storage,0.7414508423894335
AC + active filter/storage,1.1481800841234413
AC + active filter/storage,0.8276653649436968
AC + active filter/storage,1.076012131674649
AC + active filter/storage,0.7735743995428781
AC + active filter/storage,0.6122134843019043
AC + active filter/storage,1.2313725413085492
AC + active filter/storage,0.9918645369986328
AC + active filter/storage,1.1563527183541233
AC + active filter/storage,1.1333879997846352
AC + active filter/storage,0.790221870325311
AC + active filter/storage,0.7294724583335362
AC + active filter/storage,2.0261295087339626
AC + active filter/storage,0.7609291587141107
AC + active filter/storage,0.9005855943217513
AC + active filter/storage,1.0603197499435781
AC + active filter/storage,0.7843667742423955
AC + active filter/storage,1.226984482782103
AC + active filter/storage,0.6093263669715291
AC + active filter/storage,0.7529241446427203
AC + active filter/storage,0.7142576548980923
AC + active filter/storage,0.8960889889694407
AC + active filter/storage,0.6909242625387052
AC + active filter/storage,1.2536172397027998
AC + active filter/storage,0.9509459010191742
AC + active filter/storage,1.5434371943482614
AC + active filter/storage,0.9795165150110697
AC + active filter/storage,1.6685464778034191
AC + active filter/storage,0.6228783520084824
AC + active filter/storage,0.9691503465816069
AC + active filter/storage,1.4211489422988206
AC + active filter/storage,0.8654771640555018
AC + active filter/storage,1.4079422908696253
AC + active filter/storage,0.9327551363492673
AC + active filter/storage,0.8591650420430864
AC + active filter/storage,0.6734536607283232
AC + active filter/storage,1.3192463581999048
AC + active filter/storage,1.8721243644221213
AC + active filter/storage,0.4797164284885955
AC + active filter/storage,1.3178373753808257
AC + active filter/storage,0.8090425511104812
AC + active filter/storage,1.0990455061261288
AC + active filter/storage,1.6354614852711158
AC + active filter/storage,1.03585874127555
AC + active filter/storage,1.1432085032580468
AC + active filter/storage,0.9883522956019847
AC + active filter/storage,1.6932016046893648
AC + active filter/storage,0.9862633795517971
AC + active filter/storage,0.763706956151285
AC + active filter/storage,0.9704127650627731
AC + active filter/storage,0.9486480700404981
AC + active filter/storage,0.8716054551100272
AC + active filter/storage,1.0541307208977926
AC + active filter/storage,1.9737531586248138
AC + active filter/storage,0.49852947961434196
AC + active filter/storage,0.8336708140074371
AC + active filter/storage,2.422362375902567
AC + active filter/storage,0.650620934763159
AC + active filter/storage,0.5804504566890664
AC + active filter/storage,1.043319303790357
AC + active filter/storage,1.0050566458062962
AC + active filter/storage,0.7655374029237441
AC + active filter/storage,0.7836193837513961
AC + active filter/storage,0.5861780028059665
AC + active filter/storage,0.6068605956058986
AC + active filter/storage,1.914804126486148
AC + active filter/storage,1.001911441382594
AC + active filter/storage,0.7776185965236728
AC + active filter/storage,1.3100221996224561
AC + active filter/storage,1.5299968018553225
AC + active filter/storage,0.7055749158118583
AC + active filter/storage,0.6585918360830038
AC + active filter/storage,0.8939511382655579
AC + active filter/storage,0.7029781830753628
AC + active filter/storage,0.5328207699028309
AC + active filter/storage,1.6206027620857433
AC + active filter/storage,0.8964151299026721
AC + active filter/storage,1.2069181572777943
AC + active filter/storage,1.0648129622140787
AC + active filter/storage,0.9646171634466192
AC + active filter/storage,0.7602807333525629
AC + active filter/storage,0.5164073107289595
AC + active filter/storage,2.0475220129346776
AC + active filter/storage,1.3839635286501522
AC + active filter/storage,0.514143433677772
AC + active filter/storage,0.6172407507158026
AC + active filter/storage,1.1381765953063705
AC + active filter/storage,0.8230729750732693
AC + active filter/storage,0.6736446935325452
AC + active filter/storage,0.6573316262859432
AC + active filter/storage,0.589369414925238
AC + active filter/storage,0.5722383706883517
AC + active filter/storage,0.774011182983449
AC + active filter/storage,1.3923802905640135
AC + active filter/storage,0.9554873967554582
AC + active filter/storage,1.1628207093643024
AC + active filter/storage,0.5625363984769582
AC + active filter/storage,0.6318712478409361
AC + active filter/storage,0.7929323241420159
AC + active filter/storage,1.0625529863388372
AC + active filter/storage,0.9844410289616471
AC + active filter/storage,0.4536646345379709
AC + active filter/storage,1.208582832434935
AC + active filter/storage,0.6526382368962023
AC + active filter/storage,0.8450603027758552
AC + active filter/storage,1.1259394631654955
AC + active filter/storage,0.9242750687165694
AC + active filter/storage,0.9893392338311507
AC + active filter/storage,0.29319597769700284
AC + active filter/storage,1.0530193210044907
AC + active filter/storage,0.9884015328261676
AC + active filter/storage,1.393112463711415
AC + active filter/storage,1.2476445829109755
AC + active filter/storage,1.4719337877119139
AC + active filter/storage,1.1618757595467777
AC + active filter/storage,0.7795503934684519
AC + active filter/storage,0.851972898214488
AC + active filter/storage,0.7819721536192618
AC + active filter/storage,0.614449947350354
AC + active filter/storage,1.1255973175059726
AC + active filter/storage,0.7101865503870048
AC + active filter/storage,0.38578627784129355
AC + active filter/storage,0.37623973624342977
AC + active filter/storage,1.2685016819956878
AC + active filter/storage,0.7683171152516017
AC + active filter/storage,1.4947380348774695
AC + active filter/storage,0.9591502843480103
AC + active filter/storage,0.8135480605944816
AC + active filter/storage,0.6758637623485413
AC + active filter/storage,1.179600064129231
AC + active filter/storage,0.8403802093383519
AC + active filter/storage,1.3731888352439647
AC + active filter/storage,0.5033745965590052
AC + active filter/storage,0.9135868182201913
AC + active filter/storage,0.9605158228464041
AC + active filter/storage,0.6825514182036398
AC + active filter/storage,0.9590541927517472
AC + active filter/storage,0.7750707896080746
AC + active filter/storage,0.7902551928906051
AC + active filter/storage,1.325225314226439
AC + active filter/storage,1.4384870597403832
AC + active filter/storage,0.9958655403406527
AC + active filter/storage,0.9252900870481462
AC + active filter/storage,0.6453872392477269
AC + active filter/storage,1.590198902077939
AC + active filter/storage,0.43324506477089303
AC + active filter/storage,1.7194377139941759
AC + active filter/storage,0.7445816974677091
AC + active filter/storage,0.810761933936207
AC + active filter/storage,0.6150441893850627
AC + active filter/storage,0.726204312409463
AC + active filter/storage,0.814728595421476
AC + active filter/storage,1.8801508743012878
AC + active filter/storage,0.902821592175408
AC + active filter/storage,2.437623693518009
AC + active filter/storage,0.6192323089175876
AC + active filter/storage,0.9511112259643973
AC + active filter/storage,0.8892525899234318
AC + active filter/storage,0.8980891418676934
AC + active filter/storage,0.8643188214359292
AC + active filter/storage,0.7807437730347849
AC + active filter/storage,1.8094471326791073
AC + active filter/storage,0.5393192739539096
AC + active filter/storage,0.7728261008288628
AC + active filter/storage,0.806336162980431
AC + active filter/storage,0.6792204107456364
AC + active filter/storage,1.4725112905881728
AC + active filter/storage,0.7881140626469114
AC + active filter/storage,0.7120205458416058
AC + active filter/storage,0.9409669445206521
AC + active filter/storage,0.6746050027044831
AC + active filter/storage,1.6228216994322133
AC + active filter/storage,0.8677992880319885
AC + active filter/storage,0.3535821337281506
AC + active filter/storage,0.8598969224957922
AC + active filter/storage,1.528471228197195
AC + active filter/storage,0.6228947112335924
AC + active filter/storage,0.8598177777304777
AC + active filter/storage,0.9309789197960461
AC + active filter/storage,1.3819469254320682
AC + active filter/storage,1.6742994072235513
AC + active filter/storage,0.8248815287670914
AC + active filter/storage,1.363725813167723
AC + active filter/storage,0.8870923281652154
AC + active filter/storage,0.5988201615441651
AC + active filter/storage,1.0400492667703478
AC + active filter/storage,1.8353112599177128
AC + active filter/storage,0.7357112971737333
AC + active filter/storage,0.5520570997871515
AC + active filter/storage,0.636274247065511
AC + active filter/storage,1.0578068875161906
AC + active filter/storage,0.46008281912783117
AC + active filter/storage,0.9122491008754418
AC + active filter/storage,0.6188211746638255
AC + active filter/storage,0.8827402886529125
AC + active filter/storage,1.1224070071727965
AC + active filter/storage,0.4363089467691041
AC + active filter/storage,0.6209192262923291
AC + active filter/storage,2.7491163247707178
AC + active filter/storage,0.5365991591167706
AC + active filter/storage,1.1729383559693933
AC + active filter/storage,0.964991396431575
AC + active filter/storage,1.1588316578055693
AC + active filter/storage,1.7282517234798234
AC + active filter/storage,1.1404608641338887
AC + active filter/storage,1.2360282206955846
AC + active filter/storage,1.392570468624184
AC + active filter/storage,1.2819809955580288
AC + active filter/storage,0.5418610873078828
AC + active filter/storage,0.482300277637402
AC + active filter/storage,0.6899574012776621
AC + active filter/storage,0.6561060892229629
AC + active filter/storage,0.7454005585127742
AC + active filter/storage,0.7901142142417291
AC + active filter/storage,0.8889390059414023
AC + active filter/storage,0.8772149658678663
AC + active filter/storage,1.3931537540359589
AC + active filter/storage,0.8985492771322933
AC + active filter/storage,0.9324764727031037
AC + active filter/storage,0.9395726882657138
AC + active filter/storage,1.1258845220311307
AC + active filter/storage,1.3422543374752536
AC + active filter/storage,0.5536475906051247
AC + active filter/storage,1.1600114787651927
AC + active filter/storage,0.9844732614987843
AC + active filter/storage,1.4207761313400131
AC + active filter/storage,0.7166048458128216
AC + active filter/storage,0.6164958598392606
AC + active filter/storage,0.6214052951270844
AC + active filter/storage,0.969401252919135
AC + active filter/storage,0.9191763717997197
AC + active filter/storage,1.0311514218332032
AC + active filter/storage,1.3929647934905276
AC + active filter/storage,0.7643958946134644
AC + active filter/storage,0.6492145885644269
AC + active filter/storage,0.9909652627852126
AC + active filter/storage,1.3073358453381507
AC + active filter/storage,1.6874840420485089
AC + active filter/storage,0.8628077460963111
AC + active filter/storage,0.5454800903752963
AC + active filter/storage,1.1940490071009808
AC + active filter/storage,1.3347703582428718
AC + active filter/storage,1.8653501059403423
AC + active filter/storage,1.3470378730547967
AC + active filter/storage,0.5518814969104796
AC + active filter/storage,0.8397957225372872
AC + active filter/storage,0.633912438417901
AC + active filter/storage,1.6767752486458882
AC + active filter/storage,0.6359501506500485
AC + active filter/storage,0.732044547268413
AC + active filter/storage,1.03298312032188
AC + active filter/storage,1.469549787142163
AC + active filter/storage,0.8550629134583089
AC + active filter/storage,0.851756652968083
AC + active filter/storage,1.595230976728368
AC + active filter/storage,1.2505469721049836
AC + active filter/storage,0.5283676823572839
AC + active filter/storage,0.9470454311717162
AC + active filter/storage,0.6116673180740386
AC + active filter/storage,0.9218415034596347
AC + active filter/storage,0.53090691441823
AC + active filter/storage,1.3051441949953313
AC + active filter/storage,0.7937443013877127
AC + active filter/storage,1.1368705275203457
AC + active filter/storage,0.5767767994101902
AC + active filter/storage,0.7745300120948297
AC + active filter/storage,0.780723113333986
AC + active filter/storage,0.4764791201367958
AC + active filter/storage,0.9735372645983158
AC + active filter/storage,0.5920664581941004
AC + active filter/storage,1.045853761695016
AC + active filter/storage,0.9890715446184589
AC + active filter/storage,1.1237538976904982
AC + active filter/storage,1.057823048836399
AC + active filter/storage,0.9963542292224
AC + active filter/storage,0.6134972574930863
AC + active filter/storage,1.031205597605481
AC + active filter/storage,0.9715439202558159
AC + active filter/storage,1.4088756469899377
AC + active filter/storage,0.488472591022126
AC + active filter/storage,0.8181058701934256
AC + active filter/storage,0.40139664147892173
AC + active filter/storage,1.037568656036509
AC + active filter/storage,0.7601039239864872
AC + active filter/storage,0.8270232201843845
AC + active filter/storage,1.6794571254455466
AC + active filter/storage,0.375776820678559
AC + active filter/storage,1.030008712918286
AC + active filter/storage,1.4461600109878427
AC + active filter/storage,0.5138153382596614
AC + active filter/storage,0.7075206800726965
AC + active filter/storage,0.3860048975109553
AC + active filter/storage,0.8419256054373736
AC + active filter/storage,0.6242924672367133
AC + active filter/storage,0.8039174290089882
AC + active filter/storage,1.1763625890348735
AC + active filter/storage,0.7790471835514261
AC + active filter/storage,0.8408352128797382
AC + active filter/storage,0.7802880569603406
AC + active filter/storage,0.8826892456642622
AC + active filter/storage,0.9022110809444482
AC + active filter/storage,1.0341993778226255
AC + active filter/storage,0.45756276792284745
AC + active filter/storage,0.9297836969561335
AC + active filter/storage,1.1846457126011796
AC + active filter/storage,0.734558109669308
AC + active filter/storage,0.8268563069303033
AC + active filter/storage,0.8707962450627771
AC + active filter/storage,1.1119624855877615
AC + active filter/storage,1.1933187860750087
AC + active filter/storage,1.8866981447692637
AC + active filter/storage,1.0402342277419558
AC + active filter/storage,0.5357008760499495
AC + active filter/storage,0.833540414321888
AC + active filter/storage,0.7801673786367278
AC + active filter/storage,0.8668714567156083
AC + active filter/storage,0.7227386571164217
AC + active filter/storage,2.0174180431959408
AC + active filter/storage,0.7556564441460151
AC + active filter/storage,1.0200725528499164
AC + active filter/storage,1.0825886333308825
AC + active filter/storage,0.5104568611143311
AC + active filter/storage,1.022863155784791
AC + active filter/storage,0.8033704949824712
AC + active filter/storage,0.9984891227560528
AC + active filter/storage,1.2634554706565462
AC + active filter/storage,1.859606958337002
AC + active filter/storage,0.8921077116214637
AC + active filter/storage,1.3937718351741522
AC + active filter/storage,0.6832353321591403
AC + active filter/storage,0.7755750780866728
AC + active filter/storage,0.9187238617048085
AC + active filter/storage,0.729743922516541
AC + active filter/storage,1.8388904637725363
AC + active filter/storage,0.7862870776358882
AC + active filter/storage,0.6204418000753283
AC + active filter/storage,1.1621779515682984
AC + active filter/storage,1.2888522445595418
AC + active filter/storage,1.445411553199167
AC + active filter/storage,0.930319718347584
AC + active filter/storage,0.8577556083233581
AC + active filter/storage,0.6492867574430896
AC + active filter/storage,1.1676965229039733
AC + active filter/storage,0.7216344503137911
AC + active filter/storage,0.5951255698707313
AC + active filter/storage,1.5971827164349042
AC + active filter/storage,0.9027456367109408
AC + active filter/storage,1.09011026510974
AC + active filter/storage,0.9356293621613726
AC + active filter/storage,1.3847667168210793
AC + active filter/storage,1.0408552909303144
AC + active filter/storage,1.0131848362217755
AC + active filter/storage,0.4833494477643327
AC + active filter/storage,0.6882483121754592
AC + active filter/storage,0.9951981789989921
AC + active filter/storage,0.9477008309524979
AC + active filter/storage,0.9173731341009778
AC + active filter/storage,1.2795718415258095
AC + active filter/storage,0.805970181546616
AC + active filter/storage,0.9591741316999095
AC + active filter/storage,0.8026995888079241
AC + active filter/storage,1.3621712353651263
AC + active filter/storage,0.6938451441905672
AC + active filter/storage,1.1037850901409143
AC + active filter/storage,0.6560896962772327
AC + active filter/storage,0.9000207742123632
AC + active filter/storage,0.9567466536256704
AC + active filter/storage,0.4690460352512138
AC + active filter/storage,1.2495789734484064
AC + active filter/storage,1.1378570012212346
AC + active filter/storage,0.9786989284295662
AC + active filter/storage,1.9066222109666355
AC + active filter/storage,0.9626218916070188
AC + active filter/storage,0.779720943703337
AC + active filter/storage,0.5926612124234191
AC + active filter/storage,1.5784052622498426
AC + active filter/storage,0.9581862926258594
AC + active filter/storage,1.7617709852139167
AC + active filter/storage,0.9077331659942126
AC + active filter/storage,1.1457415812280967
AC + active filter/storage,1.3821366335508116
AC + active filter/storage,1.0759686876722507
AC + active filter/storage,1.5659326996467748
AC + active filter/storage,1.9617971606615867
AC + active filter/storage,0.6181424168320719
AC + active filter/storage,0.9036155777168711
AC + active filter/storage,1.1003270230169986
AC + active filter/storage,1.7279527694515835
AC + active filter/storage,1.1044174919657315
AC + active filter/storage,0.8273458801977897
AC + active filter/storage,1.0976985642519674
AC + active filter/storage,0.9095197277034301
AC + active filter/storage,1.3988553061015354
AC + active filter/storage,0.6692887822043906
AC + active filter/storage,1.293783663623985
AC + active filter/storage,1.5007812475703575
AC + active filter/storage,0.7062618437279415
AC + active filter/storage,0.7996373251467643
AC + active filter/storage,1.2409591400571385
AC + active filter/storage,0.5675727251532313
AC + active filter/storage,0.6500688384024872
AC + active filter/storage,0.4676858128017885
AC + active filter/storage,1.034817082067991
AC + active filter/storage,0.6428436021979181
AC + active filter/storage,1.0525198452378366
AC + active filter/storage,0.8478674351443396
AC + active filter/storage,1.149550785411499
AC + active filter/storage,1.022354846097117
AC + active filter/storage,0.9821364819705731
AC + active filter/storage,0.7176656542555737
AC + active filter/storage,0.6483750384037198
AC + active filter/storage,0.49271167057402804
AC + active filter/storage,0.6329398227009317
AC + active filter/storage,0.8500828366303078
AC + active filter/storage,0.9191884091473074
AC + active filter/storage,0.6906414565353391
AC + active filter/storage,1.1163170359541916
AC + active filter/storage,0.5840239304608736
AC + active filter/storage,0.5663044557707424
AC + active filter/storage,0.7027430838521076
AC + active filter/storage,1.0779761553971186
AC + active filter/storage,1.2532147373759117
AC + active filter/storage,2.0072753808385264
AC + active filter/storage,1.1378628839582847
AC + active filter/storage,1.0017698050224557
AC + active filter/storage,0.9381316038099645
AC + active filter/storage,0.9700446304399148
AC + active filter/storage,1.8438758831810438
AC + active filter/storage,0.8188739329120465
AC + active filter/storage,0.6173448261440517
AC + active filter/storage,1.0504284336025898
AC + active filter/storage,0.8759041369382092
AC + active filter/storage,1.2053127907069132
AC + active filter/storage,0.6460720664381941
AC + active filter/storage,1.0094604713379276
AC + active filter/storage,1.3470583111066843
AC + active filter/storage,0.7383985817544492
AC + active filter/storage,0.974173005584194
AC + active filter/storage,0.6782349482047191
AC + active filter/storage,1.4860101396751895
AC + active filter/storage,0.5703566530320706
AC + active filter/storage,1.09720715610517
AC + active filter/storage,0.5675863056291859
AC + active filter/storage,1.1518579310134043
AC + active filter/storage,0.8685748491483175
AC + active filter/storage,0.6549876083241329
AC + active filter/storage,0.837724739748877
AC + active filter/storage,0.5453646979490846
AC + active filter/storage,0.8541034026744875
AC + active filter/storage,0.8904976611500612
AC + active filter/storage,1.6812586174388784
AC + active filter/storage,0.8972151299767037
AC + active filter/storage,0.7834312793834316
AC + active filter/storage,0.4915366525945385
AC + active filter/storage,1.1713917161871952
AC + active filter/storage,1.0478486325374723
AC + active filter/storage,1.126416489266963
AC + active filter/storage,1.0438300535543523
AC + active filter/storage,0.8012470493814029
AC + active filter/storage,1.2292018398617803
AC + active filter/storage,0.7478624473815323
AC + active filter/storage,0.5358031441971324
AC + active filter/storage,0.7325521147382036
AC + active filter/storage,0.5951760308200215
AC + active filter/storage,1.083457343591061
AC + active filter/storage,1.6738721110243557
AC + active filter/storage,0.9211926337982613
AC + active filter/storage,0.7813503766985862
AC + active filter/storage,0.9457254610051845
AC + active filter/storage,0.6842396550098715
AC + active filter/storage,0.6048687641225517
AC + active filter/storage,0.7445286241357844
AC + active filter/storage,1.253437715615311
AC + active filter/storage,1.3656484985037065
AC + active filter/storage,0.5672351456406913
AC + active filter/storage,1.162148470667976
AC + active filter/storage,0.5111091208289952
AC + active filter/storage,0.9686990990017386
AC + active filter/storage,0.8719571643800599
AC + active filter/storage,1.0532098909520788
AC + active filter/storage,0.6803365286052634
AC + active filter/storage,0.7338997094888509
AC + active filter/storage,0.7400280624613965
AC + active filter/storage,0.9892915757610969
AC + active filter/storage,0.74191111770118
AC + active filter/storage,0.9784768065274811
AC + active filter/storage,1.3222728580792866
AC + active filter/storage,1.320683789939599
AC + active filter/storage,1.7731944992948765
AC + active filter/storage,0.5075636695763309
AC + active filter/storage,0.7642117388101559
AC + active filter/storage,1.1552118720445885
AC + active filter/storage,1.0772143920700321
AC + active filter/storage,0.8667686921215665
AC + active filter/storage,2.2048334201180597
AC + active filter/storage,0.5747695834278805
AC + active filter/storage,0.6499416261223344
AC + active filter/storage,1.0239597923879369
AC + active filter/storage,0.9673188679037594
AC + active filter/storage,0.7727551395474785
AC + active filter/storage,0.9250716335792262
AC + active filter/storage,0.7758302481177459
AC + active filter/storage,0.8620930482571655
AC + active filter/storage,0.8072205017850757
AC + active filter/storage,1.006008295079747
AC + active filter/storage,0.6712252940010959
AC + active filter/storage,0.7319238560264659
AC + active filter/storage,0.6247879235032944
AC + active filter/storage,1.4697984164889606
AC + active filter/storage,1.3645074948047353
AC + active filter/storage,0.9402916765775279
AC + active filter/storage,1.473345892403249
AC + active filter/storage,0.809866254998089
AC + active filter/storage,0.5295744408071624
AC + active filter/storage,1.7130124920727146
AC + active filter/storage,0.7221436799496364
AC + active filter/storage,0.7362796841048275
AC + active filter/storage,0.8778878812105961
AC + active filter/storage,1.0824477729815967
AC + active filter/storage,0.9958226600341565
AC + active filter/storage,0.8234770123333534
AC + active filter/storage,1.1673247780391567
AC + active filter/storage,1.189701817576886
AC + active filter/storage,0.9956247400106437
AC + active filter/storage,0.5832782966380047
AC + active filter/storage,0.9278614947202205
AC + active filter/storage,0.56897835636674
AC + active filter/storage,1.4463072034832911
AC + active filter/storage,2.7542952388312667
AC + active filter/storage,0.6807481363058112
AC + active filter/storage,0.6296136410355937
AC + active filter/storage,1.32277166560131
AC + active filter/storage,0.90681869740234
AC + active filter/storage,1.2372916459992795
AC + active filter/storage,0.8951349254213121
AC + active filter/storage,1.3967891665642767
AC + active filter/storage,0.6824605067031553
AC + active filter/storage,1.0899306795431443
AC + active filter/storage,1.3858081172843757
AC + active filter/storage,0.6878064236871451
AC + active filter/storage,0.7119662053350788
AC + active filter/storage,0.6005650146685972
AC + active filter/storage,1.2082009146852815
AC + active filter/storage,0.9146481387964899
AC + active filter/storage,0.8018024112197388
AC + active filter/storage,1.3369831693278016
AC + active filter/storage,1.0282578803399676
AC + active filter/storage,1.702263336255618
AC + active filter/storage,0.36965406596902783
AC + active filter/storage,0.49229953840731727
AC + active filter/storage,0.4326373861516295
AC + active filter/storage,1.813613861729158
AC + active filter/storage,1.1682290334484873
AC + active filter/storage,1.8904366830579455
AC + active filter/storage,0.5347428532144358
AC + active filter/storage,0.7395826942713243
AC + active filter/storage,1.0171769074126038
AC + active filter/storage,0.8472450099985297
AC + active filter/storage,0.7435238697952117
AC + active filter/storage,0.7566768970003994
AC + active filter/storage,0.7284518723092863
AC + active filter/storage,1.0975227402569037
AC + active filter/storage,1.1348594992884025
AC + active filter/storage,1.472339065282312
AC + active filter/storage,1.0318299842018026
AC + active filter/storage,1.0790225124123909
AC + active filter/storage,1.0304257437305624
AC + active filter/storage,0.7577478511499023
AC + active filter/storage,1.035402841812381
AC + active filter/storage,0.5524873040929364
AC + active filter/storage,0.858598061002537
AC + active filter/storage,0.8328311879442007
AC + active filter/storage,0.7490227867542573
AC + active filter/storage,2.622451731090716
AC + active filter/storage,1.064772795146793
AC + active filter/storage,1.5680246924592682
AC + active filter/storage,1.1973765095159616
AC + active filter/storage,0.8419245933553341
AC + active filter/storage,1.4937754661344755
AC + active filter/storage,0.6903030368427439
AC + active filter/storage,1.0349366845126782
AC + active filter/storage,0.704325595156181
AC + active filter/storage,1.6194006388999447
AC + active filter/storage,0.8366394106453385
AC + active filter/storage,0.6626403459392434
AC + active filter/storage,0.7211242851744365
AC + active filter/storage,0.69855793992836
AC + active filter/storage,0.8742728240780073
AC + active filter/storage,0.8166918768937933
AC + active filter/storage,0.8633660302192255
AC + active filter/storage,0.8627111777073955
AC + active filter/storage,1.1818852534174136
AC + active filter/storage,0.9073582386355855
AC + active filter/storage,0.8381636528419513
AC + active filter/storage,1.0518872382124667
AC + active filter/storage,0.8645897482385149
AC + active filter/storage,0.6960971131340628
AC + active filter/storage,0.6981720087334413
AC + active filter/storage,0.8379278640796024
AC + active filter/storage,0.7302859155103951
AC + active filter/storage,0.5612222841447316
AC + active filter/storage,0.6923122126372597
AC + active filter/storage,0.7458572252899272
AC + active filter/storage,0.8837198260770917
AC + active filter/storage,0.7629414022160427
AC + active filter/storage,1.0321903644723824
AC + active filter/storage,0.6618865802818024
AC + active filter/storage,0.6804637160954007
AC + active filter/storage,0.6935189599372475
AC + active filter/storage,0.6665246858123849
AC + active filter/storage,1.188855790656695
AC + active filter/storage,0.6954104519651472
AC + active filter/storage,1.110375424206674
AC + active filter/storage,0.8618040682519166
AC + active filter/storage,0.5491074383839526
AC + active filter/storage,1.2063550262084788
AC + active filter/storage,1.581365488412184
AC + active filter/storage,0.98922627266085
AC + active filter/storage,0.7831964771888961
AC + active filter/storage,1.1732696791686434
AC + active filter/storage,0.9791378234842824
AC + active filter/storage,1.534771772231556
AC + active filter/storage,0.7218204996937347
AC + active filter/storage,0.8462399306866222
AC + active filter/storage,1.396640597069576
AC + active filter/storage,0.9983967588755196
AC + active filter/storage,1.0754460378317037
AC + active filter/storage,0.814906499601828
AC + active filter/storage,0.987351417089105
AC + active filter/storage,0.9683320793711272
AC + active filter/storage,0.8150522615386723
AC + active filter/storage,1.5148533265407895
AC + active filter/storage,0.48935374785063424
AC + active filter/storage,1.6207699840016652
AC + active filter/storage,0.42339066239214496
AC + active filter/storage,1.1522880283491272
AC + active filter/storage,1.049776060979416
AC + active filter/storage,0.7143252778081894
AC + active filter/storage,0.9658453653215205
AC + active filter/storage,0.9249502426471653
AC + active filter/storage,1.2585427510291336
AC + active filter/storage,0.42482115871316717
AC + active filter/storage,0.9609743785324518
AC + active filter/storage,0.8901651176460537
AC + active filter/storage,1.283810009569804
AC + active filter/storage,0.713473378294591
AC + active filter/storage,0.6579583667250342
AC + active filter/storage,0.7778362961549595
AC + active filter/storage,0.7386999915647601
AC + active filter/storage,1.2223111216220428
AC + active filter/storage,0.7292121994790614
AC + active filter/storage,1.1577136294844788
AC + active filter/storage,0.7101197808814098
AC + active filter/storage,0.6672447245800379
AC + active filter/storage,0.809557646283829
AC + active filter/storage,1.1570458872490632
AC + active filter/storage,1.0367168046886304
AC + active filter/storage,0.8238995518424123
AC + active filter/storage,0.6606323199649834
AC + active filter/storage,1.0356807455126698
AC + active filter/storage,1.561667386910673
AC + active filter/storage,1.1186723921124717
AC + active filter/storage,1.1658898520462
AC + active filter/storage,1.3208414115171623
AC + active filter/storage,0.8834484159998623
AC + active filter/storage,0.9269624075586319
AC + active filter/storage,0.7262739056466233
AC + active filter/storage,1.0475388739379494
AC + active filter/storage,1.1462141315047645
AC + active filter/storage,1.139988645603089
AC + active filter/storage,1.7042766266107938
AC + active filter/storage,0.5790548949306488
AC + active filter/storage,1.1971702599992489
AC + active filter/storage,0.5086571319878448
AC + active filter/storage,1.4719650233421575
AC + active filter/storage,0.9450125513853009
AC + active filter/storage,0.6093133865199728
AC + active filter/storage,0.8095505099664179
AC + active filter/storage,0.9896753284511285
AC + active filter/storage,1.8032830133384323
AC + active filter/storage,1.722309059494163
AC + active filter/storage,0.5294623602715497
AC + active filter/storage,0.5976506775585688
AC + active filter/storage,0.7006178764511208
AC + active filter/storage,0.45520771439104313
AC + active filter/storage,1.0276365829839937
AC + active filter/storage,1.0898131595958103
AC + active filter/storage,0.9727359652726772
AC + active filter/storage,0.954089187482621
AC + active filter/storage,0.9103862372134478
AC + active filter/storage,0.722848997063148
AC + active filter/storage,1.591812286648826
AC + active filter/storage,0.6830683207143132
AC + active filter/storage,1.4955337845814956
AC + active filter/storage,0.8581880700771252
AC + active filter/storage,0.9160225254420237
AC + active filter/storage,0.9457640341116003
AC + active filter/storage,1.5593749076057601
AC + active filter/storage,2.203048380425419
AC + active filter/storage,0.7466692563047884
AC + active filter/storage,1.1128565088831366
AC + active filter/storage,0.8072544359113474
AC + active filter/storage,0.6034485840892234
AC + active filter/storage,0.5269260707039839
AC + active filter/storage,1.3991941719141454
AC + active filter/storage,1.1751582879882692
AC + active filter/storage,1.1624956055814701
AC + active filter/storage,1.114711214356368
AC + active filter/storage,0.649392984895957
AC + active filter/storage,0.8059943266159434
AC + active filter/storage,1.4070353213030802
AC + active filter/storage,1.5904292246536498
AC + active filter/storage,0.6165437053355198
AC + active filter/storage,0.8126638073971703
AC + active filter/storage,1.190950693773733
AC + active filter/storage,0.6217783865635342
AC + active filter/storage,0.8408217137878968
AC + active filter/storage,0.7109839292397424
AC + active filter/storage,0.6474048190886945
AC + active filter/storage,1.1067287823078864
AC + active filter/storage,2.025374912838221
AC + active filter/storage,1.0561000789870791
AC + active filter/storage,1.013547842674198
AC + active filter/storage,0.6140170101449098
AC + active filter/storage,0.8354207825999163
AC + active filter/storage,0.6591148685629133
AC + active filter/storage,1.1330686358453177
AC + active filter/storage,0.7640157936140087
AC + active filter/storage,0.9631959599801426
AC + active filter/storage,0.7194915657177766
AC + active filter/storage,1.1769265348932414
AC + active filter/storage,0.7387216695683095
AC + active filter/storage,0.6743356962759033
AC + active filter/storage,0.8461187619382494
AC + active filter/storage,0.8585550816464297
AC + active filter/storage,0.9249075708224818
AC + active filter/storage,0.9673701787484525
AC + active filter/storage,0.9582638379932389
AC + active filter/storage,0.7671154493590054
AC + active filter/storage,0.6846750589774945
AC + active filter/storage,1.1061078053125273
AC + active filter/storage,1.1180440018293114
AC + active filter/storage,0.8739455485566685
AC + active filter/storage,0.898261643464512
AC + active filter/storage,1.1883404638416109
AC + active filter/storage,1.573281127230865
AC + active filter/storage,1.0036117877587964
AC + active filter/storage,0.8609419766090604
AC + active filter/storage,1.2487753428283355
AC + active filter/storage,0.7450276809335994
AC + active filter/storage,0.6279786866123914
AC + active filter/storage,0.8597940720110284
AC + active filter/storage,0.8618539741359863
AC + active filter/storage,0.8996741979676882
AC + active filter/storage,1.2408914482259201
AC + active filter/storage,0.5274587938519203
AC + active filter/storage,1.361121190943654
AC + active filter/storage,0.8515059752275427
AC + active filter/storage,0.7403662613084253
AC + active filter/storage,1.0871443292743719
AC + active filter/storage,0.7070915636038118
AC + active filter/storage,1.0609965432699056
AC + active filter/storage,0.8446400912185758
AC + active filter/storage,0.7996550523008914
AC + active filter/storage,0.6474361101086755
AC + active filter/storage,1.2816041586890654
AC + active filter/storage,1.5246280867769064
AC + active filter/storage,1.4300237761245267
AC + active filter/storage,0.5924672021410496
AC + active filter/storage,1.703172238005469
AC + active filter/storage,0.6173747664002105
AC + active filter/storage,0.5195918580992149
AC + active filter/storage,0.518670800256599
AC + active filter/storage,1.4255568141101038
AC + active filter/storage,0.44932251842218146
AC + active filter/storage,0.9420823047870334
AC + active filter/storage,1.0325829466765064
AC + active filter/storage,1.0633224518096749
AC + active filter/storage,0.445078413332818
AC + active filter/storage,0.5435232307951876
AC + active filter/storage,0.7180133033295963
AC + active filter/storage,0.6886575739276977
AC + active filter/storage,1.8605247060097643
AC + active filter/storage,0.8606586961458782
AC + active filter/storage,0.6003106355589276
AC + active filter/storage,1.10254478634709
AC + active filter/storage,0.8328979765886975
AC + active filter/storage,0.7818976280832641
AC + active filter/storage,0.6309304017753491
AC + active filter/storage,1.6886048242507952
AC + active filter/storage,0.6240925981887373
AC + active filter/storage,1.3963823369367254
AC + active filter/storage,1.2687226368490432
AC + active filter/storage,0.8668491957498942
AC + active filter/storage,0.525998640354797
AC + active filter/storage,0.5696613921007445
AC + active filter/storage,0.7631209191766133
AC + active filter/storage,0.7292269646540124
AC + active filter/storage,1.0758119899988665
AC + active filter/storage,0.7372760350509577
AC + active filter/storage,1.4910093847935322
AC + active filter/storage,0.5512505615433643
AC + active filter/storage,1.5703333847714342
AC + active filter/storage,0.9007430199678722
AC + active filter/storage,0.9107774975735781
AC + active filter/storage,1.0929839824990863
AC + active filter/storage,1.0721842920196647
AC + active filter/storage,0.8847208489988347
AC + active filter/storage,1.0063596051143842
AC + active filter/storage,0.8410885411665062
AC + active filter/storage,0.6416323231265094
AC + active filter/storage,0.8119416170323208
AC + active filter/storage,1.420141210564515
AC + active filter/storage,1.5172312147051468
AC + active filter/storage,0.7867668673061238
AC + active filter/storage,0.7862677124834234
AC + active filter/storage,1.6092479937548574
AC + active filter/storage,1.1460670237774424
AC + active filter/storage,0.6636314072081831
AC + active filter/storage,1.4581279528842066
AC + active filter/storage,0.8571655315594714
AC + active filter/storage,1.5558081379079616
AC + active filter/storage,1.6781759338816356
AC + active filter/storage,1.2880390685224903
AC + active filter/storage,1.1378972990906884
AC + active filter/storage,1.3980262250422193
AC + active filter/storage,1.6035950248343445
AC + active filter/storage,0.7269282816476875
AC + active filter/storage,1.2341831831355912
AC + active filter/storage,0.9880449219008295
AC + active filter/storage,0.6197578976120753
AC + active filter/storage,0.984598765950143
AC + active filter/storage,0.9343520753938309
AC + active filter/storage,1.1113628001057272
AC + active filter/storage,0.3548757803030721
AC + active filter/storage,1.3213468026118498
AC + active filter/storage,0.4767714245911549
AC + active filter/storage,1.076875522007909
AC + active filter/storage,0.5377750237294313
AC + active filter/storage,1.4888257562862088
AC + active filter/storage,1.0190020475093344
AC + active filter/storage,1.491201394730835
AC + active filter/storage,1.7761811761808086
AC + active filter/storage,1.0942482138283958
AC + active filter/storage,0.8464091700826156
AC + active filter/storage,1.1632301392606823
AC + active filter/storage,0.5285191494449358
AC + active filter/storage,0.8247378687995726
AC + active filter/storage,0.7480300728068714
AC + active filter/storage,1.063597191428724
AC + active filter/storage,0.7066007692914622
AC + active filter/storage,1.2318392202654973
AC + active filter/storage,1.021160235963095
AC + active filter/storage,0.6876177300140475
AC + active filter/storage,0.7539852016204126
AC + active filter/storage,1.482774934856589
AC + active filter/storage,1.2154110214615763
AC + active filter/storage,1.0842888477808108
AC + active filter/storage,0.8485945698277925
AC + active filter/storage,0.7816697873791969
AC + active filter/storage,0.4646910460367014
AC + active filter/storage,1.0309672545610273
AC + active filter/storage,0.8420406287124407
AC + active filter/storage,0.7512635549619098
AC + active filter/storage,0.5472427038131674
AC + active filter/storage,0.7512031334486801
AC + active filter/storage,0.5901147593236425
AC + active filter/storage,0.4934443894057821
AC + active filter/storage,1.285691503701368
AC + active filter/storage,0.6867804890419752
AC + active filter/storage,0.9960845869872931
AC + active filter/storage,1.022160878427798
AC + active filter/storage,0.6586854783424682
AC + active filter/storage,1.1123497354106102
AC + active filter/storage,0.9407741009418226
AC + active filter/storage,1.0646455168222333
AC + active filter/storage,0.7195005650576448
AC + active filter/storage,0.9739607987950831
AC + active filter/storage,0.921874638564455
AC + active filter/storage,0.6018771610840944
AC + active filter/storage,1.1049923499034504
AC + active filter/storage,1.089377710279146
AC + active filter/storage,1.0031830019807628
AC + active filter/storage,2.1438253268241243
AC + active filter/storage,1.0027476105355535
AC + active filter/storage,1.389204884983321
AC + active filter/storage,0.46103482411090235
AC + active filter/storage,1.6044287483833362
AC + active filter/storage,1.6824978504099486
AC + active filter/storage,0.6081087855006347
AC + active filter/storage,0.8234403214592148
AC + active filter/storage,0.8609666590695836
AC + active filter/storage,1.397429417362195
AC + active filter/storage,0.827484153257833
AC + active filter/storage,0.6778983671307804
AC + active filter/storage,0.660512512871326
AC + active filter/storage,1.7611570232432932
AC + active filter/storage,1.7581044748321308
AC + active filter/storage,1.2284294318911746
AC + active filter/storage,0.7116671340587732
AC + active filter/storage,0.6640866751755119
AC + active filter/storage,2.1917846998483044
AC + active filter/storage,1.3609019042220798
AC + active filter/storage,1.0440594462093946
AC + active filter/storage,1.679752249630212
AC + active filter/storage,1.5872541469800712
AC + active filter/storage,0.7022548973009042
AC + active filter/storage,0.6768998275072553
AC + active filter/storage,0.592840654539411
AC + active filter/storage,2.102497399902771
AC + active filter/storage,0.8590768172949926
AC + active filter/storage,1.2804722825058474
AC + active filter/storage,1.033317463994298
AC + active filter/storage,1.2088649781257943
AC + active filter/storage,0.9327543369492209
AC + active filter/storage,0.9722779975982303
AC + active filter/storage,1.0204908250412459
AC + active filter/storage,1.1246709509309245
AC + active filter/storage,0.757887308309869
AC + active filter/storage,0.8660039565509892
AC + active filter/storage,0.6562064468059963
AC + active filter/storage,1.4000248513718605
AC + active filter/storage,1.5231836208263514
AC + active filter/storage,1.1497433477383507
AC + active filter/storage,0.8216375157406132
AC + active filter/storage,1.3548181220061608
AC + active filter/storage,0.8327133929234456
AC + active filter/storage,1.2895599275675695
AC + active filter/storage,0.7550204766505367
AC + active filter/storage,0.9745265996381738
AC + active filter/storage,1.036739718843229
AC + active filter/storage,0.9527429053044504
AC + active filter/storage,0.8134929657872606
AC + active filter/storage,1.0416629641652582
AC + active filter/storage,1.0033024659564265
AC + active filter/storage,1.2407310885303036
AC + active filter/storage,0.7857712119065631
AC + active filter/storage,0.8229214990532873
AC + active filter/storage,1.1873895756025354
AC + active filter/storage,1.1395215870019944
AC + active filter/storage,1.717214330339397
AC + active filter/storage,1.020481076585744
AC + active filter/storage,0.7572654896808823
AC + active filter/storage,1.0829534186341887
AC + active filter/storage,1.6594409223617914
AC + active filter/storage,1.4796898905781142
AC + active filter/storage,0.992230902181144
AC + active filter/storage,0.3952030476025091
AC + active filter/storage,0.5430690282309515
AC + active filter/storage,0.7743917404405203
AC + active filter/storage,0.6534094392349807
AC + active filter/storage,1.9122097926342319
AC + active filter/storage,0.8019465702305578
AC + active filter/storage,1.2504720193968921
AC + active filter/storage,1.6426367121236383
AC + active filter/storage,1.0508959043647383
AC + active filter/storage,0.9233019454783858
AC + active filter/storage,0.9459296922384124
AC + active filter/storage,1.3462522348921462
AC + active filter/storage,1.357055651117415
AC + active filter/storage,1.006104821251325
AC + active filter/storage,1.183336277818777
AC + active filter/storage,0.7022008415977982
AC + active filter/storage,0.7416597256300554
AC + active filter/storage,0.40792666336806077
AC + active filter/storage,1.0998455153839566
AC + active filter/storage,0.7238311912266532
AC + active filter/storage,0.6446912242568822
AC + active filter/storage,0.9395121071417057
AC + active filter/storage,0.768496906334776
AC + active filter/storage,1.3295498802539913
AC + active filter/storage,1.102579487270396
AC + active filter/storage,1.7320468825280377
AC + active filter/storage,1.4711311489032788
AC + active filter/storage,1.1112510665696844
AC + active filter/storage,1.6885306465170062
AC + active filter/storage,0.63149668771743
AC + active filter/storage,0.8695856774851504
AC + active filter/storage,0.8794308639212897
AC + active filter/storage,1.3376042388120601
AC + active filter/storage,0.5596478775735533
AC + active filter/storage,0.8863717755063278
AC + active filter/storage,0.6623166363783975
AC + active filter/storage,0.5677458448106572
AC + active filter/storage,0.983761018035721
AC + active filter/storage,1.2453319131826854
AC + active filter/storage,0.6012435676495335
AC + active filter/storage,0.9230907238193842
AC + active filter/storage,1.1785797277223449
AC + active filter/storage,1.5942076583253708
AC + active filter/storage,1.140475543912393
AC + active filter/storage,0.7819819740776045
AC + active filter/storage,1.1991141372377672
AC + active filter/storage,0.5024246473146049
AC + active filter/storage,0.8336630557928626
AC + active filter/storage,1.1987059701877445
AC + active filter/storage,1.6152459208233156
AC + active filter/storage,1.018363426678547
AC + active filter/storage,1.7930905061600748
AC + active filter/storage,1.5887547218543634
AC + active filter/storage,0.6054359010450381
AC + active filter/storage,0.43833993639783225
AC + active filter/storage,1.2624569001542862
AC + active filter/storage,1.6506745971170107
AC + active filter/storage,0.9245114965672065
AC + active filter/storage,0.6055254717891944
AC + active filter/storage,0.4600857925711732
AC + active filter/storage,0.9343754465565116
AC + active filter/storage,0.6942313165407585
AC + active filter/storage,0.6097615851365659
AC + active filter/storage,0.8570531757526618
AC + active filter/storage,1.3086422978671464
AC + active filter/storage,1.5154941253974195
AC + active filter/storage,1.3853163880690398
AC + active filter/storage,0.9969436132191573
AC + active filter/storage,0.7423885452233925
AC + active filter/storage,1.0223815583774671
AC + active filter/storage,0.8226472264263747
AC + active filter/storage,0.7627098578802427
AC + active filter/storage,0.7499085692752484
AC + active filter/storage,0.4217915649641644
AC + active filter/storage,0.6887388435013357
AC + active filter/storage,2.0605915738928124
AC + active filter/storage,0.8084366551887998
AC + active filter/storage,0.9592441361751226
AC + active filter/storage,1.3311692352190945
AC + active filter/storage,0.32369107474889913
AC + active filter/storage,1.0012611434338723
AC + active filter/storage,0.8864996343066456
AC + active filter/storage,0.5509780759497552
AC + active filter/storage,0.5866005377444822
AC + active filter/storage,0.9339965873316632
AC + active filter/storage,0.4307656842856948
AC + active filter/storage,1.1004375886563071
AC + active filter/storage,0.9030977809991564
AC + active filter/storage,0.8656482774312583
AC + active filter/storage,0.6816005743055712
AC + active filter/storage,0.9789460222484118
AC + active filter/storage,1.5478310200168943
AC + active filter/storage,1.2109708280789615
AC + active filter/storage,0.44480232238369954
AC + active filter/storage,1.2953546521151902
AC + active filter/storage,0.5504296550462752
AC + active filter/storage,0.8628811756402115
AC + active filter/storage,0.5884398823798969
AC + active filter/storage,1.5491534418854505
AC + active filter/storage,0.5043368354023977
AC + active filter/storage,1.1855241554425535
AC + active filter/storage,1.5062181954699503
AC + active filter/storage,1.3425529428138583
AC + active filter/storage,0.5808537872206219
AC + active filter/storage,1.0610238781344012
AC + active filter/storage,1.125066605103204
AC + active filter/storage,1.4327844311499447
AC + active filter/storage,1.1586877878507573
AC + active filter/storage,1.0071641680055141
AC + active filter/storage,0.6104329281021466
AC + active filter/storage,0.6429323049661853
AC + active filter/storage,0.859698130584754
AC + active filter/storage,1.0153654758906951
AC + active filter/storage,0.5672998722145294
AC + active filter/storage,1.5082720189308678
AC + active filter/storage,0.4861300186466649
AC + active filter/storage,0.7845217427976071
AC + active filter/storage,1.5538905328723025
AC + active filter/storage,0.9161578829443112
AC + active filter/storage,0.6686945082231612
AC + active filter/storage,0.6474881340490566
AC + active filter/storage,1.1036036218108343
AC + active filter/storage,0.7879806053981611
AC + active filter/storage,0.7648575951843145
AC + active filter/storage,0.9766069750374199
AC + active filter/storage,0.5954766744310344
AC + active filter/storage,0.6690238486533666
AC + active filter/storage,0.9474861369101024
AC + active filter/storage,0.5941517851866801
AC + active filter/storage,1.2423313944515175
AC + active filter/storage,0.8142068711124808
AC + active filter/storage,0.6257481712174686
AC + active filter/storage,0.7758038334640341
AC + active filter/storage,0.839063539083576
AC + active filter/storage,0.9931357758741673
AC + active filter/storage,0.5238884855090005
AC + active filter/storage,1.0971264657323556
AC + active filter/storage,1.8464136527808976
AC + active filter/storage,1.0668564239688774
AC + active filter/storage,0.9867843366010157
AC + active filter/storage,1.3296760955638973
AC + active filter/storage,0.8823132783952905
AC + active filter/storage,1.48127889858843
AC + active filter/storage,1.1648398940957554
AC + active filter/storage,1.5745439504558234
AC + active filter/storage,1.2249317607213206
AC + active filter/storage,0.9607858602537522
AC + active filter/storage,1.735811507648401
AC + active filter/storage,1.1482982625113722
AC + active filter/storage,1.0091236594394242
AC + active filter/storage,1.461146093463963
AC + active filter/storage,0.5896916471067521
AC + active filter/storage,1.2415012034948723
AC + active filter/storage,1.8322697745579923
AC + active filter/storage,0.6503443978261945
AC + active filter/storage,0.5861194573864947
AC + active filter/storage,0.8303077538640261
AC + active filter/storage,0.8515043004812984
AC + active filter/storage,0.8308226064142056
AC + active filter/storage,1.1692098472250345
AC + active filter/storage,0.48317422993627207
AC + active filter/storage,0.6000897856285617
AC + active filter/storage,1.6380556249109708
AC + active filter/storage,1.2029546750066056
AC + active filter/storage,2.076076724268481
AC + active filter/storage,0.9232901364458289
AC + active filter/storage,0.433426392899846
AC + active filter/storage,0.6531909987223823
AC + active filter/storage,0.6912257041217647
AC + active filter/storage,1.2826304698578848
AC + active filter/storage,1.0123733327174715
AC + active filter/storage,1.1547007531322921
AC + active filter/storage,0.8048424246226804
AC + active filter/storage,0.713931672598567
AC + active filter/storage,0.7319809227750406
AC + active filter/storage,1.047886431216523
AC + active filter/storage,0.5857159557458215
AC + active filter/storage,0.8760780184136062
AC + active filter/storage,1.1524863156929188
AC + active filter/storage,0.5403933656782308
AC + active filter/storage,0.744686085918967
AC + active filter/storage,1.437136128642004
AC + active filter/storage,1.5478397585311865
AC + active filter/storage,0.9357431520960527
AC + active filter/storage,0.6716239236652547
AC + active filter/storage,0.8017358101880496
AC + active filter/storage,0.8466608987999554
AC + active filter/storage,1.1877868389402884
AC + active filter/storage,0.7067376547859475
AC + active filter/storage,0.4696065786154498
AC + active filter/storage,0.9001372006562963
AC + active filter/storage,0.7691212132763532
AC + active filter/storage,0.7658261315360905
AC + active filter/storage,1.3829242821216523
AC + active filter/storage,0.7361957488759194
AC + active filter/storage,0.7214846717277558
AC + active filter/storage,0.7854824789496322
AC + active filter/storage,1.176412647856608
AC + active filter/storage,1.3110731089047207
AC + active filter/storage,0.6988115267322075
AC + active filter/storage,1.576120995070154
AC + active filter/storage,0.6355674435812338
AC + active filter/storage,0.6197141668385939
AC + active filter/storage,1.2498797418141672
AC + active filter/storage,2.1540865350604057
AC + active filter/storage,0.8027127573783618
AC + active filter/storage,1.1579168965391144
AC + active filter/storage,1.1660470342195872
AC + active filter/storage,0.8670409426780239
AC + active filter/storage,0.6668889362993878
AC + active filter/storage,0.9559425662870894
AC + active filter/storage,1.4646385365551362
AC + active filter/storage,0.6512494915074271
AC + active filter/storage,1.3412536438633702
AC + active filter/storage,0.7549272344573592
AC + active filter/storage,2.3073063204205777
AC + active filter/storage,0.7951071568144482
AC + active filter/storage,0.8567475929142278
AC + active filter/storage,0.8766746260140239
AC + active filter/storage,1.84306294280583
AC + active filter/storage,1.0070272622012213
AC + active filter/storage,0.598194879805229
AC + active filter/storage,0.617526904254949
AC + active filter/storage,1.4800386160286685
AC + active filter/storage,0.7426854366765137
AC + active filter/storage,0.8098524706669903
AC + active filter/storage,0.5630955292332603
AC + active filter/storage,1.187217581386036
AC + active filter/storage,1.3195135210501039
AC + active filter/storage,0.4264683761824129
AC + active filter/storage,1.3657786781439551
AC + active filter/storage,0.7174318480965668
AC + active filter/storage,0.6256749595918715
AC + active filter/storage,1.5805936790967334
AC + active filter/storage,0.7581285858403224
AC + active filter/storage,1.4670964438350402
AC + active filter/storage,1.1933160870604296
AC + active filter/storage,0.8574437586403335
AC + active filter/storage,1.20405242637334
AC + active filter/storage,1.6738258018171568
AC + active filter/storage,0.7819249322244936
AC + active filter/storage,0.9424709076472657
AC + active filter/storage,0.6819594343528831
AC + active filter/storage,0.42318658757069316
AC + active filter/storage,1.4685247822835086
AC + active filter/storage,0.7254382813131737
AC + active filter/storage,0.7676085278596052
AC + active filter/storage,1.8908378324299533
AC + active filter/storage,0.6236539377134898
AC + active filter/storage,1.2077977942353888
AC + active filter/storage,0.6653022717799257
AC + active filter/storage,1.5777436151785669
AC + active filter/storage,0.5738093439685316
AC + active filter/storage,1.3836258167891926
AC + active filter/storage,0.5329436757250384
AC + active filter/storage,0.8958440458612985
AC + active filter/storage,0.6887210391382063
AC + active filter/storage,0.6388973223386678
AC + active filter/storage,1.2979084872397415
AC + active filter/storage,0.6228796121070961
AC + active filter/storage,0.5775890247790724
AC + active filter/storage,2.1205285961420746
AC + active filter/storage,0.5627864837981639
AC + active filter/storage,1.3898947649249813
AC + active filter/storage,1.2187348845234696
AC + active filter/storage,0.7664462724976915
AC + active filter/storage,0.7096888685682166
AC + active filter/storage,1.008230002898726
AC + active filter/storage,1.0734811629898673
AC + active filter/storage,1.8208606622763428
AC + active filter/storage,1.0922887556368042
AC + active filter/storage,0.8143993610386367
AC + active filter/storage,1.2888033516447734
AC + active filter/storage,0.7269258301400842
AC + active filter/storage,0.5622566402059342
AC + active filter/storage,0.6974358927659926
AC + active filter/storage,0.4920051950143361
AC + active filter/storage,1.2392691153017203
AC + active filter/storage,0.6041861541801945
AC + active filter/storage,1.0182310491165385
AC + active filter/storage,1.4200583399488091
AC + active filter/storage,1.2334525291149476
AC + active filter/storage,0.5803560300461772
AC + active filter/storage,1.1103198372030734
AC + active filter/storage,0.7741026725528775
AC + active filter/storage,0.4480978261622355
AC + active filter/storage,1.1006709446271221
AC + active filter/storage,1.1418576335219248
AC + active filter/storage,0.6645214839622031
AC + active filter/storage,1.612826931512156
AC + active filter/storage,0.9844969923637714
AC + active filter/storage,0.8649050654192718
AC + active filter/storage,0.4372676942233985
AC + active filter/storage,0.9424206339168482
AC + active filter/storage,0.99791782492681
AC + active filter/storage,0.713093112005201
AC + active filter/storage,0.8962217560232234
AC + active filter/storage,1.547852270159969
AC + active filter/storage,0.7365345369374989
AC + active filter/storage,0.9797464709204136
AC + active filter/storage,1.14136788780046
AC + active filter/storage,0.7454162103991296
AC + active filter/storage,1.5260915249778015
AC + active filter/storage,1.1488417799694246
AC + active filter/storage,0.7474734499488195
AC + active filter/storage,2.203342436724679
AC + active filter/storage,0.9509240533719489
AC + active filter/storage,1.7705673233476233
AC + active filter/storage,0.9242439733392589
AC + active filter/storage,0.4136930302079148
AC + active filter/storage,0.6284747493922624
AC + active filter/storage,0.755139858943218
AC + active filter/storage,0.6297416353181604
AC + active filter/storage,1.9978060135659255
AC + active filter/storage,0.5747622207555698
AC + active filter/storage,0.7168250553274382
AC + active filter/storage,1.1258660986145839
AC + active filter/storage,0.5300944586201455
AC + active filter/storage,0.8013021226046629
AC + active filter/storage,1.0600750397388754
AC + active filter/storage,0.923672338408638
AC + active filter/storage,0.8264017840744223
AC + active filter/storage,0.7891691499487693
AC + active filter/storage,0.7756308565000093
AC + active filter/storage,0.8912975691837175
AC + active filter/storage,0.8107764504525831
AC + active filter/storage,1.1106646104839322
AC + active filter/storage,0.9842432516708522
AC + active filter/storage,1.430056614737516
AC + active filter/storage,0.7520470156647502
AC + active filter/storage,1.466472623485991
AC + active filter/storage,0.8632641445150135
AC + active filter/storage,0.5902216423045792
AC + active filter/storage,1.0085495246295475
AC + active filter/storage,0.9129190957935946
AC + active filter/storage,0.9112548954353121
AC + active filter/storage,1.319841632609296
AC + active filter/storage,1.528025434824879
AC + active filter/storage,0.6353553689907264
AC + active filter/storage,1.1445024027246158
AC + active filter/storage,1.2352209103052625
AC + active filter/storage,1.3088758297907679
AC + active filter/storage,1.3487119776947134
AC + active filter/storage,0.6704659724355574
AC + active filter/storage,1.1422751109129028
AC + active filter/storage,0.9351975610496275
AC + active filter/storage,1.0656025646908147
AC + active filter/storage,0.9364979766392035
AC + active filter/storage,1.0368468047496724
AC + active filter/storage,1.4275973090395093
AC + active filter/storage,0.5698291113707917
AC + active filter/storage,0.41453211532381745
AC + active filter/storage,1.1460501873625473
AC + active filter/storage,1.2331152750952779
AC + active filter/storage,1.0446085982878754
AC + active filter/storage,0.8359681299185038
AC + active filter/storage,1.030984439488057
AC + active filter/storage,2.1152576475161458
AC + active filter/storage,1.991265255156687
AC + active filter/storage,0.904227752046517
AC + active filter/storage,0.44359676295921785
AC + active filter/storage,0.770759672680849
AC + active filter/storage,0.8997016053570998
AC + active filter/storage,1.3065698710900837
AC + active filter/storage,1.0605683276379814
AC + active filter/storage,1.2111352561743174
AC + active filter/storage,0.8890617259724034
AC + active filter/storage,0.996043584883975
AC + active filter/storage,1.382114329248088
AC + active filter/storage,0.4475057841418765
AC + active filter/storage,0.720251043542589
AC + active filter/storage,1.1874528665082382
AC + active filter/storage,1.9081686533472317
AC + active filter/storage,0.8541620113353583
AC + active filter/storage,1.286661496253843
AC + active filter/storage,1.8039124082005782
AC + active filter/storage,1.2943249513348984
AC + active filter/storage,1.488539893074352
AC + active filter/storage,0.5192243306200325
AC + active filter/storage,0.9270942455865229
AC + active filter/storage,1.6146026325960778
AC + active filter/storage,1.3915681885644622
AC + active filter/storage,0.6612627272753395
AC + active filter/storage,0.5890708393737419
AC + active filter/storage,0.5366306477327579
AC + active filter/storage,0.8078953218154976
AC + active filter/storage,0.5932251787466382
AC + active filter/storage,1.4209337283970267
AC + active filter/storage,1.3110710181614507
AC + active filter/storage,1.297990707740585
AC + active filter/storage,1.0946884377797717
AC + active filter/storage,1.055673346398414
AC + active filter/storage,0.626713238430459
AC + active filter/storage,0.9359558271425447
AC + active filter/storage,0.9082259002760088
AC + active filter/storage,0.7495845866372153
AC + active filter/storage,1.635944544413944
AC + active filter/storage,0.6069412436473238
AC + active filter/storage,0.8781397829494045
AC + active filter/storage,1.2521792165828236
AC + active filter/storage,1.311117654904796
AC + active filter/storage,1.1389468481500336
AC + active filter/storage,0.9159981544632755
AC + active filter/storage,1.4304843105947445
AC + active filter/storage,0.7779421339217147
AC + active filter/storage,0.7281594585704859
AC + active filter/storage,1.3568631293810467
AC + active filter/storage,0.9377649943273647
AC + active filter/storage,0.8342836435443614
AC + active filter/storage,1.3090039610942978
AC + active filter/storage,1.0260260409020114
AC + active filter/storage,0.8681452267716392
AC + active filter/storage,0.5874978348324283
AC + active filter/storage,1.8227731466413437
AC + active filter/storage,1.215652643845635
AC + active filter/storage,0.8041437345787025
AC + active filter/storage,0.8113885863026697
AC + active filter/storage,1.1489755178135774
AC + active filter/storage,0.8783923970113147
AC + active filter/storage,0.5051463316643684
AC + active filter/storage,0.5565539507730629
AC + active filter/storage,0.9825136484226207
AC + active filter/storage,0.6300163368787343
AC + active filter/storage,0.7075374685716002
AC + active filter/storage,0.6435120448486817
AC + active filter/storage,1.609981343967261
AC + active filter/storage,1.1211541709058632
AC + active filter/storage,0.8304460160333204
AC + active filter/storage,0.8660926186803827
AC + active filter/storage,1.0887503915550065
AC + active filter/storage,0.772247640796909
AC + active filter/storage,1.5709130184539803
AC + active filter/storage,0.7939548787100484
AC + active filter/storage,0.7652417457288724
AC + active filter/storage,0.8742180265804178
AC + active filter/storage,0.6486618855962347
AC + active filter/storage,1.4898611367292538
AC + active filter/storage,1.4293474036029377
AC + active filter/storage,0.4359224814876687
AC + active filter/storage,1.0908908926380803
AC + active filter/storage,1.0198197569470688
AC + active filter/storage,1.0491543227109943
AC + active filter/storage,0.7873396146073594
AC + active filter/storage,0.9477905788404193
AC + active filter/storage,0.8534525719274226
AC + active filter/storage,0.6529877703226789
AC + active filter/storage,1.5875281957794964
AC + active filter/storage,0.8029361127356193
AC + active filter/storage,0.6456703940215195
AC + active filter/storage,0.966283092320482
AC + active filter/storage,1.5629268292544214
AC + active filter/storage,0.9322857728008295
AC + active filter/storage,0.9534310087329577
AC + active filter/storage,1.172144908029618
AC + active filter/storage,0.6177938672330053
AC + active filter/storage,0.9239843689947873
AC + active filter/storage,0.504511782231741
AC + active filter/storage,1.2936360451588234
AC + active filter/storage,0.9286376423535452
AC + active filter/storage,1.031382604442481
AC + active filter/storage,1.4429826195064364
AC + active filter/storage,1.6080647524828249
AC + active filter/storage,1.3926858751240252
AC + active filter/storage,1.230759978132074
AC + active filter/storage,0.7100324019226024
AC + active filter/storage,0.7448201376682775
AC + active filter/storage,1.49019876301742
AC + active filter/storage,1.0247904824348801
AC + active filter/storage,0.4927584609680129
AC + active filter/storage,0.47160878631091097
AC + active filter/storage,0.8097170383631872
AC + active filter/storage,1.0066065745658406
AC + active filter/storage,1.1538153681512509
AC + active filter/storage,0.8552431025156282
AC + active filter/storage,0.5807350075889801
AC + active filter/storage,1.2340154786367183
AC + active filter/storage,1.418343304621512
AC + active filter/storage,1.0184545531341083
AC + active filter/storage,0.9780142235011553
AC + active filter/storage,0.880716103852625
AC + active filter/storage,0.5412746001139375
AC + active filter/storage,1.4646855595824433
AC + active filter/storage,1.1793049886401992
AC + active filter/storage,0.7953995161325768
AC + active filter/storage,1.1322375064075803
AC + active filter/storage,0.7021744594720499
AC + active filter/storage,0.7421412206542148
AC + active filter/storage,0.8331673643602459
AC + active filter/storage,1.7389262160887315
AC + active filter/storage,0.7011450489148829
AC + active filter/storage,0.7606310585457794
AC + active filter/storage,0.7336816166729272
AC + active filter/storage,0.913836213369123
AC + active filter/storage,0.8312114080032712
AC + active filter/storage,0.7327250749002444
AC + active filter/storage,0.4959933566750753
AC + active filter/storage,0.6878900089016108
AC + active filter/storage,0.9218039377356669
AC + active filter/storage,0.850551792777984
AC + active filter/storage,0.9995514674727961
AC + active filter/storage,0.713689348627734
AC + active filter/storage,0.8324133744627698
AC + active filter/storage,1.3733076398876451
AC + active filter/storage,1.3520424946743737
AC + active filter/storage,1.0539281488753287
AC + active filter/storage,0.6214245104532171
AC + active filter/storage,0.717972854066943
AC + active filter/storage,1.5720503382759081
AC + active filter/storage,0.6043826174350054
AC + active filter/storage,1.0075702854840682
AC + active filter/storage,0.9916063853417986
AC + active filter/storage,0.5080609388899013
AC + active filter/storage,0.7272349268405606
AC + active filter/storage,0.670692680492198
AC + active filter/storage,0.6128946153477988
AC + active filter/storage,1.501414796644623
AC + active filter/storage,0.730078931537188
AC + active filter/storage,0.5004997204567225
AC + active filter/storage,0.8836572006485697
AC + active filter/storage,1.8610991474428762
AC + active filter/storage,0.6863729279383115
AC + active filter/storage,0.6475407638676998
AC + active filter/storage,0.5499858710143584
AC + active filter/storage,0.7568584871829572
AC + active filter/storage,1.0382668513127171
AC + active filter/storage,0.5216766551841449
AC + active filter/storage,0.978968600476643
AC + active filter/storage,2.5107914866413683
AC + active filter/storage,2.145722415524066
AC + active filter/storage,0.7337856425425571
AC + active filter/storage,0.9545150451623945
AC + active filter/storage,0.779390788396737
AC + active filter/storage,0.6813331367062212
AC + active filter/storage,0.8301055452531739
AC + active filter/storage,0.6489600170202825
AC + active filter/storage,0.9546928128902501
AC + active filter/storage,1.395889961539213
AC + active filter/storage,1.2485873016566658
AC + active filter/storage,1.3184659457416865
AC + active filter/storage,0.7400429988287168
AC + active filter/storage,1.1721235045929124
AC + active filter/storage,0.634188801934262
AC + active filter/storage,1.6936933625107176
AC + active filter/storage,0.8464542913508908
AC + active filter/storage,0.9295151684659563
AC + active filter/storage,1.895454293438901
AC + active filter/storage,0.8365651392948928
AC + active filter/storage,0.4033691342877082
AC + active filter/storage,1.3416333053871707
AC + active filter/storage,0.6257404391351138
AC + active filter/storage,0.8012100526840967
AC + active filter/storage,0.9954011291972281
AC + active filter/storage,0.9945750575994327
AC + active filter/storage,1.232459720121163
AC + active filter/storage,1.0507555607451324
AC + active filter/storage,0.9059954321468365
AC + active filter/storage,0.5934208021383427
AC + active filter/storage,0.8241251985242435
AC + active filter/storage,1.3521609586362304
AC + active filter/storage,0.6409566513737992
AC + active filter/storage,0.6118792869442221
AC + active filter/storage,1.0189371299014611
AC + active filter/storage,1.06657810750573
AC + active filter/storage,0.859586880972518
AC + active filter/storage,0.9031929044673747
AC + active filter/storage,0.9125681877138745
AC + active filter/storage,0.7334049741506118
AC + active filter/storage,0.7247892942527592
AC + active filter/storage,0.9580530886075261
AC + active filter/storage,0.8851300378594609
AC + active filter/storage,1.18382625744378
AC + active filter/storage,0.8833978633059413
AC + active filter/storage,1.365395783952517
AC + active filter/storage,1.0856667093879047
AC + active filter/storage,1.3984684693888125
AC + active filter/storage,0.6274086489493522
AC + active filter/storage,0.7601288813164743
AC + active filter/storage,1.2942759175035798
AC + active filter/storage,0.6759415422358388
AC + active filter/storage,1.6580468334072804
AC + active filter/storage,0.9998716340289184
AC + active filter/storage,0.8916540231347273
AC + active filter/storage,0.792547529558176
AC + active filter/storage,1.2302859003629025
AC + active filter/storage,0.8371149281588484
AC + active filter/storage,1.021640005889071
AC + active filter/storage,0.6421032772247175
AC + active filter/storage,0.9732331772331998
AC + active filter/storage,1.198984191020072
AC + active filter/storage,1.5163452370881665
AC + active filter/storage,0.8801461743093106
AC + active filter/storage,1.419958369009087
AC + active filter/storage,0.6042970334006401
AC + active filter/storage,0.561502106111804
AC + active filter/storage,0.6585471392759781
AC + active filter/storage,1.7061627609537824
AC + active filter/storage,0.4467654534144411
AC + active filter/storage,1.1538312288843173
AC + active filter/storage,1.414690413732667
AC + active filter/storage,0.8241414887048045
AC + active filter/storage,1.3195470202922976
AC + active filter/storage,0.5864541268729571
AC + active filter/storage,0.8918099982310678
AC + active filter/storage,0.8537638173172295
AC + active filter/storage,0.8059593291604188
AC + active filter/storage,0.9365213860198668
AC + active filter/storage,0.830193404746078
AC + active filter/storage,0.5267580173556087
AC + active filter/storage,1.2685166193248176
AC + active filter/storage,0.8271398707037745
AC + active filter/storage,1.1329508058417108
AC + active filter/storage,0.8696684469745577
AC + active filter/storage,0.6842343306362263
AC + active filter/storage,0.7659232862230021
AC + active filter/storage,1.875865693585985
AC + active filter/storage,2.053455591554929
AC + active filter/storage,1.2604103605636163
AC + active filter/storage,0.9259556577120445
AC + active filter/storage,0.8594908519216561
AC + active filter/storage,1.2536612245690018
AC + active filter/storage,0.664451135057718
AC + active filter/storage,0.7989591347476236
AC + active filter/storage,0.8378801276764826
AC + active filter/storage,0.6618040728286733
AC + active filter/storage,1.3135337967612704
AC + active filter/storage,2.099779554530239
AC + active filter/storage,0.5569541973911599
AC + active filter/storage,0.960476586306594
AC + active filter/storage,1.1052471864948321
AC + active filter/storage,1.0412290322385558
AC + active filter/storage,0.8457988364262753
AC + active filter/storage,0.8292456435508487
AC + active filter/storage,0.7194338648292049
AC + active filter/storage,1.22884232587229
AC + active filter/storage,0.8064167857946305
AC + active filter/storage,1.1524317619257043
AC + active filter/storage,0.8151231815872159
AC + active filter/storage,0.603901351537271
AC + active filter/storage,0.6452406401754326
AC + active filter/storage,1.3921683248812815
AC + active filter/storage,1.4006108965627142
AC + active filter/storage,1.1700012620597537
AC + active filter/storage,0.6837814468038281
AC + active filter/storage,1.256310273884949
AC + active filter/storage,0.6854848584298321
AC + active filter/storage,0.5824658677867631
AC + active filter/storage,0.5690966329677484
AC + active filter/storage,0.6242408282930924
AC + active filter/storage,0.512432544950408
AC + active filter/storage,1.1661233351695834
AC + active filter/storage,0.8163892714913527
AC + active filter/storage,1.9620302516305212
AC + active filter/storage,1.7241669357287033
AC + active filter/storage,1.5175163711791861
AC + active filter/storage,0.4787175611077917
AC + active filter/storage,0.9308617247734596
AC + active filter/storage,0.8219109213307576
AC + active filter/storage,0.7324021736559545
AC + active filter/storage,0.5700187806956033
AC + active filter/storage,0.9132202172199799
AC + active filter/storage,1.4633398636854213
AC + active filter/storage,1.5552227695065917
AC + active filter/storage,0.7161112112429612
AC + active filter/storage,1.8529896466476725
AC + active filter/storage,0.6349158743803586
AC + active filter/storage,0.7079158430086406
AC + active filter/storage,1.5065869988581617
AC + active filter/storage,2.2505293162199913
AC + active filter/storage,0.6944362737212949
AC + active filter/storage,0.8475062763222033
AC + active filter/storage,0.8683756545273024
AC + active filter/storage,1.0595180855381716
AC + active filter/storage,0.9925545522624957
AC + active filter/storage,1.4559491399813749
AC + active filter/storage,1.0523627736784895
AC + active filter/storage,1.1621922315763205
AC + active filter/storage,1.41514346871006
AC + active filter/storage,1.4829597188238333
AC + active filter/storage,1.1464347977935603
AC + active filter/storage,0.6320360326341481
AC + active filter/storage,0.9397898952758573
AC + active filter/storage,0.5150338811808547
AC + active filter/storage,0.4183280088775736
AC + active filter/storage,0.5967642583529287
AC + active filter/storage,0.9715548994657075
AC + active filter/storage,1.1361302943968732
AC + active filter/storage,0.7337848948546519
AC + active filter/storage,1.1727661003967056
AC + active filter/storage,0.8905707201717276
AC + active filter/storage,1.1016052247213104
AC + active filter/storage,1.347184654911732
AC + active filter/storage,0.7163389070825267
AC + active filter/storage,1.54992869529715
AC + active filter/storage,0.6480441076721334
AC + active filter/storage,1.5299738715209377
AC + active filter/storage,0.8764147597049649
AC + active filter/storage,1.5333660249526748
AC + active filter/storage,2.006232787795897
AC + active filter/storage,0.8471101557886896
AC + active filter/storage,1.014699413988087
AC + active filter/storage,0.8396473280898784
AC + active filter/storage,0.8339945890648766
AC + active filter/storage,1.0256812124829384
AC + active filter/storage,0.6733840398942283
AC + active filter/storage,1.0961869603161287
AC + active filter/storage,0.4371140336805659
AC + active filter/storage,1.3558168006010332
AC + active filter/storage,1.0367407714719805
AC + active filter/storage,0.9086723010751402
AC + active filter/storage,0.9957725493059765
AC + active filter/storage,0.3891741152941931
AC + active filter/storage,1.2475456624294272
AC + active filter/storage,0.4290067951750934
AC + active filter/storage,1.767505842957383
AC + active filter/storage,1.1783231956462654
AC + active filter/storage,1.0979143134750886
AC + active filter/storage,0.6736338043062229
AC + active filter/storage,0.5737015405956291
AC + active filter/storage,0.8627217853641086
AC + active filter/storage,0.8727777215688506
AC + active filter/storage,1.348545637616545
AC + active filter/storage,0.6783895321315162
AC + active filter/storage,0.711396515668445
AC + active filter/storage,1.0276889325127343
AC + active filter/storage,0.7113690015675681
AC + active filter/storage,0.7724422681659762
AC + active filter/storage,2.3852215625141735
AC + active filter/storage,0.9476642181944746
AC + active filter/storage,0.5202982372447444
AC + active filter/storage,1.0105247191866098
AC + active filter/storage,1.303736456377875
AC + active filter/storage,1.4030388283010367
AC + active filter/storage,1.1108289385609227
AC + active filter/storage,0.9941510903009856
AC + active filter/storage,1.1083793559370712
AC + active filter/storage,0.7592709073528007
AC + active filter/storage,1.6024080219856236
AC + active filter/storage,0.9281075329050767
AC + active filter/storage,0.742244404080647
AC + active filter/storage,1.4249298661627083
AC + active filter/storage,0.5821947421790438
AC + active filter/storage,0.8319825286716621
AC + active filter/storage,1.0936002072786866
AC + active filter/storage,0.7267508010173562
AC + active filter/storage,0.6085827887342071
AC + active filter/storage,0.6306474679835441
AC + active filter/storage,0.6692302418051612
AC + active filter/storage,0.7694532690429465
AC + active filter/storage,1.5437313985445553
AC + active filter/storage,0.6394680371535917
AC + active filter/storage,0.8503895076864137
AC + active filter/storage,1.4961175600651788
AC + active filter/storage,0.8847719450355241
AC + active filter/storage,0.8201122461699474
AC + active filter/storage,1.152934585862236
AC + active filter/storage,0.6738536081046161
AC + active filter/storage,0.8645221312332689
AC + active filter/storage,0.6926365967108515
AC + active filter/storage,0.5408855627977104
AC + active filter/storage,0.964472790253491
AC + active filter/storage,1.0540515962479335
AC + active filter/storage,2.04196459546823
AC + active filter/storage,0.7689550900280178
AC + active filter/storage,1.1216656838902237
AC + active filter/storage,0.6796267308770313
AC + active filter/storage,0.8936561520345665
AC + active filter/storage,0.9636190261890187
AC + active filter/storage,0.5753146429732656
AC + active filter/storage,1.4494330411700183
AC + active filter/storage,0.6438176245114368
AC + active filter/storage,1.5455061155850534
AC + active filter/storage,1.1068586550202655
AC + active filter/storage,0.7104430206001455
AC + active filter/storage,1.5605466800502814
AC + active filter/storage,1.1004716657979399
AC + active filter/storage,0.7011226010045032
AC + active filter/storage,1.0241487819208135
AC + active filter/storage,0.6917487726958244
AC + active filter/storage,0.7856990908726685
AC + active filter/storage,0.8101633805699827
AC + active filter/storage,2.347221743076681
AC + active filter/storage,0.8962993349100723
AC + active filter/storage,0.8237400274900605
AC + active filter/storage,1.7933293974862612
AC + active filter/storage,0.6378665399172371
AC + active filter/storage,0.43432838507524896
AC + active filter/storage,0.3885314029552968
AC + active filter/storage,0.4444418733332049
AC + active filter/storage,1.1447604351766583
AC + active filter/storage,1.4248665922102357
AC + active filter/storage,1.5960473707001657
AC + active filter/storage,0.7156956165749828
AC + active filter/storage,0.8376751710492407
AC + active filter/storage,0.7737262321157253
AC + active filter/storage,0.7236840199424901
AC + active filter/storage,0.9352356071621767
AC + active filter/storage,0.6150460181447708
AC + active filter/storage,1.075598615627761
AC + active filter/storage,1.1137286202841032
AC + active filter/storage,1.0286369898026495
AC + active filter/storage,0.3906617605919782
AC + active filter/storage,0.5936639306142305
AC + active filter/storage,0.9857682463117644
AC + active filter/storage,1.3471502649332256
AC + active filter/storage,1.1705557052017395
AC + active filter/storage,1.0597143830535485
AC + active filter/storage,0.7080262222515393
AC + active filter/storage,1.756636579125361
AC + active filter/storage,0.8561281553523573
AC + active filter/storage,0.5707388075773674
AC + active filter/storage,0.979833927252866
AC + active filter/storage,0.7040727765939795
AC + active filter/storage,0.758846553537522
AC + active filter/storage,0.7628714418904083
AC + active filter/storage,2.257247742667289
AC + active filter/storage,1.0569452915795072
AC + active filter/storage,1.4167716041786202
AC + active filter/storage,1.1336700766890737
AC + active filter/storage,0.6951251329532971
AC + active filter/storage,1.2893159289485152
AC + active filter/storage,1.2849572757960923
AC + active filter/storage,0.4664834592133935
AC + active filter/storage,1.5389510779729454
AC + active filter/storage,0.7105773946474325
AC + active filter/storage,1.0232396291153305
AC + active filter/storage,0.7823986005489248
AC + active filter/storage,0.6977433369699674
AC + active filter/storage,0.894501972920422
AC + active filter/storage,0.4312851217502505
AC + active filter/storage,0.8655519228318052
AC + active filter/storage,1.6924293374776833
AC + active filter/storage,0.638097283586395
AC + active filter/storage,0.8425847380691621
AC + active filter/storage,0.6116353941215931
AC + active filter/storage,0.5797866151707777
AC + active filter/storage,1.7213186396518825
AC + active filter/storage,1.5542707372388505
AC + active filter/storage,0.9113029769092479
AC + active filter/storage,1.0173109125511768
AC + active filter/storage,0.8991061606728511
AC + active filter/storage,1.4331563559289966
AC + active filter/storage,0.6434891941071457
AC + active filter/storage,0.5463618070300253
AC + active filter/storage,0.9595343632686267
AC + active filter/storage,0.8023795509229108
AC + active filter/storage,0.8384181277479613
AC + active filter/storage,1.9861710850635252
AC + active filter/storage,0.47963635127495235
AC + active filter/storage,1.6959413704007906
AC + active filter/storage,0.5571921705756407
AC + active filter/storage,1.234874207311159
AC + active filter/storage,0.8875509527945787
AC + active filter/storage,0.7364210988657345
AC + active filter/storage,0.8368881935025143
AC + active filter/storage,1.2984065020248512
AC + active filter/storage,1.475677379884666
AC + active filter/storage,1.3026561209292125
AC + active filter/storage,0.6932607654328752
AC + active filter/storage,0.613392642219741
AC + active filter/storage,1.2900593097501767
AC + active filter/storage,0.9844304829985125
AC + active filter/storage,1.0124943445927275
AC + active filter/storage,0.558637837207625
AC + active filter/storage,0.7805901118766159
AC + active filter/storage,1.1235569619933852
AC + active filter/storage,1.4054689092373311
AC + active filter/storage,0.9702129168035201
AC + active filter/storage,0.7429006057425005
AC + active filter/storage,0.924902253782572
AC + active filter/storage,1.0777318380287009
AC + active filter/storage,1.2571428721585582
AC + active filter/storage,0.769231991136446
AC + active filter/storage,1.0679867930229958
AC + active filter/storage,1.0404533025224658
AC + active filter/storage,0.8990677023759873
AC + active filter/storage,0.7765304682111589
AC + active filter/storage,0.9276138233044676
AC + active filter/storage,1.4174903972611759
AC + active filter/storage,0.756356558835304
AC + active filter/storage,0.740150706407057
AC + active filter/storage,1.1639535536488896
AC + active filter/storage,1.4049107497179827
AC + active filter/storage,1.079700383048468
AC + active filter/storage,1.1033083908366832
AC + active filter/storage,0.7605173410425609
AC + active filter/storage,0.8398802181542582
AC + active filter/storage,1.1355336128597506
AC + active filter/storage,0.6049328225026476
AC + active filter/storage,1.0933060831949957
AC + active filter/storage,0.4510441632735583
AC + active filter/storage,1.4667757495711728
AC + active filter/storage,0.9039262878214703
AC + active filter/storage,0.7814253145811503
AC + active filter/storage,0.7751120352794891
AC + active filter/storage,0.5933432897724418
AC + active filter/storage,0.8645861789368903
AC + active filter/storage,0.6380586793519293
AC + active filter/storage,0.706782357126427
AC + active filter/storage,1.1890562823310964
AC + active filter/storage,0.6476231091045601
AC + active filter/storage,0.6524178539584693
AC + active filter/storage,1.5090277431120755
AC + active filter/storage,0.894651726241252
AC + active filter/storage,0.5162318285615349
AC + active filter/storage,0.3453042657473509
AC + active filter/storage,1.0294764318373089
AC + active filter/storage,0.7824774829745195
AC + active filter/storage,1.2229766491011402
AC + active filter/storage,0.51251976195331
AC + active filter/storage,0.5965702521247255
AC + active filter/storage,1.1344455944068754
AC + active filter/storage,0.7894488145819802
AC + active filter/storage,0.66730008204885
AC + active filter/storage,1.0101415706520183
AC + active filter/storage,0.8417233781063658
AC + active filter/storage,0.7075923979174542
AC + active filter/storage,0.9569062088165119
AC + active filter/storage,0.6836257316679076
AC + active filter/storage,0.5325168790770506
AC + active filter/storage,1.6727553174110328
AC + active filter/storage,0.7874708384114542
AC + active filter/storage,1.1197602560921038
AC + active filter/storage,0.5274477499055419
AC + active filter/storage,0.6839769808405054
AC + active filter/storage,0.9018949509202328
AC + active filter/storage,0.7251674732570058
AC + active filter/storage,1.6362638275602517
AC + active filter/storage,0.7315976840488996
AC + active filter/storage,1.4659172196914894
AC + active filter/storage,0.5341597355301104
AC + active filter/storage,1.2870186188955444
AC + active filter/storage,1.0219927331447376
AC + active filter/storage,1.310367563220485
AC + active filter/storage,1.6871032350282527
AC + active filter/storage,1.581696334411125
AC + active filter/storage,0.7349099899948228
AC + active filter/storage,0.9764831089194952
AC + active filter/storage,0.836293138105064
AC + active filter/storage,0.7461377401204873
AC + active filter/storage,0.5060233573884397
AC + active filter/storage,0.7254914530692974
AC + active filter/storage,0.9575715012571734
AC + active filter/storage,0.9442909398094836
AC + active filter/storage,0.873673237506325
AC + active filter/storage,0.7278840436400569
AC + active filter/storage,1.123666189725948
AC + active filter/storage,0.9780905914158435
AC + active filter/storage,1.4635055613047712
AC + active filter/storage,0.8179243140311244
AC + active filter/storage,0.5415773812709985
AC + active filter/storage,1.1165529265287835
AC + active filter/storage,0.5565089086205409
AC + active filter/storage,1.1674581817599328
AC + active filter/storage,0.5829214558192338
AC + active filter/storage,1.2447030657283222
AC + active filter/storage,0.7766534092604581
AC + active filter/storage,1.8288963470342587
AC + active filter/storage,0.8404236484501104
AC + active filter/storage,0.7547279561322044
AC + active filter/storage,1.0312689480035047
AC + active filter/storage,0.883549202767484
AC + active filter/storage,0.5013851340385479
AC + active filter/storage,1.038866546251527
AC + active filter/storage,0.8694708128548103
AC + active filter/storage,0.852051868175781
AC + active filter/storage,1.2917070150013916
AC + active filter/storage,0.8492346082654106
AC + active filter/storage,1.3200776506873342
AC + active filter/storage,1.040461418462304
AC + active filter/storage,1.4208374843512506
AC + active filter/storage,0.9118574645241444
AC + active filter/storage,0.7850439676565963
AC + active filter/storage,1.3240291505339856
AC + active filter/storage,0.47939405487143677
AC + active filter/storage,0.8494227115093311
AC + active filter/storage,1.3469617708642079
AC + active filter/storage,0.8002396347777746
AC + active filter/storage,1.0415837203657068
AC + active filter/storage,1.0652479962491026
AC + active filter/storage,1.0577341140843841
AC + active filter/storage,0.7430275742772846
AC + active filter/storage,2.0748777666310425
AC + active filter/storage,1.547288451363734
AC + active filter/storage,0.7619718538852983
AC + active filter/storage,1.141084658280939
AC + active filter/storage,0.434476030133529
AC + active filter/storage,1.5032443410694458
AC + active filter/storage,1.2792758327182385
AC + active filter/storage,0.5151902978299652
AC + active filter/storage,0.5323188423919353
AC + active filter/storage,1.0759426182469105
AC + active filter/storage,0.8939593848271203
AC + active filter/storage,1.4639773793468511
AC + active filter/storage,0.989948835568912
AC + active filter/storage,0.9260111444332396
AC + active filter/storage,1.163955564007404
AC + active filter/storage,1.0166402280281575
AC + active filter/storage,1.8959524894943027
AC + active filter/storage,1.0946077137350076
AC + active filter/storage,1.0918282451219092
AC + active filter/storage,1.5855549707815257
AC + active filter/storage,1.2219603815074684
AC + active filter/storage,0.46402397344523527
AC + active filter/storage,0.9943319499671881
AC + active filter/storage,1.3170745439487388
AC + active filter/storage,1.2874041114696981
AC + active filter/storage,0.4815816148195069
AC + active filter/storage,0.5620555925079642
AC + active filter/storage,0.8461313430390411
AC + active filter/storage,0.43271352128608337
AC + active filter/storage,0.45486744656500966
AC + active filter/storage,0.7140430960411219
AC + active filter/storage,1.4956259343583564
AC + active filter/storage,0.7449824242323949
AC + active filter/storage,1.1218111902226344
AC + active filter/storage,1.4311455190485
AC + active filter/storage,0.5705471123360049
AC + active filter/storage,0.9384443648754827
AC + active filter/storage,0.9906319821519382
AC + active filter/storage,0.7862944610257997
AC + active filter/storage,1.7011187619022847
AC + active filter/storage,1.1168617135208647
AC + active filter/storage,0.6309440380981239
AC + active filter/storage,0.9141380531140257
AC + active filter/storage,1.6054277597877236
AC + active filter/storage,0.869594469524619
AC + active filter/storage,0.9291972614506024
AC + active filter/storage,0.6022679650798156
AC + active filter/storage,1.2792168635696672
AC + active filter/storage,1.1839538230808746
AC + active filter/storage,0.966528730737616
AC + active filter/storage,0.743202174446976
AC + active filter/storage,1.0216639123043605
AC + active filter/storage,0.6519109816644175
AC + active filter/storage,1.4918402830831932
AC + active filter/storage,1.278005572596596
AC + active filter/storage,1.301106491241928
AC + active filter/storage,0.8529271871810675
AC + active filter/storage,0.6495308359337879
AC + active filter/storage,0.4589930495420372
AC + active filter/storage,1.1538095906513417
AC + active filter/storage,0.7998627333153551
AC + active filter/storage,1.4702315994272335
AC + active filter/storage,0.9637165038219655
AC + active filter/storage,1.5907360492658413
AC + active filter/storage,0.82422849072615
AC + active filter/storage,0.8221751591426119
AC + active filter/storage,0.6335288038912005
AC + active filter/storage,0.635758614913445
AC + active filter/storage,0.5703143437186132
AC + active filter/storage,1.045165132905069
AC + active filter/storage,0.7860059533184371
AC + active filter/storage,0.8530093328176718
AC + active filter/storage,0.9669007271014918
AC + active filter/storage,0.6998632973803993
AC + active filter/storage,1.6430052857195454
AC + active filter/storage,0.6826166477476924
AC + active filter/storage,1.2403278242150266
AC + active filter/storage,1.1287932502521842
AC + active filter/storage,0.786774087688864
AC + active filter/storage,0.4080457798496163
AC + active filter/storage,1.4026347382542586
AC + active filter/storage,1.1837234236571585
AC + active filter/storage,0.6009809309370294
AC + active filter/storage,0.9021616633389816
AC + active filter/storage,0.5905054477565448
AC + active filter/storage,0.5318694576059075
AC + active filter/storage,0.6367044849054845
AC + active filter/storage,0.9975176052859115
AC + active filter/storage,0.896165277093761
AC + active filter/storage,0.6632443595325339
AC + active filter/storage,0.7497220359823569
AC + active filter/storage,0.5396893828769237
AC + active filter/storage,0.7746818541943551
AC + active filter/storage,0.7265252259337975
AC + active filter/storage,0.5732283627217692
AC + active filter/storage,0.8507112071020497
AC + active filter/storage,0.7115709880231236
AC + active filter/storage,1.2038486039005334
AC + active filter/storage,1.1091953439603244
AC + active filter/storage,0.9542709078430623
AC + active filter/storage,1.0355923724303873
AC + active filter/storage,0.9215779205387019
AC + active filter/storage,1.3732186960397796
AC + active filter/storage,0.8969047378490631
AC + active filter/storage,0.7703135634128144
AC + active filter/storage,0.8233050761302761
AC + active filter/storage,2.095906579156706
AC + active filter/storage,0.7461442558917083
AC + active filter/storage,1.6385118164188177
AC + active filter/storage,1.5539581122654418
AC + active filter/storage,1.961836220960187
AC + active filter/storage,0.6207264939920768
AC + active filter/storage,0.657157827754124
AC + active filter/storage,1.2122796746569275
AC + active filter/storage,0.9015995125800973
AC + active filter/storage,1.2073002238880783
AC + active filter/storage,0.8691759758735179
AC + active filter/storage,1.0093314956678177
AC + active filter/storage,0.6501179460187733
AC + active filter/storage,1.6076301161048867
AC + active filter/storage,1.030415307069697
AC + active filter/storage,1.849376867551637
AC + active filter/storage,1.0230847727904995
AC + active filter/storage,0.8776544314076823
AC + active filter/storage,0.8452689524923731
AC + active filter/storage,0.5823562727922397
AC + active filter/storage,1.3535533636422883
AC + active filter/storage,1.4222465693936974
AC + active filter/storage,0.9866899301307318
AC + active filter/storage,0.8565346101356901
AC + active filter/storage,0.9983231558073761
AC + active filter/storage,0.9050774151582291
AC + active filter/storage,0.4547699531740593
AC + active filter/storage,0.5057559327701918
AC + active filter/storage,1.5737315934756644
AC + active filter/storage,0.4827058161390985
AC + active filter/storage,1.0849773740639377
AC + active filter/storage,0.72235898105462
AC + active filter/storage,1.018220004867969
AC + active filter/storage,1.0377843714754162
AC + active filter/storage,0.6023347129057074
AC + active filter/storage,1.2399234731997026
AC + active filter/storage,1.1537190931019048
AC + active filter/storage,0.7123254097056082
AC + active filter/storage,0.8152644025999527
AC + active filter/storage,1.1229914073409775
AC + active filter/storage,0.7262166813201957
AC + active filter/storage,1.1378927954041844
AC + active filter/storage,1.958890472892183
AC + active filter/storage,1.4343175881189105
AC + active filter/storage,1.259923884654208
Local SST,1.0910475695192412
Local SST,0.49377305064180316
Local SST,0.7156467960495739
Local SST,0.323037951050222
Local SST,0.4162093757399317
Local SST,1.0636694588017874
Local SST,0.8571077527122855
Local SST,0.7857573462486869
Local SST,0.5259770976825617
Local SST,0.7159758810541141
Local SST,0.6326654149336226
Local SST,0.8441529755761413
Local SST,1.6526252721699124
Local SST,0.41960348749674176
Local SST,0.7735421683178945
Local SST,0.524635592363323
Local SST,0.6949448706378494
Local SST,0.5701540106119328
Local SST,0.5012659088346783
Local SST,1.2574496850979393
Local SST,0.9534711573471086
Local SST,0.7348231475894154
Local SST,1.1052332287014968
Local SST,1.2832168803697104
Local SST,1.5525633649730157
Local SST,0.8515242555538199
Local SST,1.0185566670663089
Local SST,1.3024424635726364
Local SST,0.966250090969045
Local SST,0.6107299606876808
Local SST,0.601367021948823
Local SST,1.2413441084094927
Local SST,1.6838155251679447
Local SST,0.7601937941329532
Local SST,0.7928182330172526
Local SST,1.0451282481954574
Local SST,0.8629753146152943
Local SST,1.169484230186022
Local SST,1.3248406346305126
Local SST,1.1369678780154095
Local SST,1.8502003740132804
Local SST,0.5881573595150041
Local SST,0.5540207205845488
Local SST,1.1525303855720057
Local SST,0.7720961386299515
Local SST,0.9045365681030786
Local SST,0.7403661582472623
Local SST,1.1586650182775462
Local SST,0.6586750690253061
Local SST,0.5137437387999755
Local SST,1.109761052751418
Local SST,0.7350763986012393
Local SST,0.7870846614302965
Local SST,0.8610074952206148
Local SST,0.7626084232914141
Local SST,0.7368000063657852
Local SST,0.8440733993870148
Local SST,0.9497888903719442
Local SST,0.8168668778260783
Local SST,0.6164776447996665
Local SST,0.8612722502227717
Local SST,0.8094133962195366
Local SST,0.672855343832368
Local SST,1.2684267504898257
Local SST,0.5964082060652037
Local SST,0.5455206858663928
Local SST,1.1325168298373687
Local SST,1.7443011164595834
Local SST,0.6085635666047854
Local SST,1.247114142874465
Local SST,1.4465472004599076
Local SST,0.6711671890015103
Local SST,0.8987301073905469
Local SST,1.9812134605378962
Local SST,0.4739779760099405
Local SST,0.5984653291966241
Local SST,0.5388609003794663
Local SST,0.6241243041443588
Local SST,0.723779907292222
Local SST,1.0418795124052558
Local SST,0.5150246763811025
Local SST,0.5251981641788754
Local SST,0.6571662578305609
Local SST,0.8470371937798368
Local SST,1.0402376308485624
Local SST,0.8532302504062782
Local SST,1.1685491585789347
Local SST,1.3468182912187516
Local SST,0.8911675137809092
Local SST,1.1023929974150277
Local SST,0.6844895773439005
Local SST,1.203316397186696
Local SST,1.3259028463468625
Local SST,1.1290500909370977
Local SST,0.7813482485033573
Local SST,2.5607877419364677
Local SST,1.106428817956232
Local SST,0.7466159613524905
Local SST,0.7979377666003851
Local SST,0.8228458766202936
Local SST,0.437699823913184
Local SST,0.6231649701456394
Local SST,1.076488416592406
Local SST,0.5609148511536726
Local SST,0.7623401002123349
Local SST,1.1674005977872377
Local SST,0.8120116213442005
Local SST,0.43624930653280414
Local SST,1.0512141084619633
Local SST,1.3102882265354006
Local SST,0.725016212500067
Local SST,0.5338812400487934
Local SST,1.2482696330201066
Local SST,1.1064325229806369
Local SST,1.0230283010386527
Local SST,1.1038464849891065
Local SST,0.3974126057504725
Local SST,0.5441891871074769
Local SST,1.1120212926726598
Local SST,0.8400254759449494
Local SST,0.6643146402279925
Local SST,0.9003019610948858
Local SST,0.5739492511281116
Local SST,1.3761781867942882
Local SST,1.5683227748030342
Local SST,0.7147707452751759
Local SST,1.0280066397554337
Local SST,0.4068777779743833
Local SST,0.9024106408381676
Local SST,0.48079863486468377
Local SST,1.1281434260840846
Local SST,0.6001728051326427
Local SST,0.433510968611582
Local SST,0.9175575582608446
Local SST,0.5535743930938103
Local SST,0.5742301753649258
Local SST,1.6516273655288674
Local SST,0.7611235474430414
Local SST,0.8888078639275109
Local SST,0.7890166523608003
Local SST,0.7368815107461961
Local SST,1.667165862654592
Local SST,0.7503102568758401
Local SST,0.6356021547866316
Local SST,1.209825740050361
Local SST,0.48972456763443184
Local SST,0.8931699438480318
Local SST,0.9665978001954912
Local SST,0.791270690034977
Local SST,1.306329255494036
Local SST,0.6306675804574546
Local SST,1.0023554954591343
Local SST,1.5371596687588096
Local SST,1.0495840163417578
Local SST,0.8841515054865535
Local SST,0.8475654375997559
Local SST,1.0245205885849742
Local SST,0.7181443939052438
Local SST,1.0566883129647715
Local SST,1.4152081348460457
Local SST,0.8246975123495452
Local SST,0.9073014747140421
Local SST,1.244070190326703
Local SST,1.5055219433875529
Local SST,0.4576825646849257
Local SST,0.6971402058278285
Local SST,1.0266131022034515
Local SST,1.515989824243075
Local SST,0.7654563225802755
Local SST,0.5922687032661915
Local SST,1.3477381448603227
Local SST,0.9292603338393013
Local SST,0.7126318611745082
Local SST,1.6053554882385492
Local SST,0.7419983366602874
Local SST,0.6231699326282865
Local SST,1.2838909190392864
Local SST,0.7400408292058933
Local SST,0.3380570318543183
Local SST,0.7052388825976932
Local SST,1.0238511334793619
Local SST,1.1825537168260414
Local SST,0.8906055892863898
Local SST,1.375184984964859
Local SST,0.9418254601527114
Local SST,0.4395638385024973
Local SST,1.1035000533059163
Local SST,1.6663040012007515
Local SST,1.205610456103515
Local SST,0.6754893487368031
Local SST,1.6842398379098573
Local SST,0.4975244366742645
Local SST,0.6580631069402341
Local SST,0.826382767104001
Local SST,0.6189245176920435
Local SST,1.1607815129523615
Local SST,1.2487237652681409
Local SST,1.3745421829130364
Local SST,0.7418401835013002
Local SST,1.474582817282572
Local SST,0.7148157205690546
Local SST,1.1110994289332663
Local SST,0.8500640319172962
Local SST,1.1457259349729627
Local SST,0.7260982852969725
Local SST,0.9652094335159519
Local SST,1.2030528881828635
Local SST,0.6711890396899981
Local SST,1.103638021767872
Local SST,0.9110886114642529
Local SST,0.5253880006736381
Local SST,0.797296462940719
Local SST,0.792625688684272
Local SST,1.0868896350900044
Local SST,0.919757992835321
Local SST,0.6805659332176609
Local SST,0.5357690608430945
Local SST,0.7268265840682593
Local SST,0.5299056579333346
Local SST,1.0401110584621636
Local SST,0.44595223892663155
Local SST,0.6999832989217785
Local SST,0.8341376759058093
Local SST,0.6910347564029884
Local SST,0.4742116746218298
Local SST,0.7213252501746299
Local SST,0.5929352583703756
Local SST,1.2364011802288715
Local SST,0.945079134092735
Local SST,0.6631100975026804
Local SST,0.5166596192139196
Local SST,0.8492683626220383
Local SST,1.3073825654295539
Local SST,1.6100726280155833
Local SST,1.6134454932894369
Local SST,1.001270651890085
Local SST,0.7006077154207585
Local SST,0.9752080071154299
Local SST,0.426282883687533
Local SST,0.46743498967416175
Local SST,0.7652119513101018
Local SST,0.7900686140329779
Local SST,0.5331712048684777
Local SST,0.8860928415599362
Local SST,0.8074453113562019
Local SST,1.3472659266773528
Local SST,0.6308690352411779
Local SST,0.6219960355488762
Local SST,0.5614392068316277
Local SST,1.0218629254275537
Local SST,1.3415934382974304
Local SST,0.8094349682152396
Local SST,0.9707402842028218
Local SST,0.9027397369284217
Local SST,0.7487759888097237
Local SST,1.1732073642086316
Local SST,0.6979815112881812
Local SST,0.8409175762412754
Local SST,0.9951453453997418
Local SST,1.0853889037393585
Local SST,0.9134543274787763
Local SST,0.7890340289489665
Local SST,1.1441621508913498
Local SST,1.3580947548409354
Local SST,0.9578999522862003
Local SST,0.7011551448102408
Local SST,0.8469244944137606
Local SST,0.62838615345282
Local SST,0.7751638638215098
Local SST,1.5364222074817
Local SST,0.8116797880996791
Local SST,0.7376618685286563
Local SST,2.4327252271893016
Local SST,0.9777895542570647
Local SST,0.6446557969882412
Local SST,0.7085767470356868
Local SST,0.6244972266902715
Local SST,1.2227959352575137
Local SST,0.7167210157879065
Local SST,1.0919336461992295
Local SST,0.7311213414686842
Local SST,0.47720427572002694
Local SST,0.48757846031673896
Local SST,0.8007240853700139
Local SST,1.2189478231847195
Local SST,0.6937076510533079
Local SST,1.1226200943774385
Local SST,1.2649576733573136
Local SST,1.1796797363750071
Local SST,1.2124675947513652
Local SST,0.5116253579832104
Local SST,0.4607482647059194
Local SST,0.5189161530822544
Local SST,0.7220953695165035
Local SST,0.5424714436640585
Local SST,1.2859148180765538
Local SST,0.6538409625553147
Local SST,1.517134284111599
Local SST,0.8963938933655573
Local SST,1.1275599850337599
Local SST,1.0273834251931278
Local SST,0.5999350266525467
Local SST,1.3812841373774398
Local SST,0.6634182595603327
Local SST,0.5527903986827305
Local SST,1.0368067832271544
Local SST,0.5733506080171009
Local SST,0.956412814224268
Local SST,0.8316526330219057
Local SST,0.45965140986655667
Local SST,0.43285763580107434
Local SST,1.1051944930676312
Local SST,0.6445428939119126
Local SST,1.1822967586476523
Local SST,0.4098648274012613
Local SST,0.5986884655727871
Local SST,0.9250644789292106
Local SST,0.6550899281049916
Local SST,1.9326982822888858
Local SST,0.7702619013036985
Local SST,0.7846449752613821
Local SST,0.8553904388424952
Local SST,1.2651155488804142
Local SST,0.5263412622866235
Local SST,0.6189467073905702
Local SST,0.9144482726533905
Local SST,0.7361469883830628
Local SST,0.7233951259765932
Local SST,1.689841670463413
Local SST,1.3717265190138916
Local SST,1.1243415104213565
Local SST,0.7606707227387804
Local SST,0.47562837975927436
Local SST,0.4396806468827873
Local SST,0.5853258219906988
Local SST,0.47391537246171284
Local SST,0.7903151071312235
Local SST,0.780999725349738
Local SST,0.7320208880039764
Local SST,0.6424353823736798
Local SST,0.5553997760925371
Local SST,0.7031531562248119
Local SST,0.8641713113358227
Local SST,1.4992558739036117
Local SST,0.4592557615845215
Local SST,0.6481074820804211
Local SST,0.7980006727912418
Local SST,0.9761230943897652
Local SST,2.124528404195002
Local SST,1.5738343350629698
Local SST,0.6299881004918214
Local SST,0.839836624120581
Local SST,0.5601777240428226
Local SST,0.8605651852334366
Local SST,1.112555113629553
Local SST,0.7697151221974446
Local SST,0.8191148833486558
Local SST,0.5851138544037326
Local SST,0.9918489998986276
Local SST,1.764685645128299
Local SST,1.0055667715785102
Local SST,0.6032193212091453
Local SST,1.0104709418440205
Local SST,1.048739582502847
Local SST,0.7890740946338471
Local SST,0.7264986346479445
Local SST,0.44901345268095394
Local SST,1.1330028238613048
Local SST,1.7881086865643039
Local SST,0.9646006219282568
Local SST,0.7099443102486839
Local SST,0.6158653627483721
Local SST,1.323485807089033
Local SST,0.9370102614115313
Local SST,0.973623852277592
Local SST,0.8349754579235373
Local SST,0.9186511396490412
Local SST,0.7680170042607227
Local SST,0.695128182140873
Local SST,0.7255112488778356
Local SST,0.7851627467940941
Local SST,0.9021030414850851
Local SST,0.8287774960779034
Local SST,1.0267757121830632
Local SST,0.8876111480743197
Local SST,0.6143404166016787
Local SST,0.8365749668406924
Local SST,0.6377798052808475
Local SST,1.0281604972653628
Local SST,0.9601100676045978
Local SST,0.6370247454971336
Local SST,0.45440553526246696
Local SST,0.686215569342327
Local SST,1.1339777785830107
Local SST,0.7257508158476776
Local SST,0.8418944725766763
Local SST,0.9299444919468658
Local SST,0.7916726590440437
Local SST,1.0492888437944832
Local SST,0.6297049743772621
Local SST,0.6100275731916209
Local SST,0.6071576023651383
Local SST,0.6978145154438643
Local SST,0.8285430440040636
Local SST,0.4931797290691624
Local SST,0.5110362050083955
Local SST,0.736205007755925
Local SST,1.4012228345682405
Local SST,0.5763132344832976
Local SST,0.7813197481115314
Local SST,0.9869282344082373
Local SST,0.5273340041032177
Local SST,0.8260456840890645
Local SST,0.7863454110642548
Local SST,0.5205270950658376
Local SST,1.0450232326479696
Local SST,0.8002006764796762
Local SST,1.4566850624032268
Local SST,1.5416147942859686
Local SST,1.9739042353569525
Local SST,1.1592444203909953
Local SST,0.5147732597798989
Local SST,0.7449357333260905
Local SST,0.688920000294743
Local SST,1.1515086963197438
Local SST,0.4344090554824207
Local SST,0.8254241793956884
Local SST,1.9068295482047188
Local SST,1.057933986804149
Local SST,1.071943807279567
Local SST,0.6881064858726331
Local SST,1.3008408025854499
Local SST,0.5524524288582624
Local SST,0.7117754661450146
Local SST,0.8208964287926802
Local SST,1.1606532409947736
Local SST,0.5532816854205895
Local SST,0.6408158428554943
Local SST,1.004098243786822
Local SST,0.7720289454038853
Local SST,2.0193739888739684
Local SST,1.0695580424821016
Local SST,1.282644089532486
Local SST,0.8679535904318447
Local SST,1.0032651255412457
Local SST,0.7444517407252004
Local SST,1.0689367102587897
Local SST,0.7469750074368847
Local SST,1.2930636020459148
Local SST,0.87840211736892
Local SST,0.772486616575209
Local SST,1.1475725150845828
Local SST,0.9162527875387833
Local SST,1.0112543781103038
Local SST,1.1769237973133428
Local SST,1.131551294853975
Local SST,0.6032129047375896
Local SST,0.8752999705704042
Local SST,0.484947661694209
Local SST,0.7570372962986345
Local SST,0.841568737897449
Local SST,1.5763673691979425
Local SST,1.1010226135673986
Local SST,1.0555930681837573
Local SST,0.6522705707017172
Local SST,0.8466580736098336
Local SST,0.5549055405973293
Local SST,0.7775165053540849
Local SST,0.6582903879108795
Local SST,1.0582462426538082
Local SST,0.7618414907586375
Local SST,0.5966370643554014
Local SST,0.8202086402126448
Local SST,0.6514375156357822
Local SST,1.2542121190383717
Local SST,0.8459669275961645
Local SST,1.077211052412765
Local SST,0.3424879101661127
Local SST,0.821161842819053
Local SST,1.144837965572677
Local SST,0.9592167092375704
Local SST,0.6729909241643731
Local SST,0.6559474715878142
Local SST,1.504632371734627
Local SST,0.8675659830843874
Local SST,0.9855221969247753
Local SST,0.54713926332647
Local SST,0.8465577424129074
Local SST,1.1418113688727458
Local SST,0.6982975041453452
Local SST,0.8377095370535035
Local SST,0.9820358488314457
Local SST,1.922828332931772
Local SST,1.3387067823921524
Local SST,1.186321836229703
Local SST,0.5165456169037385
Local SST,0.9252261044675305
Local SST,1.4280222756659304
Local SST,0.8676141707977438
Local SST,1.035695790859339
Local SST,1.6085686324903954
Local SST,0.6013499801829676
Local SST,1.0578441475953797
Local SST,0.7258736104886219
Local SST,0.7564215221829399
Local SST,1.0858794798740978
Local SST,1.24363331129301
Local SST,0.5888881133213052
Local SST,0.8744541902882296
Local SST,0.9550923420438656
Local SST,0.8721521200477557
Local SST,0.6935372570383187
Local SST,0.5381442078007594
Local SST,0.899697525593936
Local SST,0.7087913652497735
Local SST,0.5502685828552825
Local SST,1.1397061428998416
Local SST,0.8411326155039491
Local SST,1.3070595977322452
Local SST,0.66915650042629
Local SST,0.8583704211446246
Local SST,0.591049132525747
Local SST,1.0278998327203646
Local SST,0.41232711186748333
Local SST,0.7202072321138522
Local SST,0.9420576390757065
Local SST,0.48866236584636474
Local SST,0.7263431075042099
Local SST,0.7114081704533308
Local SST,0.56838887302276
Local SST,1.4193043762932134
Local SST,0.7161807951135243
Local SST,2.0387973309226757
Local SST,0.8185158192860771
Local SST,0.9487381514651656
Local SST,0.8982852092494508
Local SST,0.8169410461569717
Local SST,2.108286000707878
Local SST,1.0976740217879157
Local SST,0.828331303035244
Local SST,0.5659423430304589
Local SST,0.6531703072294213
Local SST,0.5986455227020127
Local SST,0.7209047346099932
Local SST,1.460728833929713
Local SST,0.7018422820861951
Local SST,1.4679653044563477
Local SST,1.1326055484097806
Local SST,0.8538071069705465
Local SST,0.746124735085021
Local SST,0.5872251524346924
Local SST,1.0319454954035938
Local SST,0.6063071376871372
Local SST,0.8242874075676435
Local SST,1.1398376887215393
Local SST,0.4058215307325347
Local SST,0.4212503512872995
Local SST,0.608565397594727
Local SST,0.6498849708317501
Local SST,0.9747424961597918
Local SST,1.546376932024274
Local SST,0.8561406465919743
Local SST,0.8750224775971878
Local SST,0.5075017674939593
Local SST,0.4514862157468461
Local SST,1.552978937254736
Local SST,0.8049945369310434
Local SST,0.7701764142145952
Local SST,0.7272191786535521
Local SST,0.96335167190741
Local SST,0.937979700280294
Local SST,1.048440316634323
Local SST,0.7844352243014646
Local SST,0.8661407392575358
Local SST,0.6270058295235512
Local SST,1.2873912470604922
Local SST,1.3928108593094657
Local SST,0.7335745578662454
Local SST,0.6426304973410643
Local SST,0.6354072761035928
Local SST,1.2472944462697655
Local SST,0.5052511591976837
Local SST,0.35964990415619164
Local SST,1.010779152037184
Local SST,0.9710886682835661
Local SST,0.7483847410686165
Local SST,0.5990198664565436
Local SST,1.1241541534840929
Local SST,0.8351160816021049
Local SST,0.7820489392312827
Local SST,1.5250373211445007
Local SST,0.5327552739913178
Local SST,0.9078899847309473
Local SST,0.5154764440714273
Local SST,0.9542720429809495
Local SST,0.717735051776768
Local SST,0.9009122345587284
Local SST,0.7066351971891917
Local SST,0.8226765756273601
Local SST,0.9622318129511133
Local SST,1.3311092422242108
Local SST,1.1018805782541898
Local SST,0.587447315266908
Local SST,1.0359920170585777
Local SST,0.5931704282813495
Local SST,0.7261868712078672
Local SST,1.2850238420554312
Local SST,0.7562779617179665
Local SST,0.4566112370909521
Local SST,0.5601446681683439
Local SST,0.6701788107560701
Local SST,0.4802717821152668
Local SST,0.7068547351715936
Local SST,0.6505175061233365
Local SST,0.5644087748802277
Local SST,0.6430481019415872
Local SST,0.8258553744858282
Local SST,1.2562345327442974
Local SST,0.605779482172389
Local SST,0.8110290452050054
Local SST,0.6713766777052331
Local SST,1.1252167091106409
Local SST,0.9972467670656617
Local SST,0.8954723098376521
Local SST,0.9251477313177766
Local SST,1.2903004949485282
Local SST,1.2061354080445121
Local SST,1.1434484929211577
Local SST,1.3046190718381718
Local SST,1.1283398547010801
Local SST,0.9543629994412739
Local SST,0.5220071627133961
Local SST,0.883695889492139
Local SST,0.7178984889429707
Local SST,0.7670975085600097
Local SST,0.6294969684549552
Local SST,0.8347104023039819
Local SST,0.8290413484731929
Local SST,0.8534066042689803
Local SST,0.46004086251585674
Local SST,0.6923482160627511
Local SST,0.6469459919297319
Local SST,0.7552356858524182
Local SST,0.663471554802361
Local SST,1.4225539072756388
Local SST,1.4764582794482495
Local SST,0.9281633046855104
Local SST,1.2848425284592904
Local SST,0.4014538002580253
Local SST,0.7178588903861303
Local SST,0.3817827020320055
Local SST,0.7757686596942918
Local SST,0.6060017126131125
Local SST,0.932749634618068
Local SST,0.7868391466194234
Local SST,1.9972353414490194
Local SST,0.6963641309369013
Local SST,0.9620180806904188
Local SST,0.7668292633391073
Local SST,0.524802948058981
Local SST,2.3421692733729778
Local SST,1.0996199878064876
Local SST,0.9346904065681154
Local SST,0.2940500170324677
Local SST,0.9067681769953756
Local SST,0.6730892331915554
Local SST,0.7563985946910207
Local SST,0.9728572958045235
Local SST,0.39152449783637683
Local SST,0.45909472350867947
Local SST,0.7959829586761303
Local SST,0.9159766241964263
Local SST,0.6457839884690001
Local SST,0.9274354925999795
Local SST,0.4842451978462373
Local SST,0.6954866486291239
Local SST,0.6462372753219652
Local SST,1.6319049403065162
Local SST,0.9868924065086082
Local SST,1.1013623079299288
Local SST,0.6111620269278212
Local SST,0.6637709278181207
Local SST,1.0221521116814938
Local SST,0.8365001597776145
Local SST,0.5883691494030842
Local SST,0.5301653288849535
Local SST,0.9209095569586202
Local SST,1.1943273203268148
Local SST,1.401386913164903
Local SST,0.588382581798032
Local SST,1.3031481715062265
Local SST,0.4258287007287428
Local SST,0.694811420616138
Local SST,1.0858900274015935
Local SST,1.2755145682643332
Local SST,0.6445701550844494
Local SST,1.6495917817771601
Local SST,1.094548327009169
Local SST,1.038281573917943
Local SST,1.0575407612810934
Local SST,0.5907696179912719
Local SST,0.5982329833017589
Local SST,0.8844803146250426
Local SST,0.6962388542105743
Local SST,0.6908705928337178
Local SST,0.5034413990784
Local SST,2.4722522281329664
Local SST,0.5303672875568655
Local SST,0.5753643227220689
Local SST,0.5830309798768394
Local SST,0.7072320168455353
Local SST,0.6084120009957575
Local SST,0.910627435765562
Local SST,0.5153101819222073
Local SST,1.5315548895126323
Local SST,0.46442224644536567
Local SST,0.9031767027515623
Local SST,1.0453738561466421
Local SST,0.9801468892852546
Local SST,1.361353437501969
Local SST,0.2864246446871292
Local SST,0.7815928298373032
Local SST,1.0295967189183564
Local SST,0.4550495092157831
Local SST,1.0251939563615997
Local SST,1.197594886273483
Local SST,0.6958009420614989
Local SST,1.1816916121581025
Local SST,0.40843801890619924
Local SST,0.902549481932622
Local SST,1.0009823288154753
Local SST,0.7004651080600173
Local SST,0.6831986869700746
Local SST,0.29720939379061795
Local SST,1.0375580978406165
Local SST,1.0013190020321348
Local SST,0.6511473852792216
Local SST,0.8370631344420767
Local SST,0.91522435939947
Local SST,1.02635536661945
Local SST,0.8876802867515201
Local SST,0.8156969720924051
Local SST,1.3745799995734795
Local SST,0.7551847784153585
Local SST,0.5364349176721154
Local SST,0.8700585887826144
Local SST,0.8011127810166185
Local SST,1.727695571449995
Local SST,0.39776063770540404
Local SST,1.4674877302165834
Local SST,1.091849665352789
Local SST,1.6187697417667661
Local SST,0.5611661411375667
Local SST,0.7530590904282637
Local SST,0.5276723080046339
Local SST,0.7771841023138784
Local SST,0.7920958397708635
Local SST,1.3202811702467276
Local SST,0.8465187004881032
Local SST,0.6070336190554347
Local SST,0.6776883901148969
Local SST,0.3917237111205388
Local SST,0.6842081177600656
Local SST,0.5060232535911281
Local SST,0.8731548660807094
Local SST,0.8941600848892732
Local SST,1.052278772039191
Local SST,0.5527107253048702
Local SST,0.6517841604932308
Local SST,0.8827651766047725
Local SST,0.6936797853407497
Local SST,1.0369128224759565
Local SST,1.0006808902177757
Local SST,1.160541102747365
Local SST,0.6230729464094618
Local SST,0.8905499179322133
Local SST,0.9257973487659724
Local SST,0.6758036716044094
Local SST,1.581452123716029
Local SST,0.77848979997174
Local SST,0.8117215216146094
Local SST,0.6704769144920053
Local SST,0.5171562326877489
Local SST,1.5337172342103853
Local SST,0.4094445077741046
Local SST,1.0163902225465968
Local SST,1.055816469001178
Local SST,0.9293156940929946
Local SST,0.6469892260733998
Local SST,0.8654714034429123
Local SST,0.44884922087986934
Local SST,0.9365800610623439
Local SST,1.1967936497615685
Local SST,0.4629124890441726
Local SST,0.48792181696940146
Local SST,0.6463017938135256
Local SST,0.6895406907638374
Local SST,1.2705522293032108
Local SST,1.0195658125538374
Local SST,0.7178260326057107
Local SST,0.5280379429459324
Local SST,0.5952258219883896
Local SST,0.7953480276736282
Local SST,0.8105216503612548
Local SST,0.9083776367698149
Local SST,1.1405930579919732
Local SST,0.5097792802956221
Local SST,0.5832041924943889
Local SST,1.8388129863391967
Local SST,0.938805532620147
Local SST,1.736468409713609
Local SST,0.7470820868248951
Local SST,0.7947315753686744
Local SST,0.7803477966143904
Local SST,1.126950064240985
Local SST,0.7018444870985032
Local SST,0.659477952943547
Local SST,0.5893043417664986
Local SST,0.9398926784124243
Local SST,0.6424173814744731
Local SST,0.6916185909744024
Local SST,0.7756125114666256
Local SST,1.3348295101003116
Local SST,0.6479912889185464
Local SST,0.4432889523691873
Local SST,0.735889451905464
Local SST,1.2972613127791217
Local SST,0.516757913355388
Local SST,0.6559082407757887
Local SST,0.8000722477068085
Local SST,0.8224549556981544
Local SST,1.0706638469968774
Local SST,0.8608822094867133
Local SST,0.5304084858420619
Local SST,0.8632992602450777
Local SST,0.8860137190367317
Local SST,0.669881633881186
Local SST,1.3016565158761666
Local SST,0.9459089408605352
Local SST,0.9034575127143195
Local SST,0.526228935236936
Local SST,0.7645630489771381
Local SST,0.9398863193949548
Local SST,0.8714340758423973
Local SST,0.4677446200871168
Local SST,0.4872247208069656
Local SST,1.4574499432138608
Local SST,0.6610926601356536
Local SST,1.2223539341156846
Local SST,1.3111005609470165
Local SST,1.069582079901904
Local SST,0.6897120517174574
Local SST,1.7946875379193958
Local SST,0.5557053212292485
Local SST,0.4750599152846808
Local SST,1.3874913277265808
Local SST,0.5565413261068023
Local SST,0.598454854381463
Local SST,0.7485397173724793
Local SST,0.745115101122837
Local SST,1.713951974556955
Local SST,0.6082338442552104
Local SST,1.0541553458164061
Local SST,1.4554434186438505
Local SST,0.7726385331154833
Local SST,0.8743669221446647
Local SST,0.7715293281971105
Local SST,1.2415235255784915
Local SST,0.48147448905566514
Local SST,1.0143568622972101
Local SST,0.583813635987711
Local SST,0.5033634886586165
Local SST,0.538589716034611
Local SST,0.8700840948962366
Local SST,0.9016760986991796
Local SST,0.9676801372853652
Local SST,0.7316329310231391
Local SST,0.6952735823033028
Local SST,0.6642324080688691
Local SST,0.8166366822571826
Local SST,0.7376592556867907
Local SST,0.8153839553512454
Local SST,0.7757336265271231
Local SST,1.4084610764850733
Local SST,1.3845973202176118
Local SST,1.0628081497051474
Local SST,0.6383757791411642
Local SST,1.6488419701443924
Local SST,0.7784704984497512
Local SST,1.1011599315984306
Local SST,0.587349312306225
Local SST,0.7832270102299395
Local SST,1.058952310705749
Local SST,0.5494458415651002
Local SST,0.9000710581929839
Local SST,0.9249736479155386
Local SST,0.5948040264358845
Local SST,0.5430161138089868
Local SST,0.6930305159698177
Local SST,1.058265641088805
Local SST,1.2381902069583823
Local SST,0.7257024905005399
Local SST,1.6874259698276772
Local SST,0.8833007750228316
Local SST,0.7641570688869561
Local SST,1.3451345880302215
Local SST,0.6167380833993562
Local SST,0.9557116325819223
Local SST,0.7698668929339385
Local SST,0.38733911508409963
Local SST,0.7172732443769093
Local SST,0.7306675223824312
Local SST,1.3289414498616217
Local SST,0.8944089601956428
Local SST,0.35290059126547857
Local SST,0.5445839391098508
Local SST,0.5537219021895862
Local SST,0.7744424287341186
Local SST,0.552978183775028
Local SST,1.2021966588599382
Local SST,0.7104721222154925
Local SST,0.4876527871061262
Local SST,0.6213115619716303
Local SST,1.3938420214702227
Local SST,0.9834798980797177
Local SST,1.5718520779251155
Local SST,1.1053474468267168
Local SST,0.6161936615997938
Local SST,1.4302396090544123
Local SST,0.8178189574485423
Local SST,0.4327561316100748
Local SST,0.7163151989463755
Local SST,0.6449700755027287
Local SST,1.0251832561767713
Local SST,1.1261002471223203
Local SST,1.1661422981011695
Local SST,1.039283311750815
Local SST,0.6515956629110925
Local SST,1.22913032881274
Local SST,0.8114830502684771
Local SST,1.2276678117198767
Local SST,0.6746430031341403
Local SST,0.8898210117375548
Local SST,0.5466050422287367
Local SST,0.5441779083856813
Local SST,0.7169782130145687
Local SST,0.6085469457964421
Local SST,1.4982501024204484
Local SST,0.7572397935604008
Local SST,1.1761151322924985
Local SST,0.5366324022319039
Local SST,0.5032202876951472
Local SST,1.100926651543519
Local SST,1.020376849347637
Local SST,0.6314980295396729
Local SST,1.153848052422611
Local SST,0.7287907451743867
Local SST,0.5553484762205833
Local SST,0.754777200247161
Local SST,0.7769565656400713
Local SST,1.0352611784168495
Local SST,0.7032001010819954
Local SST,0.864230169156571
Local SST,0.5103346095256397
Local SST,0.5136926011289015
Local SST,0.5485834490177082
Local SST,1.7173882430266876
Local SST,0.9502651190879279
Local SST,0.9844270067168008
Local SST,0.5988620611871655
Local SST,0.9490277537781998
Local SST,0.5469719722420471
Local SST,0.6676159460407037
Local SST,1.4768005835464828
Local SST,0.6766377985647255
Local SST,0.8455411367859963
Local SST,1.1969763560793423
Local SST,0.47024904447353116
Local SST,0.9069985869761774
Local SST,1.257488618310517
Local SST,1.0557320712410176
Local SST,0.46911593812839636
Local SST,0.887110504661058
Local SST,0.719853971140809
Local SST,0.4881446507041998
Local SST,1.2926012660724597
Local SST,0.5491183249451962
Local SST,0.40735725358941316
Local SST,0.8712170581433275
Local SST,1.0005306858327472
Local SST,1.2076534638045389
Local SST,0.7782486582901672
Local SST,0.8688225480925407
Local SST,0.8603482696315662
Local SST,0.7122145180774739
Local SST,0.8468320260895313
Local SST,0.6824954724126904
Local SST,0.8090781715126888
Local SST,0.7506424393428028
Local SST,0.9448854083323033
Local SST,0.9035251127807179
Local SST,0.6253651557589572
Local SST,0.819856585092096
Local SST,1.1538382261657096
Local SST,0.6082990569011362
Local SST,0.6210019051505445
Local SST,0.701861873407568
Local SST,0.6469422345057879
Local SST,0.7989135759769693
Local SST,1.1060209531163157
Local SST,0.7367532048916362
Local SST,1.1171212567219486
Local SST,0.8644478998525229
Local SST,1.3982058813382283
Local SST,1.329451229448449
Local SST,0.5454928826173739
Local SST,0.4568230688451568
Local SST,1.2636110576904431
Local SST,1.0198733201552592
Local SST,0.6057786521721362
Local SST,0.758778196562227
Local SST,0.6645428505332761
Local SST,0.877817687575307
Local SST,0.8908263480545253
Local SST,0.5117194613012612
Local SST,0.7522263584740104
Local SST,0.6217956245706141
Local SST,0.766282420311488
Local SST,0.7905941050045436
Local SST,0.9675933486046708
Local SST,0.43683844673963196
Local SST,0.5824914346758224
Local SST,1.2280328839929517
Local SST,1.2194651366362854
Local SST,1.1900764079546655
Local SST,0.9011245452355517
Local SST,0.5185642841963393
Local SST,1.0310611833054815
Local SST,0.7295266818016215
Local SST,0.9725625179510455
Local SST,1.089531207560989
Local SST,0.7381303037315855
Local SST,0.6533265844235807
Local SST,1.0734808249950656
Local SST,1.471466194459216
Local SST,0.8561114079571143
Local SST,1.2071021482649467
Local SST,1.1179429480236074
Local SST,0.7593136532607909
Local SST,0.7440980129501242
Local SST,0.4970653541830996
Local SST,1.3376395940932102
Local SST,1.6957195052165281
Local SST,0.6324267452911677
Local SST,0.8549026102478109
Local SST,0.9811935189740737
Local SST,0.48312658354844884
Local SST,0.5674833991881095
Local SST,0.792751500331185
Local SST,0.5885876721710926
Local SST,0.4499735960516777
Local SST,0.957188973329835
Local SST,0.7423188632177186
Local SST,0.5469336686601064
Local SST,1.2388102335490139
Local SST,0.7116569527755003
Local SST,0.9409966858842717
Local SST,0.6125355125283434
Local SST,0.520863069744188
Local SST,0.574536800943633
Local SST,0.7184348503648139
Local SST,0.9045776094023779
Local SST,0.48495342850965556
Local SST,1.0762439487266764
Local SST,1.234835471564195
Local SST,0.3787261929666128
Local SST,0.44601264115795164
Local SST,0.8081394992395157
Local SST,0.7933417123309321
Local SST,0.8036481947150509
Local SST,1.0307674218800345
Local SST,1.1592238156523782
Local SST,0.5933996281282818
Local SST,0.5317638927366835
Local SST,0.5231581557402114
Local SST,1.1481592589456702
Local SST,1.7461711076547868
Local SST,0.8638913733230386
Local SST,1.178431423622071
Local SST,0.59046358727569
Local SST,1.268580244919378
Local SST,0.6538726241962497
Local SST,0.5302945016169741
Local SST,0.7372318662229487
Local SST,1.4535708723693377
Local SST,1.8998423887996587
Local SST,0.5722588131383273
Local SST,0.7735082259262425
Local SST,0.5809256101615728
Local SST,0.5195135066685208
Local SST,0.814492514357381
Local SST,0.7536805740346549
Local SST,0.5907883203575885
Local SST,1.2317372276921787
Local SST,1.0406640888440153
Local SST,0.807492594223964
Local SST,0.7663772668825053
Local SST,0.6020414113119966
Local SST,0.5882963747258212
Local SST,1.0614033934129978
Local SST,0.5602533690855338
Local SST,0.3850135056232741
Local SST,0.44458444610888354
Local SST,0.5806763334593074
Local SST,0.6663349481966458
Local SST,0.8774518572249375
Local SST,0.729950505943051
Local SST,1.5271337330892427
Local SST,0.7640498057016467
Local SST,0.6092532187867548
Local SST,1.2318134774093727
Local SST,0.9919430613077515
Local SST,0.4449167550026848
Local SST,0.6214569739642916
Local SST,0.8065118895062142
Local SST,0.6717798415607084
Local SST,0.4946108695958074
Local SST,0.44919881932947026
Local SST,0.6296660718838129
Local SST,1.1038409997471208
Local SST,1.612724555614222
Local SST,0.46010513272554265
Local SST,0.626714220637252
Local SST,0.5382272535339662
Local SST,0.5712775253081362
Local SST,0.5943478472842937
Local SST,1.842494229780268
Local SST,0.857724738014608
Local SST,0.3376602216224551
Local SST,0.558663256971945
Local SST,0.859551631154632
Local SST,0.6376285748299414
Local SST,1.8292988864650201
Local SST,0.7570056912393476
Local SST,0.7784867848267274
Local SST,0.6380295864288579
Local SST,1.4782220429139143
Local SST,0.554905776919038
Local SST,0.6753173320175017
Local SST,0.507943162689403
Local SST,1.048967145923843
Local SST,0.5659952920076533
Local SST,1.2590974736771492
Local SST,0.8764399015366023
Local SST,1.1525509592773209
Local SST,1.0494699303345583
Local SST,0.7901800827822547
Local SST,1.039966071846468
Local SST,0.8177380441433956
Local SST,1.0364993775089961
Local SST,0.7347858705660251
Local SST,0.4604176059664432
Local SST,0.7697512415104366
Local SST,1.0006191484896614
Local SST,1.374037329213156
Local SST,0.8209512054283361
Local SST,1.0724086017473078
Local SST,1.2731636360182474
Local SST,0.5153292415951685
Local SST,2.1428366183681966
Local SST,0.6707430818525549
Local SST,1.0040877363319252
Local SST,1.3548823100328233
Local SST,1.7216348599851816
Local SST,1.5908641332895055
Local SST,0.506495671582668
Local SST,0.8438034247961008
Local SST,1.3363978601695536
Local SST,2.0158012464751964
Local SST,0.7129148842921029
Local SST,0.7863590492914357
Local SST,0.7460502276514137
Local SST,0.8946236923057024
Local SST,1.0788952609781746
Local SST,0.8480874021405949
Local SST,1.5451252519031924
Local SST,0.6149138703097664
Local SST,0.923108556680454
Local SST,1.1050215573712145
Local SST,1.0625054942328447
Local SST,0.7251084619656962
Local SST,0.4945036832531482
Local SST,0.980888955825062
Local SST,0.5337700218370253
Local SST,0.8095399844304854
Local SST,1.1952598948966686
Local SST,0.8799975219931281
Local SST,0.7912852370611569
Local SST,0.9571114227129053
Local SST,0.7175055065092061
Local SST,1.0185848407390965
Local SST,1.2871738060010298
Local SST,1.113667613433097
Local SST,1.127367201378646
Local SST,0.6592751355787975
Local SST,0.6366274357336232
Local SST,0.8831871126993733
Local SST,0.5168737120157373
Local SST,1.0020312891641878
Local SST,0.7956013131074943
Local SST,1.0262319801167412
Local SST,0.7409355992028167
Local SST,0.7192857198953986
Local SST,0.6435474673903384
Local SST,0.43162161384258724
Local SST,1.3752939623491165
Local SST,0.5201850758091479
Local SST,1.266365106856966
Local SST,0.3928408706525156
Local SST,1.7504062586986573
Local SST,0.8117818935549203
Local SST,0.43967953422498224
Local SST,0.776759018105344
Local SST,0.7095187805166574
Local SST,0.8119936014419491
Local SST,1.513898486820603
Local SST,0.7536597604174826
Local SST,0.5296577869063697
Local SST,0.7689909736090904
Local SST,0.9879095668504723
Local SST,0.4545481310513555
Local SST,1.107461723957147
Local SST,0.9829262697943194
Local SST,1.0766691322938822
Local SST,1.261949612357221
Local SST,0.755011384331709
Local SST,0.7381375067674087
Local SST,0.6392640211775008
Local SST,0.7515553746826753
Local SST,0.6566628880642905
Local SST,0.8334913827444078
Local SST,0.8106504529780874
Local SST,1.4146505941138627
Local SST,0.7955410699231544
Local SST,0.45441265735235137
Local SST,0.8278888783404694
Local SST,0.9896903850823399
Local SST,0.736352005639062
Local SST,0.5560925766380256
Local SST,1.3234260756346217
Local SST,0.9326647922109301
Local SST,1.31692235362508
Local SST,0.803402818752606
Local SST,0.5797892770854727
Local SST,0.880760948294456
Local SST,1.108769337107205
Local SST,1.3631477782642765
Local SST,0.5677402399179625
Local SST,0.9546104335729325
Local SST,0.6825468318117431
Local SST,1.3114468984729943
Local SST,1.005623800880474
Local SST,0.49061419311684784
Local SST,0.6771266291055263
Local SST,0.8212934421550169
Local SST,0.5958580384639213
Local SST,0.5658572495949796
Local SST,0.6891778773104908
Local SST,0.6737272998362879
Local SST,0.6229882021456503
Local SST,1.546526918528141
Local SST,0.7393316262650914
Local SST,0.7107005470376193
Local SST,0.6927420827529054
Local SST,1.0198056722660411
Local SST,1.5239833011570771
Local SST,0.9822491156602323
Local SST,0.61502866307829
Local SST,0.7249395455428691
Local SST,0.7361894288232959
Local SST,0.773007823424929
Local SST,0.9020011014750723
Local SST,1.2256783732628693
Local SST,0.9101748900257478
Local SST,0.9989485122209221
Local SST,0.47424342996810104
Local SST,1.4851412797874481
Local SST,0.6029922410583625
Local SST,1.170286549360939
Local SST,1.3124430837372685
Local SST,0.5797203904164954
Local SST,0.8800794227342512
Local SST,0.563639448569926
Local SST,1.4621473676869199
Local SST,0.4817761356570841
Local SST,0.5491757535201671
Local SST,1.0309073810066567
Local SST,0.6377977138378793
Local SST,1.0680709691853343
Local SST,0.559880854645255
Local SST,0.624796907919109
Local SST,1.1811181346113218
Local SST,0.6013265626418859
Local SST,0.5713489398482636
Local SST,0.8901299115645153
Local SST,0.5989654400219299
Local SST,1.3878800332202728
Local SST,0.5651646472495856
Local SST,0.6313174735164122
Local SST,0.9418609690070198
Local SST,0.8743049915355631
Local SST,1.2689010865884585
Local SST,1.0264678666563465
Local SST,0.8875440274950235
Local SST,0.47685460098405574
Local SST,0.7473258437081922
Local SST,0.7200640019524742
Local SST,1.0511586762428586
Local SST,0.5391858826348394
Local SST,1.133434233573245
Local SST,0.5309328031347101
Local SST,0.8105376283596586
Local SST,0.8073677408863651
Local SST,0.8131720092491304
Local SST,0.4099990398127021
Local SST,0.8047690124962324
Local SST,0.814609792642989
Local SST,1.028828062202895
Local SST,0.3467474810175916
Local SST,0.7738109086584024
Local SST,0.4086626856012015
Local SST,0.5169039858912503
Local SST,1.5407141388499366
Local SST,1.3054832367309446
Local SST,0.6889651636995993
Local SST,0.6750952496595664
Local SST,0.7244640204794531
Local SST,1.019909751679442
Local SST,0.753703535183518
Local SST,1.1213954023098458
Local SST,0.4537315672073238
Local SST,1.226711364311652
Local SST,1.015385289892376
Local SST,0.5835315177285795
Local SST,1.264291056245837
Local SST,0.43912678569728814
Local SST,0.46802658251447177
Local SST,1.6567878324358933
Local SST,0.8895229655904978
Local SST,0.6330108674846634
Local SST,0.8978799042531485
Local SST,1.1261839420313
Local SST,0.7705054331687851
Local SST,1.8349003927457677
Local SST,0.6932986724433987
Local SST,1.387277469830707
Local SST,0.7577562468609035
Local SST,1.2036765891303862
Local SST,0.6395079369603294
Local SST,0.5671596239814289
Local SST,0.5471162641167153
Local SST,0.6902945702579981
Local SST,0.7521988784182778
Local SST,0.7977124067950758
Local SST,0.8346626748444663
Local SST,0.57032379618213
Local SST,1.26604375484773
Local SST,0.9965533828938649
Local SST,0.7859606718274765
Local SST,1.4537836839605265
Local SST,0.5334275038134544
Local SST,1.2528562175395683
Local SST,0.8670585380868613
Local SST,0.9658958676022983
Local SST,0.9008895870121141
Local SST,1.197840154756801
Local SST,0.6826988850257633
Local SST,1.0836756167463837
Local SST,0.6958407717069341
Local SST,0.7166495919558967
Local SST,0.7568178821210101
Local SST,0.7208053342453491
Local SST,0.6024636221201112
Local SST,1.4300104925020727
Local SST,1.3463458208729249
Local SST,0.7354679482214767
Local SST,0.6158323721073284
Local SST,0.6323679211335959
Local SST,0.7224197684771795
Local SST,0.9415154024509683
Local SST,0.549454319728334
Local SST,0.5191320480667433
Local SST,1.0409192179422229
Local SST,0.5506769973651335
Local SST,1.1609043354563715
Local SST,2.1248453269623107
Local SST,1.3585701413029152
Local SST,0.660432853822581
Local SST,0.9041534383466499
Local SST,0.594803270077733
Local SST,1.0794625009469925
Local SST,0.908814133461952
Local SST,1.2461190583342385
Local SST,0.519929189347383
Local SST,0.9349017379925861
Local SST,0.7843503721865122
Local SST,1.4297909372237443
Local SST,0.8477087195795182
Local SST,1.0264875585253372
Local SST,0.7930194466193822
Local SST,1.1272301798732984
Local SST,0.8970527647934242
Local SST,1.0947146674927186
Local SST,1.2844191748227622
Local SST,1.4408527790310923
Local SST,0.7738450813703392
Local SST,0.9445077278468559
Local SST,0.974732451511362
Local SST,1.4581206141485694
Local SST,0.9819693405235859
Local SST,0.6711161386850124
Local SST,1.2246653364272737
Local SST,0.7647032909374047
Local SST,1.2036302341422291
Local SST,0.7657442390890017
Local SST,0.7337890305487644
Local SST,0.5074455846524898
Local SST,1.1794884928879081
Local SST,0.8891785742174104
Local SST,0.8579456559752282
Local SST,0.8996306430016339
Local SST,0.6363959549642819
Local SST,0.6354566351974839
Local SST,1.2452985076525371
Local SST,0.5178239063990232
Local SST,0.8353065140787223
Local SST,0.6720395008130681
Local SST,0.6841099544865568
Local SST,0.9006190712974887
Local SST,1.001847944020179
Local SST,0.3087437308590661
Local SST,1.1661337784997716
Local SST,1.03300515789434
Local SST,1.1234920952697205
Local SST,1.8275194328769067
Local SST,0.45951547485379085
Local SST,0.6605550620552683
Local SST,1.7370780847514986
Local SST,0.7642152462146617
Local SST,0.7093784681217198
Local SST,0.7417450313022227
Local SST,0.7756677606112985
Local SST,1.0225493129846404
Local SST,0.7963855188394415
Local SST,0.5375259391028566
Local SST,0.6838557464279522
Local SST,0.7915583022770872
Local SST,0.42932330825968196
Local SST,0.9989902894509248
Local SST,0.23476746014392397
Local SST,1.355132624938658
Local SST,0.6433872436870101
Local SST,1.2376133893702763
Local SST,1.2497186619022356
Local SST,0.4735381273960757
Local SST,0.9912633998207606
Local SST,0.5997656651355644
Local SST,0.5186173772444593
Local SST,0.4132748501328076
Local SST,0.5287381248894876
Local SST,1.090607310572919
Local SST,1.3617184749742208
Local SST,1.379302355361592
Local SST,1.894710075455443
Local SST,0.6675575978510182
Local SST,0.48384554971772953
Local SST,0.9210402484478066
Local SST,0.6742339151206317
Local SST,0.3810912156888161
Local SST,0.9094503648522085
Local SST,1.2369929832393998
Local SST,0.4633850640409363
Local SST,1.041875377739879
Local SST,0.9623220003732608
Local SST,1.2279774338583405
Local SST,0.6062951277596513
Local SST,1.370682218431457
Local SST,0.620246559869138
Local SST,1.495842947497209
Local SST,1.6546609674204396
Local SST,2.169068033963128
Local SST,1.0814214484720397
Local SST,1.393852799582251
Local SST,1.3646988427417042
Local SST,0.5120974314315364
Local SST,0.7867317976096893
Local SST,0.8835427094073479
Local SST,0.5326639735854505
Local SST,0.7728387460785442
Local SST,1.0123504440380955
Local SST,0.6479991605000546
Local SST,0.8716404866987983
Local SST,0.9092232324692564
Local SST,0.6955149709606868
Local SST,0.8790330523457478
Local SST,0.4684222719172851
Local SST,0.6478184291344548
Local SST,0.895316996484454
Local SST,0.8873320587078136
Local SST,0.9257360570495626
Local SST,1.047964466104258
Local SST,0.43993744002852625
Local SST,0.4633128691290884
Local SST,1.0229439387293742
Local SST,0.5530058161501346
Local SST,0.6931492709723401
Local SST,1.3865610901258614
Local SST,0.6718875845109067
Local SST,0.95526516759396
Local SST,0.8752595108327016
Local SST,0.5708406824908624
Local SST,1.7131925468137545
Local SST,0.9036808677833553
Local SST,1.5972156445319128
Local SST,0.988146068915377
Local SST,0.5308097702325595
Local SST,0.5193728666686134
Local SST,1.0546588248201734
Local SST,1.0687776989774462
Local SST,1.3567705267464887
Local SST,0.707879773415447
Local SST,0.9327382137074844
Local SST,0.9058059872366392
Local SST,0.7836330217161839
Local SST,0.9013982640003123
Local SST,1.1700180068157162
Local SST,0.5708047146260302
Local SST,0.6966454422113091
Local SST,0.8181333810117793
Local SST,0.6536093145045142
Local SST,1.101816088966732
Local SST,1.2712526010247132
Local SST,0.9773071955815763
Local SST,1.103645743314527
Local SST,0.584010390400272
Local SST,0.9628148658672244
Local SST,0.48590021079902707
Local SST,0.6349837190736
Local SST,0.8049357778584183
Local SST,0.7998321085123345
Local SST,0.6900391921629909
Local SST,0.6379057370891484
Local SST,1.0288124396541212
Local SST,0.6832571628648426
Local SST,0.8635269437183806
Local SST,1.0765125829428088
Local SST,0.479022002802152
Local SST,0.5618637524245841
Local SST,0.6103326352171646
Local SST,1.0955131099699553
Local SST,1.1685627025943206
Local SST,0.5977905418598336
Local SST,0.9271390263508041
Local SST,0.6256930280565343
Local SST,1.1470461713972637
Local SST,0.5328943456699103
Local SST,0.7294063298082191
Local SST,1.2286917550936731
Local SST,0.38475164813277024
Local SST,0.4491828064553459
Local SST,0.511140304719086
Local SST,0.642401675634999
Local SST,0.7119399130445704
Local SST,0.8702128097668911
Local SST,0.567208258911565
Local SST,0.9399051580082631
Local SST,0.6696735032105452
Local SST,1.2443594428910056
Local SST,0.6549031748322197
Local SST,0.8364317688859645
Local SST,1.6721146106357319
Local SST,0.8311798922120225
Local SST,1.380684795210758
Local SST,0.6739300417655271
Local SST,0.6345920259657584
Local SST,1.004045594326607
Local SST,0.8948267177687392
Local SST,0.5589275353195927
Local SST,1.0386437586509947
Local SST,0.5581961058000289
Local SST,0.47757192634526685
Local SST,0.8098588393727083
Local SST,1.2162334285340877
Local SST,1.0976056597776498
Local SST,1.2933034505687682
Local SST,1.2023375240846013
Local SST,0.9625025703537492
Local SST,1.0155912321353628
Local SST,1.6071981682432908
Local SST,0.8989387541648469
Local SST,0.6705316505637444
Local SST,0.8741318938881144
Local SST,0.5535552988411673
Local SST,1.5998110473932918
Local SST,0.5276058710222439
Local SST,0.9196296411837626
Local SST,0.9492593222750195
Local SST,0.667169685200567
Local SST,0.8680661058276474
Local SST,0.6614109172489632
Local SST,0.7942442173784657
Local SST,0.7887261869837277
Local SST,1.1929371357533318
Local SST,1.3047471364856182
Local SST,0.8883595930043979
Local SST,2.0554872309729424
Local SST,0.9288656914449998
Local SST,1.2494989797914564
Local SST,0.6864548827585867
Local SST,0.7863008855447453
Local SST,0.7647766305645785
Local SST,0.5956699553956577
Local SST,1.121057928018144
Local SST,1.075200094619855
Local SST,1.1387180657291829
Local SST,0.7603420829792524
Local SST,0.5946177051971446
Local SST,0.5900066947948591
Local SST,1.0753267416335137
Local SST,0.6196969140179671
Local SST,0.4326886852794959
Local SST,1.2066312961214838
Local SST,0.5926417716050129
Local SST,0.5262419907957304
Local SST,0.9737535400944277
Local SST,0.8597651023720169
Local SST,1.0235994868066265
Local SST,0.911024075287842
Local SST,0.5848145978166515
Local SST,0.7985033965627388
Local SST,1.6241626273840668
Local SST,1.0475025761993608
Local SST,0.464448154948421
Local SST,0.580261850149025
Local SST,1.1762738499845597
Local SST,0.6178449975871587
Local SST,0.798717308915379
Local SST,0.5517415023558475
Local SST,2.0959669409179686
Local SST,0.5195102076304248
Local SST,0.7437186467075629
Local SST,1.3216071094606163
Local SST,0.40067864888335464
Local SST,1.039217272259453
Local SST,0.5832867510108413
Local SST,0.7069544351752569
Local SST,1.0465251753845346
Local SST,1.011088518906971
Local SST,0.864966605261639
Local SST,0.6334230046478148
Local SST,0.6803496952959874
Local SST,0.5675240807521331
Local SST,0.7845248140481796
Local SST,0.6926711941636743
Local SST,1.315218224751152
Local SST,0.6810028674814818
Local SST,0.51116249833296
Local SST,0.9322575378043301
Local SST,1.2747478393653444
Local SST,0.6716685772959889
Local SST,0.4549292180183298
Local SST,0.6045070341593823
Local SST,1.0383689890702539
Local SST,0.46661201451542494
Local SST,0.8831380914426817
Local SST,1.1069561918785151
Local SST,0.9664271489491049
Local SST,1.1091041402508162
Local SST,0.51632180575046
Local SST,0.7242197887231685
Local SST,0.768373894682392
Local SST,0.5414704445281039
Local SST,1.1356286619849296
Local SST,0.5379164794704051
Local SST,1.0167502532489405
Local SST,0.5962890627362831
Local SST,1.3783372843041561
Local SST,0.8974788676711518
Local SST,0.588942015759643
Local SST,0.803035029251026
Local SST,0.679165353677762
Local SST,0.8874371505117188
Local SST,1.3440964307583045
Local SST,1.1588765137639787
Local SST,1.072139010121686
Local SST,1.0112797405207459
Local SST,0.8322220273402867
Local SST,0.660831279767667
Local SST,0.698415776378089
Local SST,0.6876133693347586
Local SST,0.49488707462516685
Local SST,0.9495318173213734
Local SST,0.917105218250606
Local SST,1.5073762289473849
Local SST,1.1955389198346582
Local SST,0.5357393031739539
Local SST,0.45058716231040963
Local SST,0.694873713169733
Local SST,0.4373999968973872
Local SST,0.5907401764491813
Local SST,0.8807151426359542
Local SST,1.1647930729931197
Local SST,0.5209303052442565
Local SST,0.9462737438153233
Local SST,0.5759615239018361
Local SST,1.8593898617645468
Local SST,1.1779206839642793
Local SST,0.9222746721506699
Local SST,0.4895460032835502
Local SST,1.1754271880448357
Local SST,0.6823605251597666
Local SST,0.3879816047094824
Local SST,1.165778077093148
Local SST,0.666606354160824
Local SST,0.8180047704452176
Local SST,1.1357488812204113
Local SST,0.6763692387665652
Local SST,1.5807105585166654
Local SST,1.0537498705547623
Local SST,0.6161943125944015
Local SST,0.7053288525208259
Local SST,0.837652812290788
Local SST,1.4282941098297823
Local SST,1.837135524777736
Local SST,1.4345957534758318
Local SST,0.9998271906967718
Local SST,0.9697884217522716
Local SST,0.6109436047289329
Local SST,0.6953795262073582
Local SST,0.6023900693488282
Local SST,0.8317354734577393
Local SST,0.7909274689527996
Local SST,0.6962812362575814
Local SST,0.46018209067135973
Local SST,0.7161713912157988
Local SST,0.919662480837855
Local SST,1.0652924521267702
Local SST,0.8477957129970974
Local SST,0.8043309038662928
Local SST,0.8628250883672708
Local SST,0.6853932532381078
Local SST,0.40185943434259586
Local SST,0.6383326553059143
Local SST,0.4252630509234988
Local SST,0.6463916045268501
Local SST,1.4653542336857541
Local SST,0.7582364135278279
Local SST,0.4532333093781703
Local SST,1.2536164284304987
Local SST,1.0187715837899858
Local SST,0.6291733002753628
Local SST,0.9716278542096297
Local SST,0.9466188528925719
Local SST,0.3905881226483041
Local SST,0.7847155784330614
Local SST,0.5729304934461543
Local SST,1.5275980315491278
Local SST,0.6788393997225513
Local SST,1.0438206163778017
Local SST,1.2821421135392672
Local SST,0.43418763216856127
Local SST,0.8589584840355127
Local SST,2.0297165700426976
Local SST,0.8222735563130952
Local SST,1.8976066659844673
Local SST,1.2059415491907337
Local SST,0.6021595969277753
Local SST,0.9100272582523862
Local SST,1.0451001703971372
Local SST,1.1067832580562849
Local SST,0.5878719339779187
Local SST,0.7851220704127118
Local SST,0.7206879937408799
Local SST,0.727433315501863
Local SST,0.6020130711177012
Local SST,1.1708152820833986
Local SST,0.37698702534714873
Local SST,1.1088664364022984
Local SST,0.8710373213916905
Local SST,0.6148983491312722
Local SST,1.1929360698858253
Local SST,1.247145197362344
Local SST,1.6131622904971896
Local SST,0.8814811001367939
Local SST,0.7706989601951081
Local SST,0.7615248868221594
Local SST,0.5155732589032265
Local SST,0.7778405979275091
Local SST,1.2011237656887852
Local SST,1.0486615446025607
Local SST,1.3491102413165692
Local SST,0.5916969091435607
Local SST,0.49143775738166834
Local SST,0.5563295315681703
Local SST,0.5936454143278974
Local SST,0.6549528535651692
Local SST,1.08367928860723
Local SST,0.8484504254119962
Local SST,0.8913193360574061
Local SST,0.7816544046763048
Local SST,1.271660443818401
Local SST,0.6850502532174578
Local SST,0.7705967176484458
Local SST,0.6890122299388745
Local SST,0.4618016293719477
Local SST,0.9416821352438648
Local SST,0.8802571928787821
Local SST,1.176651203802288
Local SST,0.8440386320439004
Local SST,0.8588188551899532
Local SST,0.4961190581327689
Local SST,0.6061991832144906
Local SST,0.5985706021772287
Local SST,0.9927401740223536
Local SST,0.9740130514500591
Local SST,0.7623630755652698
Local SST,0.5075001092256611
Local SST,0.4238411315214981
Local SST,0.7159847744078789
Local SST,0.5947095231838432
Local SST,0.7798916560599188
Local SST,1.5554286294352113
Local SST,0.44852334187081166
Local SST,0.9699232010265479
Local SST,0.7170001110948816
Local SST,0.27738642440816164
Local SST,1.0337629123526813
Local SST,0.6451720301187273
Local SST,0.7892921505664735
Local SST,0.533161483312186
Local SST,0.6649811119845603
Local SST,0.49389549388927784
Local SST,0.6353836253122839
Local SST,1.268504867113051
Local SST,0.8506294405115756
Local SST,1.035259703318877
Local SST,0.5693072638596491
Local SST,1.2882821062404528
Local SST,0.9815711175314882
Local SST,0.7323542488238954
Local SST,0.47028863897801865
Local SST,0.9448173477122199
Local SST,0.7099673992947589
Local SST,0.5884403378774222
Local SST,1.245296847030459
Local SST,0.650844878558756
Local SST,0.9837077838770869
Local SST,0.6894978093277987
Local SST,1.4499004823502994
Local SST,0.7333574593583742
Local SST,0.5067684098608938
Local SST,1.4461765166630234
Local SST,1.451393879476098
Local SST,0.6362192896204206
Local SST,0.8258284510095159
Local SST,0.8637017864336266
Local SST,0.7578307346973271
Local SST,1.0576922315429054
Local SST,0.7968583681885968
Local SST,0.3551142023873132
Local SST,0.6420446479654155
Local SST,0.9726363986445774
Local SST,1.102821744169932
Local SST,1.0130210163915396
Local SST,0.9812129420420517
Local SST,1.033598567774377
Local SST,1.068168445711977
Local SST,0.9560973696774081
Local SST,0.38885407883564604
Local SST,0.7186690273713415
Local SST,1.4723190050096193
Local SST,1.080105331047608
Local SST,0.9498660571498753
Local SST,0.881823542488438
Local SST,0.6724472342607942
Local SST,0.8316082413018346
Local SST,0.8925201639141237
Local SST,0.7885249480437129
Local SST,0.7830312541660296
Local SST,1.834348184064299
Local SST,0.539098048865378
Local SST,0.7729593719811302
Local SST,0.6893429241360419
Local SST,1.178460987866337
Local SST,1.434393073575919
Local SST,1.053940826857348
Local SST,0.8538810972011931
Local SST,1.1668897333388613
Local SST,0.6024852790156989
Local SST,0.8821413260663893
Local SST,1.4925224626600344
Local SST,0.9909000216079685
Local SST,0.5223037057669347
Local SST,1.3744748374893498
Local SST,0.8898494093082169
Local SST,0.42290178366328596
Local SST,0.5235586777718577
Local SST,0.6310560170722156
Local SST,0.7447574448754988
Local SST,0.6226429356120028
Local SST,0.907219367971374
Local SST,0.9297731032317164
Local SST,0.6057060769701975
Local SST,1.192686373106036
Local SST,1.5801045274548136
Local SST,0.659710483677934
Local SST,0.7771679857536279
Local SST,0.877728421471533
Local SST,0.6562514638949327
Local SST,0.5013340165493948
Local SST,0.6729832477218929
Local SST,0.600307920174518
Local SST,1.1918677441323826
Local SST,0.6906445148823792
Local SST,0.4801605961524952
Local SST,1.24659709246285
Local SST,0.5473159579696406
Local SST,1.0508178744980605
Local SST,0.8810378870891772
Local SST,0.9787083712039168
Local SST,0.527726653665536
Local SST,0.66680592214959
Local SST,0.8016333450345964
Local SST,1.8933920326679472
Local SST,0.6182450598666187
Local SST,0.4714351501855042
Local SST,0.6765532132075567
Local SST,0.6123139534865295
Local SST,0.6435162206140215
Local SST,1.2486323201785778
Local SST,0.8187015987673217
Local SST,0.9330276557554879
Local SST,0.6370750212394226
Local SST,0.46418181952854265
Local SST,0.6971682861656048
Local SST,0.9148096667808069
Local SST,0.5607771272254478
Local SST,0.9310579041854864
Local SST,1.0566275064403063
Local SST,0.7877020418885569
Local SST,0.9516807546632547
Local SST,1.4989761563078285
Local SST,0.5390309463580547
Local SST,1.46117626651677
Local SST,0.8621924475979021
Local SST,0.8579297569318316
Local SST,0.4642318785342807
Local SST,0.7886566128117791
Local SST,1.369970149443246
Local SST,0.4130722143910879
Local SST,0.5415604635997959
Local SST,1.0565928436541459
Local SST,1.4020889787827808
Local SST,0.6770105857910153
Local SST,0.8071130618870491
Local SST,0.9236564892036336
Local SST,1.1180981720209562
Local SST,0.67392119095322
Local SST,0.7843385714179061
Local SST,0.7373366465908794
Local SST,0.8793917892306032
Local SST,0.8675940791562016
Local SST,0.7648789684853065
Local SST,0.8674511167514252
Local SST,2.0013755378734803
Local SST,0.5324081497005355
Local SST,0.5142892531241938
Local SST,0.5848229807722555
Local SST,0.7239873420329976
Local SST,0.5738511305213041
Local SST,0.8691153168350128
Local SST,0.8715996892440723
Local SST,0.6865980404426515
Local SST,0.8767498056704996
Local SST,0.7593840892511634
Local SST,0.6306327882853566
Local SST,0.5842423521594492
Local SST,0.7012154825202223
Local SST,0.6782419068690313
Local SST,0.6371392052217638
Local SST,0.9870517992303828
Local SST,0.8378691681394912
Local SST,1.450159914087938
Local SST,1.043539487607074
Local SST,1.0456089055478828
Local SST,0.8243372349263458
Local SST,0.8034425604753548
Local SST,0.7995519829154718
Local SST,1.849830387255802
Local SST,0.8638726488979189
Local SST,0.6583778322810014
Local SST,0.631716514748695
Local SST,1.1171154661143932
Local SST,0.5331346580402389
Local SST,0.6742590936475934
Local SST,0.9027184036621417
Local SST,0.4667644217452038
Local SST,1.1634083338554282
Local SST,0.5613281037298226
Local SST,0.6407005259062482
Local SST,1.0869178089015497
Local SST,1.5330190166573705
Local SST,0.8258470031244901
Local SST,1.9603361452960346
Local SST,0.8050092521098201
Local SST,1.2845087229576764
Local SST,0.6457189520731135
Local SST,0.7807654382099933
Local SST,0.7527982284337088
Local SST,0.5909040852185237
Local SST,0.8366574287883541
Local SST,0.7545774332706296
Local SST,0.7320334804922737
Local SST,1.6779934266843441
Local SST,1.7128416901101893
Local SST,1.4534182383834335
Local SST,1.0762026386137378
Local SST,1.1274859400446433
Local SST,1.0181484426867158
Local SST,1.0138014602195051
Local SST,0.7820068459398645
Local SST,0.5933879180689574
Local SST,0.9871234342150091
Local SST,0.8882745848707432
Local SST,0.568064438808492
Local SST,1.3070464880152248
Local SST,0.9501362184656552
Local SST,0.9365898997014086
Local SST,1.0272295301661059
Local SST,0.7018797098639596
Local SST,0.5816011780304768
Local SST,1.1014694953121433
Local SST,0.6500625841866486
Local SST,1.3416640120219623
Local SST,0.5611859595257785
Local SST,1.2218102745004311
Local SST,0.5554058802029272
Local SST,0.9922240301261523
Local SST,0.8116444522221052
Local SST,0.7794123092837544
Local SST,1.8219293350082872
Local SST,0.5497298339300475
Local SST,0.6637108556462837
Local SST,1.4353802502867676
Local SST,1.644873071092855
Local SST,1.6615922916343648
Local SST,1.0783075041020198
Local SST,1.0614552305948834
Local SST,0.37497828229760466
Local SST,0.6369006310850353
Local SST,0.5568457094105829
Local SST,0.5602354964212629
Local SST,0.7223780418091853
Local SST,0.7616923229384357
Local SST,0.727967346736232
Local SST,0.7128067534154752
Local SST,1.6994849521252784
Local SST,0.5999750852234756
Local SST,0.4108033898369186
Local SST,0.722999782310194
Local SST,0.7853229000694649
Local SST,0.8642209551554227
Local SST,1.2128475200789521
Local SST,0.6765769603770673
Local SST,0.5472252671944332
Local SST,1.6878370642640739
Local SST,0.5022615526971442
Local SST,0.5711406738238036
Local SST,0.9422469946494453
Local SST,0.6202938724724587
Local SST,0.5685906124144152
Local SST,1.0894766532868108
Local SST,0.8259220530032154
Local SST,0.9807092630992327
Local SST,0.5188200194754637
Local SST,0.5859713290453985
Local SST,0.5159466472486535
Local SST,0.6841591328900284
Local SST,0.4176048278665816
Local SST,0.7467289692278342
Local SST,1.3830661887255589
Local SST,1.004293671776835
Local SST,0.7099600162490396
Local SST,0.7138796685537389
Local SST,0.7140009883606863
Local SST,0.6613845065195318
Local SST,0.6758835994232929
Local SST,0.9453165746791328
Local SST,0.6962943383157137
Local SST,1.2522918852009186
Local SST,1.1035212857755434
Local SST,0.4653006192088138
Local SST,1.0480659620527726
Local SST,0.8739555908561518
Local SST,1.0616799082234931
Local SST,1.1169652766243365
Local SST,1.210301124571421
Local SST,0.6086837913367543
Local SST,0.5479973733980448
Local SST,0.6758300802681366
Local SST,0.4565734243402584
Local SST,1.4633340602961329
Local SST,0.5367167699656001
Local SST,0.8890752366174239
Local SST,1.479402511626223
Local SST,0.6865223323283989
Local SST,0.7878280945900833
Local SST,0.656277418856709
Local SST,1.5168185611022207
Local SST,0.7833265461013754
Local SST,0.8002903398905743
Local SST,0.8699219333889385
Local SST,0.8294551652335694
Local SST,1.2372139071839594
Local SST,1.7068446142195568
Local SST,0.8852114023042778
Local SST,0.8327072330518226
Local SST,0.9098645956972177
Local SST,0.5909718680455888
Local SST,0.6841810718063739
Local SST,0.7653176018614085
Local SST,0.6971439295620463
Local SST,0.9583258654515387
Local SST,1.3911144719607365
Local SST,0.8831127778015907
Local SST,0.46265528450116356
Local SST,0.8770480140526056
Local SST,0.8787452943066599
Local SST,1.787833100061095
Local SST,1.1977089082555317
Local SST,1.5493453037054323
Local SST,0.7558020857554535
Local SST,0.7060294900107246
Local SST,0.5772307776029827
Local SST,1.5436485287708515
Local SST,0.8869825337001876
Local SST,0.6825058954357087
Local SST,0.7882115913096475
Local SST,0.7067934442995414
Local SST,1.1722127224205323
Local SST,1.583599922256705
Local SST,0.669172616754654
Local SST,0.7189178778227461
Local SST,1.1335196039738697
Local SST,0.578540589002171
Local SST,1.236393768576548
Local SST,0.3546704923735358
Local SST,0.5917510101086566
Local SST,0.5623493504086755
Local SST,1.2571210926926621
Local SST,0.68793560712588
Local SST,1.0364838012037032
Local SST,0.6136382792348916
Local SST,0.5492695950318546
Local SST,0.6696351098558461
Local SST,0.7599772642336429
Local SST,1.0512038473224758
Local SST,1.3766496545630655
Local SST,0.840038085874757
Local SST,1.8947506869414832
Local SST,1.0361250685853232
Local SST,0.49030934732663173
Local SST,0.5268180841961811
Local SST,1.1419646184114252
Local SST,1.1584884128457473
Local SST,0.9748536763460591
Local SST,0.8392321645046539
Local SST,0.726493202991947
Local SST,1.0915935971468271
Local SST,1.01545944500539
Local SST,0.4375346056651156
Local SST,1.7084335367833343
Local SST,0.8375729565396951
Local SST,0.6221238183202067
Local SST,2.138102984640146
Local SST,0.8241312783087507
Local SST,0.9348724605545347
Local SST,0.5775259946786497
Local SST,0.7953399798285832
Local SST,0.5963735195680383
Local SST,0.7157979592612771
Local SST,0.5709496150981435
Local SST,0.9193819274629603
Local SST,0.7380412112565746
Local SST,1.4166722558203262
Local SST,1.0543281858114582
Local SST,1.4609047722387403
Local SST,0.9775670990059445
Local SST,0.699923388584361
Local SST,0.6469377608938406
Local SST,0.8548468434360821
Local SST,0.5959621140563995
Local SST,0.6855350668654687
Local SST,0.44286012624145016
Local SST,0.42367547078762713
Local SST,0.4648431835321535
Local SST,1.201583996525558
Local SST,1.6181666404272683
Local SST,1.0800662913982977
Local SST,0.45427293106674815
Local SST,0.40944235572919385
Local SST,0.5651762296190864
Local SST,0.5458735611073509
Local SST,0.4798656604767247
Local SST,0.6033053986010937
Local SST,0.5029354488901684
Local SST,0.6208271406301422
Local SST,0.37156105701190545
Local SST,1.1814413378931194
Local SST,0.7718073192087404
Local SST,1.5914357240523855
Local SST,0.7580763823116033
Local SST,0.6500305786120776
Local SST,0.9816935719921195
Local SST,2.0458390656133014
Local SST,0.5808662971579427
Local SST,0.46649675494421156
Local SST,1.3317154333074694
Local SST,0.6654953320934807
Local SST,0.8849643746020281
Local SST,1.1511540203581545
Local SST,0.5462274065845869
Local SST,0.7487955869514101
Local SST,1.004259251274206
Local SST,0.7198872826814265
Local SST,0.5978549350881757
Local SST,0.6033223390436259
Local SST,1.689457090602892
Local SST,0.5001844207537971
Local SST,0.6643965314509881
Local SST,0.6409398546087612
Local SST,0.46312704194089044
Local SST,0.7452340886205838
Local SST,0.5217317119163378
Local SST,1.350849718983523
Local SST,0.5344423468074742
Local SST,0.6968545429686374
Local SST,0.6516713599942943
Local SST,0.4665028321146216
Local SST,1.0573031204419963
Local SST,1.0627113851587333
Local SST,1.842671709296314
Local SST,0.6079021980505966
Local SST,0.6044275118238494
Local SST,0.7281765107651245
Local SST,1.1750998158442993
Local SST,0.7468619726877016
Local SST,0.8038962693963763
Local SST,1.2526563043834864
Local SST,0.776391684056798
Local SST,1.031963319609934
Local SST,0.552779968400818
Local SST,0.6885729516431274
Local SST,0.9726003386337296
Local SST,1.1493258724099145
Local SST,0.9585389866191517
Local SST,1.441239044912902
Local SST,0.9531436318569392
Local SST,1.023718248926975
Local SST,0.5116883995913848
Local SST,0.8412319787301424
Local SST,0.8054176158545329
Local SST,1.3301268957216226
Local SST,0.5423398424527621
Local SST,1.0492325952346768
Local SST,1.0532638235529015
Local SST,1.2887999809072779
Local SST,0.7892208289232256
Local SST,1.1234217348766218
Local SST,0.9600179715726304
Local SST,0.9920341721699971
Local SST,0.717124711385887
Local SST,0.8057108548221413
Local SST,0.5752780175145824
Local SST,0.6373930156843056
Local SST,0.7390783413736145
Local SST,0.5888125211587012
Local SST,1.1722193868388444
Local SST,0.7101164607284562
Local SST,0.4946951550184784
Local SST,0.7069944338461662
Local SST,0.7765359515095434
Local SST,0.5249734540334634
Local SST,1.0409533516846292
Local SST,0.724588150743017
Local SST,0.7568344647113489
Local SST,0.8984904620648925
Local SST,1.1462192584649322
Local SST,0.49555197166801457
Local SST,1.957955326889388
Local SST,0.6707404830835729
Local SST,0.5364087596469862
Local SST,1.7504701418233435
Local SST,0.748063704776004
Local SST,0.6803585685836144
Local SST,1.0486883769836868
Local SST,0.6472193557558877
Local SST,0.7912724123957882
Local SST,0.5684513381294057
Local SST,1.0258622446249777
Local SST,0.39752757482205164
Local SST,0.689074822168073
Local SST,0.8974497902594264
Local SST,0.33842635575593566
Local SST,0.6621588624169903
Local SST,0.4207479785781094
Local SST,0.8717577572553543
Local SST,1.9617660376108335
Local SST,0.27299926253206347
Local SST,1.0593425646445063
Local SST,1.1661651851727004
Local SST,0.7468901899406498
Local SST,0.9447557729103823
Local SST,1.004709175754015
Local SST,1.6252647124472175
Local SST,1.657241128959166
Local SST,1.1565729752007714
Local SST,0.6824641957335218
Local SST,1.000260511509388
Local SST,1.0460645537704352
Local SST,0.7037652146652409
Local SST,0.7144994615585882
Local SST,0.5727774064321935
Local SST,0.7974777540236425
Local SST,0.5333018544417035
Local SST,1.0816155113401495
Local SST,1.7273105304933307
Local SST,1.2603716814796342
Local SST,1.0926318414733616
Local SST,1.2044282213924344
Local SST,0.667789160951203
Local SST,1.8181566287789999
Local SST,1.2363012895220187
Local SST,1.6192310240791568
Local SST,0.7526694564402261
Local SST,0.8903796317935029
Local SST,1.1482538277193728
Local SST,1.059675650498731
Local SST,0.9284210360118729
Local SST,1.0909531791534108
Local SST,1.199315670242237
Local SST,0.8376050070942277
Local SST,0.9103702705670261
Local SST,1.2050138595429554
Local SST,0.9939746010473914
Local SST,0.6755289109138365
Local SST,0.49005480716126487
Local SST,0.7927412322077269
Local SST,0.6843434044312395
Local SST,0.39558184503929616
Local SST,0.700027355978693
Local SST,1.574476217103724
Local SST,0.8775208292597072
Local SST,0.8015788553796811
Local SST,0.5047901882579501
Local SST,0.4046025572500706
Local SST,1.2209516281087975
Local SST,1.1963668904818043
Local SST,0.5228458411182084
Local SST,0.9082064630471824
Local SST,0.5828889145309052
Local SST,1.388794670875937
Local SST,0.7767652352064958
Local SST,1.5937453544041849
Local SST,0.7355379035473091
Local SST,1.4867743257108796
Local SST,0.8769041776726384
Local SST,0.7345788096091388
Local SST,1.1067954569634322
Local SST,0.6979298682843684
Local SST,0.6942727673247195
Local SST,0.8641802036346445
Local SST,0.617773718011163
Local SST,1.8315687954120057
Local SST,0.9577644220117646
Local SST,0.8122052684241287
Local SST,0.7986000114873542
Local SST,1.1383560017571912
Local SST,1.1381929941265092
Local SST,1.0944631388005521
Local SST,1.1519320727863862
Local SST,1.0721105123125318
Local SST,0.8091134465460481
Local SST,0.5236678536663043
Local SST,0.7837280257150642
Local SST,0.456276463339006
Local SST,0.6585335841840958
Local SST,1.5897188451506772
Local SST,0.5357347857876007
Local SST,1.1097133076900962
Local SST,0.9578182195632838
Local SST,0.5272240851052393
Local SST,0.8750700651893916
Local SST,0.7200056092420251
Local SST,0.8500072457161608
Local SST,0.32720193427489663
Local SST,0.6108740304683887
Local SST,0.6567538307465272
Local SST,1.1610109601632481
Local SST,1.111127502841861
Local SST,1.3858117793179678
Local SST,1.1658288906429157
Local SST,0.9053149999962282
Local SST,0.9766501136539668
Local SST,0.7479175081275777
Local SST,1.654632573093176
Local SST,0.9502800267803981
Local SST,0.7237046802063026
Local SST,0.6194067885214616
Local SST,0.535857548779693
Local SST,1.3408670317367535
Local SST,1.5615082980078143
Local SST,0.9692290356911488
Local SST,0.6384917564522281
Local SST,0.711535375217436
Local SST,1.4707181390945014
Local SST,0.9325667926600117
Local SST,1.0466852383731056
Local SST,1.3336943503083218
Local SST,0.6791826023211861
Local SST,0.6637337173448131
Local SST,0.6930812107474448
Local SST,1.1984079353949606
Local SST,0.4579909449630261
Local SST,0.6421045373291838
Local SST,1.1209797094898477
Local SST,0.6964617389948737
Local SST,0.5426297575550227
Local SST,0.48541993147768064
Local SST,1.0069873178214044
Local SST,0.9014901556404908
Local SST,0.7117605934368031
Local SST,0.7643074562155994
Local SST,1.0405456414024679
Local SST,1.221426772633282
Local SST,0.8400933949508647
Local SST,0.3238535576861729
Local SST,0.5519480546029418
Local SST,1.606920810267866
Local SST,0.7324533140356321
Local SST,0.5299865045221741
Local SST,0.8060042660354717
Local SST,0.6925855827444183
Local SST,2.0754732580651605
Local SST,0.7678296908959399
Local SST,0.907842069235685
Local SST,1.5079451569537563
Local SST,0.5697534400459888
Local SST,1.0425754114285983
Local SST,0.5099784795398982
Local SST,1.0832036158036074
Local SST,0.9354264974967483
Local SST,1.082278740626329
Local SST,0.9893884370659337
Local SST,0.8033685858092389
Local SST,0.5507565206479811
Local SST,0.496979889155339
Local SST,0.8797656948290972
Local SST,1.2294979260463648
Local SST,1.256154051368176
Local SST,0.5733947472521441
Local SST,1.4378192425973322
Local SST,0.5244309934617964
Local SST,0.8257897595491461
Local SST,0.8610835738769327
Local SST,1.3531813924820137
Local SST,1.372544328626811
Local SST,1.1471853347809908
Local SST,0.9678751969331355
Local SST,1.3511889684585958
Local SST,0.4081651888268746
Local SST,0.8820250375091698
Local SST,0.8889444949358433
Local SST,0.9361338283831554
Local SST,1.289882676002297
Local SST,0.7176273205033512
Local SST,0.5780101361948395
Local SST,0.8881958590819325
Local SST,0.783143959575847
Local SST,1.0598739092032936
Local SST,0.519169681225666
Local SST,0.8991099801689099
Local SST,0.9273941627707637
Local SST,1.5457066936068837
Local SST,0.6274293133544561
Local SST,0.7671217236993191
Local SST,2.1942295108299525
Local SST,0.5082243894648029
Local SST,0.4490693147558069
Local SST,1.1230757549580153
Local SST,2.374281575766884
Local SST,1.2707800139606926
Local SST,0.3929376081429634
Local SST,1.4340673353594997
Local SST,0.9091492610692311
Local SST,1.0366573087979345
Local SST,0.8962050112724358
Local SST,1.5284138986444848
Local SST,0.8820338886814634
Local SST,0.6469226767668494
Local SST,0.7243890253852566
Local SST,0.7332162878882853
Local SST,0.5649160003955517
Local SST,0.768787335526187
Local SST,1.2596367218872828
Local SST,1.1158562695800247
Local SST,0.6121900115773669
Local SST,1.723319485050003
Local SST,0.8097443842930029
Local SST,0.5599878798489474
Local SST,1.0429212226025832
Local SST,0.5963743567194371
Local SST,0.860960583386093
Local SST,0.6525205237790931
Local SST,0.7794218654774593
Local SST,0.5889219038090173
Local SST,0.7850731963114245
Local SST,0.5860434548014882
Local SST,1.1219547856745633
Local SST,0.6751827341033183
Local SST,0.9303062057028366
Local SST,0.5319191503868939
Local SST,1.2529495195499656
Local SST,0.7786686003214568
Local SST,0.6503022970967522
Local SST,1.1001303559426143
Local SST,1.394809328377993
Local SST,0.4307399347523029
Local SST,0.5805807624762895
Local SST,0.8513983119482377
Local SST,0.6867558091710182
Local SST,0.4701377151327012
Local SST,1.276339142280081
Local SST,0.5710353950482098
Local SST,0.5765718218651187
Local SST,0.7182668601812641
Local SST,0.5352828136124754
Local SST,0.47752293141922275
Local SST,1.4086288350489553
Local SST,0.8465842468400004
Local SST,0.6701165809998193
Local SST,0.5595776885632197
Local SST,0.491340355039218
Local SST,0.9273647447514184
Local SST,0.5188263542384421
Local SST,0.8615057127051758
Local SST,0.8109996210265003
Local SST,1.6137289884714672
Local SST,1.1644555883342989
Local SST,1.3350216210513652
Local SST,1.060156967623208
Local SST,0.8993452829749903
Local SST,0.6512642270992989
Local SST,0.9415860285311614
Local SST,1.0949927807842035
Local SST,0.9718845894804575
Local SST,1.2633279040683867
Local SST,0.9281031297119033
Local SST,0.5509547292941758
Local SST,1.041503755168548
Local SST,0.6441724581383487
Local SST,0.7772667317118723
Local SST,1.3513995554075442
Local SST,1.0341072890977987
Local SST,0.778774878452132
Local SST,0.7478953619909866
Local SST,0.5631383213217556
Local SST,0.8039049344280521
Local SST,0.6570454665771711
Local SST,0.7399675057267373
Local SST,0.7336399139794278
Local SST,1.5512925121594947
Local SST,1.0150347421253834
Local SST,0.7609566385883706
Local SST,0.6542595391372455
Local SST,0.8659177475047294
Local SST,0.6370364595752156
Local SST,1.0936636465270633
Local SST,1.0653420072033104
Local SST,0.7079642558191751
Local SST,1.4850990227214518
Local SST,0.42251398543501073
Local SST,0.499014966478999
Local SST,0.6650675853201922
Local SST,0.5472745704700169
Local SST,0.8140822759061891
Local SST,1.5413120765229325
Local SST,0.39698591638689223
Local SST,1.457386469522976
Local SST,1.4296321352988466
Local SST,0.8741394775153433
Local SST,1.2498072685747657
Local SST,0.6428433827529028
Local SST,0.7694085630715706
Local SST,0.8481123270821157
Local SST,0.7238331409095237
Local SST,1.7107162771053488
Local SST,1.012892602575896
Local SST,0.7229320124077985
Local SST,0.6847317226006937
Local SST,0.6918916352638443
Local SST,1.2566177661152116
Local SST,1.0351720652779435
Local SST,0.7553290773535425
Local SST,0.9485183002776362
Local SST,0.9226271446448877
Local SST,1.2747822165551281
Local SST,0.9193117982935984
Local SST,1.6431555251487653
Local SST,0.7515801992488854
Local SST,0.596618172021973
Local SST,0.6580163193239794
Local SST,0.5898881760708506
Local SST,0.854337033059758
Local SST,0.7985200244584532
Local SST,0.5478244993786211
Local SST,0.8121940514281367
Local SST,1.3392988012787344
Local SST,1.5503105051860413
Local SST,0.45659993060932597
Local SST,0.3326204769824494
Local SST,1.0627836517463491
Local SST,1.270250730092624
Local SST,1.1563637685368018
Local SST,0.8226826784733575
Local SST,1.0226059034897879
Local SST,0.47628818818145585
Local SST,0.4726415739005323
Local SST,0.48884704667967066
Local SST,1.3940040377592666
Local SST,0.570840693934991
Local SST,0.614432864378925
Local SST,0.5160918078259003
Local SST,0.9770559310001519
Local SST,0.7523404931676675
Local SST,0.7927468835684996
Local SST,1.1977356381402327
Local SST,0.6488010815194499
Local SST,1.1956822987467144
Local SST,0.6012298373534497
Local SST,0.46867980415449656
Local SST,0.698353124476096
Local SST,2.064764967627382
Local SST,1.2500008377865601
Local SST,0.880489768216238
Local SST,0.6998996738463571
Local SST,1.0214011355763322
Local SST,0.47940901670901154
Local SST,0.997361571440124
Local SST,0.8110654505415623
Local SST,1.2204456406993558
Local SST,0.6970626984197913
Local SST,0.8454281304676295
Local SST,0.4783327296258932
Local SST,1.1008143642878292
Local SST,1.4832995694333655
Local SST,1.2970805726709251
Local SST,0.4081027970700808
Local SST,0.43801866764363545
Local SST,0.4851795161928404
Local SST,0.6520433870055943
Local SST,0.6802244507985267
Local SST,0.5466936812603899
Local SST,0.7611834549678373
Local SST,0.31227309500123934
Local SST,1.0462783152855932
Local SST,0.5442138824181141
Local SST,0.45044965044150376
Local SST,0.8215317212760811
Local SST,1.5845040279329172
Local SST,0.7708566665869606
Local SST,1.4741072424719768
Local SST,0.8878717438785028
Local SST,0.7776893020726391
Local SST,1.1425179544505668
Local SST,1.029562800524629
Local SST,0.8492803276226978
Local SST,0.9644802139855823
Local SST,1.0500665666404971
Local SST,0.9473148236042654
Local SST,0.7872231931591986
Local SST,1.3729890984094208
Local SST,0.8077577816494209
Local SST,1.0094464379321968
Local SST,0.4774381124589089
Local SST,1.1113570996343696
Local SST,0.3866393063995435
Local SST,0.8219366026763719
Local SST,1.3324180201614289
Local SST,1.480385072261062
Local SST,0.7036269125976626
Local SST,0.9252943416090987
Local SST,0.6102069886173136
Local SST,0.5390940418233972
Local SST,1.3561914959287316
Local SST,1.0615531761889767
Local SST,1.0890043560090805
Local SST,0.9332826284296144
Local SST,0.7898469675023666
Local SST,0.6240521285017014
Local SST,0.8275426610457014
Local SST,0.42422666599880576
Local SST,0.8407055542579277
Local SST,0.6740780039631513
Local SST,0.9856879238423446
Local SST,0.9150923591227464
Local SST,1.5546920690372086
Local SST,0.749285834257609
Local SST,0.40019735049537275
Local SST,0.7054532156542619
Local SST,1.3876903747145803
Local SST,0.5772731772227101
Local SST,0.48617815950682175
Local SST,1.6589128424566668
Local SST,0.9626934023947543
Local SST,1.5915545198728602
Local SST,0.6111653396274047
Local SST,0.9611638115241176
Local SST,1.1212314829821757
Local SST,1.2677923235070716
Local SST,0.9350362624366282
Local SST,0.8446649660768155
Local SST,0.5013314502942462
Local SST,0.835111603935081
Local SST,0.9458318403350459
Local SST,0.6736257888056864
Local SST,0.5468743791024786
Local SST,0.8564637007919982
Local SST,1.21483253130726
Local SST,0.724220042254123
Local SST,0.7705258488589732
Local SST,0.9866476328501395
Local SST,1.366053288957934
Local SST,0.4788296180366777
Local SST,0.9917259682868519
Local SST,1.7519955630089976
Local SST,0.5135912507213686
Local SST,0.7698225733759251
Local SST,0.7630135007502455
Local SST,0.674046543557141
Local SST,0.5916994973583571
Local SST,0.9581559587131948
Local SST,0.48267048923417216
Local SST,1.1495840963080153
Local SST,0.7026649764887204
Local SST,1.4245147781844705
Local SST,0.5616280393329093
Local SST,1.0675404276405434
Local SST,1.4542187240654683
Local SST,1.0976193268203314
Local SST,0.5390140840141432
Local SST,1.400768599431427
Local SST,1.1177978624038296
Local SST,0.58077467930987
Local SST,0.7022191721028048
Local SST,1.3202785093194045
Local SST,0.8516590764961776
Local SST,0.6772457358971948
Local SST,0.6739720334461784
Local SST,0.5542113827278357
Local SST,1.7037883391323354
Local SST,0.7931603406304611
Local SST,0.6567818437646785
Local SST,1.6152734250273237
Local SST,1.019423611275371
Local SST,0.6854705297816875
Local SST,1.260724036752834
Local SST,0.7409737343052012
Local SST,0.610428306391519
Local SST,1.2298036137812918
Local SST,0.6644819418075915
Local SST,0.6272533162918046
Local SST,0.5099547293252525
Local SST,0.7223411809517616
Local SST,1.0247454729133678
Local SST,0.8877323031574093
Local SST,1.245941940035812
Local SST,0.7314019579106744
Local SST,1.2896492561142732
Local SST,0.6443033367526775
Local SST,0.7150235524521286
Local SST,1.4160344591099632
Local SST,0.9652752373712031
Local SST,0.7554582731449365
Local SST,1.4786958329087652
Local SST,0.7900963753785497
Local SST,1.3280860215286052
Local SST,0.8171453567362692
Local SST,1.2254629653952582
Local SST,0.7604516089442953
Local SST,1.5931371698002943
Local SST,0.5305392876561391
Local SST,0.9285633644273547
Local SST,1.0594483338475207
Local SST,0.6690077086278541
Local SST,0.8324824058733737
Local SST,1.0738824451222468
Local SST,1.231727442442708
Local SST,0.6801342462350732
Local SST,0.3890479035232447
Local SST,0.8390368106762459
Local SST,0.4749939968973634
Local SST,0.6642717641133735
Local SST,0.5246282656714872
Local SST,1.043152442965365
Local SST,0.4065687548568601
Local SST,0.7799448412836717
Local SST,0.6919404185168055
Local SST,1.3568647591882008
Local SST,0.8810792165121634
Local SST,0.6235185662474282
Local SST,0.41856423515067587
Local SST,0.716829446879107
Local SST,0.5916993976447564
Local SST,0.6412029934215958
Local SST,0.39468902628243235
Local SST,1.5865973508328512
Local SST,0.6714364089979645
Local SST,1.0183890562463782
Local SST,0.937201446437439
Local SST,0.7749642109326221
Local SST,0.6266345241244065
Local SST,0.6514360108953658
Local SST,1.073893982566597
Local SST,0.4271115544122394
Local SST,0.518196233257894
Local SST,0.7124884999092944
Local SST,0.7111828670052744
Local SST,0.7037738469126209
Local SST,0.63606098364334
Local SST,0.40874307034819884
Local SST,0.9121353183005035
Local SST,0.49750891379262996
Local SST,1.436088006547381
Local SST,1.3138809973495884
Local SST,0.7129677615928909
Local SST,0.8622819052073938
Local SST,0.883370137518694
Local SST,0.3537589941730899
Local SST,0.9068187232782302
Local SST,0.5546571042358763
Local SST,0.6716342603903712
Local SST,1.374082415542451
Local SST,1.2606290114127305
Local SST,0.7094958549718611
Local SST,1.001697005075782
Local SST,0.8899366906761623
Local SST,1.0998897353410613
Local SST,0.43188028843580034
Local SST,0.43256862572515814
Local SST,1.2935745392807907
Local SST,0.9977973088208404
Local SST,0.8223841037853235
Local SST,0.8141052029299682
Local SST,0.6191824450625328
Local SST,0.6481149757538411
Local SST,0.42972665747187216
Local SST,1.2039308517407832
Local SST,1.4186444826798394
Local SST,0.9311462601627977
Local SST,1.1932792337294635
Local SST,1.2534412024371162
Local SST,0.545466532975072
Local SST,0.6604771659637337
Local SST,0.9821421027691004
Local SST,0.680742127976839
Local SST,1.5242816252441245
Local SST,0.8511960466777524
Local SST,1.7273773783025872
Local SST,0.928253057864194
Local SST,0.6029126438705709
Local SST,1.7987203113773875
Local SST,0.712389295178778
Local SST,0.6160398166067544
Local SST,0.7108531862590592
Local SST,0.38916877315490134
Local SST,0.7880961703040773
Local SST,0.5377074391721443
Local SST,0.49128379850910847
Local SST,0.7990915306566714
Local SST,0.9617340994427864
Local SST,0.9740380333631103
Local SST,1.1085254781521314
Local SST,0.8430629754204306
Local SST,0.6094235512661593
Local SST,1.2646629286001638
Local SST,0.8481756831373158
Local SST,0.4670003471165434
Local SST,1.0611994228699502
Local SST,0.8948002091874697
Local SST,1.7325124548174906
Local SST,0.462395734754671
Local SST,0.6630436523201728
Local SST,0.6500706417844005
Local SST,0.867353448027067
Local SST,0.712566657955823
Local SST,0.8286442555917818
Local SST,0.5813758145387856
Local SST,0.6179961538368187
Local SST,0.4470434311238379
Local SST,0.7081227346172314
Local SST,0.4143561330775772
Local SST,1.0377183461558779
Local SST,0.38095450626127014
Local SST,0.4769961838413802
Local SST,1.1192979715497866
Local SST,1.1237783178663001
Local SST,1.2307601871683753
Local SST,0.9508766503405888
Local SST,0.8236135887320991
Local SST,0.4574957112991641
Local SST,0.8427296196384706
Local SST,0.6985337376486942
Local SST,0.9950312168774654
Local SST,0.7924574120950294
Local SST,0.9940689403112248
Local SST,0.46340735193583976
Local SST,1.020297979616733
Local SST,0.6531613704278757
Local SST,0.272465368228871
Local SST,0.5397249081958491
Local SST,1.0126916593144801
Local SST,0.6149175196815622
Local SST,0.7875059646578966
Local SST,0.9420206624142888
Local SST,1.6575119204073074
Local SST,0.6926360419096319
Local SST,0.621107820660043
Local SST,2.002456377900922
Local SST,0.9836187088775908
Local SST,1.1141672761190973
Local SST,0.690698947968922
Local SST,0.4445976463046523
Local SST,0.8360358991940278
Local SST,0.7181604534135522
Local SST,0.6858644698051172
Local SST,0.5536853784898353
Local SST,1.1779544299004598
Local SST,0.572433615111367
Local SST,0.6033200989279552
Local SST,1.3311785092869741
Local SST,1.2801675719424521
Local SST,0.41190656486350435
Local SST,0.9640722521130474
Local SST,0.8344098623460059
Local SST,0.768007083769008
Local SST,0.4659036745446874
Local SST,0.4220208555229799
Local SST,1.01250828955198
Local SST,0.6588271499518573
Local SST,0.7670540459248013
Local SST,0.5254511001618226
Local SST,0.5862553783894933
Local SST,0.9619393052576573
Local SST,0.755332344671659
Local SST,0.5518630348674796
Local SST,1.3451784150385884
Local SST,0.6195601173702683
Local SST,0.8572908861988936
Local SST,1.0934217083542352
Local SST,1.146787625648948
Local SST,0.8165768224750771
Local SST,0.8840071329790469
Local SST,0.4564253680597003
Local SST,1.0901622619875198
Local SST,0.49856394810416016
Local SST,0.9816574396148436
Local SST,1.832423981777719
Local SST,0.8512049840530252
Local SST,0.6975659456285339
Local SST,0.5987257411824156
Local SST,0.9667458270604102
Local SST,1.1970525448820883
Local SST,1.433509150187966
Local SST,0.7105349152538338
Local SST,1.18666673554785
Local SST,1.2440041109621365
Local SST,0.6730395246014107
Local SST,1.1562124651172376
Local SST,0.9562398102855372
Local SST,0.9129439206935974
Local SST,0.5226829899812411
Local SST,1.1029658144197245
Local SST,0.9963864079068817
Local SST,0.6256706736687521
Local SST,1.4436474333976927
Local SST,0.683578425333844
Local SST,0.7275001958376252
Local SST,0.9155718553074458
Local SST,0.6193884912864295
Local SST,1.6148573665523356
Local SST,0.8200421254700296
Local SST,1.097985176036182
Local SST,0.9035162032227448
Local SST,0.9951851271596255
Local SST,0.6541520358370427
Local SST,0.5252101737211788
Local SST,2.2882802171704726
Local SST,0.8462788928182043
Local SST,0.6339813249543732
Local SST,1.2604279911704208
Local SST,0.5580043611044093
Local SST,0.8765494927774562
Local SST,0.5188021618926474
Local SST,1.2066258324645636
Local SST,1.012281409307522
Local SST,0.8206026874848447
Local SST,0.5529628018478859
Local SST,0.7587819513912769
Local SST,0.7250322806329379
Local SST,0.6509456469293757
Local SST,0.904265525945938
Local SST,1.0609433859009485
Local SST,1.4415487054317513
Local SST,1.2778579745844811
Local SST,0.6484774332538394
Local SST,0.518997819457954
Local SST,0.8168757926867584
Local SST,1.1300491572179385
Local SST,0.8532616631014984
Local SST,0.677028819597203
Local SST,0.6909404974343875
Local SST,1.1002638118329124
Local SST,0.666304381686296
Local SST,1.33121180035502
Local SST,0.8596173994278742
Local SST,0.507906003734085
Local SST,0.8668426787618588
Local SST,0.6929276746265305
Local SST,1.0974963830787277
Local SST,0.8978019122412059
Local SST,0.7150971236180963
Local SST,0.5293542038270334
Local SST,1.7095522225113757
Local SST,1.3309141157852877
Local SST,0.8199550335574771
Local SST,0.9432537071250584
Local SST,0.5587553006372142
Local SST,0.83049781350582
Local SST,0.6261900328302871
Local SST,0.6692233723219077
Local SST,0.4720939016324208
Local SST,1.180434147917586
Local SST,0.9949797426345033
Local SST,1.0018024687084603
Local SST,0.511168199595852
Local SST,0.8490910024274161
Local SST,0.734025134686541
Local SST,0.5532525119784069
Local SST,1.2967739773619351
Local SST,0.6859908507362836
Local SST,0.537331986489601
Local SST,1.0897068310207478
Local SST,1.452670617311793
Local SST,0.508146890364707
Local SST,0.3931980646242129
Local SST,0.7309304743548938
Local SST,0.8179688981318525
Local SST,0.5964880996424318
Local SST,1.0898057789900035
Local SST,0.6519806143361091
Local SST,0.6651654651309762
Local SST,1.1925950599948199
Local SST,1.8230886899758145
Local SST,0.4836486979627541
Local SST,1.6686674673053576
Local SST,0.7961101766004933
Local SST,1.1526423660717133
Local SST,0.9121519552723011
Local SST,1.4592824848405792
Local SST,0.7388909408806397
Local SST,0.5812389812534408
Local SST,0.4799713136594264
Local SST,1.074814059950654
Local SST,1.6039685716310643
Local SST,0.8076390428833288
Local SST,0.48886456616337315
Local SST,1.2216269036414515
Local SST,1.3162463845252117
Local SST,1.2332973576612225
Local SST,0.5318775662046606
Local SST,0.39304164716175854
Local SST,1.1358226632735622
Local SST,2.178723113120937
Local SST,0.798302387708754
Local SST,0.9525626806114624
Local SST,0.7521199978874683
Local SST,1.4915600359495889
Local SST,0.8052390416239377
Local SST,0.8868579395655432
Local SST,1.176797230562721
Local SST,0.5810241251707559
Local SST,0.7927261661506968
Local SST,0.7302833238587042
Local SST,0.6514661199756725
Local SST,0.689427266978621
Local SST,0.47759810583269097
Local SST,1.060400455331127
Local SST,0.7192715262711721
Local SST,0.9779088701573038
Local SST,0.8594944458319506
Local SST,1.588358857918713
Local SST,1.181747846060067
Local SST,0.6429706502320536
Local SST,0.8622508488407384
Local SST,0.5399809410236105
Local SST,0.673577355707362
Local SST,0.5822473379286235
Local SST,0.7057003458175172
Local SST,0.8517134379388646
Local SST,0.7852971716980978
Local SST,0.41209126476380026
Local SST,1.5610494360550258
Local SST,0.5153019346062985
Local SST,1.752257801385008
Local SST,0.6719175394892921
Local SST,0.4720651660356031
Local SST,1.2787534040893946
Local SST,0.9895672362391825
Local SST,0.5480731764162253
Local SST,0.9539554696747579
Local SST,0.9908521218957058
Local SST,0.6628664978671294
Local SST,0.6034010953888778
Local SST,0.700551939132273
Local SST,0.6138692420009916
Local SST,0.6453112866548713
Local SST,0.7580342188906936
Local SST,1.531789251126895
Local SST,0.5485355856667713
Local SST,1.2751098257392548
Local SST,0.7853944673266198
Local SST,0.9051242997616402
Local SST,0.8618869405442022
Local SST,1.0937966862280253
Local SST,0.9834212764697775
Local SST,0.408272908356345
Local SST,0.9050366989635419
Local SST,0.9622390889771111
Local SST,0.6036186548150797
Local SST,1.0890676478408758
Local SST,0.9741335189480497
Local SST,0.7306875907892275
Local SST,0.8618527867504995
Local SST,1.1944685533548756
Local SST,0.5606180969116986
Local SST,1.3208942578250316
Local SST,1.1130377310094461
Local SST,0.6002293235204031
Local SST,0.5706312305922724
Local SST,0.8379707397339264
Local SST,0.4460357922035147
Local SST,0.9626070888728138
Local SST,1.352529972763814
Local SST,1.0325891334159372
Local SST,0.7005216204999128
Local SST,0.5891252699946908
Local SST,0.8561449047005554
Local SST,1.1645045197465047
Local SST,0.9401782173275812
Local SST,1.5335639062451962
Local SST,0.4469855209705332
Local SST,1.0523410485358753
Local SST,0.6854901965673214
Local SST,0.9368956448728077
Local SST,0.7033914032737236
Local SST,0.5740274928957427
Local SST,0.8551213320249302
Local SST,0.678658628724449
Local SST,0.9317256911856954
Local SST,0.8492651707948022
Local SST,1.1359737255549318
Local SST,0.869748902674379
Local SST,0.4910988708475441
Local SST,1.0653079170490032
Local SST,1.2892259804265553
Local SST,0.7022010054805828
Local SST,0.5172364471704408
Local SST,0.45785660812620954
Local SST,0.8948008153294658
Local SST,0.8886316040337736
Local SST,0.4819778792424826
Local SST,0.9814409654755128
Local SST,0.9351783386230885
Local SST,0.9390252120935385
Local SST,0.9876630984815232
Local SST,0.5094772870691451
Local SST,0.7313871847342586
Local SST,1.030328365869837
Local SST,0.47685635244848656
Local SST,0.6391246287076384
Local SST,1.0058860987917237
Local SST,0.6625409040889559
Local SST,0.8434358683561761
Local SST,0.47333490242873416
Local SST,0.5264739994265254
Local SST,0.9065281057358587
Local SST,0.6364393420973249
Local SST,1.6891833182248892
Local SST,0.5486200605777727
Local SST,0.8130757347219661
Local SST,0.8580723763328261
Local SST,0.9230179108846466
Local SST,0.6407037020126646
Local SST,0.7676007537082293
Local SST,0.8140654808700613
Local SST,0.8745973780286852
Local SST,0.8408241171862568
Local SST,0.8994515627767505
Local SST,0.9449760321168617
Local SST,1.2453148982419833
Local SST,1.0945434984931104
Local SST,1.3349919875289413
Local SST,0.8881657759306398
Local SST,1.1581637604939872
Local SST,0.7136922800779465
Local SST,0.602399439042039
Local SST,0.6226077041998721
Local SST,0.6750914499660347
Local SST,0.917494578375066
Local SST,1.0887997387318766
Local SST,0.9251080065936443
Local SST,1.272929353054442
Local SST,0.7280191758998731
Local SST,1.3488788617432859
Local SST,0.5197093091198562
Local SST,0.9581753366266411
Local SST,0.4210593038023306
Local SST,0.6152807706816161
Local SST,0.8771367129316014
Local SST,1.5054251143162845
Local SST,0.996249873141569
Local SST,0.9819690488444123
Local SST,1.1493408085730217
Local SST,0.5041528343584082
Local SST,1.200214104156361
Local SST,0.4304735331525872
Local SST,0.7102087401350777
Local SST,1.6233617181538984
Local SST,0.9812913901359386
Local SST,0.5930477776754611
Local SST,0.7813095781996158
Local SST,0.4400621582533865
Local SST,0.47046843153697754
Local SST,0.4514637304666637
Local SST,1.0099721298176416
Local SST,0.876330244191486
Local SST,0.5013826144856752
Local SST,0.8280437999729896
Local SST,0.6482479610616926
Local SST,0.7035811234201729
Local SST,0.5284510218020498
Local SST,1.0702258631235406
Local SST,0.5956065853827387
Local SST,0.4701082976155014
Local SST,0.45346745152419016
Local SST,0.5472020110856932
Local SST,0.5488300089292834
Local SST,1.371748592939627
Local SST,1.0840227598398176
Local SST,1.2858407534484373
Local SST,0.8390063573468789
Local SST,1.2161516857606387
Local SST,1.9611008540918253
Local SST,0.5710100202281977
Local SST,0.9794506389162906
Local SST,0.5159602524975723
Local SST,0.6722094153065233
Local SST,0.6039802867110495
Local SST,1.3231046444378327
Local SST,0.823121177626658
Local SST,1.8993517047959083
Local SST,1.1004093471020024
Local SST,0.5071664518268592
Local SST,0.6124206496881271
Local SST,0.44401521451564896
Local SST,0.958460052978253
Local SST,0.8009579993515905
Local SST,1.3542530110211481
Local SST,1.5311364893214916
Local SST,1.138231699765098
Local SST,1.375461214451339
Local SST,0.4826144561427753
Local SST,0.7071708114022749
Local SST,0.649675399994628
Local SST,0.8370409722639348
Local SST,1.1425761214809809
Local SST,0.5927350007579008
Local SST,0.9974946079911349
Local SST,1.228823296054193
Local SST,0.7549584092194971
Local SST,0.6184170650262959
Local SST,1.326744136890661
Local SST,1.199753426809346
Local SST,0.9446000827669272
Local SST,1.0236507602353775
Local SST,0.8264444088214523
Local SST,1.6150761055515621
Local SST,1.0035799734159907
Local SST,0.7291719364601035
Local SST,0.980764432355037
Local SST,1.2667682045690882
Local SST,0.49235679372533725
Local SST,1.2105137624607067
Local SST,0.8174961279439618
Local SST,0.44812192030829207
Local SST,1.2244309866548067
Local SST,0.614830202444323
Local SST,0.4294830886249293
Local SST,0.6796909692961566
Local SST,1.3809286627406112
Local SST,0.9452718036585932
Local SST,0.9721275277841563
Local SST,0.85637223205728
Local SST,0.6509370470193536
Local SST,1.2442635443999392
Local SST,1.4215322707784777
Local SST,0.6440612254257588
Local SST,0.6539316832848572
Local SST,1.346574032369032
Local SST,0.8876266120374411
Local SST,1.4851590264319712
Local SST,1.1323170071082542
Local SST,0.6219160258460431
Local SST,0.6368832652834522
Local SST,1.015964697098714
Local SST,0.7338257736215467
Local SST,0.9752116915916454
Local SST,0.44283820833213644
Local SST,1.6275971613919333
Local SST,0.6484078377134346
Local SST,1.3469253794699834
Local SST,0.7100594548654607
Local SST,0.797999049885387
Local SST,0.9507308828239116
Local SST,0.8321616028743419
Local SST,0.8587119725500749
Local SST,0.5817686078794575
Local SST,0.679989133611635
Local SST,0.7265147800822078
Local SST,0.8910968847024597
Local SST,1.2303210350434688
Local SST,1.08177754135599
Local SST,1.0941630753778595
Local SST,0.8635160015542153
Local SST,0.9606984094932397
Local SST,0.7001609669141085
Local SST,0.8537412271917998
Local SST,0.6407335658057703
Local SST,0.38331392801483144
Local SST,0.38121797477775965
Local SST,1.2911257076859841
Local SST,0.6926468545899922
Local SST,0.7605139958072251
Local SST,0.7156115167528878
Local SST,1.2630808900797452
Local SST,1.0140588094956475
Local SST,0.9073792969765581
Local SST,0.8107277021872722
Local SST,1.307599741293053
Local SST,0.7594635933154021
Local SST,0.37500408283059977
Local SST,1.5479536191687744
Local SST,0.4300081016438173
Local SST,0.7419319278240641
Local SST,0.9010416965513227
Local SST,0.5443613981615556
Local SST,1.228438915996838
Local SST,0.430657775567362
Local SST,1.1750412038134137
Local SST,0.5675588195081992
Local SST,0.8426959037018451
Local SST,0.7375970339479777
Local SST,1.0464642227381984
Local SST,1.139619415050751
Local SST,0.8004295426925687
Local SST,0.9199886105405773
Local SST,0.39738411189151257
Local SST,0.7769767695571139
Local SST,0.7219160351110295
Local SST,0.6207776490882448
Local SST,0.9275359029963945
Local SST,1.3004211359572335
Local SST,1.5584343230248898
Local SST,0.9443895251237453
Local SST,0.5147305957109887
Local SST,1.141133935752887
Local SST,0.4345713428528758
Local SST,1.328908405872156
Local SST,0.6365512723633674
Local SST,0.7565870798554356
Local SST,1.0475259890717137
Local SST,0.8772236811018114
Local SST,0.385138826380909
Local SST,1.8140412432046022
Local SST,0.3731980119875349
Local SST,0.6403185275477313
Local SST,0.5638332934141461
Local SST,1.397985884724968
Local SST,0.4181758172883661
Local SST,0.8518871019441969
Local SST,0.8488749667371494
Local SST,0.7436156107712554
Local SST,1.236709791248988
Local SST,1.0202753992437241
Local SST,0.6418750956116308
Local SST,0.6550713357513805
Local SST,0.6877104417615839
Local SST,0.6634318831637356
Local SST,0.513542591766756
Local SST,0.7281650783137211
Local SST,0.47675744833613704
Local SST,0.8769665789205678
Local SST,0.7871262746341144
Local SST,0.7172135924017555
Local SST,1.6175233072887123
Local SST,0.906221191261821
Local SST,0.7900507088940597
Local SST,0.9410474141833006
Local SST,0.4798299385123501
Local SST,0.6340178528459055
Local SST,0.9905849887075113
Local SST,0.5186433940870809
Local SST,0.8174581519387428
Local SST,0.44019570955800386
Local SST,0.7087613369045713
Local SST,1.0050003213976886
Local SST,0.7689024675311007
Local SST,0.8853174061639001
Local SST,1.6183162328695617
Local SST,0.9232763229656701
Local SST,0.8295575282334219
Local SST,0.7550826040008377
Local SST,0.5406704324362068
Local SST,0.7885261104166928
Local SST,0.9526911380020446
Local SST,1.497345968544497
Local SST,0.6794678960756798
Local SST,0.5996507742898343
Local SST,0.8956790576140617
Local SST,0.6509141422966293
Local SST,0.9308490585294626
Local SST,1.2650090005060604
Local SST,0.6335620802430708
Local SST,0.607468111340272
Local SST,0.5790807658883436
Local SST,0.538645896055348
Local SST,1.543543495596019
Local SST,0.9985949746683739
Local SST,0.9016897396738284
Local SST,0.8922156307367548
Local SST,1.184070348632001
Local SST,0.5623944259360326
Local SST,0.8908286701327337
Local SST,0.558617042521964
Local SST,1.052693707993874
Local SST,0.6078659457783244
Local SST,1.1735988057295634
Local SST,0.9998984542939318
Local SST,0.7578177059177371
Local SST,0.888818115902214
Local SST,0.6100003770047316
Local SST,0.9511728492555529
Local SST,1.299144715380145
Local SST,1.4384828463788462
Local SST,0.8990544036386937
Local SST,0.9294159576903605
Local SST,1.0904356390223457
Local SST,0.7650916633050553
Local SST,0.7938773441446636
Local SST,0.7081906552084175
Local SST,0.41042949076708474
Local SST,0.8519251698076193
Local SST,0.6571891163113028
Local SST,0.6488411140624919
Local SST,1.5236427660579368
Local SST,0.8406556294575768
Local SST,1.795334907512568
Local SST,0.7070568089859014
Local SST,0.40720982978320014
Local SST,0.6175447640740226
Local SST,1.409917663787003
Local SST,0.7217745444449464
Local SST,0.742337377334184
Local SST,0.5735414607814302
Local SST,0.38186684240172997
Local SST,0.8433966457615824
Local SST,0.6566173534244947
Local SST,1.0339547232402826
Local SST,0.8434203367353923
Local SST,0.7766858230354409
Local SST,0.978616401102775
Local SST,1.0400105373159996
Local SST,0.5236000551283702
Local SST,0.6156566337378744
Local SST,0.4423999426558287
Local SST,0.8278583226989013
Local SST,0.6406844789878633
Local SST,1.2464223162335049
Local SST,1.3096005992591653
Local SST,1.2938419739595663
Local SST,0.8321128671117368
Local SST,1.2602937665546774
Local SST,0.9511606277736123
Local SST,0.8605612463556068
Local SST,0.7719780205260511
Local SST,0.6207772923636056
Local SST,0.5611617592245786
Local SST,1.4494250304218688
Local SST,0.8664995306109678
Local SST,0.5106214720860396
Local SST,0.9347154855286961
Local SST,0.9997678348790814
Local SST,0.9607155808794063
Local SST,0.7666230035918999
Local SST,0.8784131163139631
Local SST,2.4446616835048496
Local SST,0.5784916021371487
Local SST,0.6019030031647039
Local SST,0.4449501231323423
Local SST,0.5194798703083883
Local SST,1.2498998128161125
Local SST,0.6968132331232417
Local SST,1.9796995113040936
Local SST,0.6297718843057106
Local SST,0.739441812658744
Local SST,1.2078889395045427
Local SST,1.2963425490581804
Local SST,2.0697026802101384
Local SST,0.8299895172258442
Local SST,0.7692317398223814
Local SST,0.7455227477040428
Local SST,1.5253492067167265
Local SST,1.5015704130773815
Local SST,0.6036143443570335
Local SST,1.5045153611989197
Local SST,0.9584395558936822
Local SST,0.7126324654915944
Local SST,0.7822646083857996
Local SST,1.0508088508336142
Local SST,0.7347147969626756
Local SST,1.1322038523294609
Local SST,0.4765754203190123
Local SST,0.8366274103203326
Local SST,0.8480183193767099
Local SST,0.950678905001136
Local SST,1.0755711462803048
Local SST,0.9322859450081697
Local SST,0.8301930154267185
Local SST,0.5030579219483136
Local SST,0.7899884150307381
Local SST,0.9535771203247962
Local SST,0.5904997102713642
Local SST,0.728502786277311
Local SST,1.0224560725464593
Local SST,1.0333900512763334
Local SST,0.8232244055155755
Local SST,0.5773313101057289
Local SST,0.4278522844310427
Local SST,0.6826825039250441
Local SST,0.8248158952737052
Local SST,1.2148879329721547
Local SST,0.8729750701204164
Local SST,0.6173394980082184
Local SST,0.5202584910887785
Local SST,0.8166045733568991
Local SST,0.8335026848668795
Local SST,0.35091171025116324
Local SST,0.8584070892696765
Local SST,0.7969076623302075
Local SST,0.5729521439973725
Local SST,0.698313243131762
Local SST,0.7701671063520849
Local SST,0.5499046542325297
Local SST,0.5086742923463339
Local SST,0.8446550944121708
Local SST,1.5197408857061259
Local SST,0.413951144763484
Local SST,0.5527942123615456
Local SST,0.8051233429678248
Local SST,0.8730278106556901
Local SST,0.9900128239549862
Local SST,0.7096928968540235
Local SST,1.255176300111098
Local SST,1.078542591796637
Local SST,0.6316229643725805
Local SST,1.9004267689852565
Local SST,1.240866547600149
Local SST,0.6955720415482164
Local SST,1.2025510599865434
Local SST,1.0921352704685143
Local SST,0.95290976446819
Local SST,0.5239508546178926
Local SST,1.0230859826407315
Local SST,1.1958206602236878
Local SST,0.7151501003491503
Local SST,0.7113104157987155
Local SST,0.5178837572599904
Local SST,0.570981033242079
Local SST,0.6851645518419568
Local SST,0.6499656425074559
Local SST,0.919035490919034
Local SST,1.0541698487551538
Local SST,0.9897867408772282
Local SST,0.4472878314647443
Local SST,1.2360647919321543
Local SST,0.5344994328287822
Local SST,0.9131768337469479
Local SST,0.6696050732755784
Local SST,0.6870134593671615
Local SST,0.79818038806585
Local SST,0.6818662024139889
Local SST,0.8757792568491185
Local SST,0.947905011881606
Local SST,0.7205107844782008
Local SST,0.803480581143027
Local SST,0.7466047231126487
Local SST,1.0533196253314463
Local SST,0.9324121928794609
Local SST,0.8563309950328319
Local SST,0.7182216169392599
Local SST,0.5828942184585062
Local SST,0.9177794414460001
Local SST,1.4114515386017417
Local SST,0.40169328660644094
Local SST,0.9722927504971949
Local SST,0.8446988113217121
Local SST,1.5472163440231705
Local SST,1.081821730406423
Local SST,0.6462634889363239
Local SST,0.7831165440049838
Local SST,1.8048929267391822
Local SST,0.5159839939408913
Local SST,0.6640368694648542
Local SST,0.6884763750439771
Local SST,1.5721816922729344
Local SST,0.9574659893578804
Local SST,1.8082722849337072
Local SST,0.8904709353376932
Local SST,0.6489877535640787
Local SST,0.6349366428567015
Local SST,0.6492939773479535
Local SST,0.692499410631105
Local SST,1.0429739891794179
Local SST,1.0006343773577309
Local SST,1.3359963282352494
Local SST,0.7944557791725685
Local SST,0.5677930687091207
Local SST,0.6564493015571481
Local SST,0.8384695086440233
Local SST,0.5697837263689077
Local SST,0.6505995300669094
Local SST,1.1764807428989248
Local SST,0.7250733001372054
Local SST,1.112940867884167
Local SST,1.7464758031263325
Local SST,0.599500491517039
Local SST,0.8412228057654156
Local SST,0.9457567010002744
Local SST,0.7891154554998902
Local SST,1.0310438503130248
Local SST,0.8706077093791339
Local SST,0.9589572317014767
Local SST,0.7787287147856304
Local SST,0.9747716323972742
Local SST,1.0657357699485168
Local SST,0.787136192062382
Local SST,0.760449877603331
Local SST,0.8057966474965336
Local SST,0.7596751396825185
Local SST,0.9076352385899005
Local SST,1.0960529269510213
Local SST,0.8834427606356309
Local SST,0.8997975283000228
Local SST,1.3211805462228539
Local SST,0.8700079905774318
Local SST,1.0530203866793713
Local SST,1.9923089236332134
Local SST,0.8622514967915309
Local SST,0.8692980584028931
Local SST,0.8656254745798593
Local SST,1.4679936282327786
Local SST,0.8987349182638871
Local SST,1.452359957397825
Local SST,1.1961528382645734
Local SST,0.4474163120475884
Local SST,0.6730671850568349
Local SST,0.8825716102788934
Local SST,1.3294882813812225
Local SST,1.0326925997445573
Local SST,0.5784772504364888
Local SST,1.0847688085239182
Local SST,0.6210959119807232
Local SST,1.0277672575222483
Local SST,0.553826907208444
Local SST,1.0474550499257342
Local SST,0.420774798639547
Local SST,1.420892814400351
Local SST,1.725816519105939
Local SST,1.421530768006929
Local SST,0.662642678962716
Local SST,0.33204642797352824
Local SST,0.8644722949141087
Local SST,0.9160180545051259
Local SST,0.5749650770712019
Local SST,0.918253590319241
Local SST,0.8147471707733706
Local SST,0.701526957225979
Local SST,0.8394495680752467
Local SST,0.7066636321627006
Local SST,0.7619597819884818
Local SST,1.4203384639026955
Local SST,0.9414858067298171
Local SST,0.8951546216192607
Local SST,1.22812613269987
Local SST,1.0154486487252878
Local SST,1.0814535511032304
Local SST,1.154853062514396
Local SST,0.8575640154681353
Local SST,1.1562859994241708
Local SST,0.49709863966135126
Local SST,1.0973859321899349
Local SST,0.6899028837776092
Local SST,0.5039079609752926
Local SST,1.0973561814814976
Local SST,0.5188808782089867
Local SST,0.9454675137192486
Local SST,0.6623161108796312
Local SST,1.7190924260133464
Local SST,0.5028671332186244
Local SST,1.0433286561603363
Local SST,0.6688972649853442
Local SST,0.8698939721085943
Local SST,0.8553764413292329
Local SST,0.9384386086556191
Local SST,1.1235843835281658
Local SST,0.6317466255776786
Local SST,0.6168370718132953
Local SST,0.7390126930466225
Local SST,0.5241344788280942
Local SST,0.4776477975101631
Local SST,0.7079188427719086
Local SST,0.7369570407135716
Local SST,0.7840924561455
Local SST,0.6698880867411479
Local SST,0.657643460974155
Local SST,0.5658234992860119
Local SST,0.7371762534750744
Local SST,0.851511804473503
Local SST,0.48642422229700416
Local SST,0.6993187770386303
Local SST,0.5985380235270591
Local SST,0.5263694112244737
Local SST,0.6937111148094358
Local SST,0.7945883848586524
Local SST,1.5157271551919913
Local SST,1.7193076590701222
Local SST,0.6520554990559063
Local SST,0.8314667849146354
Local SST,0.8672462446496559
Local SST,0.7905452137063331
Local SST,0.4720761959456204
Local SST,0.9716521790290022
Local SST,0.6221805057300748
Local SST,1.930026989642348
Local SST,0.6518387208368059
Local SST,1.0756598416106156
Local SST,0.9562481833088693
Local SST,0.8324853203582676
Local SST,0.6248444518413683
Local SST,0.9363843976735492
Local SST,1.0605896373466004
Local SST,0.7589921444897098
Local SST,0.537650395049557
Local SST,0.869985899310069
Local SST,0.7713237369922239
Local SST,1.1334576873462463
Local SST,0.9353802474259616
Local SST,0.6602384489875631
Local SST,0.35963888273857736
Local SST,0.4526811625708146
Local SST,0.7237626345073875
Local SST,0.7384048412764574
Local SST,0.809597892223814
Local SST,0.8285437673668218
Local SST,0.7087876711994493
Local SST,0.9419544648421004
Local SST,0.657240465665907
Local SST,0.3018677607886295
Local SST,1.0849749850147872
Local SST,1.1631479133532103
Local SST,0.625885773311821
Local SST,0.8153419631794199
Local SST,0.8805474697625695
Local SST,0.943465333520027
Local SST,1.023986565233649
Local SST,0.8553821438191774
Local SST,1.396611152301529
Local SST,1.0220110514071252
Local SST,0.9858796151563315
Local SST,0.7122373084369302
Local SST,0.9644898478325643
Local SST,0.3961019474371367
Local SST,0.6431503418161496
Local SST,0.5940584248561773
Local SST,0.8938632900288508
Local SST,1.0372314256705104
Local SST,1.1740549581684652
Local SST,0.9549058122348079
Local SST,0.8206926349370055
Local SST,1.7394872233322693
Local SST,0.9572621453710606
Local SST,1.3626707426386764
Local SST,0.560841934504895
Local SST,0.7258926432615731
Local SST,0.642043499262192
Local SST,1.1048312986264364
Local SST,0.5586625466747884
Local SST,1.0105989445175834
Local SST,0.4926299731135366
Local SST,1.1731808947498037
Local SST,0.6245322953891883
Local SST,1.1485661351785332
Local SST,0.7109388208546321
Local SST,0.813787596271021
Local SST,0.8611054469354044
Local SST,1.1797726090212477
Local SST,0.8648067686230972
Local SST,1.1712355062553415
Local SST,1.0035883173207172
Local SST,0.9743592286730051
Local SST,0.8230092930110324
Local SST,0.7537678904938623
Local SST,0.8397434279507092
Local SST,0.3751521913641438
Local SST,1.609883506229139
Local SST,0.8091831954901159
Local SST,0.7548155222940773
Local SST,0.5982253462696099
Local SST,0.7353049670060987
Local SST,0.8903242483374165
Local SST,0.8996816595236661
Local SST,1.0927015291404143
Local SST,2.1806063413584713
Local SST,0.4702145146151278
Local SST,0.9994199624556973
Local SST,1.490609752353816
Local SST,0.5208699408420862
Local SST,0.48861634199788573
Local SST,0.6008554334365018
Local SST,0.3321249744064949
Local SST,1.7932293959671322
Local SST,1.0597178517885475
Local SST,1.2714487200084752
Local SST,1.5839851580552942
Local SST,1.7645604140736626
Local SST,0.36057078592743785
Local SST,1.0855720188656843
Local SST,1.0018340345421985
Local SST,0.659450639109056
Local SST,0.7436348769129504
Local SST,0.9385437075975265
Local SST,0.526476242285072
Local SST,0.758951652320903
Local SST,1.103239970715868
Local SST,0.7957112599240279
Local SST,0.802824655715356
Local SST,1.0614369464791957
Local SST,0.7015173624795126
Local SST,0.6315188571158666
Local SST,0.9938280112307035
Local SST,1.3714417650384811
Local SST,1.6101561539492413
Local SST,0.4658758809242806
Local SST,0.5757750397164383
Local SST,1.0861216058311967
Local SST,0.741130333035275
Local SST,0.5469477113098835
Local SST,0.9831062067257892
Local SST,1.606312015518342
Local SST,1.0471744017037117
Local SST,0.886955379281398
Local SST,1.4122896585504439
Local SST,1.7217259100456104
Local SST,1.3643845709976574
Local SST,0.5170947972271731
Local SST,0.43394730611288024
Local SST,0.6082470289574488
Local SST,0.8598762118784388
Local SST,1.5377128143987049
Local SST,1.3957022934828331
Local SST,0.8166738603725685
Local SST,1.985209182801506
Local SST,0.509729564869261
Local SST,0.7024994900760535
Local SST,1.1091429882617303
Local SST,0.9483713416403999
Local SST,1.169339068872979
Local SST,1.0512475314412764
Local SST,0.569417147279568
Local SST,1.4735587012392206
Local SST,0.668576761728736
Local SST,0.4982507376019121
Local SST,0.5683388288240812
Local SST,1.0186142848319848
Local SST,0.6104138019021218
Local SST,0.9348083191758253
Local SST,0.8594542779805656
Local SST,0.7546233237902592
Local SST,0.806572775446413
Local SST,0.6860440192827402
Local SST,0.5830812451088299
Local SST,0.475568568732715
Local SST,1.4873812125237724
Local SST,0.8513344011426911
Local SST,0.6421384459403362
Local SST,1.037162347630073
Local SST,0.6810005832782695
Local SST,0.9489575796055484
Local SST,1.283805334895759
Local SST,1.2077051835038297
Local SST,0.9648225867088219
Local SST,0.9401050138747366
Local SST,0.6065808380544754
Local SST,0.9209256245530245
Local SST,1.3808785745070373
Local SST,0.5174585566384263
Local SST,0.9129615484881424
Local SST,0.5575322037097125
Local SST,0.9196516859217111
Local SST,0.6801367067389016
Local SST,0.4884396198843675
Local SST,0.5694885195656435
Local SST,0.6815891666844701
Local SST,0.36692186213633865
Local SST,0.9779639590890696
Local SST,1.136819695372238
Local SST,0.7950911832196171
Local SST,0.9949777055613701
Local SST,0.9218434350219907
Local SST,0.6286951118209395
Local SST,0.5193682127410362
Local SST,0.8449017998689621
Local SST,1.0976455718979812
Local SST,0.7733441008245852
Local SST,0.6708012843026151
Local SST,2.1108306552349365
Local SST,0.7571191118036301
Local SST,0.6455352919593779
Local SST,0.5934644621255275
Local SST,0.9157126820833066
Local SST,0.5600995385933336
Local SST,0.601318668625853
Local SST,0.696652828175814
Local SST,0.662875639896285
Local SST,0.9124545023162582
Local SST,1.2308069097206098
Local SST,0.854694331674208
Local SST,0.5843956948694183
Local SST,1.159784792048042
Local SST,0.7177752572494053
Local SST,0.7976321888799383
Local SST,0.5504600279194124
Local SST,0.5812978779944442
Local SST,0.6747148943528396
Local SST,0.8001270101104744
Local SST,0.7217228862817644
Local SST,0.4328830475912681
Local SST,1.6219836148449955
Local SST,1.583002515651623
Local SST,1.3848796399514727
Local SST,0.7525860819406056
Local SST,0.8864308175107765
Local SST,0.8382028668155178
Local SST,0.9142551617784351
Local SST,0.8185210133572108
Local SST,1.2693641957898827
Local SST,0.8579362451639204
Local SST,0.8979541960213374
Local SST,0.8213914065842902
Local SST,0.7893625306947892
Local SST,0.7982531987614688
Local SST,0.894915039048864
Local SST,0.9762650437129118
Local SST,1.1710089616232147
Local SST,0.5158027342534269
Local SST,0.6001475202998064
Local SST,1.8313691496998246
Local SST,1.0487639309688577
Local SST,0.8130458859783606
Local SST + coordinated control,0.599649873985155
Local SST + coordinated control,0.9339554982887586
Local SST + coordinated control,0.5818537840153969
Local SST + coordinated control,0.5645746517431013
Local SST + coordinated control,0.945797490002472
Local SST + coordinated control,0.6703338049243084
Local SST + coordinated control,0.5267623941224082
Local SST + coordinated control,0.5391836621106538
Local SST + coordinated control,0.5132292838277122
Local SST + coordinated control,0.8343045810560517
Local SST + coordinated control,0.6585040360152111
Local SST + coordinated control,0.5194299991689453
Local SST + coordinated control,0.81937167064465
Local SST + coordinated control,0.779527899814245
Local SST + coordinated control,0.5116567681057343
Local SST + coordinated control,0.7329079263418381
Local SST + coordinated control,0.9976242109123887
Local SST + coordinated control,0.6631701115954501
Local SST + coordinated control,1.0767908305439162
Local SST + coordinated control,0.5776543710725689
Local SST + coordinated control,0.6754886585250772
Local SST + coordinated control,0.609443566073543
Local SST + coordinated control,0.4862896691769578
Local SST + coordinated control,1.3389232521575467
Local SST + coordinated control,0.7056524156271561
Local SST + coordinated control,1.4331387993910705
Local SST + coordinated control,0.6085304544140445
Local SST + coordinated control,0.5341631532351554
Local SST + coordinated control,0.5362251106276805
Local SST + coordinated control,0.6365692649834446
Local SST + coordinated control,0.45674993879446846
Local SST + coordinated control,0.737687291709719
Local SST + coordinated control,1.000582393400127
Local SST + coordinated control,0.6103436809250258
Local SST + coordinated control,0.5458689852631375
Local SST + coordinated control,0.47579594189082136
Local SST + coordinated control,0.6542452261545045
Local SST + coordinated control,0.7400847138281996
Local SST + coordinated control,0.8349933869657674
Local SST + coordinated control,0.5584004437987982
Local SST + coordinated control,1.2876846275978466
Local SST + coordinated control,0.40757542453556694
Local SST + coordinated control,0.9447404230825105
Local SST + coordinated control,0.5627193127643381
Local SST + coordinated control,0.774765746348251
Local SST + coordinated control,0.4260417253735116
Local SST + coordinated control,0.7484806504037654
Local SST + coordinated control,0.7421539924945512
Local SST + coordinated control,0.6149462409396231
Local SST + coordinated control,0.9459399967009519
Local SST + coordinated control,0.7018933468859994
Local SST + coordinated control,0.7334139501267555
Local SST + coordinated control,0.8427440763259814
Local SST + coordinated control,1.6438708290662438
Local SST + coordinated control,0.5926073057865925
Local SST + coordinated control,0.6628542461403155
Local SST + coordinated control,0.4788103053186217
Local SST + coordinated control,0.917663513941335
Local SST + coordinated control,0.35466442632293715
Local SST + coordinated control,0.4781558974697372
Local SST + coordinated control,1.177889525552787
Local SST + coordinated control,0.9810374787565305
Local SST + coordinated control,0.45286672577039
Local SST + coordinated control,0.966177543592275
Local SST + coordinated control,0.5894337634087491
Local SST + coordinated control,0.514833960249091
Local SST + coordinated control,0.6189916167625803
Local SST + coordinated control,0.5183469700151345
Local SST + coordinated control,0.41947084749413016
Local SST + coordinated control,0.4377180888434737
Local SST + coordinated control,0.5653721561210298
Local SST + coordinated control,1.0306382860755399
Local SST + coordinated control,0.5194255400475376
Local SST + coordinated control,0.6720660325576734
Local SST + coordinated control,0.8664871066534549
Local SST + coordinated control,0.829092780152275
Local SST + coordinated control,0.8510449720766532
Local SST + coordinated control,0.565101198921717
Local SST + coordinated control,0.36292440722829467
Local SST + coordinated control,0.7415402556779557
Local SST + coordinated control,0.8545983458504846
Local SST + coordinated control,0.6360072015593987
Local SST + coordinated control,0.5816442493441805
Local SST + coordinated control,0.5085930616390851
Local SST + coordinated control,1.2862901617643352
Local SST + coordinated control,0.4323065558657684
Local SST + coordinated control,1.5900462227843752
Local SST + coordinated control,0.8633189318536864
Local SST + coordinated control,1.115014864069831
Local SST + coordinated control,0.8398620715701861
Local SST + coordinated control,0.8903448113715876
Local SST + coordinated control,0.7310977437723748
Local SST + coordinated control,0.4434372921686183
Local SST + coordinated control,0.4918746035254166
Local SST + coordinated control,0.5871804350973531
Local SST + coordinated control,0.6980233485418001
Local SST + coordinated control,0.49014316347218806
Local SST + coordinated control,0.5514456627683286
Local SST + coordinated control,0.5416658969255598
Local SST + coordinated control,0.3095437605520166
Local SST + coordinated control,0.37872330757992
Local SST + coordinated control,0.6130077860008708
Local SST + coordinated control,0.8548626070877302
Local SST + coordinated control,0.8260158361235681
Local SST + coordinated control,1.0366621324980612
Local SST + coordinated control,0.31184620476056796
Local SST + coordinated control,0.6239827154988585
Local SST + coordinated control,1.1317737155738476
Local SST + coordinated control,0.5052261389894223
Local SST + coordinated control,0.4617841076887374
Local SST + coordinated control,1.1601141050372163
Local SST + coordinated control,0.7744458515682375
Local SST + coordinated control,0.6186631168786859
Local SST + coordinated control,0.49361514523105715
Local SST + coordinated control,0.3602447391189414
Local SST + coordinated control,0.5394867264512675
Local SST + coordinated control,1.3341502751014962
Local SST + coordinated control,0.6381114009849642
Local SST + coordinated control,1.3731918897973039
Local SST + coordinated control,0.4708777519374564
Local SST + coordinated control,0.6935754829969215
Local SST + coordinated control,0.8445365046850237
Local SST + coordinated control,1.0529162698957901
Local SST + coordinated control,0.6479025007213005
Local SST + coordinated control,0.6061068140122072
Local SST + coordinated control,0.7577051033964013
Local SST + coordinated control,0.8067715358002288
Local SST + coordinated control,0.6545578642788265
Local SST + coordinated control,0.7017663957934738
Local SST + coordinated control,0.7966686425074371
Local SST + coordinated control,0.7599861538130447
Local SST + coordinated control,0.8198973780094516
Local SST + coordinated control,0.8300317427507938
Local SST + coordinated control,0.3432106127255029
Local SST + coordinated control,0.7268404578519708
Local SST + coordinated control,0.6643682285304178
Local SST + coordinated control,0.3442725842378638
Local SST + coordinated control,0.6644185998914376
Local SST + coordinated control,0.664305951256793
Local SST + coordinated control,0.9274490719131151
Local SST + coordinated control,0.39580829177406834
Local SST + coordinated control,0.5574353003399625
Local SST + coordinated control,0.42537556621827194
Local SST + coordinated control,0.7751202071974158
Local SST + coordinated control,0.7365348912136391
Local SST + coordinated control,0.7455422910955244
Local SST + coordinated control,0.8368723581667276
Local SST + coordinated control,1.4126957878490973
Local SST + coordinated control,0.28983158574221374
Local SST + coordinated control,1.023172113268087
Local SST + coordinated control,0.38520815123261276
Local SST + coordinated control,0.9875039375523171
Local SST + coordinated control,0.5224762885354852
Local SST + coordinated control,0.4251720030097764
Local SST + coordinated control,0.4666404621711567
Local SST + coordinated control,0.30567221455568044
Local SST + coordinated control,0.7288668669805027
Local SST + coordinated control,0.8745706338703224
Local SST + coordinated control,0.5564180456285013
Local SST + coordinated control,0.5604370948847675
Local SST + coordinated control,0.4767915819867509
Local SST + coordinated control,0.3600886373856946
Local SST + coordinated control,0.41121537612709613
Local SST + coordinated control,0.42635379314932237
Local SST + coordinated control,0.5305511746937929
Local SST + coordinated control,0.9194333267918524
Local SST + coordinated control,0.6994738227848731
Local SST + coordinated control,0.3565635708705763
Local SST + coordinated control,0.8608036070084039
Local SST + coordinated control,0.8400911052042548
Local SST + coordinated control,0.6102295546174541
Local SST + coordinated control,0.9650774573250873
Local SST + coordinated control,0.44600602989095905
Local SST + coordinated control,0.46160949289640235
Local SST + coordinated control,0.7205754369581696
Local SST + coordinated control,0.5967046601627128
Local SST + coordinated control,1.2830952981108157
Local SST + coordinated control,0.5179683690053716
Local SST + coordinated control,1.2462662882397537
Local SST + coordinated control,1.014230095089936
Local SST + coordinated control,0.5656033119346793
Local SST + coordinated control,0.7107450662813799
Local SST + coordinated control,0.3088811224912318
Local SST + coordinated control,0.45092342603684854
Local SST + coordinated control,0.7301624002126235
Local SST + coordinated control,0.36671080834470765
Local SST + coordinated control,0.4823120868644866
Local SST + coordinated control,0.5727141659926418
Local SST + coordinated control,0.6680226301518907
Local SST + coordinated control,0.6308379991174222
Local SST + coordinated control,0.41218606385875534
Local SST + coordinated control,0.7121717464132307
Local SST + coordinated control,0.5511054325326452
Local SST + coordinated control,0.5434647976141224
Local SST + coordinated control,0.37479237833219653
Local SST + coordinated control,0.3700070122690136
Local SST + coordinated control,0.5916368560230778
Local SST + coordinated control,0.6329390581859704
Local SST + coordinated control,1.0824539567105893
Local SST + coordinated control,0.3327267238526037
Local SST + coordinated control,0.40506759842932266
Local SST + coordinated control,0.6510847936746956
Local SST + coordinated control,0.5733787431673523
Local SST + coordinated control,1.0565921873471278
Local SST + coordinated control,1.1194476757291156
Local SST + coordinated control,0.8356377954009143
Local SST + coordinated control,0.4146869318027839
Local SST + coordinated control,0.6067888323888533
Local SST + coordinated control,0.5415704815832693
Local SST + coordinated control,0.8475796903638858
Local SST + coordinated control,0.8082981737406904
Local SST + coordinated control,0.4498033588225622
Local SST + coordinated control,0.7264678662019689
Local SST + coordinated control,0.7006555514087157
Local SST + coordinated control,0.27473649691049973
Local SST + coordinated control,0.45798156018216285
Local SST + coordinated control,0.6316132388779218
Local SST + coordinated control,0.5691048593895981
Local SST + coordinated control,0.9710699083457577
Local SST + coordinated control,0.3366036636622198
Local SST + coordinated control,0.5148792036058384
Local SST + coordinated control,0.8339748684777524
Local SST + coordinated control,1.2973923754724006
Local SST + coordinated control,0.3378159130943175
Local SST + coordinated control,0.48939721498921057
Local SST + coordinated control,0.7039749883863291
Local SST + coordinated control,0.4729012053703768
Local SST + coordinated control,0.8942530544399403
Local SST + coordinated control,0.4664346718875873
Local SST + coordinated control,0.3228458668419294
Local SST + coordinated control,0.39409016052711515
Local SST + coordinated control,0.6564522124890843
Local SST + coordinated control,0.61305903270976
Local SST + coordinated control,0.9255112297786513
Local SST + coordinated control,0.5722719236050138
Local SST + coordinated control,0.9320257634707689
Local SST + coordinated control,0.8461121195526757
Local SST + coordinated control,0.516434310104748
Local SST + coordinated control,1.1831715307276391
Local SST + coordinated control,0.6104420060395224
Local SST + coordinated control,0.6842963962505986
Local SST + coordinated control,1.161378639743688
Local SST + coordinated control,0.4228375829982408
Local SST + coordinated control,1.0380863687796629
Local SST + coordinated control,0.5361789392000218
Local SST + coordinated control,0.8792230458315848
Local SST + coordinated control,0.4698713329898914
Local SST + coordinated control,0.4724794435300554
Local SST + coordinated control,0.4486666752851283
Local SST + coordinated control,0.6915986588487699
Local SST + coordinated control,0.9901481184692771
Local SST + coordinated control,0.433622498014136
Local SST + coordinated control,1.7286520155969514
Local SST + coordinated control,1.0637148317154745
Local SST + coordinated control,0.5216892012571455
Local SST + coordinated control,1.1428832067764856
Local SST + coordinated control,0.5981022460758209
Local SST + coordinated control,0.44225403601814667
Local SST + coordinated control,1.0791073118061982
Local SST + coordinated control,0.3981133995124364
Local SST + coordinated control,0.6248247977753346
Local SST + coordinated control,0.43943337927023746
Local SST + coordinated control,0.2526491854178944
Local SST + coordinated control,0.876092088053173
Local SST + coordinated control,0.927726495101158
Local SST + coordinated control,0.4736337393668535
Local SST + coordinated control,0.4301542008183391
Local SST + coordinated control,0.8519966053470207
Local SST + coordinated control,0.6871321311655424
Local SST + coordinated control,0.7867433378673588
Local SST + coordinated control,0.5422660875285727
Local SST + coordinated control,0.4069591163672769
Local SST + coordinated control,0.6790536544843006
Local SST + coordinated control,0.35655751468010266
Local SST + coordinated control,1.0227763192962842
Local SST + coordinated control,0.49772638444897466
Local SST + coordinated control,1.1777223086662127
Local SST + coordinated control,0.6430411146450921
Local SST + coordinated control,0.9983014558333261
Local SST + coordinated control,0.7075093236430993
Local SST + coordinated control,0.45558275247494917
Local SST + coordinated control,0.5679269586921517
Local SST + coordinated control,0.38505713262663765
Local SST + coordinated control,0.3926312869820214
Local SST + coordinated control,0.7514698813721862
Local SST + coordinated control,0.8058162045087748
Local SST + coordinated control,0.6498202135089675
Local SST + coordinated control,0.4860322122926789
Local SST + coordinated control,0.8954934813567804
Local SST + coordinated control,0.4893566994368705
Local SST + coordinated control,1.0644059552287248
Local SST + coordinated control,0.6455386505341523
Local SST + coordinated control,0.47779625541520493
Local SST + coordinated control,0.4330454273904455
Local SST + coordinated control,0.3825201656620918
Local SST + coordinated control,0.5640021644114049
Local SST + coordinated control,0.6763463905655772
Local SST + coordinated control,0.5504081844781059
Local SST + coordinated control,0.7559245819323828
Local SST + coordinated control,0.3314387560926731
Local SST + coordinated control,0.5672901752491885
Local SST + coordinated control,0.9630049147168798
Local SST + coordinated control,1.4628940758339477
Local SST + coordinated control,0.5645504063591166
Local SST + coordinated control,0.5719685110321225
Local SST + coordinated control,0.6100454968072214
Local SST + coordinated control,0.4783024297607119
Local SST + coordinated control,0.7648987476659219
Local SST + coordinated control,0.7068053057134646
Local SST + coordinated control,0.5944725103653149
Local SST + coordinated control,0.394646504533912
Local SST + coordinated control,1.1594928413174572
Local SST + coordinated control,0.46342396382762896
Local SST + coordinated control,0.7116097230609698
Local SST + coordinated control,0.6683783333787863
Local SST + coordinated control,0.8365594921596889
Local SST + coordinated control,0.8444733903400014
Local SST + coordinated control,0.7248256499125929
Local SST + coordinated control,0.9966774074522106
Local SST + coordinated control,0.3113973077245677
Local SST + coordinated control,0.4748317624274618
Local SST + coordinated control,0.5149869454410542
Local SST + coordinated control,0.23680746015132806
Local SST + coordinated control,0.9371174760379704
Local SST + coordinated control,0.570982410544387
Local SST + coordinated control,0.49285623982504156
Local SST + coordinated control,0.7411321158331818
Local SST + coordinated control,1.0379466599354927
Local SST + coordinated control,0.25176554268699264
Local SST + coordinated control,0.49603755277418715
Local SST + coordinated control,0.9898386630160624
Local SST + coordinated control,0.7014371348625128
Local SST + coordinated control,1.0537264702476616
Local SST + coordinated control,0.9830504380272252
Local SST + coordinated control,0.44397485627739514
Local SST + coordinated control,0.49293386020989344
Local SST + coordinated control,1.092977497515124
Local SST + coordinated control,0.43282307820820287
Local SST + coordinated control,0.6467676411801082
Local SST + coordinated control,0.769173808153701
Local SST + coordinated control,0.7734991745963684
Local SST + coordinated control,0.5027213634919758
Local SST + coordinated control,0.8210022784826848
Local SST + coordinated control,0.7425152144740583
Local SST + coordinated control,0.47789143248501625
Local SST + coordinated control,1.1162796475040835
Local SST + coordinated control,0.7201070178979196
Local SST + coordinated control,0.5296719757375192
Local SST + coordinated control,0.4283672155429248
Local SST + coordinated control,0.589180151956624
Local SST + coordinated control,1.1361230756540133
Local SST + coordinated control,0.561264851505062
Local SST + coordinated control,0.3041098706996884
Local SST + coordinated control,0.336627950194422
Local SST + coordinated control,0.4708988382742897
Local SST + coordinated control,0.4828718906830218
Local SST + coordinated control,0.6842309230780228
Local SST + coordinated control,0.49124311078275645
Local SST + coordinated control,0.6606099988665711
Local SST + coordinated control,1.1666382897953205
Local SST + coordinated control,0.5211924882654732
Local SST + coordinated control,0.8546509921906695
Local SST + coordinated control,0.6505174364912594
Local SST + coordinated control,0.6341007480161738
Local SST + coordinated control,0.5216054766381295
Local SST + coordinated control,0.7748677995130243
Local SST + coordinated control,0.5838127956653574
Local SST + coordinated control,0.5892853271645322
Local SST + coordinated control,0.9023502813592925
Local SST + coordinated control,0.40925711307042156
Local SST + coordinated control,0.5904640547823591
Local SST + coordinated control,0.46040388641386565
Local SST + coordinated control,0.5230791948104909
Local SST + coordinated control,0.7534736896078197
Local SST + coordinated control,0.52123284482408
Local SST + coordinated control,0.5696640078817228
Local SST + coordinated control,0.43772961772218655
Local SST + coordinated control,0.5860274956180459
Local SST + coordinated control,0.5588822559678136
Local SST + coordinated control,0.3929328866244431
Local SST + coordinated control,0.9738176320316237
Local SST + coordinated control,0.6727884435349429
Local SST + coordinated control,0.39042871059864015
Local SST + coordinated control,0.8705189779054574
Local SST + coordinated control,0.6934547203025023
Local SST + coordinated control,0.6416214331233975
Local SST + coordinated control,0.44381690033584376
Local SST + coordinated control,0.708642781657959
Local SST + coordinated control,0.4464961786764319
Local SST + coordinated control,1.4767717506296125
Local SST + coordinated control,0.6489447446606816
Local SST + coordinated control,0.7495201407632444
Local SST + coordinated control,0.47720995387207793
Local SST + coordinated control,0.7568087473234382
Local SST + coordinated control,0.8133293957411045
Local SST + coordinated control,0.47227451803249787
Local SST + coordinated control,0.7978911835687055
Local SST + coordinated control,0.7380550902444286
Local SST + coordinated control,0.5955490187370648
Local SST + coordinated control,0.3961601916076755
Local SST + coordinated control,0.9982756847532231
Local SST + coordinated control,0.4328315689504348
Local SST + coordinated control,0.5444435359130076
Local SST + coordinated control,0.7295554034366147
Local SST + coordinated control,1.0013433614339065
Local SST + coordinated control,0.7421813362265446
Local SST + coordinated control,0.36831537742065984
Local SST + coordinated control,0.8210945888356223
Local SST + coordinated control,0.4046416929335769
Local SST + coordinated control,1.0509076812065585
Local SST + coordinated control,0.8530158022178257
Local SST + coordinated control,0.8932526515438286
Local SST + coordinated control,0.40805320801312134
Local SST + coordinated control,0.8858347665305571
Local SST + coordinated control,1.3203800593653319
Local SST + coordinated control,0.6020345540630347
Local SST + coordinated control,0.8964377318836285
Local SST + coordinated control,0.5065864135016339
Local SST + coordinated control,0.49851862522921725
Local SST + coordinated control,0.7899516934600328
Local SST + coordinated control,0.5395042444738691
Local SST + coordinated control,0.6358574167733949
Local SST + coordinated control,0.9068548710561596
Local SST + coordinated control,0.6917746680280499
Local SST + coordinated control,0.5135372000601467
Local SST + coordinated control,0.5914365816845331
Local SST + coordinated control,0.5714156504420806
Local SST + coordinated control,0.6828921880309287
Local SST + coordinated control,0.5041252956476359
Local SST + coordinated control,0.30074354063920916
Local SST + coordinated control,0.6977284703271998
Local SST + coordinated control,0.8231710377174949
Local SST + coordinated control,2.025991006259626
Local SST + coordinated control,0.9061315415806133
Local SST + coordinated control,0.36936899023768766
Local SST + coordinated control,0.5152007077524844
Local SST + coordinated control,0.8812124321424137
Local SST + coordinated control,0.7369750788075495
Local SST + coordinated control,0.33988622943710334
Local SST + coordinated control,0.7268339564290979
Local SST + coordinated control,0.7241687697015683
Local SST + coordinated control,0.45012953218929164
Local SST + coordinated control,0.58022698367549
Local SST + coordinated control,0.5484980547872462
Local SST + coordinated control,0.5165698310485841
Local SST + coordinated control,0.32315932093414956
Local SST + coordinated control,1.2755013375881965
Local SST + coordinated control,0.6645332124024164
Local SST + coordinated control,1.0684744270146935
Local SST + coordinated control,0.9151028170011207
Local SST + coordinated control,0.5330137265238054
Local SST + coordinated control,0.5802725670098992
Local SST + coordinated control,0.6169803752137266
Local SST + coordinated control,0.8244728251351681
Local SST + coordinated control,0.9495101902290785
Local SST + coordinated control,0.4334173478279416
Local SST + coordinated control,1.1806699796764093
Local SST + coordinated control,0.6707193866546778
Local SST + coordinated control,0.7079732817183135
Local SST + coordinated control,0.37656187724182
Local SST + coordinated control,0.7340959556852013
Local SST + coordinated control,0.3984171751570391
Local SST + coordinated control,0.9785610113565627
Local SST + coordinated control,0.6131125500403274
Local SST + coordinated control,1.0155492070861256
Local SST + coordinated control,0.8543457511861045
Local SST + coordinated control,0.6964262418842928
Local SST + coordinated control,0.6693323371937656
Local SST + coordinated control,1.0467531105248062
Local SST + coordinated control,0.9167303381374328
Local SST + coordinated control,1.045532486627314
Local SST + coordinated control,0.779124353615636
Local SST + coordinated control,0.7919214116292697
Local SST + coordinated control,0.7872107155049244
Local SST + coordinated control,0.6159478910363062
Local SST + coordinated control,0.8628656220564399
Local SST + coordinated control,0.945122348017021
Local SST + coordinated control,0.6414803953389373
Local SST + coordinated control,0.5875117904693661
Local SST + coordinated control,0.7138973542151279
Local SST + coordinated control,0.2852084436044784
Local SST + coordinated control,1.0187699812875617
Local SST + coordinated control,0.7763225250566991
Local SST + coordinated control,0.2619341305862806
Local SST + coordinated control,0.4597376503631477
Local SST + coordinated control,0.45839149578848815
Local SST + coordinated control,0.6267364962274795
Local SST + coordinated control,0.42787951797155316
Local SST + coordinated control,0.7968213797653032
Local SST + coordinated control,0.7185327405065292
Local SST + coordinated control,0.6310370776881143
Local SST + coordinated control,0.3960201496153368
Local SST + coordinated control,0.5702714660177537
Local SST + coordinated control,0.5855834164999646
Local SST + coordinated control,0.6237805494254958
Local SST + coordinated control,0.5294061903281329
Local SST + coordinated control,0.7898657441133798
Local SST + coordinated control,0.48251886295213786
Local SST + coordinated control,0.8634463745526396
Local SST + coordinated control,0.8555158677183885
Local SST + coordinated control,0.45195439159934786
Local SST + coordinated control,0.5306336788051098
Local SST + coordinated control,1.3247801629479425
Local SST + coordinated control,0.7271528561290244
Local SST + coordinated control,0.4918459350086536
Local SST + coordinated control,1.0160671254954592
Local SST + coordinated control,0.3123233040629449
Local SST + coordinated control,0.495412978187864
Local SST + coordinated control,0.7137447260222259
Local SST + coordinated control,0.4143827469429191
Local SST + coordinated control,0.8419370114437839
Local SST + coordinated control,0.9817543147025626
Local SST + coordinated control,0.6368565044293167
Local SST + coordinated control,0.6920740501000895
Local SST + coordinated control,0.4651705935305389
Local SST + coordinated control,0.7774146735603048
Local SST + coordinated control,0.5981990258464047
Local SST + coordinated control,1.1236886473709318
Local SST + coordinated control,0.6507047609970511
Local SST + coordinated control,0.40272292420072103
Local SST + coordinated control,0.59956354545752
Local SST + coordinated control,0.547564669034597
Local SST + coordinated control,0.331877274609884
Local SST + coordinated control,0.5928625291419559
Local SST + coordinated control,0.9258143547984009
Local SST + coordinated control,0.5440981481211766
Local SST + coordinated control,0.5531616235546657
Local SST + coordinated control,0.36677367635742475
Local SST + coordinated control,1.2746620831656608
Local SST + coordinated control,0.9507784837698949
Local SST + coordinated control,0.6311322120800694
Local SST + coordinated control,0.4845098050536178
Local SST + coordinated control,0.6161679850593155
Local SST + coordinated control,1.1497928033568188
Local SST + coordinated control,0.4652641270708499
Local SST + coordinated control,0.5862066480355139
Local SST + coordinated control,0.9744861739381067
Local SST + coordinated control,0.5822255065311647
Local SST + coordinated control,0.6830955349261107
Local SST + coordinated control,0.6565143134522287
Local SST + coordinated control,0.6466444084650069
Local SST + coordinated control,0.8959505027816547
Local SST + coordinated control,0.5647386351121216
Local SST + coordinated control,0.7245575915657855
Local SST + coordinated control,0.5612708829206401
Local SST + coordinated control,1.364942058231083
Local SST + coordinated control,0.6997531672025314
Local SST + coordinated control,0.4298753352113352
Local SST + coordinated control,1.0035629078399626
Local SST + coordinated control,0.3923539691851126
Local SST + coordinated control,0.5163840831273016
Local SST + coordinated control,0.44438652534335266
Local SST + coordinated control,0.5051155238721489
Local SST + coordinated control,0.7874403676509469
Local SST + coordinated control,0.5248002862193082
Local SST + coordinated control,0.5692524787184506
Local SST + coordinated control,0.6155855484968938
Local SST + coordinated control,0.40282650806682974
Local SST + coordinated control,0.548754710954759
Local SST + coordinated control,0.7022349981284695
Local SST + coordinated control,0.5973956024275834
Local SST + coordinated control,1.1774345112949143
Local SST + coordinated control,0.8375449114429102
Local SST + coordinated control,1.0313189328248331
Local SST + coordinated control,0.49819345551779565
Local SST + coordinated control,1.1031475281455039
Local SST + coordinated control,0.5463956165985036
Local SST + coordinated control,0.7220591315263648
Local SST + coordinated control,0.9267275499106215
Local SST + coordinated control,0.4980967267639888
Local SST + coordinated control,0.8347335546378609
Local SST + coordinated control,0.4411480290325887
Local SST + coordinated control,0.6224189482498778
Local SST + coordinated control,0.9264101822483907
Local SST + coordinated control,0.5362120598710751
Local SST + coordinated control,0.5609746956173177
Local SST + coordinated control,0.9145023515983499
Local SST + coordinated control,0.4127499020206831
Local SST + coordinated control,1.3479784367762433
Local SST + coordinated control,0.46708387679446095
Local SST + coordinated control,0.9928065188763465
Local SST + coordinated control,0.5513412932142178
Local SST + coordinated control,0.4079846054102941
Local SST + coordinated control,1.119455161637698
Local SST + coordinated control,0.7260494164407296
Local SST + coordinated control,0.5132339132663719
Local SST + coordinated control,0.4187133839464885
Local SST + coordinated control,0.44170461856673815
Local SST + coordinated control,0.6591440534324161
Local SST + coordinated control,0.6782497703162085
Local SST + coordinated control,0.4170749390404684
Local SST + coordinated control,0.6899433662107352
Local SST + coordinated control,0.9039037011435832
Local SST + coordinated control,0.5720627080263548
Local SST + coordinated control,0.4995773072817762
Local SST + coordinated control,0.6068297632728096
Local SST + coordinated control,0.4687507421661178
Local SST + coordinated control,0.6274516944090601
Local SST + coordinated control,0.6920229385959843
Local SST + coordinated control,0.7043825485175359
Local SST + coordinated control,0.6609977208650776
Local SST + coordinated control,0.5240331701069498
Local SST + coordinated control,1.1019831463812495
Local SST + coordinated control,0.3808722454025511
Local SST + coordinated control,0.6105949954267008
Local SST + coordinated control,0.7388453809858573
Local SST + coordinated control,0.4660735284805627
Local SST + coordinated control,0.42526018742345617
Local SST + coordinated control,0.44628022883498203
Local SST + coordinated control,0.7929927188639243
Local SST + coordinated control,0.7938131671356667
Local SST + coordinated control,0.5223572126655553
Local SST + coordinated control,0.8532013760043322
Local SST + coordinated control,0.5621654374156296
Local SST + coordinated control,0.7218666244621056
Local SST + coordinated control,0.7715685035460097
Local SST + coordinated control,0.3503381530290458
Local SST + coordinated control,0.6612175003313395
Local SST + coordinated control,0.6334062275993431
Local SST + coordinated control,0.9816681697544257
Local SST + coordinated control,0.7146740557402939
Local SST + coordinated control,0.5237254159438615
Local SST + coordinated control,0.6179488506215034
Local SST + coordinated control,0.3419461708614553
Local SST + coordinated control,0.5024081424911989
Local SST + coordinated control,0.2563369601396574
Local SST + coordinated control,0.4557109825349247
Local SST + coordinated control,0.5655073308389875
Local SST + coordinated control,0.7933757178325289
Local SST + coordinated control,0.562363194109404
Local SST + coordinated control,0.865403943703196
Local SST + coordinated control,0.4013613685083052
Local SST + coordinated control,0.46715440408474695
Local SST + coordinated control,1.1573563627712806
Local SST + coordinated control,0.7083243555827996
Local SST + coordinated control,0.7200774161211229
Local SST + coordinated control,0.3311816206491094
Local SST + coordinated control,0.5962708477656906
Local SST + coordinated control,0.7877497038074248
Local SST + coordinated control,0.7217161762997637
Local SST + coordinated control,1.0896224362894882
Local SST + coordinated control,0.30536988537894166
Local SST + coordinated control,0.45568644025249067
Local SST + coordinated control,0.8286289022794856
Local SST + coordinated control,0.558344400577372
Local SST + coordinated control,0.80879258408296
Local SST + coordinated control,0.7574474922031464
Local SST + coordinated control,0.4821998452738131
Local SST + coordinated control,1.2823990196151915
Local SST + coordinated control,0.7689930620844571
Local SST + coordinated control,0.6174945649015579
Local SST + coordinated control,0.3612529425085725
Local SST + coordinated control,0.5867001196050838
Local SST + coordinated control,0.6551581641161506
Local SST + coordinated control,0.5510292699651747
Local SST + coordinated control,0.9005837477891845
Local SST + coordinated control,1.218268379879356
Local SST + coordinated control,0.6859806207373098
Local SST + coordinated control,0.33623366670709176
Local SST + coordinated control,0.3329301293933462
Local SST + coordinated control,0.6750745064434968
Local SST + coordinated control,0.7367719660710493
Local SST + coordinated control,0.8133478518176783
Local SST + coordinated control,0.7771962907909566
Local SST + coordinated control,0.49069736694620153
Local SST + coordinated control,0.6367037072157302
Local SST + coordinated control,0.6337605444032868
Local SST + coordinated control,0.9494274258864187
Local SST + coordinated control,0.9358402034557524
Local SST + coordinated control,0.49675667536601115
Local SST + coordinated control,1.0791565985603484
Local SST + coordinated control,0.6568820089401098
Local SST + coordinated control,0.9042453785509067
Local SST + coordinated control,0.6375738989244992
Local SST + coordinated control,0.4848289832199678
Local SST + coordinated control,1.1637812671470598
Local SST + coordinated control,0.8306192323077616
Local SST + coordinated control,0.7647851148103024
Local SST + coordinated control,0.8483446546865884
Local SST + coordinated control,0.4435101583521595
Local SST + coordinated control,0.6887831059026718
Local SST + coordinated control,0.688670448253918
Local SST + coordinated control,0.7969689239925416
Local SST + coordinated control,0.9505921502623385
Local SST + coordinated control,0.8236859614475469
Local SST + coordinated control,0.5706955618353556
Local SST + coordinated control,0.3721013319495646
Local SST + coordinated control,0.5704149028939797
Local SST + coordinated control,0.8983676161260962
Local SST + coordinated control,0.3994415040201983
Local SST + coordinated control,0.996743709996482
Local SST + coordinated control,0.5766623940879531
Local SST + coordinated control,0.7750476496271704
Local SST + coordinated control,0.648891453499344
Local SST + coordinated control,0.3848574622552761
Local SST + coordinated control,1.0495595239226359
Local SST + coordinated control,0.6115785628734562
Local SST + coordinated control,0.6504890180213234
Local SST + coordinated control,0.5333028504270313
Local SST + coordinated control,0.7364243381118992
Local SST + coordinated control,1.0951980465814937
Local SST + coordinated control,0.6248640175246425
Local SST + coordinated control,0.7859195755917253
Local SST + coordinated control,0.619190009567644
Local SST + coordinated control,0.48857502286440385
Local SST + coordinated control,0.5906900490526573
Local SST + coordinated control,0.3676635649391532
Local SST + coordinated control,0.9132655758288188
Local SST + coordinated control,1.0135003660415325
Local SST + coordinated control,0.7231867897354304
Local SST + coordinated control,0.5051283462418061
Local SST + coordinated control,0.8937299679244177
Local SST + coordinated control,0.6903386550137253
Local SST + coordinated control,0.32698122670605867
Local SST + coordinated control,0.6769066415174237
Local SST + coordinated control,0.38282595840909994
Local SST + coordinated control,0.454013984064979
Local SST + coordinated control,0.6301975431220994
Local SST + coordinated control,0.3871304466046674
Local SST + coordinated control,0.6157676171270212
Local SST + coordinated control,0.5887855460704486
Local SST + coordinated control,0.8041051177562504
Local SST + coordinated control,0.3810856711218325
Local SST + coordinated control,0.30730113143972354
Local SST + coordinated control,0.7078373266391658
Local SST + coordinated control,0.7796161575731293
Local SST + coordinated control,0.5729398614580042
Local SST + coordinated control,0.32340025081101076
Local SST + coordinated control,0.5092000199725939
Local SST + coordinated control,0.7313092728479441
Local SST + coordinated control,0.4257627822909511
Local SST + coordinated control,0.692136295535671
Local SST + coordinated control,0.5613333530579128
Local SST + coordinated control,0.5698840941732538
Local SST + coordinated control,0.4414695479389908
Local SST + coordinated control,0.7899062518537155
Local SST + coordinated control,1.238341678118423
Local SST + coordinated control,0.7650696995041502
Local SST + coordinated control,0.3567229834278417
Local SST + coordinated control,0.7069148268644551
Local SST + coordinated control,0.5049014936757128
Local SST + coordinated control,0.552956712829766
Local SST + coordinated control,0.3922753210434387
Local SST + coordinated control,0.5888169734161712
Local SST + coordinated control,0.6718841419566044
Local SST + coordinated control,0.5611716477953795
Local SST + coordinated control,0.3392225859901077
Local SST + coordinated control,1.2492341310694581
Local SST + coordinated control,0.781525767262774
Local SST + coordinated control,0.5165092414808521
Local SST + coordinated control,0.4577470164120956
Local SST + coordinated control,0.5225440720540898
Local SST + coordinated control,0.6569295692352389
Local SST + coordinated control,0.9533368743417852
Local SST + coordinated control,0.8583813937516847
Local SST + coordinated control,0.606126997453471
Local SST + coordinated control,0.83657888060012
Local SST + coordinated control,1.1852496095481302
Local SST + coordinated control,0.7893730156601934
Local SST + coordinated control,0.5822280916377194
Local SST + coordinated control,0.5341364785350541
Local SST + coordinated control,1.051331071771947
Local SST + coordinated control,1.2956492321214323
Local SST + coordinated control,0.668228344694757
Local SST + coordinated control,0.39133474753690284
Local SST + coordinated control,1.1364528180445337
Local SST + coordinated control,1.382159410961106
Local SST + coordinated control,0.6148098314718634
Local SST + coordinated control,0.5645514869528391
Local SST + coordinated control,0.4164558741398382
Local SST + coordinated control,0.606863617042807
Local SST + coordinated control,0.9321378962022352
Local SST + coordinated control,0.37423764655069136
Local SST + coordinated control,0.443576068578512
Local SST + coordinated control,0.8802475202215873
Local SST + coordinated control,0.5945673438286739
Local SST + coordinated control,0.4855907136709137
Local SST + coordinated control,0.8487402210928554
Local SST + coordinated control,0.7857383915560179
Local SST + coordinated control,0.4621536086851828
Local SST + coordinated control,0.770850175462205
Local SST + coordinated control,0.5385198961291348
Local SST + coordinated control,0.5292930306753239
Local SST + coordinated control,0.45689462458574637
Local SST + coordinated control,0.42325256517569215
Local SST + coordinated control,0.7903291084186154
Local SST + coordinated control,0.9655441198796578
Local SST + coordinated control,0.7223779172643378
Local SST + coordinated control,1.078676438206831
Local SST + coordinated control,0.42010727549822446
Local SST + coordinated control,0.5892265437393812
Local SST + coordinated control,0.7514824043490687
Local SST + coordinated control,1.050905563836602
Local SST + coordinated control,0.739417219830859
Local SST + coordinated control,1.2537527635201926
Local SST + coordinated control,0.5717850431119201
Local SST + coordinated control,1.5821603920821958
Local SST + coordinated control,0.6206693059573065
Local SST + coordinated control,0.6529535910368357
Local SST + coordinated control,0.6917402967947683
Local SST + coordinated control,0.5495459041835365
Local SST + coordinated control,0.36949136851205866
Local SST + coordinated control,0.5678154269530172
Local SST + coordinated control,1.1251883780489806
Local SST + coordinated control,0.5450586801896445
Local SST + coordinated control,0.3460280044412641
Local SST + coordinated control,0.4388746776218089
Local SST + coordinated control,0.6780236977939743
Local SST + coordinated control,0.42669421532781104
Local SST + coordinated control,0.47205214462137657
Local SST + coordinated control,1.0254974250909983
Local SST + coordinated control,0.3496884979938942
Local SST + coordinated control,0.6733318556887342
Local SST + coordinated control,0.48894326259262527
Local SST + coordinated control,0.8429914279490287
Local SST + coordinated control,0.4374830292500858
Local SST + coordinated control,0.37393017397583456
Local SST + coordinated control,0.765871707182516
Local SST + coordinated control,0.9417532230182315
Local SST + coordinated control,0.4741005937050972
Local SST + coordinated control,0.5006464546975178
Local SST + coordinated control,0.6453676386099715
Local SST + coordinated control,0.42546622553574565
Local SST + coordinated control,0.6595017423255116
Local SST + coordinated control,0.8889162806733638
Local SST + coordinated control,0.5985632510312477
Local SST + coordinated control,0.8495537606430781
Local SST + coordinated control,0.44056794490139967
Local SST + coordinated control,0.41411041796506304
Local SST + coordinated control,0.6642727497816101
Local SST + coordinated control,0.6376323989541648
Local SST + coordinated control,0.7143924797631629
Local SST + coordinated control,0.427980391011343
Local SST + coordinated control,0.6984653937375563
Local SST + coordinated control,0.6110553905527556
Local SST + coordinated control,0.5177839710628511
Local SST + coordinated control,1.1305052384943104
Local SST + coordinated control,0.6289720848532018
Local SST + coordinated control,0.40573923384011085
Local SST + coordinated control,0.5107289003433182
Local SST + coordinated control,0.5805198195285536
Local SST + coordinated control,0.8359815323989405
Local SST + coordinated control,0.5170833208982315
Local SST + coordinated control,0.2981015724676972
Local SST + coordinated control,0.2585798025506668
Local SST + coordinated control,0.5679306980460261
Local SST + coordinated control,0.4437690587982201
Local SST + coordinated control,0.8643003217913435
Local SST + coordinated control,0.6437380208337408
Local SST + coordinated control,0.7194345528716963
Local SST + coordinated control,1.2388937325098333
Local SST + coordinated control,0.4538236768902645
Local SST + coordinated control,0.7752483487865799
Local SST + coordinated control,0.8997059355560866
Local SST + coordinated control,0.7107977064048456
Local SST + coordinated control,0.583955469017706
Local SST + coordinated control,0.5322528482873604
Local SST + coordinated control,0.778595768645097
Local SST + coordinated control,0.5488014749781183
Local SST + coordinated control,0.5078097172057361
Local SST + coordinated control,0.6171797434229491
Local SST + coordinated control,0.8511004514235829
Local SST + coordinated control,0.6387073521987605
Local SST + coordinated control,0.5785030388208312
Local SST + coordinated control,0.8396407392195332
Local SST + coordinated control,0.4167186254499032
Local SST + coordinated control,0.5034672215014211
Local SST + coordinated control,0.8116227720485265
Local SST + coordinated control,0.7675209380382175
Local SST + coordinated control,0.374073211367423
Local SST + coordinated control,1.3953566137393623
Local SST + coordinated control,0.8143475416292847
Local SST + coordinated control,0.7428501162384127
Local SST + coordinated control,0.41072008455481124
Local SST + coordinated control,1.086898856675675
Local SST + coordinated control,1.0683646768329793
Local SST + coordinated control,1.0871501690725114
Local SST + coordinated control,0.6639123949870521
Local SST + coordinated control,1.3193892178713962
Local SST + coordinated control,0.42595341535292336
Local SST + coordinated control,0.5098882360367653
Local SST + coordinated control,0.5708711842651812
Local SST + coordinated control,1.0413821752047419
Local SST + coordinated control,0.3945830344711423
Local SST + coordinated control,0.5185691421523655
Local SST + coordinated control,0.4055201148476445
Local SST + coordinated control,0.48537889320171707
Local SST + coordinated control,0.38064039847151915
Local SST + coordinated control,0.983316385083616
Local SST + coordinated control,0.5512024601868876
Local SST + coordinated control,0.8579589266322106
Local SST + coordinated control,0.732214205625085
Local SST + coordinated control,0.27597391343621674
Local SST + coordinated control,0.9877854788626506
Local SST + coordinated control,0.9502814494119044
Local SST + coordinated control,0.4472892685253024
Local SST + coordinated control,0.4315135731218881
Local SST + coordinated control,1.0547513756859703
Local SST + coordinated control,0.7064097851118779
Local SST + coordinated control,1.044364887242781
Local SST + coordinated control,0.2997411718841723
Local SST + coordinated control,0.6057745732329228
Local SST + coordinated control,0.2746877935023315
Local SST + coordinated control,1.3249058323998761
Local SST + coordinated control,0.6848737956783882
Local SST + coordinated control,0.2759756983827304
Local SST + coordinated control,0.5742321617333087
Local SST + coordinated control,0.693556051686986
Local SST + coordinated control,0.672227487290784
Local SST + coordinated control,1.1306767673762483
Local SST + coordinated control,0.7300468588778167
Local SST + coordinated control,0.8765963382521079
Local SST + coordinated control,1.0913524679612843
Local SST + coordinated control,0.7611605379981123
Local SST + coordinated control,0.7110468183166432
Local SST + coordinated control,0.6734602779104111
Local SST + coordinated control,0.721915888444782
Local SST + coordinated control,0.6185708095308066
Local SST + coordinated control,0.45674063656490277
Local SST + coordinated control,0.5578296549525167
Local SST + coordinated control,0.5595216978923698
Local SST + coordinated control,0.9651962549675551
Local SST + coordinated control,0.8394191507039527
Local SST + coordinated control,0.554464392135027
Local SST + coordinated control,0.6281040416192775
Local SST + coordinated control,0.6436462156691516
Local SST + coordinated control,0.5057487802571722
Local SST + coordinated control,0.5733813677715189
Local SST + coordinated control,0.5957482531594298
Local SST + coordinated control,0.7813572820733522
Local SST + coordinated control,1.2542042355974152
Local SST + coordinated control,0.8552879265874017
Local SST + coordinated control,0.6874393989407642
Local SST + coordinated control,0.5747174189285938
Local SST + coordinated control,0.6914039587600118
Local SST + coordinated control,0.8826683084406453
Local SST + coordinated control,1.5315060390676336
Local SST + coordinated control,0.4755299699887863
Local SST + coordinated control,0.43226991594312514
Local SST + coordinated control,0.36445264066586
Local SST + coordinated control,0.31889497055643257
Local SST + coordinated control,0.44234626129821514
Local SST + coordinated control,0.5627652660220038
Local SST + coordinated control,1.834226783814124
Local SST + coordinated control,0.8592758776047047
Local SST + coordinated control,0.9774628938791543
Local SST + coordinated control,1.0428480068045505
Local SST + coordinated control,0.4675832299339004
Local SST + coordinated control,0.499096247075426
Local SST + coordinated control,0.4287467295725494
Local SST + coordinated control,0.7909630537482774
Local SST + coordinated control,0.5211248092629224
Local SST + coordinated control,1.178010423218265
Local SST + coordinated control,0.8937705235497964
Local SST + coordinated control,1.106351764080661
Local SST + coordinated control,0.4973438447046082
Local SST + coordinated control,0.9631085547579544
Local SST + coordinated control,0.6690120895924477
Local SST + coordinated control,0.5375718833529404
Local SST + coordinated control,0.3835844400332785
Local SST + coordinated control,0.6862506692460324
Local SST + coordinated control,0.9484021090854302
Local SST + coordinated control,1.0661305231744123
Local SST + coordinated control,0.3783804281742895
Local SST + coordinated control,0.6233295286214949
Local SST + coordinated control,0.8582926017415639
Local SST + coordinated control,0.5818136060974688
Local SST + coordinated control,0.49759100695580294
Local SST + coordinated control,0.5709823162722204
Local SST + coordinated control,0.4829858476212933
Local SST + coordinated control,1.167957327941244
Local SST + coordinated control,0.5467713149084569
Local SST + coordinated control,0.5110946459672635
Local SST + coordinated control,0.476066245116964
Local SST + coordinated control,0.6819946624167479
Local SST + coordinated control,0.35186413798493915
Local SST + coordinated control,0.7827598542610819
Local SST + coordinated control,0.7633572400096691
Local SST + coordinated control,0.8224796737305703
Local SST + coordinated control,0.4775648550794724
Local SST + coordinated control,0.5561922796872092
Local SST + coordinated control,0.5192825383496594
Local SST + coordinated control,0.36190045618356764
Local SST + coordinated control,0.4543413401595357
Local SST + coordinated control,0.4847035995235493
Local SST + coordinated control,0.3890318841030574
Local SST + coordinated control,0.47522459117108856
Local SST + coordinated control,0.7315224359426954
Local SST + coordinated control,0.6947644722015809
Local SST + coordinated control,0.5746945064002872
Local SST + coordinated control,0.8795935627169021
Local SST + coordinated control,0.6382865111679564
Local SST + coordinated control,1.2288504138219325
Local SST + coordinated control,1.0616921599995455
Local SST + coordinated control,0.32231949115041797
Local SST + coordinated control,0.6234559546333933
Local SST + coordinated control,0.5065680945954606
Local SST + coordinated control,0.6562646688763197
Local SST + coordinated control,0.8379400186314326
Local SST + coordinated control,0.7571580109283996
Local SST + coordinated control,0.9631767388173176
Local SST + coordinated control,0.7020902096103511
Local SST + coordinated control,0.6492502076617547
Local SST + coordinated control,0.597920761449865
Local SST + coordinated control,0.4846848368715117
Local SST + coordinated control,0.6523910987812709
Local SST + coordinated control,1.2132097235985968
Local SST + coordinated control,1.2344176505663336
Local SST + coordinated control,0.30962903445278345
Local SST + coordinated control,0.5291245398058451
Local SST + coordinated control,0.8683325002591662
Local SST + coordinated control,0.5606742122092412
Local SST + coordinated control,0.5272808526386883
Local SST + coordinated control,0.7052803469506569
Local SST + coordinated control,0.6513298012796673
Local SST + coordinated control,0.4978492445145033
Local SST + coordinated control,0.8858236150740407
Local SST + coordinated control,0.5633566592549692
Local SST + coordinated control,0.8322672682459604
Local SST + coordinated control,0.32193575754658676
Local SST + coordinated control,1.1648159544677232
Local SST + coordinated control,0.35368584136565234
Local SST + coordinated control,0.9150457730347082
Local SST + coordinated control,1.0664509533393942
Local SST + coordinated control,0.8377889895418074
Local SST + coordinated control,0.3379037178330955
Local SST + coordinated control,0.7103879397181007
Local SST + coordinated control,0.8750833345069512
Local SST + coordinated control,0.7160969446029813
Local SST + coordinated control,0.5196664149900417
Local SST + coordinated control,1.0296850316823438
Local SST + coordinated control,0.42252050250328055
Local SST + coordinated control,1.5269830969629454
Local SST + coordinated control,0.8943032875975168
Local SST + coordinated control,0.8289264113674685
Local SST + coordinated control,0.6172013674561789
Local SST + coordinated control,0.6816970810147064
Local SST + coordinated control,0.8281517252021461
Local SST + coordinated control,0.6389237573553039
Local SST + coordinated control,0.5758081527347674
Local SST + coordinated control,0.6246866800021882
Local SST + coordinated control,1.0433458753629063
Local SST + coordinated control,0.5228993467864071
Local SST + coordinated control,0.8395862882989162
Local SST + coordinated control,0.62185615946485
Local SST + coordinated control,0.6925873087012686
Local SST + coordinated control,0.7794545110785659
Local SST + coordinated control,0.9445366011048112
Local SST + coordinated control,0.6107004406690171
Local SST + coordinated control,1.2699809845430812
Local SST + coordinated control,1.4742536063295186
Local SST + coordinated control,1.1260802522836058
Local SST + coordinated control,0.6394154935920018
Local SST + coordinated control,0.5634512736451377
Local SST + coordinated control,0.6644693239983742
Local SST + coordinated control,0.760185015067266
Local SST + coordinated control,0.8428303155035467
Local SST + coordinated control,1.7882581259071253
Local SST + coordinated control,0.38726888530930964
Local SST + coordinated control,0.5134872140766044
Local SST + coordinated control,0.45006313765685485
Local SST + coordinated control,0.6000330788868918
Local SST + coordinated control,0.9494191597111372
Local SST + coordinated control,0.7987556902214661
Local SST + coordinated control,0.891111201293537
Local SST + coordinated control,0.5082907910641973
Local SST + coordinated control,0.34275904674060625
Local SST + coordinated control,0.45739793036485216
Local SST + coordinated control,0.9204550341590139
Local SST + coordinated control,0.7045830559432856
Local SST + coordinated control,0.2781862760360656
Local SST + coordinated control,0.6183385293934061
Local SST + coordinated control,0.3515006035320076
Local SST + coordinated control,0.7129686949175957
Local SST + coordinated control,1.0571675218935312
Local SST + coordinated control,0.3091648278970704
Local SST + coordinated control,0.5324778891140325
Local SST + coordinated control,0.643363044727098
Local SST + coordinated control,0.7087263985865686
Local SST + coordinated control,0.4822701736812989
Local SST + coordinated control,0.47021168745524833
Local SST + coordinated control,0.4156044946017467
Local SST + coordinated control,0.7737068695492441
Local SST + coordinated control,0.48884305454093685
Local SST + coordinated control,0.8092647214505492
Local SST + coordinated control,1.1774192854195644
Local SST + coordinated control,0.821590505769564
Local SST + coordinated control,0.5847465517895846
Local SST + coordinated control,0.989214260633388
Local SST + coordinated control,0.7224804189860038
Local SST + coordinated control,0.5974721306292956
Local SST + coordinated control,0.7080238754086638
Local SST + coordinated control,0.5331717590497588
Local SST + coordinated control,0.2692457468615937
Local SST + coordinated control,0.7009496376246699
Local SST + coordinated control,0.4787742795251104
Local SST + coordinated control,0.7963383588230718
Local SST + coordinated control,0.6999286658795997
Local SST + coordinated control,0.5557807944214194
Local SST + coordinated control,0.2687645630510177
Local SST + coordinated control,0.7097418375772903
Local SST + coordinated control,0.8468241222133707
Local SST + coordinated control,0.7314607531788175
Local SST + coordinated control,0.5034960466829316
Local SST + coordinated control,0.5173683292051261
Local SST + coordinated control,0.5209264240056577
Local SST + coordinated control,0.9028337801694405
Local SST + coordinated control,0.7292631018570934
Local SST + coordinated control,0.4722067188780095
Local SST + coordinated control,0.6463937762855805
Local SST + coordinated control,0.7972014866636741
Local SST + coordinated control,1.0932893913290622
Local SST + coordinated control,0.784290739162806
Local SST + coordinated control,0.36617142979862466
Local SST + coordinated control,0.7290262771813889
Local SST + coordinated control,1.0290283483273295
Local SST + coordinated control,0.5793040410496715
Local SST + coordinated control,0.3813420161496209
Local SST + coordinated control,0.7194042870967999
Local SST + coordinated control,1.4542056798427563
Local SST + coordinated control,0.7003355090907772
Local SST + coordinated control,0.48152579974306237
Local SST + coordinated control,0.3474407293726319
Local SST + coordinated control,0.7043288691314821
Local SST + coordinated control,0.5230575535477064
Local SST + coordinated control,0.8856548319919522
Local SST + coordinated control,0.9501671654938071
Local SST + coordinated control,0.6985650805093544
Local SST + coordinated control,0.815684987333321
Local SST + coordinated control,0.6414239778870174
Local SST + coordinated control,0.7937428698274656
Local SST + coordinated control,0.41530686859232835
Local SST + coordinated control,0.6825365392769954
Local SST + coordinated control,0.7338370220522359
Local SST + coordinated control,0.6105491257417934
Local SST + coordinated control,0.5044855235353494
Local SST + coordinated control,0.4838320104349219
Local SST + coordinated control,0.650287501310095
Local SST + coordinated control,0.5615132868291867
Local SST + coordinated control,0.5236027643940282
Local SST + coordinated control,1.1450349053676763
Local SST + coordinated control,0.5465298993141213
Local SST + coordinated control,0.5197314750137336
Local SST + coordinated control,0.7032389184225416
Local SST + coordinated control,0.7850587169036967
Local SST + coordinated control,1.0323781435523707
Local SST + coordinated control,0.6900173641166147
Local SST + coordinated control,0.40084800123847514
Local SST + coordinated control,0.9984204693938051
Local SST + coordinated control,0.7922818475108961
Local SST + coordinated control,0.4139464620145581
Local SST + coordinated control,0.33298013451609504
Local SST + coordinated control,0.6150872566154917
Local SST + coordinated control,0.46038626163050705
Local SST + coordinated control,0.4295369222187464
Local SST + coordinated control,1.4686400526775694
Local SST + coordinated control,0.8373923629266207
Local SST + coordinated control,0.5188335540208722
Local SST + coordinated control,0.5289112652859623
Local SST + coordinated control,0.873645144996475
Local SST + coordinated control,0.5116913017117046
Local SST + coordinated control,1.1125099567898027
Local SST + coordinated control,0.7799703027908732
Local SST + coordinated control,0.49800782945224076
Local SST + coordinated control,1.4520533879472413
Local SST + coordinated control,0.5929499351653871
Local SST + coordinated control,0.580086847263538
Local SST + coordinated control,0.5704057574195417
Local SST + coordinated control,0.3533205153943759
Local SST + coordinated control,0.506972702088534
Local SST + coordinated control,1.8811078190588493
Local SST + coordinated control,0.4064337717832423
Local SST + coordinated control,1.0755262502926788
Local SST + coordinated control,0.6484804099862729
Local SST + coordinated control,0.7315732073571887
Local SST + coordinated control,0.5684847164105543
Local SST + coordinated control,0.4395427293729689
Local SST + coordinated control,0.5888563771912254
Local SST + coordinated control,0.8304094481712293
Local SST + coordinated control,0.8147463522679236
Local SST + coordinated control,0.7681634281123245
Local SST + coordinated control,0.7807935422114555
Local SST + coordinated control,0.9568698180071032
Local SST + coordinated control,0.5607115713156896
Local SST + coordinated control,0.8158699598447271
Local SST + coordinated control,0.45101761516644384
Local SST + coordinated control,1.2923586802531855
Local SST + coordinated control,0.9791290842448876
Local SST + coordinated control,1.0824940770291502
Local SST + coordinated control,0.9242261419612967
Local SST + coordinated control,0.4649095360639871
Local SST + coordinated control,0.8119392123682663
Local SST + coordinated control,0.30064234249136546
Local SST + coordinated control,0.561262843417068
Local SST + coordinated control,0.5977975576705397
Local SST + coordinated control,0.6361268173225995
Local SST + coordinated control,0.7323689340139911
Local SST + coordinated control,0.6867383539642752
Local SST + coordinated control,0.43507993645164833
Local SST + coordinated control,0.5610586244252682
Local SST + coordinated control,0.7057629012983357
Local SST + coordinated control,0.4114460346043461
Local SST + coordinated control,0.6977599785864667
Local SST + coordinated control,0.43762859467690096
Local SST + coordinated control,0.5154865714641423
Local SST + coordinated control,0.680664196362119
Local SST + coordinated control,0.3916179664095743
Local SST + coordinated control,0.5512534391517244
Local SST + coordinated control,0.9890417715918819
Local SST + coordinated control,0.8988098031254778
Local SST + coordinated control,0.3959515722796655
Local SST + coordinated control,0.8277182551531943
Local SST + coordinated control,0.6186459874755601
Local SST + coordinated control,0.7686056168214084
Local SST + coordinated control,0.5613737014213522
Local SST + coordinated control,0.3270295529926723
Local SST + coordinated control,0.7461321708165755
Local SST + coordinated control,0.5888135072353085
Local SST + coordinated control,0.5891806218283289
Local SST + coordinated control,1.068306073189905
Local SST + coordinated control,0.8352091408001585
Local SST + coordinated control,0.896252333299237
Local SST + coordinated control,0.2611082789405463
Local SST + coordinated control,1.1858440915776542
Local SST + coordinated control,0.9800304629935173
Local SST + coordinated control,0.511221316209439
Local SST + coordinated control,1.3751754318069997
Local SST + coordinated control,0.6346965640630393
Local SST + coordinated control,0.36619779953529263
Local SST + coordinated control,0.5073778663483401
Local SST + coordinated control,0.4104672521116237
Local SST + coordinated control,0.6147222490900485
Local SST + coordinated control,0.40812855061626513
Local SST + coordinated control,0.29951887350463907
Local SST + coordinated control,0.6960659130925594
Local SST + coordinated control,1.1910806476161786
Local SST + coordinated control,0.5641876896374889
Local SST + coordinated control,0.5871848036756879
Local SST + coordinated control,0.6004991712348212
Local SST + coordinated control,0.6156084696129771
Local SST + coordinated control,0.7714453863432371
Local SST + coordinated control,0.5574890016431209
Local SST + coordinated control,0.9264787557081202
Local SST + coordinated control,0.6510475515351674
Local SST + coordinated control,0.8669156245877582
Local SST + coordinated control,0.9542111040989809
Local SST + coordinated control,0.6634120978016685
Local SST + coordinated control,0.4159485516419643
Local SST + coordinated control,0.568087887660508
Local SST + coordinated control,0.4534196288679006
Local SST + coordinated control,0.641872683102131
Local SST + coordinated control,0.423092764498908
Local SST + coordinated control,0.4940592507201194
Local SST + coordinated control,0.8648429560493482
Local SST + coordinated control,0.7774997397917092
Local SST + coordinated control,0.972501664361069
Local SST + coordinated control,0.9214122630654342
Local SST + coordinated control,0.8330680575969877
Local SST + coordinated control,0.5948799746011575
Local SST + coordinated control,0.37736641791658426
Local SST + coordinated control,0.33463253035737706
Local SST + coordinated control,0.8640789184742383
Local SST + coordinated control,1.2299787560880109
Local SST + coordinated control,0.4187846066261964
Local SST + coordinated control,0.3042512819144519
Local SST + coordinated control,0.4248308964700893
Local SST + coordinated control,0.6037666417253356
Local SST + coordinated control,0.6815893849827855
Local SST + coordinated control,0.6030130117463459
Local SST + coordinated control,0.5044058218222124
Local SST + coordinated control,0.45216962033545954
Local SST + coordinated control,0.8499161256800722
Local SST + coordinated control,0.704301287651051
Local SST + coordinated control,0.39419606216530334
Local SST + coordinated control,0.7110532153656084
Local SST + coordinated control,0.7197556105815799
Local SST + coordinated control,0.6991650840721316
Local SST + coordinated control,0.7959252666125403
Local SST + coordinated control,1.0387893342060817
Local SST + coordinated control,0.7677322082500513
Local SST + coordinated control,0.6160920894324733
Local SST + coordinated control,0.49143899109196737
Local SST + coordinated control,0.5445211280607793
Local SST + coordinated control,0.4955172351426755
Local SST + coordinated control,0.6695813117828255
Local SST + coordinated control,0.7298516216001403
Local SST + coordinated control,0.6020254460375773
Local SST + coordinated control,0.7459664680095681
Local SST + coordinated control,0.514651956071324
Local SST + coordinated control,0.7000540048219207
Local SST + coordinated control,0.3221709710867548
Local SST + coordinated control,0.7359530725337238
Local SST + coordinated control,0.44936939573823004
Local SST + coordinated control,0.3107381138603428
Local SST + coordinated control,0.4355038333092242
Local SST + coordinated control,0.6243747865347976
Local SST + coordinated control,0.7077371985817278
Local SST + coordinated control,0.9366693031409614
Local SST + coordinated control,0.5557114723779907
Local SST + coordinated control,1.1150320712687387
Local SST + coordinated control,0.7924485766530235
Local SST + coordinated control,0.9406519291183741
Local SST + coordinated control,0.39177344024314925
Local SST + coordinated control,0.5555780974154534
Local SST + coordinated control,0.8757112537269811
Local SST + coordinated control,0.420009579748756
Local SST + coordinated control,0.43133061560500296
Local SST + coordinated control,1.2140070920882229
Local SST + coordinated control,0.7032960551333411
Local SST + coordinated control,0.6274601676545315
Local SST + coordinated control,0.31080152601495936
Local SST + coordinated control,0.6173111525086805
Local SST + coordinated control,0.6430416817438258
Local SST + coordinated control,0.912868795109542
Local SST + coordinated control,0.3609709638483522
Local SST + coordinated control,0.6737890031374508
Local SST + coordinated control,0.7979938143921136
Local SST + coordinated control,0.872686266721323
Local SST + coordinated control,1.5914172476480632
Local SST + coordinated control,0.8015150428508481
Local SST + coordinated control,0.4608928519212002
Local SST + coordinated control,0.5088250471769487
Local SST + coordinated control,0.5557867571824888
Local SST + coordinated control,1.0453161147680594
Local SST + coordinated control,0.5998707091531311
Local SST + coordinated control,1.0191869061818344
Local SST + coordinated control,0.5513004497837574
Local SST + coordinated control,0.7215122635428955
Local SST + coordinated control,0.8093451097901084
Local SST + coordinated control,1.5018868943928787
Local SST + coordinated control,0.6093248612873519
Local SST + coordinated control,0.7035887907490479
Local SST + coordinated control,0.4195804003097566
Local SST + coordinated control,0.8888912325197643
Local SST + coordinated control,1.2360451955865985
Local SST + coordinated control,0.9674423869843242
Local SST + coordinated control,1.2064521852602188
Local SST + coordinated control,0.47319332324250335
Local SST + coordinated control,0.9433949420702097
Local SST + coordinated control,0.594622494649243
Local SST + coordinated control,0.27150151543350576
Local SST + coordinated control,0.7114220228231979
Local SST + coordinated control,0.39698935882455394
Local SST + coordinated control,0.7293066720181866
Local SST + coordinated control,0.6173820283096249
Local SST + coordinated control,0.6219089666867171
Local SST + coordinated control,0.27580429039608123
Local SST + coordinated control,0.6786245470589511
Local SST + coordinated control,0.7470175105589019
Local SST + coordinated control,0.40471712932647336
Local SST + coordinated control,0.7013920705153796
Local SST + coordinated control,0.6200756452363094
Local SST + coordinated control,0.3431726626096736
Local SST + coordinated control,0.3229877410282142
Local SST + coordinated control,0.5381191631381063
Local SST + coordinated control,0.3875606128241312
Local SST + coordinated control,0.6732883153701683
Local SST + coordinated control,0.7583827499199386
Local SST + coordinated control,0.5086794089454092
Local SST + coordinated control,1.6309414477167725
Local SST + coordinated control,1.378008112238358
Local SST + coordinated control,0.5574609045785031
Local SST + coordinated control,0.4298363142065246
Local SST + coordinated control,1.239968017892777
Local SST + coordinated control,0.42858112525127123
Local SST + coordinated control,1.1334271207419657
Local SST + coordinated control,0.5289486767494185
Local SST + coordinated control,0.9508386774394885
Local SST + coordinated control,0.4269098694099829
Local SST + coordinated control,0.3283187320220199
Local SST + coordinated control,0.9302077599892125
Local SST + coordinated control,0.3430738378727445
Local SST + coordinated control,0.841904784684898
Local SST + coordinated control,0.5213848794794002
Local SST + coordinated control,0.480248586068781
Local SST + coordinated control,0.8558037026579596
Local SST + coordinated control,0.5326434222760045
Local SST + coordinated control,0.4438500871833141
Local SST + coordinated control,0.5828165579364688
Local SST + coordinated control,0.7483816067727648
Local SST + coordinated control,0.9430673943736305
Local SST + coordinated control,0.9035464713995267
Local SST + coordinated control,0.9028667240174421
Local SST + coordinated control,1.2038288426891097
Local SST + coordinated control,0.4264665527595217
Local SST + coordinated control,0.8212778816608888
Local SST + coordinated control,0.6769609943427928
Local SST + coordinated control,0.939966066940586
Local SST + coordinated control,0.4247876701195002
Local SST + coordinated control,0.725889260041775
Local SST + coordinated control,0.4778150468387219
Local SST + coordinated control,1.1184839227774441
Local SST + coordinated control,0.5045946063526999
Local SST + coordinated control,0.6365609083869836
Local SST + coordinated control,0.828846891910825
Local SST + coordinated control,1.2011449314387237
Local SST + coordinated control,0.41624531015645794
Local SST + coordinated control,0.6433129656933868
Local SST + coordinated control,0.8799809893139593
Local SST + coordinated control,1.1204942964542752
Local SST + coordinated control,1.1595489065840572
Local SST + coordinated control,0.4982434546138554
Local SST + coordinated control,0.6289501674531944
Local SST + coordinated control,0.6608590064644276
Local SST + coordinated control,0.6294676949853707
Local SST + coordinated control,0.7228380888128203
Local SST + coordinated control,0.4985311437984278
Local SST + coordinated control,0.7022614840678331
Local SST + coordinated control,0.7134369128877401
Local SST + coordinated control,0.8321833225156127
Local SST + coordinated control,0.5353969483227674
Local SST + coordinated control,0.5422294629862965
Local SST + coordinated control,0.7641260188382673
Local SST + coordinated control,1.3304989674390055
Local SST + coordinated control,0.9899133723505349
Local SST + coordinated control,0.9928700152707126
Local SST + coordinated control,0.5467367985910203
Local SST + coordinated control,0.6911483206729765
Local SST + coordinated control,1.1883988710226174
Local SST + coordinated control,0.5806929973979639
Local SST + coordinated control,1.04589467416396
Local SST + coordinated control,0.40877306361786153
Local SST + coordinated control,0.8334040297087221
Local SST + coordinated control,0.585112529215349
Local SST + coordinated control,0.8581476950617412
Local SST + coordinated control,1.1203122099846476
Local SST + coordinated control,0.4026460747430268
Local SST + coordinated control,0.4677036777598063
Local SST + coordinated control,0.4137884833616151
Local SST + coordinated control,0.8262655053640195
Local SST + coordinated control,0.5327611221277838
Local SST + coordinated control,0.5623765715267786
Local SST + coordinated control,0.5458446276031762
Local SST + coordinated control,0.7425672606517496
Local SST + coordinated control,0.4182153011365436
Local SST + coordinated control,0.36361531907758343
Local SST + coordinated control,0.7438968192649945
Local SST + coordinated control,0.8999458657177921
Local SST + coordinated control,0.5324608493458793
Local SST + coordinated control,0.5857322009727968
Local SST + coordinated control,0.7015781176770713
Local SST + coordinated control,0.36798176960992107
Local SST + coordinated control,0.6794114901047517
Local SST + coordinated control,0.4566628944876421
Local SST + coordinated control,0.4237677130875462
Local SST + coordinated control,1.5280753154053077
Local SST + coordinated control,0.46390121369428655
Local SST + coordinated control,0.43468745035153483
Local SST + coordinated control,0.9623198024695118
Local SST + coordinated control,0.28663602186349135
Local SST + coordinated control,1.1639087841104279
Local SST + coordinated control,0.6758057918900827
Local SST + coordinated control,0.8693725166266408
Local SST + coordinated control,0.540099764302656
Local SST + coordinated control,0.6712531130651062
Local SST + coordinated control,0.47727974223874114
Local SST + coordinated control,1.7494114882735894
Local SST + coordinated control,0.5829067737745098
Local SST + coordinated control,0.27885051863734456
Local SST + coordinated control,0.5666371438200515
Local SST + coordinated control,0.5171589925859222
Local SST + coordinated control,0.5576843896658867
Local SST + coordinated control,1.068615243943306
Local SST + coordinated control,0.41259220443530503
Local SST + coordinated control,0.6205592027623885
Local SST + coordinated control,0.5007615520322682
Local SST + coordinated control,0.822558816147635
Local SST + coordinated control,0.6589079020306856
Local SST + coordinated control,0.568473164946013
Local SST + coordinated control,0.8970287725219575
Local SST + coordinated control,0.5383470950059134
Local SST + coordinated control,0.5783616566431687
Local SST + coordinated control,0.5568335501791498
Local SST + coordinated control,1.0548720638636813
Local SST + coordinated control,0.5069880719562005
Local SST + coordinated control,0.4615685330103035
Local SST + coordinated control,0.7094333856096915
Local SST + coordinated control,0.9394800541175702
Local SST + coordinated control,0.49343392636852695
Local SST + coordinated control,0.7205666527586851
Local SST + coordinated control,0.9948020076625356
Local SST + coordinated control,0.8861289921826986
Local SST + coordinated control,0.5904043871782451
Local SST + coordinated control,0.650955156778222
Local SST + coordinated control,0.6069148578730943
Local SST + coordinated control,0.35132805024765723
Local SST + coordinated control,0.3239600239088564
Local SST + coordinated control,0.4680198678627143
Local SST + coordinated control,0.6198640913547766
Local SST + coordinated control,1.2148112890052327
Local SST + coordinated control,1.12976326283744
Local SST + coordinated control,0.5271026768250288
Local SST + coordinated control,0.8598654653756062
Local SST + coordinated control,0.9450166603560843
Local SST + coordinated control,0.8651530821373022
Local SST + coordinated control,0.8229385504593681
Local SST + coordinated control,0.6316922717785993
Local SST + coordinated control,0.8082512047738852
Local SST + coordinated control,0.5760165191811768
Local SST + coordinated control,0.7890294939252781
Local SST + coordinated control,0.9114700215779007
Local SST + coordinated control,0.48620083143841036
Local SST + coordinated control,0.5428044226325265
Local SST + coordinated control,0.6571546506086589
Local SST + coordinated control,0.7820888904415769
Local SST + coordinated control,1.9575643916065033
Local SST + coordinated control,1.178831992849397
Local SST + coordinated control,0.8923751338590572
Local SST + coordinated control,1.1884077524027516
Local SST + coordinated control,0.5803115422315507
Local SST + coordinated control,1.0037422692480498
Local SST + coordinated control,1.2748478760936466
Local SST + coordinated control,0.8672881723694167
Local SST + coordinated control,1.1081847840003576
Local SST + coordinated control,0.9492565044615767
Local SST + coordinated control,0.6776574947952038
Local SST + coordinated control,0.6168548382600286
Local SST + coordinated control,0.9934910881985248
Local SST + coordinated control,0.6276529431743528
Local SST + coordinated control,0.6877502617697642
Local SST + coordinated control,0.3989682913977192
Local SST + coordinated control,0.8482837008532004
Local SST + coordinated control,0.23889305926189902
Local SST + coordinated control,0.4011302320478203
Local SST + coordinated control,1.043324735434495
Local SST + coordinated control,0.8266151184016173
Local SST + coordinated control,0.8151346007883696
Local SST + coordinated control,0.8695059830039492
Local SST + coordinated control,0.7563763012096073
Local SST + coordinated control,0.7056602415783544
Local SST + coordinated control,0.47158687032539
Local SST + coordinated control,0.9604072017096579
Local SST + coordinated control,0.798850073633568
Local SST + coordinated control,0.4339422739214603
Local SST + coordinated control,0.9564059947433323
Local SST + coordinated control,0.8394865868809548
Local SST + coordinated control,0.5212830334658394
Local SST + coordinated control,0.6904322903877648
Local SST + coordinated control,0.7024640454518313
Local SST + coordinated control,0.6626647206673026
Local SST + coordinated control,1.0597439149200798
Local SST + coordinated control,0.6882199923156843
Local SST + coordinated control,0.5432487864373811
Local SST + coordinated control,0.5279217361543227
Local SST + coordinated control,0.4451029167898037
Local SST + coordinated control,0.5227401607362009
Local SST + coordinated control,0.7811796316522595
Local SST + coordinated control,0.534571491161613
Local SST + coordinated control,0.904726380234564
Local SST + coordinated control,0.8163342736307899
Local SST + coordinated control,0.8416423149867581
Local SST + coordinated control,0.4800216417538394
Local SST + coordinated control,0.7542305746980684
Local SST + coordinated control,0.9979706092767263
Local SST + coordinated control,0.7705718548883593
Local SST + coordinated control,0.6956628682026285
Local SST + coordinated control,0.8575896024465693
Local SST + coordinated control,1.0601680896306869
Local SST + coordinated control,0.8369036528424527
Local SST + coordinated control,1.1943578867869062
Local SST + coordinated control,1.290752692501948
Local SST + coordinated control,0.27083904607056497
Local SST + coordinated control,0.40373031024180867
Local SST + coordinated control,0.8556917600113135
Local SST + coordinated control,0.8307440116250643
Local SST + coordinated control,0.46155206733536375
Local SST + coordinated control,0.6228806782691295
Local SST + coordinated control,0.7164855604883356
Local SST + coordinated control,1.3539123605413226
Local SST + coordinated control,0.5274764256480804
Local SST + coordinated control,0.4826856500508056
Local SST + coordinated control,0.60869474278692
Local SST + coordinated control,0.585702635669865
Local SST + coordinated control,0.8536136517152946
Local SST + coordinated control,0.5967685434456242
Local SST + coordinated control,0.888170746601501
Local SST + coordinated control,0.6443683043547853
Local SST + coordinated control,0.6935682285732885
Local SST + coordinated control,0.8992609867509388
Local SST + coordinated control,0.6857952380092889
Local SST + coordinated control,0.6141074458608097
Local SST + coordinated control,0.9003336860813431
Local SST + coordinated control,0.42701452047562977
Local SST + coordinated control,0.5007001816806986
Local SST + coordinated control,0.3799806188590816
Local SST + coordinated control,0.8093376355689221
Local SST + coordinated control,0.6472780805605003
Local SST + coordinated control,0.4960921079404693
Local SST + coordinated control,1.0683947875058988
Local SST + coordinated control,0.5689398796567569
Local SST + coordinated control,0.7264538336825274
Local SST + coordinated control,0.7041881850015104
Local SST + coordinated control,1.1761240018529118
Local SST + coordinated control,0.41465366332235204
Local SST + coordinated control,1.003394809995802
Local SST + coordinated control,0.612207993231286
Local SST + coordinated control,0.43610363427066323
Local SST + coordinated control,0.4581776049435368
Local SST + coordinated control,0.4887091396655721
Local SST + coordinated control,1.1487943492421393
Local SST + coordinated control,0.7396819831458166
Local SST + coordinated control,0.49319045013074175
Local SST + coordinated control,0.6969019710418396
Local SST + coordinated control,0.6206445420834897
Local SST + coordinated control,0.6069396155710787
Local SST + coordinated control,0.5113964918725121
Local SST + coordinated control,0.5287396995256407
Local SST + coordinated control,0.5364844142509794
Local SST + coordinated control,0.6008465299339019
Local SST + coordinated control,0.7551503781991786
Local SST + coordinated control,0.7344719248252789
Local SST + coordinated control,0.6438223812871696
Local SST + coordinated control,0.6759226684404278
Local SST + coordinated control,0.516372559149359
Local SST + coordinated control,0.4371447524453897
Local SST + coordinated control,0.7240373811829284
Local SST + coordinated control,0.37175546167918994
Local SST + coordinated control,0.5675193186027344
Local SST + coordinated control,0.8689029473392103
Local SST + coordinated control,0.5680059492298543
Local SST + coordinated control,0.9742889426247341
Local SST + coordinated control,0.8372100945857534
Local SST + coordinated control,0.5597439221390746
Local SST + coordinated control,0.9725476007758779
Local SST + coordinated control,0.427795070336224
Local SST + coordinated control,0.7518518189610873
Local SST + coordinated control,0.5793031206871964
Local SST + coordinated control,0.5535351625089847
Local SST + coordinated control,0.4833340509925249
Local SST + coordinated control,0.6968201346728526
Local SST + coordinated control,0.48151145462142436
Local SST + coordinated control,0.7526977228425944
Local SST + coordinated control,0.7828095770684219
Local SST + coordinated control,1.00035903744333
Local SST + coordinated control,1.7846716279050185
Local SST + coordinated control,0.4355421575221038
Local SST + coordinated control,0.6709070822699394
Local SST + coordinated control,0.4631451831143478
Local SST + coordinated control,0.8729550666825284
Local SST + coordinated control,0.2439529302544953
Local SST + coordinated control,0.4888028273821531
Local SST + coordinated control,0.39043164856232415
Local SST + coordinated control,1.1701906428290239
Local SST + coordinated control,0.7970201540185822
Local SST + coordinated control,0.5101737765126412
Local SST + coordinated control,0.5582830337518616
Local SST + coordinated control,0.23156729024805647
Local SST + coordinated control,0.7118740190485674
Local SST + coordinated control,0.4149631425889091
Local SST + coordinated control,0.4725645077444464
Local SST + coordinated control,0.5129348552803471
Local SST + coordinated control,0.7605959396878093
Local SST + coordinated control,0.6770181023461938
Local SST + coordinated control,0.4898089364321312
Local SST + coordinated control,0.9592927863932257
Local SST + coordinated control,0.4098558758867393
Local SST + coordinated control,0.8758882706253142
Local SST + coordinated control,0.5892483098700517
Local SST + coordinated control,0.6960051107956455
Local SST + coordinated control,0.46016953236006014
Local SST + coordinated control,0.5654388538632258
Local SST + coordinated control,0.6219139579876011
Local SST + coordinated control,0.4348735481209106
Local SST + coordinated control,0.41443316680696873
Local SST + coordinated control,0.6646786548881295
Local SST + coordinated control,1.1377785875247508
Local SST + coordinated control,0.35711270157375974
Local SST + coordinated control,0.5609599464383404
Local SST + coordinated control,0.5058029686709554
Local SST + coordinated control,0.803954992694178
Local SST + coordinated control,1.137536066956878
Local SST + coordinated control,0.8921378335442026
Local SST + coordinated control,0.4107824033231177
Local SST + coordinated control,0.3752782663519628
Local SST + coordinated control,0.696492045783898
Local SST + coordinated control,0.8615376894692942
Local SST + coordinated control,1.1127532851480264
Local SST + coordinated control,0.612142711366427
Local SST + coordinated control,0.7245953094602375
Local SST + coordinated control,1.0240348502789958
Local SST + coordinated control,1.1198650196371378
Local SST + coordinated control,0.814407406804119
Local SST + coordinated control,1.2253661577730695
Local SST + coordinated control,0.9381568352454595
Local SST + coordinated control,0.7197245968516705
Local SST + coordinated control,0.5221461490231566
Local SST + coordinated control,0.5965918745091583
Local SST + coordinated control,0.5906773221513917
Local SST + coordinated control,0.7814505454524762
Local SST + coordinated control,0.47896516830823677
Local SST + coordinated control,0.759164152700045
Local SST + coordinated control,0.5977001219975416
Local SST + coordinated control,0.7710541897455129
Local SST + coordinated control,0.4626625855288057
Local SST + coordinated control,0.6365333799777171
Local SST + coordinated control,0.9084678905707966
Local SST + coordinated control,0.5154441008084423
Local SST + coordinated control,1.0607421209139127
Local SST + coordinated control,1.224837899045514
Local SST + coordinated control,0.4228947390606506
Local SST + coordinated control,0.658003721738492
Local SST + coordinated control,0.6765640878685845
Local SST + coordinated control,0.9196147158205988
Local SST + coordinated control,0.6719516212599829
Local SST + coordinated control,0.4836565024463522
Local SST + coordinated control,0.8201336706997993
Local SST + coordinated control,1.5765489665946575
Local SST + coordinated control,0.6916896281266353
Local SST + coordinated control,1.0245306196200323
Local SST + coordinated control,0.8391692973898359
Local SST + coordinated control,0.47917356784738263
Local SST + coordinated control,0.6695790231864003
Local SST + coordinated control,0.536891575745149
Local SST + coordinated control,0.5629433274718664
Local SST + coordinated control,0.7704663563640991
Local SST + coordinated control,0.6830011330812908
Local SST + coordinated control,1.4646688347429595
Local SST + coordinated control,0.8023993825197023
Local SST + coordinated control,0.469337989937487
Local SST + coordinated control,0.5364741696741887
Local SST + coordinated control,0.6804699853288553
Local SST + coordinated control,0.8183267356169369
Local SST + coordinated control,0.6578138248064972
Local SST + coordinated control,1.740713737790085
Local SST + coordinated control,0.48881558147087645
Local SST + coordinated control,0.5614612064282926
Local SST + coordinated control,0.7740560498894081
Local SST + coordinated control,0.4252155256655027
Local SST + coordinated control,0.6508287766374423
Local SST + coordinated control,0.6331516058259489
Local SST + coordinated control,1.0174396238594143
Local SST + coordinated control,0.9410342692165095
Local SST + coordinated control,0.7214285337118842
Local SST + coordinated control,0.2487929835603307
Local SST + coordinated control,0.6443016998891367
Local SST + coordinated control,0.8475415289678564
Local SST + coordinated control,1.0126423437321257
Local SST + coordinated control,0.9053184851996963
Local SST + coordinated control,0.3900800181795958
Local SST + coordinated control,1.2152908532287348
Local SST + coordinated control,0.9084668535505201
Local SST + coordinated control,0.40413388591381977
Local SST + coordinated control,0.46790952991071977
Local SST + coordinated control,0.6006796664237991
Local SST + coordinated control,0.6750301028589514
Local SST + coordinated control,0.8488425979189856
Local SST + coordinated control,0.6566726079820282
Local SST + coordinated control,0.8578596954542091
Local SST + coordinated control,0.527751759282269
Local SST + coordinated control,0.8333676099304292
Local SST + coordinated control,0.5716994125460377
Local SST + coordinated control,0.8231562409179152
Local SST + coordinated control,0.5049531384183065
Local SST + coordinated control,0.8487986353531859
Local SST + coordinated control,0.6760693827689039
Local SST + coordinated control,0.4916227289617787
Local SST + coordinated control,0.5691026582711922
Local SST + coordinated control,0.5131449728103261
Local SST + coordinated control,1.231082443636876
Local SST + coordinated control,0.7382018896259738
Local SST + coordinated control,0.40541433158672147
Local SST + coordinated control,0.6520085589994636
Local SST + coordinated control,0.7117089358944544
Local SST + coordinated control,0.5641710424375451
Local SST + coordinated control,0.6494295842799911
Local SST + coordinated control,0.7893935438962448
Local SST + coordinated control,0.7662477708564995
Local SST + coordinated control,0.5000174731671331
Local SST + coordinated control,0.8804481725701434
Local SST + coordinated control,0.5798486381021379
Local SST + coordinated control,0.7301825593196655
Local SST + coordinated control,1.3310735155318525
Local SST + coordinated control,0.9319015863359296
Local SST + coordinated control,0.8978143712519835
Local SST + coordinated control,0.6040702843393202
Local SST + coordinated control,0.4796682557397363
Local SST + coordinated control,0.6194719228472536
Local SST + coordinated control,1.3029333334585846
Local SST + coordinated control,0.5592126242027907
Local SST + coordinated control,1.3722674034627473
Local SST + coordinated control,0.6181955430801105
Local SST + coordinated control,0.6418931885695651
Local SST + coordinated control,1.168736756608463
Local SST + coordinated control,0.5064664452196835
Local SST + coordinated control,0.48580430609395975
Local SST + coordinated control,0.44203650098909203
Local SST + coordinated control,0.7708249847704204
Local SST + coordinated control,0.447492621320951
Local SST + coordinated control,0.5720694300057674
Local SST + coordinated control,0.685119994972749
Local SST + coordinated control,0.6866730392601877
Local SST + coordinated control,0.2863779403862782
Local SST + coordinated control,0.5128130539175032
Local SST + coordinated control,0.8892463439856482
Local SST + coordinated control,0.5590492736373169
Local SST + coordinated control,0.555475951240369
Local SST + coordinated control,0.8480503798904048
Local SST + coordinated control,0.9534745012979633
Local SST + coordinated control,0.5187777662137383
Local SST + coordinated control,1.0299163060962582
Local SST + coordinated control,0.44659453347241496
Local SST + coordinated control,0.31338725200622425
Local SST + coordinated control,0.5315601838861922
Local SST + coordinated control,0.44710581196112115
Local SST + coordinated control,0.9204114054192569
Local SST + coordinated control,0.6650274906717123
Local SST + coordinated control,0.32991772669951575
Local SST + coordinated control,0.7335412834450966
Local SST + coordinated control,0.515632484770029
Local SST + coordinated control,1.0844052207819237
Local SST + coordinated control,0.502467299298354
Local SST + coordinated control,1.0120772446571857
Local SST + coordinated control,0.8657117398292867
Local SST + coordinated control,0.42060558781798907
Local SST + coordinated control,0.4790292407884849
Local SST + coordinated control,0.9166101001346433
Local SST + coordinated control,0.8035052952274494
Local SST + coordinated control,0.5697469784419258
Local SST + coordinated control,0.5213792560359153
Local SST + coordinated control,0.7413223903325595
Local SST + coordinated control,0.7029212769173627
Local SST + coordinated control,0.24630793277184326
Local SST + coordinated control,0.7947192365889858
Local SST + coordinated control,0.6275266210644443
Local SST + coordinated control,0.6784430992875954
Local SST + coordinated control,0.7451453179431278
Local SST + coordinated control,0.9776360617108014
Local SST + coordinated control,0.932116963321514
Local SST + coordinated control,0.5899880772049918
Local SST + coordinated control,0.610741114016764
Local SST + coordinated control,0.45782523065809666
Local SST + coordinated control,0.6591991019513664
Local SST + coordinated control,0.8233475592551733
Local SST + coordinated control,1.1868980727751266
Local SST + coordinated control,0.7313649024393771
Local SST + coordinated control,0.6216519179647931
Local SST + coordinated control,0.8603486702602681
Local SST + coordinated control,0.5288016030428198
Local SST + coordinated control,0.8749612967517444
Local SST + coordinated control,0.6909586038685932
Local SST + coordinated control,0.5133005675117944
Local SST + coordinated control,0.8011394845374731
Local SST + coordinated control,0.5107296537201764
Local SST + coordinated control,0.4823969756029712
Local SST + coordinated control,0.5359971298919011
Local SST + coordinated control,0.5199502469502236
Local SST + coordinated control,1.0880208925341224
Local SST + coordinated control,0.850531593051415
Local SST + coordinated control,0.6444321145082765
Local SST + coordinated control,0.6960639117723105
Local SST + coordinated control,0.6170345590372591
Local SST + coordinated control,0.4641136424386398
Local SST + coordinated control,0.7198257796581705
Local SST + coordinated control,0.4004612477064887
Local SST + coordinated control,0.7515555712405009
Local SST + coordinated control,0.4671739211263556
Local SST + coordinated control,0.4027734750229876
Local SST + coordinated control,0.6616700437660119
Local SST + coordinated control,1.0332400247171702
Local SST + coordinated control,0.5733893779691555
Local SST + coordinated control,0.4980275802669637
Local SST + coordinated control,0.35757468056790676
Local SST + coordinated control,0.5430607221210251
Local SST + coordinated control,0.72490709617571
Local SST + coordinated control,1.348824291028504
Local SST + coordinated control,1.9794452679739267
Local SST + coordinated control,0.3583283298310393
Local SST + coordinated control,0.8661284399506435
Local SST + coordinated control,0.6053853300295252
Local SST + coordinated control,0.6694859472618101
Local SST + coordinated control,0.4277176299267466
Local SST + coordinated control,0.3400528552569105
Local SST + coordinated control,0.7365688628346796
Local SST + coordinated control,0.3798816292015309
Local SST + coordinated control,0.5533887085326443
Local SST + coordinated control,0.3903678321141766
Local SST + coordinated control,0.47158612462232363
Local SST + coordinated control,0.8086408864876109
Local SST + coordinated control,0.6016296190666501
Local SST + coordinated control,0.660627961647438
Local SST + coordinated control,0.5013457936831888
Local SST + coordinated control,0.6240781805679905
Local SST + coordinated control,0.7953087099512003
Local SST + coordinated control,0.6797611316987617
Local SST + coordinated control,0.27950682225337564
Local SST + coordinated control,0.5791001553823703
Local SST + coordinated control,0.8091562910058567
Local SST + coordinated control,0.6533066701992194
Local SST + coordinated control,0.626110306812673
Local SST + coordinated control,0.9193418712988178
Local SST + coordinated control,0.7512499538206712
Local SST + coordinated control,0.5970437419396698
Local SST + coordinated control,0.26977984686690737
Local SST + coordinated control,0.9651960853696713
Local SST + coordinated control,0.47137236450277487
Local SST + coordinated control,0.7960913370511424
Local SST + coordinated control,0.465655794977643
Local SST + coordinated control,0.6586978008486449
Local SST + coordinated control,1.0563029560670474
Local SST + coordinated control,1.165381765350577
Local SST + coordinated control,0.5026148753085999
Local SST + coordinated control,0.42739588022993275
Local SST + coordinated control,0.32022063580877186
Local SST + coordinated control,0.5361171298156826
Local SST + coordinated control,0.6130147031283789
Local SST + coordinated control,0.839711262967038
Local SST + coordinated control,0.49734084607475987
Local SST + coordinated control,0.7967034467784171
Local SST + coordinated control,0.8769600578274508
Local SST + coordinated control,0.6251472066563789
Local SST + coordinated control,0.784436623583878
Local SST + coordinated control,0.8680045577242586
Local SST + coordinated control,0.617648866403566
Local SST + coordinated control,0.49390703911788314
Local SST + coordinated control,0.3343359235481269
Local SST + coordinated control,0.384341862311375
Local SST + coordinated control,0.46445558831326733
Local SST + coordinated control,0.40900883494109413
Local SST + coordinated control,0.960533619229056
Local SST + coordinated control,1.434001158476999
Local SST + coordinated control,0.5180238318566694
Local SST + coordinated control,0.6487505782307668
Local SST + coordinated control,0.9966307479382134
Local SST + coordinated control,0.4252040309868362
Local SST + coordinated control,0.7243241733062437
Local SST + coordinated control,0.7242248444421557
Local SST + coordinated control,0.4960715173586939
Local SST + coordinated control,1.0531123128106752
Local SST + coordinated control,0.5938331160817065
Local SST + coordinated control,0.602020021467393
Local SST + coordinated control,0.8551121809722456
Local SST + coordinated control,0.4762427348717164
Local SST + coordinated control,0.5715846863421344
Local SST + coordinated control,0.7933410285938644
Local SST + coordinated control,0.4743089109322341
Local SST + coordinated control,0.4640505060312603
Local SST + coordinated control,0.6525251333674573
Local SST + coordinated control,1.0400433591951033
Local SST + coordinated control,0.8495955539017254
Local SST + coordinated control,0.38321023362914686
Local SST + coordinated control,0.6885229698912221
Local SST + coordinated control,0.37732530753842636
Local SST + coordinated control,0.7118442405532145
Local SST + coordinated control,0.7900924386586984
Local SST + coordinated control,0.479815934285837
Local SST + coordinated control,0.5836708564733667
Local SST + coordinated control,0.4562684809666517
Local SST + coordinated control,0.38762382051335476
Local SST + coordinated control,0.28218238968209136
Local SST + coordinated control,0.23370951040650229
Local SST + coordinated control,0.5550372616341019
Local SST + coordinated control,0.805012309724375
Local SST + coordinated control,0.37315722197712636
Local SST + coordinated control,0.6189838984379115
Local SST + coordinated control,0.8182405181309722
Local SST + coordinated control,0.8275136829328291
Local SST + coordinated control,0.7494238415487425
Local SST + coordinated control,1.1917486714019743
Local SST + coordinated control,0.6803056765143211
Local SST + coordinated control,0.44638625589641867
Local SST + coordinated control,0.3351650215865015
Local SST + coordinated control,0.8759441375567066
Local SST + coordinated control,0.6059511407625228
Local SST + coordinated control,1.0367701504659395
Local SST + coordinated control,0.4272003855421128
Local SST + coordinated control,1.0504025392075524
Local SST + coordinated control,0.9196888867631319
Local SST + coordinated control,0.938713114847572
Local SST + coordinated control,0.21824490090847407
Local SST + coordinated control,0.8164450104920622
Local SST + coordinated control,0.6601322587753494
Local SST + coordinated control,0.5427940123162256
Local SST + coordinated control,0.5445471372885236
Local SST + coordinated control,1.202829886516832
Local SST + coordinated control,0.41897765516259594
Local SST + coordinated control,0.9018554529148163
Local SST + coordinated control,0.6451301910170146
Local SST + coordinated control,0.8007299934843364
Local SST + coordinated control,1.2858177666146455
Local SST + coordinated control,0.7901760680737293
Local SST + coordinated control,0.6983058818735545
Local SST + coordinated control,0.667095051383034
Local SST + coordinated control,0.5522997412806523
Local SST + coordinated control,0.6441675288259806
Local SST + coordinated control,0.7170429148123749
Local SST + coordinated control,1.4203183873310503
Local SST + coordinated control,0.6525165418994513
Local SST + coordinated control,0.4848134771490763
Local SST + coordinated control,1.1109663731615345
Local SST + coordinated control,1.7290624326794473
Local SST + coordinated control,0.27294981364653226
Local SST + coordinated control,0.46697935865938967
Local SST + coordinated control,0.310331608615289
Local SST + coordinated control,0.8430970394827154
Local SST + coordinated control,0.5635170390319353
Local SST + coordinated control,0.780112396539694
Local SST + coordinated control,0.7647427108931911
Local SST + coordinated control,0.6356296365032705
Local SST + coordinated control,0.4617749367409536
Local SST + coordinated control,0.3041130905954333
Local SST + coordinated control,0.7802829367386218
Local SST + coordinated control,0.6486816734304222
Local SST + coordinated control,0.5688834412956341
Local SST + coordinated control,0.5520587729859736
Local SST + coordinated control,0.6308092602768388
Local SST + coordinated control,0.8287888943812121
Local SST + coordinated control,0.8253336283200107
Local SST + coordinated control,1.0229997438474903
Local SST + coordinated control,1.2207229831372326
Local SST + coordinated control,0.4540181184042022
Local SST + coordinated control,0.8363413405689836
Local SST + coordinated control,0.36395482484493863
Local SST + coordinated control,0.742457298709921
Local SST + coordinated control,0.9013946473219363
Local SST + coordinated control,1.225400361648085
Local SST + coordinated control,0.5772485794026008
Local SST + coordinated control,0.6123172519157246
Local SST + coordinated control,0.9379348433185115
Local SST + coordinated control,0.4436152536769546
Local SST + coordinated control,0.9642559045281855
Local SST + coordinated control,0.6796318927596745
Local SST + coordinated control,1.402197649967953
Local SST + coordinated control,1.0383322273024205
Local SST + coordinated control,0.4906611225567942
Local SST + coordinated control,0.8528864197704139
Local SST + coordinated control,0.41794881245832655
Local SST + coordinated control,0.4236678449681841
Local SST + coordinated control,1.3345782175904362
Local SST + coordinated control,0.5278922737497419
Local SST + coordinated control,0.5520682007634053
Local SST + coordinated control,0.4114962196964567
Local SST + coordinated control,0.5081715074112406
Local SST + coordinated control,0.784807367173449
Local SST + coordinated control,0.5557175109058817
Local SST + coordinated control,0.9236700671582807
Local SST + coordinated control,0.32067379936477614
Local SST + coordinated control,0.38279371593472006
Local SST + coordinated control,0.8223901200256125
Local SST + coordinated control,0.5481831124258738
Local SST + coordinated control,1.1488162270052014
Local SST + coordinated control,0.8527915831446636
Local SST + coordinated control,0.7813671067168879
Local SST + coordinated control,0.23234680488122791
Local SST + coordinated control,0.42809994806361346
Local SST + coordinated control,0.7233111436828378
Local SST + coordinated control,0.5008797388401556
Local SST + coordinated control,1.1103261188220204
Local SST + coordinated control,0.7839052031098173
Local SST + coordinated control,0.6044349960439483
Local SST + coordinated control,0.5305369702299634
Local SST + coordinated control,0.644870526048858
Local SST + coordinated control,1.0226459662615308
Local SST + coordinated control,0.5717636958630229
Local SST + coordinated control,1.2773424586172608
Local SST + coordinated control,0.9003040668793915
Local SST + coordinated control,0.5955255183772575
Local SST + coordinated control,0.33562504061336573
Local SST + coordinated control,0.7369131921467149
Local SST + coordinated control,0.48689577977325454
Local SST + coordinated control,0.8589513988803479
Local SST + coordinated control,0.570832186817587
Local SST + coordinated control,0.7643277967024599
Local SST + coordinated control,0.36806032768034197
Local SST + coordinated control,0.7997659357684598
Local SST + coordinated control,1.283544172217844
Local SST + coordinated control,0.432905186915921
Local SST + coordinated control,0.935588276916586
Local SST + coordinated control,0.38624846160763054
Local SST + coordinated control,0.576740751155887
Local SST + coordinated control,0.5468107509818811
Local SST + coordinated control,0.8026340023177437
Local SST + coordinated control,0.7197409606469413
Local SST + coordinated control,0.8567302300492062
Local SST + coordinated control,0.45384647705297676
Local SST + coordinated control,0.4022630748449763
Local SST + coordinated control,1.0439829051336125
Local SST + coordinated control,0.5086644954709824
Local SST + coordinated control,0.6029966409007971
Local SST + coordinated control,0.25488139575351737
Local SST + coordinated control,0.5830044940752692
Local SST + coordinated control,0.7547010124847007
Local SST + coordinated control,0.5140068200439507
Local SST + coordinated control,0.8460308905766303
Local SST + coordinated control,0.8161645046543953
Local SST + coordinated control,0.45012785871337413
Local SST + coordinated control,0.6476972098621653
Local SST + coordinated control,0.30281453346150244
Local SST + coordinated control,0.6255891785660923
Local SST + coordinated control,0.535552815732098
Local SST + coordinated control,0.681352415931046
Local SST + coordinated control,0.5186482671423629
Local SST + coordinated control,0.6385383105628258
Local SST + coordinated control,0.4003235519470725
Local SST + coordinated control,0.7461245793951363
Local SST + coordinated control,0.43763858883435774
Local SST + coordinated control,0.4586928035167778
Local SST + coordinated control,0.3487571058439063
Local SST + coordinated control,0.5064858712554211
Local SST + coordinated control,1.169383913211815
Local SST + coordinated control,0.5618716887394574
Local SST + coordinated control,0.42207979058369904
Local SST + coordinated control,0.5865952029542301
Local SST + coordinated control,0.5865279866326754
Local SST + coordinated control,0.3285672931030946
Local SST + coordinated control,0.46445130945752533
Local SST + coordinated control,0.7310216586293568
Local SST + coordinated control,0.5100146728863957
Local SST + coordinated control,0.4220053803702896
Local SST + coordinated control,0.6180981748958824
Local SST + coordinated control,1.4514223563324522
Local SST + coordinated control,0.4131904074308225
Local SST + coordinated control,0.5334267966813193
Local SST + coordinated control,1.070904722188873
Local SST + coordinated control,0.9153681519493571
Local SST + coordinated control,0.9422601005012816
Local SST + coordinated control,0.3141618519168065
Local SST + coordinated control,1.2934468793088654
Local SST + coordinated control,0.6641134858336591
Local SST + coordinated control,0.9423598164638951
Local SST + coordinated control,0.9955048313641847
Local SST + coordinated control,0.7071103270798113
Local SST + coordinated control,0.42825903787230246
Local SST + coordinated control,0.6600946240149326
Local SST + coordinated control,0.8394558733906594
Local SST + coordinated control,0.6028224239153748
Local SST + coordinated control,0.43160405576645183
Local SST + coordinated control,0.6306811087464471
Local SST + coordinated control,0.8770516695347397
Local SST + coordinated control,0.34041877663094205
Local SST + coordinated control,0.68486202073218
Local SST + coordinated control,0.33312923965553154
Local SST + coordinated control,0.2498341677443537
Local SST + coordinated control,0.8622459486094549
Local SST + coordinated control,0.6308192817553696
Local SST + coordinated control,0.6990154570174043
Local SST + coordinated control,0.5266147564536818
Local SST + coordinated control,0.33932481794733077
Local SST + coordinated control,0.5025224507305007
Local SST + coordinated control,0.9724969526570159
Local SST + coordinated control,0.6392274385957276
Local SST + coordinated control,0.31989689236532237
Local SST + coordinated control,1.0514554085228494
Local SST + coordinated control,0.7680545912661813
Local SST + coordinated control,1.0517118798460994
Local SST + coordinated control,0.6311620243584646
Local SST + coordinated control,0.3144204884877132
Local SST + coordinated control,0.8496460638804202
Local SST + coordinated control,0.41339969286938105
Local SST + coordinated control,0.6798602231538622
Local SST + coordinated control,0.8432979740188784
Local SST + coordinated control,0.4855965203234484
Local SST + coordinated control,0.7834877867528354
Local SST + coordinated control,0.4626211388945705
Local SST + coordinated control,0.3863477384868959
Local SST + coordinated control,0.8168598061981466
Local SST + coordinated control,0.5045248119168586
Local SST + coordinated control,0.27453543304056494
Local SST + coordinated control,0.7939277665353627
Local SST + coordinated control,0.8120035795753382
Local SST + coordinated control,0.42797087811200457
Local SST + coordinated control,1.95907062603972
Local SST + coordinated control,0.6678924270217437
Local SST + coordinated control,0.5713283423807414
Local SST + coordinated control,0.3338773328178167
Local SST + coordinated control,0.6260543755970875
Local SST + coordinated control,0.5039992098317139
Local SST + coordinated control,1.092955350812018
Local SST + coordinated control,0.39598021231717656
Local SST + coordinated control,0.4416117541309339
Local SST + coordinated control,0.45466238074162274
Local SST + coordinated control,0.42170077768820097
Local SST + coordinated control,0.638733610264053
Local SST + coordinated control,0.3684562618182687
Local SST + coordinated control,0.8916158216000447
Local SST + coordinated control,0.7437650942727502
Local SST + coordinated control,0.5328727818250902
Local SST + coordinated control,0.9261347977615784
Local SST + coordinated control,0.3850122386686058
Local SST + coordinated control,0.7664663830150762
Local SST + coordinated control,0.6326659976272325
Local SST + coordinated control,0.7448207020898091
Local SST + coordinated control,1.5012908384112158
Local SST + coordinated control,0.3458730182501017
Local SST + coordinated control,1.2820448989117157
Local SST + coordinated control,1.5794996690204761
Local SST + coordinated control,0.9719616709851232
Local SST + coordinated control,0.32949693336529917
Local SST + coordinated control,0.5988484584352334
Local SST + coordinated control,0.620470797867763
Local SST + coordinated control,0.6674179206349399
Local SST + coordinated control,0.49982099918255796
Local SST + coordinated control,0.7830804574655172
Local SST + coordinated control,0.6215987982878262
Local SST + coordinated control,0.773037204732532
Local SST + coordinated control,0.41480266416038664
Local SST + coordinated control,0.7300657213330295
Local SST + coordinated control,0.43208313737992116
Local SST + coordinated control,0.6561103284260859
Local SST + coordinated control,0.42334579179859566
Local SST + coordinated control,0.5632703835211249
Local SST + coordinated control,0.6587952875571812
Local SST + coordinated control,0.6505177251342804
Local SST + coordinated control,0.5045791378994943
Local SST + coordinated control,1.0116553124852954
Local SST + coordinated control,1.2456377560503142
Local SST + coordinated control,0.5472546782085146
Local SST + coordinated control,0.8848225149886989
Local SST + coordinated control,0.4341354025971153
Local SST + coordinated control,0.6496659024651757
Local SST + coordinated control,0.34526398932455177
Local SST + coordinated control,0.5268127085667621
Local SST + coordinated control,0.6231076973626252
Local SST + coordinated control,0.4869345468304591
Local SST + coordinated control,1.0986981449933355
Local SST + coordinated control,0.9830130462161101
Local SST + coordinated control,0.824591273451334
Local SST + coordinated control,0.5455713842082528
Local SST + coordinated control,1.179537501064974
Local SST + coordinated control,0.7566646392351104
Local SST + coordinated control,0.8118342349841898
Local SST + coordinated control,0.878295083880086
Local SST + coordinated control,1.0822640091670137
Local SST + coordinated control,0.4062521609902187
Local SST + coordinated control,0.3725572277968952
Local SST + coordinated control,0.7860812921917357
Local SST + coordinated control,0.9412061714078317
Local SST + coordinated control,0.9727841154637694
Local SST + coordinated control,0.4028575928054198
Local SST + coordinated control,1.042988018854359
Local SST + coordinated control,0.5189272760922518
Local SST + coordinated control,1.040481211527118
Local SST + coordinated control,0.47542515700041743
Local SST + coordinated control,0.8776880478419882
Local SST + coordinated control,0.6276606888843628
Local SST + coordinated control,0.47237843212443437
Local SST + coordinated control,0.5967030201017556
Local SST + coordinated control,0.767934999532891
Local SST + coordinated control,0.7735606597460487
Local SST + coordinated control,1.2519808493943494
Local SST + coordinated control,0.714568133548545
Local SST + coordinated control,0.6762317855302419
Local SST + coordinated control,0.8574150888379451
Local SST + coordinated control,0.5607160101524233
Local SST + coordinated control,0.8065492283942596
Local SST + coordinated control,0.3646640704320559
Local SST + coordinated control,0.5695642538326567
Local SST + coordinated control,0.47685611661093424
Local SST + coordinated control,0.5101180910487438
Local SST + coordinated control,0.5775186868418787
Local SST + coordinated control,0.3615809600920523
Local SST + coordinated control,0.6570325033770458
Local SST + coordinated control,0.3620992902298733
Local SST + coordinated control,0.5038824520899357
Local SST + coordinated control,0.6878990278659859
Local SST + coordinated control,1.0047431154548072
Local SST + coordinated control,0.24293656586436824
Local SST + coordinated control,1.0800295252026075
Local SST + coordinated control,0.7330961589673579
Local SST + coordinated control,0.6738311080894688
Local SST + coordinated control,0.7028169703478705
Local SST + coordinated control,0.5502330887639865
Local SST + coordinated control,0.9041721108996177
Local SST + coordinated control,0.5806616228561166
Local SST + coordinated control,0.5809539688792994
Local SST + coordinated control,0.642246692746224
Local SST + coordinated control,0.8889072011671566
Local SST + coordinated control,0.6801955813365564
Local SST + coordinated control,1.4747896865653314
Local SST + coordinated control,0.9265822554874178
Local SST + coordinated control,0.4777542271799807
Local SST + coordinated control,0.6052763987364824
Local SST + coordinated control,0.6587563413195816
Local SST + coordinated control,0.7369225612632315
Local SST + coordinated control,1.1619159831444812
Local SST + coordinated control,0.5501432622216967
Local SST + coordinated control,0.438788874155482
Local SST + coordinated control,1.2916603881279445
Local SST + coordinated control,1.323225887741598
Local SST + coordinated control,0.541939317025428
Local SST + coordinated control,1.612701350847002
Local SST + coordinated control,0.8044613958029908
Local SST + coordinated control,0.6301861660067387
Local SST + coordinated control,0.9481442782916679
Local SST + coordinated control,0.853888835660436
Local SST + coordinated control,0.28771140343594315
Local SST + coordinated control,0.8532825639374833
Local SST + coordinated control,0.4823818982759436
Local SST + coordinated control,0.7621592802781325
Local SST + coordinated control,0.9546238327129754
Local SST + coordinated control,0.5286634699136372
Local SST + coordinated control,1.0550750535035265
Local SST + coordinated control,0.4235074575701732
Local SST + coordinated control,0.8307121337017201
Local SST + coordinated control,0.7635075672196245
Local SST + coordinated control,1.0147544578644454
Local SST + coordinated control,1.2346437210342922
Local SST + coordinated control,0.6940136817834746
Local SST + coordinated control,0.5951098803303029
Local SST + coordinated control,0.9698219029945702
Local SST + coordinated control,0.38197373928274325
Local SST + coordinated control,0.44274630722952873
Local SST + coordinated control,0.6005699728920892
Local SST + coordinated control,0.6107462484174471
Local SST + coordinated control,1.8177987451818043
Local SST + coordinated control,1.1697281617227895
Local SST + coordinated control,0.5069610613063961
Local SST + coordinated control,0.7250023896948177
Local SST + coordinated control,0.46776931050807813
Local SST + coordinated control,0.6391663313956429
Local SST + coordinated control,0.9274524621863718
Local SST + coordinated control,0.717751274532864
Local SST + coordinated control,1.0981139284918204
Local SST + coordinated control,0.6800413071308715
Local SST + coordinated control,0.5634494576609199
Local SST + coordinated control,0.4932296216450981
Local SST + coordinated control,0.33912561230506044
Local SST + coordinated control,0.39767068725564775
Local SST + coordinated control,0.6775787414771384
Local SST + coordinated control,0.9828898994980332
Local SST + coordinated control,0.5847955815781587
Local SST + coordinated control,1.163791066409151
Local SST + coordinated control,0.3636630768916494
Local SST + coordinated control,0.702514054152676
Local SST + coordinated control,0.5597143788286735
Local SST + coordinated control,1.1266198534658396
Local SST + coordinated control,0.5053681785802876
Local SST + coordinated control,0.7801108052179615
Local SST + coordinated control,0.707624092931705
Local SST + coordinated control,0.41344250184734904
Local SST + coordinated control,0.7400725159427715
Local SST + coordinated control,0.6123667658819003
Local SST + coordinated control,0.2673216923490343
Local SST + coordinated control,0.5338071208296498
Local SST + coordinated control,1.066073835121629
Local SST + coordinated control,0.6159034903769312
Local SST + coordinated control,0.44262992747054947
Local SST + coordinated control,0.6249907914244687
Local SST + coordinated control,1.0432394496212811
Local SST + coordinated control,0.8545962722407697
Local SST + coordinated control,0.5012208278975939
Local SST + coordinated control,0.4605775847104105
Local SST + coordinated control,0.42778731503872996
Local SST + coordinated control,1.0130348431960303
Local SST + coordinated control,1.1470731659802058
Local SST + coordinated control,0.5151874385890213
Local SST + coordinated control,0.6889284717328525
Local SST + coordinated control,0.4544593520802558
Local SST + coordinated control,0.791978887152473
Local SST + coordinated control,0.7837045820481628
Local SST + coordinated control,0.6260111201158141
Local SST + coordinated control,0.7767137056891051
Local SST + coordinated control,0.6018180753484546
Local SST + coordinated control,1.140938126662289
Local SST + coordinated control,0.8643517629882029
Local SST + coordinated control,0.9182711342552802
Local SST + coordinated control,0.7624483186776108
Local SST + coordinated control,0.4252322960267808
Local SST + coordinated control,0.6709203943718258
Local SST + coordinated control,0.9877359729205868
Local SST + coordinated control,0.5995763814129492
Local SST + coordinated control,0.5511349263132749
Local SST + coordinated control,0.8420338499216363
Local SST + coordinated control,0.5871928668921383
Local SST + coordinated control,0.5335994506276801
Local SST + coordinated control,0.9814451378801876
Local SST + coordinated control,0.848211374064898
Local SST + coordinated control,0.47349276601418844
Local SST + coordinated control,0.477387122397087
Local SST + coordinated control,0.591635311533235
Local SST + coordinated control,0.6267990364304424
Local SST + coordinated control,0.6144788133708677
Local SST + coordinated control,1.2500681690247564
Local SST + coordinated control,0.8536542008739647
Local SST + coordinated control,0.6182621408731506
Local SST + coordinated control,1.3052057829146853
Local SST + coordinated control,0.529031359751469
Local SST + coordinated control,0.5169759947941445
Local SST + coordinated control,0.6290925974665073
Local SST + coordinated control,0.6488812496741259
Local SST + coordinated control,0.5299719179429166
Local SST + coordinated control,0.9952861971326561
Local SST + coordinated control,1.0317502727454784
Local SST + coordinated control,0.5240788000759268
Local SST + coordinated control,0.5508366031186305
Local SST + coordinated control,0.5282954120938478
Local SST + coordinated control,0.3941598425043851
Local SST + coordinated control,0.6407087320508797
Local SST + coordinated control,0.8752701013538401
Local SST + coordinated control,0.45713845866364333
Local SST + coordinated control,0.37717336741711044
Local SST + coordinated control,0.5556437599562769
Local SST + coordinated control,1.4650074658690284
Local SST + coordinated control,0.4274300614419828
Local SST + coordinated control,0.6644998232186976
Local SST + coordinated control,0.7124147544210774
Local SST + coordinated control,1.2103745721204064
Local SST + coordinated control,0.5910156029831943
Local SST + coordinated control,0.3578330622431931
Local SST + coordinated control,0.7351151128641215
Local SST + coordinated control,1.0171369415364195
Local SST + coordinated control,0.4026608550987498
Local SST + coordinated control,0.44521474394762706
Local SST + coordinated control,0.6481692815028325
Local SST + coordinated control,0.6245973525491582
Local SST + coordinated control,0.7115569111795638
Local SST + coordinated control,0.8550595475682093
Local SST + coordinated control,0.6851330516089047
Local SST + coordinated control,0.7832823723205333
Local SST + coordinated control,1.0629774033591957
Local SST + coordinated control,0.7332548407041252
Local SST + coordinated control,0.7708481796907727
Local SST + coordinated control,0.6278471392019864
Local SST + coordinated control,0.4225152010427081
Local SST + coordinated control,0.695886284223206
Local SST + coordinated control,1.2331248716257013
Local SST + coordinated control,0.43802670200123556
Local SST + coordinated control,0.7051403457643174
Local SST + coordinated control,0.7290758816809667
Local SST + coordinated control,0.7009896179651475
Local SST + coordinated control,0.7101477535080413
Local SST + coordinated control,1.0931134824915498
Local SST + coordinated control,0.7508495335787372
Local SST + coordinated control,0.678977490642357
Local SST + coordinated control,1.198028025544232
Local SST + coordinated control,0.7744171317453717
Local SST + coordinated control,0.7126130056816384
Local SST + coordinated control,1.1276439849724929
Local SST + coordinated control,0.44594034125573745
Local SST + coordinated control,0.7185119654274622
Local SST + coordinated control,0.5083536027631801
Local SST + coordinated control,0.9007687611204633
Local SST + coordinated control,0.5782762385678211
Local SST + coordinated control,0.907739758234465
Local SST + coordinated control,0.4854443166354681
Local SST + coordinated control,0.5494169517661848
Local SST + coordinated control,0.9253398034082866
Local SST + coordinated control,0.5959241536373678
Local SST + coordinated control,0.9819118881776859
Local SST + coordinated control,1.03768955105568
Local SST + coordinated control,0.6949118210582317
Local SST + coordinated control,0.636369159886956
Local SST + coordinated control,0.7198677233097236
Local SST + coordinated control,0.44777966242686124
Local SST + coordinated control,0.7197679876752165
Local SST + coordinated control,0.7300693038844899
Local SST + coordinated control,0.9167662712401252
Local SST + coordinated control,0.44605925408740765
Local SST + coordinated control,1.23304446862532
Local SST + coordinated control,0.8531625631737253
Local SST + coordinated control,0.8788559145100076
Local SST + coordinated control,0.8162870073364727
Local SST + coordinated control,0.9875489513091401
Local SST + coordinated control,0.4093461444541449
Local SST + coordinated control,0.8592999288650748
Local SST + coordinated control,1.3199790104923048
Local SST + coordinated control,0.7453800806340863
Local SST + coordinated control,0.9460443147083777
Local SST + coordinated control,0.7554954694220072
Local SST + coordinated control,0.6473378249073528
Local SST + coordinated control,0.2790821225218026
Local SST + coordinated control,1.012084780309483
Local SST + coordinated control,0.5888967149728391
Local SST + coordinated control,0.6775284234152811
Local SST + coordinated control,0.6347562686404914
Local SST + coordinated control,0.36159618095505575
Local SST + coordinated control,1.0177895733478781
Local SST + coordinated control,0.336051581342462
Local SST + coordinated control,0.7554420020060277
Local SST + coordinated control,0.40400148163105076
Local SST + coordinated control,0.5926464719058162
Local SST + coordinated control,0.7675376634930959
Local SST + coordinated control,0.6738191421557912
Local SST + coordinated control,0.6857978722298462
Local SST + coordinated control,0.7587142314328507
Local SST + coordinated control,0.9047623795298323
Local SST + coordinated control,0.3625711844230541
Local SST + coordinated control,0.4432086968010882
Local SST + coordinated control,0.40104210548893837
Local SST + coordinated control,0.6982440505005829
Local SST + coordinated control,0.505195054889489
Local SST + coordinated control,0.45364446731605834
Local SST + coordinated control,0.3839950320637018
Local SST + coordinated control,0.7812737030437724
Local SST + coordinated control,0.7817161159565882
Local SST + coordinated control,0.8658323299344381
Local SST + coordinated control,1.1589337666643624
Local SST + coordinated control,0.6655270709255184
Local SST + coordinated control,0.9364635687877558
Local SST + coordinated control,1.0506301586457367
Local SST + coordinated control,0.528355500253423
Local SST + coordinated control,0.8976753019895883
Local SST + coordinated control,0.6955693667328572
Local SST + coordinated control,1.1510672036251068
Local SST + coordinated control,0.3880847781248168
Local SST + coordinated control,0.7891371017931698
Local SST + coordinated control,0.37846403275537976
Local SST + coordinated control,0.6161898383019592
Local SST + coordinated control,0.37259061406817134
Local SST + coordinated control,1.0553464455538035
Local SST + coordinated control,1.0297906618611634
Local SST + coordinated control,0.8593056732926303
Local SST + coordinated control,0.5011108442130531
Local SST + coordinated control,0.46384970624771515
Local SST + coordinated control,0.3962184877192816
Local SST + coordinated control,0.7412438520858224
Local SST + coordinated control,0.5241473273979035
Local SST + coordinated control,0.46803399757194847
Local SST + coordinated control,0.39356910318420407
Local SST + coordinated control,0.5417020477635868
Local SST + coordinated control,0.5988636513186092
Local SST + coordinated control,0.29706733554815656
Local SST + coordinated control,0.7677861633452328
Local SST + coordinated control,1.0274152535367205
Local SST + coordinated control,1.04653585394954
Local SST + coordinated control,0.32733697175577187
Local SST + coordinated control,0.5246790053735901
Local SST + coordinated control,0.4473271251461683
Local SST + coordinated control,0.8863241989484087
Local SST + coordinated control,1.1620524455073205
Local SST + coordinated control,1.1010597123830763
Local SST + coordinated control,0.5637781301026217
Local SST + coordinated control,0.8064478213999807
Local SST + coordinated control,0.9387761777722806
Local SST + coordinated control,0.942303740291163
Local SST + coordinated control,0.9561650428586201
Local SST + coordinated control,0.5044791833548407
Local SST + coordinated control,0.39073631952659266
Local SST + coordinated control,0.6735373560129924
Local SST + coordinated control,0.3840099197883649
Local SST + coordinated control,0.5422868023192374
Local SST + coordinated control,0.6428314674959219
Local SST + coordinated control,0.3221618915080964
Local SST + coordinated control,0.7006187517146787
Local SST + coordinated control,0.3711669161289901
Local SST + coordinated control,1.4991912270565195
Local SST + coordinated control,0.5149812392726264
Local SST + coordinated control,0.40294318121805944
Local SST + coordinated control,0.45231013205398907
Local SST + coordinated control,1.1538356738736575
Local SST + coordinated control,0.5213707991133099
Local SST + coordinated control,0.5928714187295316
Local SST + coordinated control,0.3377421184681057
Local SST + coordinated control,0.4792564606053275
Local SST + coordinated control,0.6427028799365729
Local SST + coordinated control,0.7777425232211038
Local SST + coordinated control,1.5952165958813678
Local SST + coordinated control,0.7061139476412293
Local SST + coordinated control,0.44877216886720667
Local SST + coordinated control,0.5237562081606704
Local SST + coordinated control,0.5117919340837491
Local SST + coordinated control,0.5798367307633148
Local SST + coordinated control,0.8164888061251462
Local SST + coordinated control,0.6116614559748248
Local SST + coordinated control,0.43183571816397953
Local SST + coordinated control,0.5083352243916076
Local SST + coordinated control,0.5512345339727539
Local SST + coordinated control,1.2071484511521438
Local SST + coordinated control,0.6313344407812105
Local SST + coordinated control,0.9060868074774617
Local SST + coordinated control,0.5746069951722609
Local SST + coordinated control,0.5052979794074266
Local SST + coordinated control,0.8746146133852694
Local SST + coordinated control,1.3246059036818325
Local SST + coordinated control,0.7586898584099336
Local SST + coordinated control,0.5847455073823075
Local SST + coordinated control,0.4358982957214946
Local SST + coordinated control,0.7066171131067011
Local SST + coordinated control,1.0534522975847833
Local SST + coordinated control,0.45887801160422637
Local SST + coordinated control,0.40734753698371073
Local SST + coordinated control,0.3709233996685798
Local SST + coordinated control,0.5018162889695628
Local SST + coordinated control,0.6344123121525602
Local SST + coordinated control,0.931041408658418
Local SST + coordinated control,1.0889957433376898
Local SST + coordinated control,0.638421348904518
Local SST + coordinated control,0.4703982913963983
Local SST + coordinated control,0.5421278909714048
Local SST + coordinated control,0.6057868348725797
Local SST + coordinated control,0.7975557461801426
Local SST + coordinated control,0.5063791045732596
Local SST + coordinated control,0.9691113835342158
Local SST + coordinated control,0.8475905971099126
Local SST + coordinated control,0.3755447822824384
Local SST + coordinated control,0.43593863642732333
Local SST + coordinated control,0.5039927810882263
Local SST + coordinated control,0.9492782235780676
Local SST + coordinated control,0.5721713964806793
Local SST + coordinated control,0.4499061116151588
Local SST + coordinated control,0.595025859572837
Local SST + coordinated control,0.42843999011081696
Local SST + coordinated control,0.4619678867577316
Local SST + coordinated control,0.3781471119125745
Local SST + coordinated control,1.3756326623334851
Local SST + coordinated control,0.4795660105232842
Local SST + coordinated control,0.9765754143754491
Local SST + coordinated control,0.5442695336580909
Local SST + coordinated control,0.6983522834727196
Local SST + coordinated control,0.4161049146836212
Local SST + coordinated control,0.746740632400967
Local SST + coordinated control,0.7383294070955657
Local SST + coordinated control,0.42200296971187246
Local SST + coordinated control,1.0107182551013827
Local SST + coordinated control,0.2936139485837408
Local SST + coordinated control,0.4958718942108516
Local SST + coordinated control,0.6051598141761273
Local SST + coordinated control,0.48003498991868215
Local SST + coordinated control,0.8848387608513034
Local SST + coordinated control,0.6565665823501519
Local SST + coordinated control,0.4998554845233589
Local SST + coordinated control,0.6174639241102904
Local SST + coordinated control,0.4038839889763516
Local SST + coordinated control,0.594764969633794
Local SST + coordinated control,1.3331288008261815
Local SST + coordinated control,0.9517243342937487
Local SST + coordinated control,0.8641216599445064
Local SST + coordinated control,0.3322409185191406
Local SST + coordinated control,1.0997234757628696
Local SST + coordinated control,0.6074402267102729
Local SST + coordinated control,0.5915828573602622
Local SST + coordinated control,0.8641906314800181
Local SST + coordinated control,0.5580453419411464
Local SST + coordinated control,0.5324441446226497
Local SST + coordinated control,0.31823019441087386
Local SST + coordinated control,0.3774981023093145
Local SST + coordinated control,0.6952939165897067
Local SST + coordinated control,0.7754434126854595
Local SST + coordinated control,1.109786296142598
Local SST + coordinated control,0.5762509127390804
Local SST + coordinated control,0.4829719585795799
Local SST + coordinated control,0.8293923817218074
Local SST + coordinated control,0.49736468816889123
Local SST + coordinated control,0.5446469866941179
Local SST + coordinated control,0.798169480033239
Local SST + coordinated control,0.732710477515517
Local SST + coordinated control,0.6069748480215874
Local SST + coordinated control,0.45931229545698493
Local SST + coordinated control,0.6839691849516596
Local SST + coordinated control,0.5214946242235997
Local SST + coordinated control,1.1369259794640152
Local SST + coordinated control,1.0260772799083695
Local SST + coordinated control,0.818786838413964
Local SST + coordinated control,0.6453935995431155
Local SST + coordinated control,0.4863096002515536
Local SST + coordinated control,0.48798803425324067
Local SST + coordinated control,0.4209492516994152
Local SST + coordinated control,0.7932427245715237
Local SST + coordinated control,0.5301257710689803
Local SST + coordinated control,0.8942739110239223
Local SST + coordinated control,0.705606728993548
Local SST + coordinated control,0.5868720282241118
Local SST + coordinated control,0.476989802545741
Local SST + coordinated control,1.0098865693970767
Local SST + coordinated control,1.4204556538854891
Local SST + coordinated control,0.5840775086794556
Local SST + coordinated control,0.35902798763523175
Local SST + coordinated control,0.7758610542629348
Local SST + coordinated control,0.5605265328543853
Local SST + coordinated control,0.6680349161958171
Local SST + coordinated control,0.6722780483204779
Local SST + coordinated control,0.8296875752106793
Local SST + coordinated control,0.34591552893905975
Local SST + coordinated control,0.3433257334380646
Local SST + coordinated control,0.9368744025985315
Local SST + coordinated control,0.9153603306539855
Local SST + coordinated control,0.4667678594249766
Local SST + coordinated control,1.0551796155153197
Local SST + coordinated control,0.7120445620415862
Local SST + coordinated control,1.6843330904483056
Local SST + coordinated control,0.550933016166816
Local SST + coordinated control,0.3603548518586074
Local SST + coordinated control,0.821914856090294
Local SST + coordinated control,0.6391752120361265
Local SST + coordinated control,0.8836649607399357
Local SST + coordinated control,1.111463785593145
Local SST + coordinated control,1.1381445500879102
Local SST + coordinated control,0.42450508285742555
Local SST + coordinated control,0.5590754620127101
Local SST + coordinated control,0.6137694239124293
Local SST + coordinated control,0.6315518165140608
Local SST + coordinated control,0.37544573371645884
Local SST + coordinated control,0.7861455792841694
Local SST + coordinated control,0.6344957681943857
Local SST + coordinated control,0.39739105237246314
Local SST + coordinated control,0.6012518480868873
Local SST + coordinated control,0.3596452934534613
Local SST + coordinated control,0.3282145315167288
Local SST + coordinated control,0.7213722739258518
Local SST + coordinated control,0.37933590570956927
Local SST + coordinated control,0.719212949861023
Local SST + coordinated control,0.5296667617520675
Local SST + coordinated control,1.0632888001843068
Local SST + coordinated control,0.5810327939547952
Local SST + coordinated control,0.7411077077790639
Local SST + coordinated control,0.8305831788342249
Local SST + coordinated control,1.1422560087825788
Local SST + coordinated control,0.5666552665110349
Local SST + coordinated control,0.5314807394981098
Local SST + coordinated control,0.5889834061986557
Local SST + coordinated control,0.6264913153564469
Local SST + coordinated control,0.8107861821189802
Local SST + coordinated control,0.6366371741902063
Local SST + coordinated control,0.4961744738392546
Local SST + coordinated control,0.6266563951710281
Local SST + coordinated control,0.36851116001332124
Local SST + coordinated control,0.7519408631892693
Local SST + coordinated control,0.9454532237631718
Local SST + coordinated control,0.8053290880283248
Local SST + coordinated control,0.5954935333920932
Local SST + coordinated control,0.40020994872844035
Local SST + coordinated control,0.565815528296057
Local SST + coordinated control,0.5809113119094017
Local SST + coordinated control,0.39752160803504977
Local SST + coordinated control,0.3058892968741409
Local SST + coordinated control,0.6010341468246694
Local SST + coordinated control,0.7702732040006008
Local SST + coordinated control,1.3762733358084962
Local SST + coordinated control,0.41208790711882404
Local SST + coordinated control,0.353633095704669
Local SST + coordinated control,1.1426948696937858
Local SST + coordinated control,0.8052301417796427
Local SST + coordinated control,0.8051551886802011
Local SST + coordinated control,0.5682925048081254
Local SST + coordinated control,0.4308588932162064
Local SST + coordinated control,0.5594861517665882
Local SST + coordinated control,0.7828259549658823
Local SST + coordinated control,0.8681040766100021
Local SST + coordinated control,0.9539011483360973
Local SST + coordinated control,0.8851514503553669
Local SST + coordinated control,0.42112042984671194
Local SST + coordinated control,0.5587399814609513
Local SST + coordinated control,0.5859113209048412
Local SST + coordinated control,0.8035099896147753
Local SST + coordinated control,0.5658877765997165
Local SST + coordinated control,0.4942078200860648
Local SST + coordinated control,0.4844368074147267
Local SST + coordinated control,0.6855186775906377
Local SST + coordinated control,0.5865968492326553
Local SST + coordinated control,0.7822672715513874
Local SST + coordinated control,0.51694964451236
Local SST + coordinated control,0.6114385112524593
Local SST + coordinated control,0.596791661873349
Local SST + coordinated control,0.9045994674774217
Local SST + coordinated control,1.069958523417868
Local SST + coordinated control,0.4724450674587821
Local SST + coordinated control,0.9427137329426786
Local SST + coordinated control,0.791378492272161
Local SST + coordinated control,0.8400363927907432
Local SST + coordinated control,0.5547476618425906
Local SST + coordinated control,0.6645247294044684
Local SST + coordinated control,0.9424470414475534
Local SST + coordinated control,0.5649659777024906
Local SST + coordinated control,0.7134855976467226
Local SST + coordinated control,0.5004815308551337
Local SST + coordinated control,0.5589430435804731
Local SST + coordinated control,0.47504082708389744
Local SST + coordinated control,1.1339942017902802
Local SST + coordinated control,1.2323452167007236
Local SST + coordinated control,1.0436918228062526
Local SST + coordinated control,1.1360027218479705
Local SST + coordinated control,0.428673168306403
Local SST + coordinated control,0.5553647476353482
Local SST + coordinated control,0.4094798723154369
Local SST + coordinated control,0.9471991011856287
Local SST + coordinated control,0.5083365729801004
Local SST + coordinated control,0.9725231863994874
Local SST + coordinated control,0.9305397379569662
Local SST + coordinated control,0.38399519172633007
Local SST + coordinated control,0.7884786952280015
Local SST + coordinated control,0.34686412444896836
Local SST + coordinated control,0.3385839046863892
Local SST + coordinated control,0.9767773961497718
Local SST + coordinated control,0.7060904621011035
Local SST + coordinated control,0.8820795065421367
Local SST + coordinated control,0.5333850979667691
Local SST + coordinated control,0.44937993864931286
Local SST + coordinated control,0.6550105342615765
Local SST + coordinated control,0.46545323485329193
Local SST + coordinated control,0.9736869802955646
Local SST + coordinated control,0.523611645006205
Local SST + coordinated control,0.46572899039986865
Local SST + coordinated control,0.5673465163032853
Local SST + coordinated control,0.8917259478991455
Local SST + coordinated control,1.309866975338728
Local SST + coordinated control,0.31727719043894004
Local SST + coordinated control,0.4173533026955906
Local SST + coordinated control,0.8168521262644339
Local SST + coordinated control,0.970223374013465
Local SST + coordinated control,0.41626337081901305
Local SST + coordinated control,0.5073588184630071
Local SST + coordinated control,0.9607725601687024
Local SST + coordinated control,0.6337087203629059
Local SST + coordinated control,0.6773099299671015
Local SST + coordinated control,0.40098172480357497
Local SST + coordinated control,0.456091661877316
Local SST + coordinated control,0.3039288373883928
Local SST + coordinated control,1.03421727459645
Local SST + coordinated control,0.6867255294060189
Local SST + coordinated control,0.3254181761173233
Local SST + coordinated control,0.4161768530993462
Local SST + coordinated control,0.6600987128055863
Local SST + coordinated control,0.4444956398187723
Local SST + coordinated control,0.3904475589801478
Local SST + coordinated control,0.8200491929987361
Local SST + coordinated control,0.5985573356961269
Local SST + coordinated control,0.9199096702069035
Local SST + coordinated control,0.6042609508385716
Local SST + coordinated control,1.212005255977077
Local SST + coordinated control,0.5508688799798733
Local SST + coordinated control,0.9768031283524035
Local SST + coordinated control,0.5091490935853856
Local SST + coordinated control,0.7544998829009507
Local SST + coordinated control,0.744335592850742
Local SST + coordinated control,1.2160745466284073
Local SST + coordinated control,0.7182253085278777
Local SST + coordinated control,1.119005840909313
Local SST + coordinated control,0.5656959483845734
Local SST + coordinated control,0.7852284298374486
Local SST + coordinated control,0.4767903223935771
Local SST + coordinated control,0.5181975086544619
Local SST + coordinated control,0.8475962874198874
Local SST + coordinated control,0.7967137073285042
Local SST + coordinated control,1.7011592756406164
Local SST + coordinated control,0.6704802774547594
Local SST + coordinated control,0.6118432230209001
Local SST + coordinated control,0.584799188322372
Local SST + coordinated control,0.5147296665404559
Local SST + coordinated control,0.580642224673987
Local SST + coordinated control,1.389929583227847
Local SST + coordinated control,0.6184109047089432
Local SST + coordinated control,0.5946362725870682
Local SST + coordinated control,1.451464363686744
Local SST + coordinated control,0.8314481309373122
Local SST + coordinated control,0.37320143215439217
Local SST + coordinated control,0.4603647945824525
Local SST + coordinated control,0.32000687138626493
Local SST + coordinated control,1.121456204823312
Local SST + coordinated control,0.7009509411521064
Local SST + coordinated control,0.45833130438001385
Local SST + coordinated control,0.9556458625995128
Local SST + coordinated control,0.5445772881508227
Local SST + coordinated control,0.6757915391118506
Local SST + coordinated control,0.34626373497773133
Local SST + coordinated control,0.5623138972959251
Local SST + coordinated control,0.473060062779768
Local SST + coordinated control,0.8699251804479465
Local SST + coordinated control,0.45040322064264576
Local SST + coordinated control,0.6048318762178118
Local SST + coordinated control,0.3888517156872895
Local SST + coordinated control,0.4564655983310644
Local SST + coordinated control,0.5577907107482324
Local SST + coordinated control,0.71672777938434
Local SST + coordinated control,0.7076888284975305
Local SST + coordinated control,0.3123013157250826
Local SST + coordinated control,1.3622941110013858
Local SST + coordinated control,1.133451908269022
Local SST + coordinated control,0.32670917602490007
Local SST + coordinated control,0.38482335043280397
Local SST + coordinated control,1.0195154836427383
Local SST + coordinated control,1.0979206369396812
Local SST + coordinated control,0.9394338469569847
Local SST + coordinated control,0.5092780966608439
Local SST + coordinated control,0.7231600937546339
Local SST + coordinated control,0.5683939929167404
Local SST + coordinated control,0.5218982851403474
Local SST + coordinated control,0.28986190229291836
Local SST + coordinated control,0.7223329316220836
Local SST + coordinated control,0.5715441167207903
Local SST + coordinated control,0.43241702164584567
Local SST + coordinated control,0.9245061356903597
Local SST + coordinated control,0.4459908471187412
Local SST + coordinated control,0.38187055605090264
Local SST + coordinated control,0.48468593679830585
Local SST + coordinated control,1.0456292067190198
Local SST + coordinated control,0.869015164054947
Local SST + coordinated control,0.935959958022735
Local SST + coordinated control,0.40971889009728574
Local SST + coordinated control,1.0592949255267459
Local SST + coordinated control,0.6536053938433019
Local SST + coordinated control,0.8061953329869433
Local SST + coordinated control,0.23863282295440277
Local SST + coordinated control,0.35504567204717424
Local SST + coordinated control,0.40579265457324776
Local SST + coordinated control,0.4726981571289888
Local SST + coordinated control,1.0401754837610533
Local SST + coordinated control,0.4990802412441127
Local SST + coordinated control,0.6103163109131895
Local SST + coordinated control,0.6551096062771307
Local SST + coordinated control,1.0519419293087084
Local SST + coordinated control,1.1144877895861836
Local SST + coordinated control,1.131396709471704
Local SST + coordinated control,0.6239124362864201
Local SST + coordinated control,0.44513281278246053
Local SST + coordinated control,0.4952056959071434
Local SST + coordinated control,1.0227274086536364
Local SST + coordinated control,0.8637663388015248
Local SST + coordinated control,0.9471608203398509
Local SST + coordinated control,1.0055559844466408
Local SST + coordinated control,0.6996918432230042
Local SST + coordinated control,0.5422371841363414
Local SST + coordinated control,0.4116740874275615
Local SST + coordinated control,0.5646223005328904
Local SST + coordinated control,0.5056959235634125
Local SST + coordinated control,0.4979409297483165
Local SST + coordinated control,0.7552130606955729
Local SST + coordinated control,0.7898794378248372
Local SST + coordinated control,0.9468179028186232
Local SST + coordinated control,1.2585871003312799
Local SST + coordinated control,0.6811500312386074
Local SST + coordinated control,0.6855584307074499
Local SST + coordinated control,0.646661653916516
Local SST + coordinated control,0.5440209266376567
Local SST + coordinated control,0.389698657732503
Local SST + coordinated control,0.805877968886469
Local SST + coordinated control,0.9034674382220682
Local SST + coordinated control,0.552793623353105
Local SST + coordinated control,1.6757792209241829
Local SST + coordinated control,0.7234003113312463
Local SST + coordinated control,0.6133105279297351
Local SST + coordinated control,0.5149799949249156
Local SST + coordinated control,0.5428711818752208
Local SST + coordinated control,0.39606870181752735
Local SST + coordinated control,1.120160966343447
Local SST + coordinated control,0.47117090166888176
Local SST + coordinated control,0.8842458865483032
Local SST + coordinated control,1.5790907151147295
Local SST + coordinated control,0.48472156552521983
Local SST + coordinated control,0.6504125073533219
Local SST + coordinated control,0.6831808717178142
Local SST + coordinated control,0.23889362812777104
Local SST + coordinated control,0.426579424477741
Local SST + coordinated control,0.374853346499418
Local SST + coordinated control,0.5387156195113593
Local SST + coordinated control,1.3437710169628887
Local SST + coordinated control,0.7251934524462612
Local SST + coordinated control,0.4969439869410343
Local SST + coordinated control,0.5730647752143494
Local SST + coordinated control,0.5676854069511648
Local SST + coordinated control,0.45944735627389643
Local SST + coordinated control,0.7215026686321425
Local SST + coordinated control,0.817252727048467
Local SST + coordinated control,0.9161956390902726
Local SST + coordinated control,0.42543368701933315
Local SST + coordinated control,0.8399237580506947
Local SST + coordinated control,0.8033147490482748
Local SST + coordinated control,0.3714671376191616
Local SST + coordinated control,0.8465204377668674
Local SST + coordinated control,0.7664796333693062
Local SST + coordinated control,0.3779695406208501
Local SST + coordinated control,0.5119269349363895
Local SST + coordinated control,0.8120705687613937
Local SST + coordinated control,1.284280657349173
Local SST + coordinated control,0.780010221121617
Local SST + coordinated control,0.4554673834166841
Local SST + coordinated control,0.41071833085762866
Local SST + coordinated control,0.5462058166646362
Local SST + coordinated control,0.5015269683026159
Local SST + coordinated control,0.3509319369908191
Local SST + coordinated control,0.5981969984967609
Local SST + coordinated control,0.4650728024677181
Local SST + coordinated control,0.6057702221675213
Local SST + coordinated control,0.5977712382218324
Local SST + coordinated control,0.8746682928486659
Local SST + coordinated control,0.7100206434545513
Local SST + coordinated control,0.5900624598352726
Local SST + coordinated control,0.700668787459228
Local SST + coordinated control,0.3758813001954564
Local SST + coordinated control,0.4651060105187799
Local SST + coordinated control,0.6361306040172939
Local SST + coordinated control,0.9472484473231128
Local SST + coordinated control,0.33596850810545514
Local SST + coordinated control,0.7990233365701748
Local SST + coordinated control,0.6139659104021677
Local SST + coordinated control,0.6919093589340883
Local SST + coordinated control,0.6490731027614479
Local SST + coordinated control,0.5580626323204764
Local SST + coordinated control,0.7244557539282956
Local SST + coordinated control,0.5242272741684468
Local SST + coordinated control,0.9092601832193251
Local SST + coordinated control,0.7657335396461687
Local SST + coordinated control,0.41423313866546296
Local SST + coordinated control,0.8457586831708835
Local SST + coordinated control,0.6078655632503961
Local SST + coordinated control,0.5891890750979717
Local SST + coordinated control,0.7192211856088643
Local SST + coordinated control,0.6907908164250175
Local SST + coordinated control,0.563281059740006
Local SST + coordinated control,0.49971109312405637
Local SST + coordinated control,0.9190156901136937
Local SST + coordinated control,0.4712937304347227
Local SST + coordinated control,0.4237973163872668
Local SST + coordinated control,0.8508360957091319
Local SST + coordinated control,0.36877263045488695
Local SST + coordinated control,0.34759906513644206
Local SST + coordinated control,0.830961299917366
Local SST + coordinated control,0.9982687054680045
Local SST + coordinated control,1.2986389519444437
Local SST + coordinated control,0.6881235920617763
Local SST + coordinated control,0.6590559125551987
Local SST + coordinated control,0.8292430707034588
Local SST + coordinated control,0.6170319708120364
Local SST + coordinated control,0.45849525335985497
Local SST + coordinated control,0.47520762323214805
Local SST + coordinated control,0.773083996468403
Local SST + coordinated control,0.6202700025343222
Local SST + coordinated control,0.46939982691571186
Local SST + coordinated control,0.5127125580317896
Local SST + coordinated control,0.7947706554034364
Local SST + coordinated control,0.9598312213367208
Local SST + coordinated control,0.49021406111038
Local SST + coordinated control,0.5674287471317785
Local SST + coordinated control,0.7685182429582336
Local SST + coordinated control,0.4610453840702117
Local SST + coordinated control,1.1084068060122958
Local SST + coordinated control,0.4080492746588586
Local SST + coordinated control,0.4498744488224948
Local SST + coordinated control,0.46185284173964813
Local SST + coordinated control,1.0538328037515852
Local SST + coordinated control,0.7472792713902081
Local SST + coordinated control,0.553426326408113
Local SST + coordinated control,0.3994575187719488
Local SST + coordinated control,0.5728805465464104
Local SST + coordinated control,0.6713731540902069
Local SST + coordinated control,0.4759302829253146
Local SST + coordinated control,0.5914722238946403
Local SST + coordinated control,0.7137340255922323
Local SST + coordinated control,0.7969737284511982
Local SST + coordinated control,1.1771932038716597
Local SST + coordinated control,0.6834335423399294
Local SST + coordinated control,0.7484372032296734
Local SST + coordinated control,0.33428445647588456
Local SST + coordinated control,0.5321188291730173
Local SST + coordinated control,0.8563599547278844
Local SST + coordinated control,0.885657008645134
Local SST + coordinated control,0.34602725051088484
Local SST + coordinated control,1.1290262135643887
Local SST + coordinated control,0.3768880876672154
Local SST + coordinated control,0.5344273684040537
Local SST + coordinated control,0.43476498261144886
Local SST + coordinated control,0.5319048692241497
Local SST + coordinated control,0.5723178143498291
Local SST + coordinated control,0.42077486416604915
Local SST + coordinated control,1.123827316959431
Local SST + coordinated control,0.4883448609021279
Local SST + coordinated control,0.5189038188896795
Local SST + coordinated control,0.8310564522870628
Local SST + coordinated control,0.56609702382273
Local SST + coordinated control,0.6043312344614354
Local SST + coordinated control,0.863456761879768
Local SST + coordinated control,0.906119567936162
Local SST + coordinated control,1.2981512064707825
Local SST + coordinated control,0.42295974022084465
Local SST + coordinated control,0.6108153524137804
Local SST + coordinated control,0.8367233125669252
Local SST + coordinated control,0.36219275402099316
Local SST + coordinated control,0.5667362146503155
Local SST + coordinated control,0.4176702402930544
Local SST + coordinated control,0.7275857290384657
Local SST + coordinated control,0.6744577847140271
Local SST + coordinated control,0.7323724107167394
Local SST + coordinated control,0.8013838401263241
Local SST + coordinated control,0.5491907001182964
Local SST + coordinated control,1.088678484439032
Local SST + coordinated control,0.8216499258789841
Local SST + coordinated control,0.8175024880408482
Local SST + coordinated control,1.4051687028245055
Local SST + coordinated control,1.05401331434696
Local SST + coordinated control,0.9533543387330282
Local SST + coordinated control,1.034413510543793
Local SST + coordinated control,0.5359127688712929
Local SST + coordinated control,0.49248341977452664
Local SST + coordinated control,1.2060418270183078
Local SST + coordinated control,0.31522642494173003
Local SST + coordinated control,0.42875373978215625
Local SST + coordinated control,0.6118158792735884
Local SST + coordinated control,0.46472069776909486
Local SST + coordinated control,0.3347155539392699
Local SST + coordinated control,0.9069254728639076
Local SST + coordinated control,0.39206515025156524
Local SST + coordinated control,0.5577343276680583
Local SST + coordinated control,0.7215870523596916
Local SST + coordinated control,0.3517648695924282
Local SST + coordinated control,0.7653445044977537
Local SST + coordinated control,1.1101782023776507
Local SST + coordinated control,0.4581753873959914
Local SST + coordinated control,0.8001004949520466
Local SST + coordinated control,0.8167193996746486
Local SST + coordinated control,0.36126466026551934
Local SST + coordinated control,0.7912265296688049
Local SST + coordinated control,0.5285841711585372
Local SST + coordinated control,0.3648181486803608
Local SST + coordinated control,1.0457282388776683
Local SST + coordinated control,0.6105045771615074
Local SST + coordinated control,0.4368702717909563
Local SST + coordinated control,0.49112403457103204
Local SST + coordinated control,0.36480445877342377
Local SST + coordinated control,0.5432574251693392
Local SST + coordinated control,0.4637634827517954
Local SST + coordinated control,0.47633305857274844
Local SST + coordinated control,0.8589457195877614
Local SST + coordinated control,0.9465493952764321
Local SST + coordinated control,0.37910068661881385
Local SST + coordinated control,0.6628465771039296
Local SST + coordinated control,0.8654358547955788
Local SST + coordinated control,0.5336666580562163
Local SST + coordinated control,0.6442098209876473
Local SST + coordinated control,0.7789874534218193
Local SST + coordinated control,0.5578654052989432
Local SST + coordinated control,0.5026942732496293
Local SST + coordinated control,0.4543048184995796
Local SST + coordinated control,0.3010486137790636
Local SST + coordinated control,0.8432155568665465
Local SST + coordinated control,0.9382202675409984
Local SST + coordinated control,0.9870148743512158
Local SST + coordinated control,0.9996628812610021
Local SST + coordinated control,0.7215872801412975
Local SST + coordinated control,0.33398031573066017
Local SST + coordinated control,1.0281049811404057
Local SST + coordinated control,0.6506203841402405
Local SST + coordinated control,0.8536644848241316
Local SST + coordinated control,0.7955368638228896
Local SST + coordinated control,0.7820215294219083
Local SST + coordinated control,0.5931767225499521
Local SST + coordinated control,0.5377187679755294
Local SST + coordinated control,1.2870740947867068
Local SST + coordinated control,0.7317285559498629
Local SST + coordinated control,0.49967937421968595
Local SST + coordinated control,0.4164716100519173
Local SST + coordinated control,0.8479099892849802
Local SST + coordinated control,0.5495178809189318
Local SST + coordinated control,0.8902841942133671
Local SST + coordinated control,0.8936385990014635
Local SST + coordinated control,0.570315911914544
Local SST + coordinated control,0.9299824367486091
Local SST + coordinated control,0.7983340482767763
Local SST + coordinated control,0.7527977605629956
Local SST + coordinated control,0.5962368971420908
Local SST + coordinated control,0.42861793203810616
Local SST + coordinated control,0.6358137970583659
Local SST + coordinated control,0.3591236048203873
Local SST + coordinated control,0.6480622975645544
Local SST + coordinated control,0.37729610026865296
Local SST + coordinated control,0.6912371188097793
Local SST + coordinated control,0.5230338151121251
Local SST + coordinated control,0.6592690590972102
Local SST + coordinated control,0.6792541628869017
Local SST + coordinated control,0.8513977408640601
Local SST + coordinated control,0.7134324766719936
Local SST + coordinated control,0.639982476444388
Local SST + coordinated control,0.36605485590746745
Local SST + coordinated control,0.8160969276495816
Local SST + coordinated control,1.1607241805296185
Local SST + coordinated control,0.43523478229048423
Local SST + coordinated control,0.3407494264133431
Local SST + coordinated control,0.9970127253677868
Local SST + coordinated control,1.7507827428137224
Local SST + coordinated control,0.5895503535437336
Local SST + coordinated control,0.5758027959525523
Local SST + coordinated control,0.7009606424607739
Local SST + coordinated control,0.32748830283841907
Local SST + coordinated control,0.8493575926668174
Local SST + coordinated control,0.8438909160344322
Local SST + coordinated control,0.3699886705737028
Local SST + coordinated control,0.8247849013808635
Local SST + coordinated control,0.6194712632295754
Local SST + coordinated control,1.2881222893818296
Local SST + coordinated control,1.0863514535877363
Local SST + coordinated control,0.38256694746339426
Local SST + coordinated control,0.5652946594169499
Local SST + coordinated control,0.9544566232226852
Local SST + coordinated control,0.5751619064100785
Local SST + coordinated control,0.9242194599479701
Local SST + coordinated control,1.0343003396134238
Local SST + coordinated control,0.6676215643678524
Local SST + coordinated control,0.4900891453855633
Local SST + coordinated control,0.4525727532446683
Local SST + coordinated control,0.6356309364507904
Local SST + coordinated control,0.7125423748112012
Local SST + coordinated control,0.8538900094125298
Local SST + coordinated control,0.758366145132174
Local SST + coordinated control,0.37311942637959
Local SST + coordinated control,0.4855654459740624
Local SST + coordinated control,0.6575723741891593
Local SST + coordinated control,0.8614855107463834
Local SST + coordinated control,0.614326660069428
Local SST + coordinated control,0.918204681756637
Local SST + coordinated control,0.7338631793849508
Local SST + coordinated control,1.1020290324465547
Local SST + coordinated control,0.9333878737569758
Local SST + coordinated control,0.3595279188501277
Local SST + coordinated control,0.9912773484482094
Local SST + coordinated control,0.9325197408343271
Local SST + coordinated control,0.5288708694720619
Local SST + coordinated control,0.5535258764538659
Local SST + coordinated control,0.372355645783618
Local SST + coordinated control,0.9496449848346571
Local SST + coordinated control,0.7834857473018156
Local SST + coordinated control,0.4612876728612813
Local SST + coordinated control,0.5859115354278694
Local SST + coordinated control,0.9502153657506718
Local SST + coordinated control,0.48214229631061073
Local SST + coordinated control,0.7633992610273188
Local SST + coordinated control,0.37041075581751043
Local SST + coordinated control,0.7268707557546421
Local SST + coordinated control,0.9587628111573043
Local SST + coordinated control,0.4617908241883827
Local SST + coordinated control,0.9772068889042864
Local SST + coordinated control,0.7677463883717076
Local SST + coordinated control,0.561969785159499
Local SST + coordinated control,0.5699157619851195
Local SST + coordinated control,0.6669724693522542
Local SST + coordinated control,0.706928625584218
Local SST + coordinated control,0.4344061884879062
Local SST + coordinated control,1.0301435167270152
Local SST + coordinated control,0.48935239027520233
Local SST + coordinated control,0.9302924265163902
Local SST + coordinated control,0.8082412384896797
Local SST + coordinated control,0.8433221781062277
Local SST + coordinated control,1.1663106116720954
Local SST + coordinated control,0.9043229100890727
Local SST + coordinated control,0.37425985585655513
Local SST + coordinated control,0.6283453407848764
Local SST + coordinated control,0.9707426581990146
Local SST + coordinated control,0.6220962815002891
Local SST + coordinated control,0.6854826776168607
Local SST + coordinated control,1.7287196539481982
Local SST + coordinated control,0.665140004188595
Local SST + coordinated control,0.5762128331920311
Local SST + coordinated control,1.0388568195859713
Local SST + coordinated control,0.5010399458944705
Local SST + coordinated control,0.336110982509818
Local SST + coordinated control,0.4932562708325353
Local SST + coordinated control,0.9870821860154634
Local SST + coordinated control,0.48065474509478917
Local SST + coordinated control,1.1670312786917898
Local SST + coordinated control,0.3365757046678447
Local SST + coordinated control,0.6728064415452167
Local SST + coordinated control,0.5176013725163026
Local SST + coordinated control,0.3203847606786278
Local SST + coordinated control,0.35710664607117676
Local SST + coordinated control,0.45985146663042753
Local SST + coordinated control,0.5466434690953523
Local SST + coordinated control,0.4693983689862994
Local SST + coordinated control,0.5559591574293812
Local SST + coordinated control,0.9765749967639409
Local SST + coordinated control,0.8048014904076847
Local SST + coordinated control,0.4499840971958297
Local SST + coordinated control,0.4321163452102404
Local SST + coordinated control,1.8494501137432682
Local SST + coordinated control,0.5677328479823393
Local SST + coordinated control,0.556841690124888
Local SST + coordinated control,0.5740923411879557
Local SST + coordinated control,0.7748562614679281
Local SST + coordinated control,0.7724578351756609
Local SST + coordinated control,1.0029884462043224
Local SST + coordinated control,0.6472094706080183
Local SST + coordinated control,0.5894565413796968
Local SST + coordinated control,0.5103537017340458
Local SST + coordinated control,1.4006237356844566
Local SST + coordinated control,0.8362150455979667
Local SST + coordinated control,0.7181297670970906
Local SST + coordinated control,0.6761843407080393
Local SST + coordinated control,1.089655686243488
Local SST + coordinated control,1.6296942281242601
Local SST + coordinated control,0.5409600542199571
Local SST + coordinated control,0.690882098784703
Local SST + coordinated control,0.7402352176273358
Local SST + coordinated control,0.7728251147336547
Local SST + coordinated control,0.6559772587732349
Local SST + coordinated control,0.35818118878841915
Local SST + coordinated control,0.7665165379795318
Local SST + coordinated control,0.5601416111647042
Local SST + coordinated control,0.8822067474596731
Local SST + coordinated control,1.3244709189275885
Local SST + coordinated control,0.5151664954649471
Local SST + coordinated control,1.1009928665778892
Local SST + coordinated control,0.9727701568928173
Local SST + coordinated control,1.0714895655190424
Local SST + coordinated control,0.7169744258216472
Local SST + coordinated control,0.7910639486006581
Local SST + coordinated control,0.3518618985790817
Local SST + coordinated control,0.38572212875881456
Local SST + coordinated control,0.3783347446792648
Local SST + coordinated control,0.4426901885140842
Local SST + coordinated control,0.4322576690115626
Local SST + coordinated control,0.6512305640276848
Local SST + coordinated control,0.9242666978155135
Local SST + coordinated control,0.8724308340345756
Local SST + coordinated control,0.418654770803085
Local SST + coordinated control,0.8212952405775834
Local SST + coordinated control,0.44465564243961997
Local SST + coordinated control,1.1263358830750418
Local SST + coordinated control,0.3854153010162064
Local SST + coordinated control,1.2357918354894857
Local SST + coordinated control,0.5739991875816689
Local SST + coordinated control,0.5184239637004554
Local SST + coordinated control,0.4715738720316041
Local SST + coordinated control,0.49025629131924103
Local SST + coordinated control,0.9837280554354688
Local SST + coordinated control,0.7060055357092495
Local SST + coordinated control,0.6477543778507646
Local SST + coordinated control,0.9195378843272913
Local SST + coordinated control,0.636575000706075
Local SST + coordinated control,0.7922821619560455
Local SST + coordinated control,0.7772319752853174
Local SST + coordinated control,0.9762513550763426
Local SST + coordinated control,0.9797698092217523
Local SST + coordinated control,0.5708883718145692
Local SST + coordinated control,1.0261292188306859
Local SST + coordinated control,0.47293515445930523
Local SST + coordinated control,0.8613761856941077
Local SST + coordinated control,1.0514416029041156
Local SST + coordinated control,0.732855934177367
Local SST + coordinated control,0.4044613424420434
Local SST + coordinated control,0.6670419081984584
Local SST + coordinated control,0.6106763713975147
Local SST + coordinated control,1.1085726181466609
Local SST + coordinated control,0.4361527253193092
Local SST + coordinated control,0.813182792076856
Local SST + coordinated control,0.6583607047338914
Local SST + coordinated control,0.8305800180032016
Local SST + coordinated control,1.2364076633320868
Local SST + coordinated control,0.41948298835479175
Local SST + coordinated control,0.5614402829750148
Local SST + coordinated control,0.46115115623548686
Local SST + coordinated control,0.48328005134625246
Local SST + coordinated control,0.5786261838429703
Local SST + coordinated control,0.6282248997094784
Local SST + coordinated control,0.9465052786082484
Local SST + coordinated control,0.4303679192106298
Local SST + coordinated control,0.8535181106474772
Local SST + coordinated control,1.1016059618235146
Local SST + coordinated control,0.7176262320231364
Local SST + coordinated control,1.025216065892249
Local SST + coordinated control,0.5056010241434865
Local SST + coordinated control,0.3826080038666885
Local SST + coordinated control,0.660190450565777
Local SST + coordinated control,0.4551285427765968
Local SST + coordinated control,0.5961278987305063
Local SST + coordinated control,0.8103471360727592
Local SST + coordinated control,0.5741774541084397
Local SST + coordinated control,0.33842988532880547
Local SST + coordinated control,0.6075865438053326
Local SST + coordinated control,0.6139946042939611
Local SST + coordinated control,0.31824903271961813
Local SST + coordinated control,1.9081214775120492
Local SST + coordinated control,0.39400582355790736
Local SST + coordinated control,0.6218839697510724
Local SST + coordinated control,0.7141768264612716
Local SST + coordinated control,0.5862854176353234
Local SST + coordinated control,0.6890232363920724
Local SST + coordinated control,1.0258626846288634
Local SST + coordinated control,0.5415104187261308
Local SST + coordinated control,0.5779292058766619
Local SST + coordinated control,0.5088898637053088
Local SST + coordinated control,0.6454887049155589
Local SST + coordinated control,0.800541418438349
Local SST + coordinated control,0.41605116668202197
Local SST + coordinated control,0.3495867315398083
Local SST + coordinated control,0.5921905170188253
Local SST + coordinated control,0.6674930614975303
Local SST + coordinated control,0.9105012561421814
Local SST + coordinated control,0.5741284171154144
Local SST + coordinated control,0.6701533190526581
Local SST + coordinated control,0.3759479604545087
Local SST + coordinated control,0.274363304600809
Local SST + coordinated control,0.9840065682692107
Local SST + coordinated control,1.232070645957375
Local SST + coordinated control,0.5780575169741813
Local SST + coordinated control,0.8813234985574331
Local SST + coordinated control,0.42696921591256365
Local SST + coordinated control,0.6013953831995206
Local SST + coordinated control,0.9643346369048801
Local SST + coordinated control,1.0568224118951828
Local SST + coordinated control,0.46610619090939076
Local SST + coordinated control,0.7855568022293542
Local SST + coordinated control,1.5500502055869834
Local SST + coordinated control,0.7959195725845232
Local SST + coordinated control,0.4666148532028858
Local SST + coordinated control,0.611134478540533
Local SST + coordinated control,1.0514129680373732
Local SST + coordinated control,1.046634533648251
Local SST + coordinated control,1.364683961119873
Local SST + coordinated control,0.5212569164780515
Local SST + coordinated control,0.3345096839912234
Local SST + coordinated control,0.5679407551942621
Local SST + coordinated control,1.126156381813251
Local SST + coordinated control,0.7440983438886711
Local SST + coordinated control,0.6078900336546642
Local SST + coordinated control,0.6263091880696037
Local SST + coordinated control,0.4964183869715686
Local SST + coordinated control,0.581931492590952
Local SST + coordinated control,0.4411752492206105
Local SST + coordinated control,0.8159422181401224
Local SST + coordinated control,1.3173414890510693
Local SST + coordinated control,0.8332386954202542
Local SST + coordinated control,0.3724468112905399
Local SST + coordinated control,0.40731598504986494
Local SST + coordinated control,0.3301315106693151
Local SST + coordinated control,0.4289795415790506
Local SST + coordinated control,0.38827061312027106
Local SST + coordinated control,0.6037589323033777
Local SST + coordinated control,0.5355664860608982
Local SST + coordinated control,0.4434308470419962
Local SST + coordinated control,1.1112546942188624
Local SST + coordinated control,0.7677959987282047
Local SST + coordinated control,0.3901620106221112
Local SST + coordinated control,0.4218548473171948
Local SST + coordinated control,0.7117973543380105
Local SST + coordinated control,0.6416142307020127
Local SST + coordinated control,0.35465493293979455
Local SST + coordinated control,0.6637863404590523
Local SST + coordinated control,0.8056730881985305
Local SST + coordinated control,0.6501927811903927
Local SST + coordinated control,0.7420823626010038
Local SST + coordinated control,0.5730667182122083
Local SST + coordinated control,0.6160984621048767
Local SST + coordinated control,1.2997042510562768
Local SST + coordinated control,0.9806205328532833
Local SST + coordinated control,0.7861627880356196
Local SST + coordinated control,0.3741965491063525
Local SST + coordinated control,0.5660064259483149
Local SST + coordinated control,0.6482002902080357
Local SST + coordinated control,0.38960794607553173
Local SST + coordinated control,0.3487325964855362
Local SST + coordinated control,1.1801922629072756
Local SST + coordinated control,0.6059167543568414
Local SST + coordinated control,0.47232526026938493
Local SST + coordinated control,0.394239062631575
Local SST + coordinated control,1.1563893449378713
Local SST + coordinated control,0.40369550117366443
Local SST + coordinated control,1.1761708389363776
Local SST + coordinated control,1.3945359868842713
Local SST + coordinated control,0.39621012382362764
Local SST + coordinated control,0.4230368842395084
Local SST + coordinated control,0.4308236769282512
Local SST + coordinated control,0.760989661594619
Local SST + coordinated control,0.4490831981190428
Local SST + coordinated control,1.1787735769741434
Local SST + coordinated control,0.6604054790759868
Local SST + coordinated control,0.8474699026126342
Local SST + coordinated control,0.6350611090486695
Local SST + coordinated control,0.7367392465558198
Local SST + coordinated control,0.45964173214260506
Local SST + coordinated control,0.5020791928365735
Local SST + coordinated control,0.6475501733015363
Local SST + coordinated control,0.929754251183087
Local SST + coordinated control,1.1940764586598567
Local SST + coordinated control,0.4637988751506928
Local SST + coordinated control,0.8962985785175291
Local SST + coordinated control,0.5274899953023909
Local SST + coordinated control,1.0084878824463226
Local SST + coordinated control,0.7888349595091914
Local SST + coordinated control,0.6996584021851499
Local SST + coordinated control,0.2989612386644309
Local SST + coordinated control,0.6457487952082669
Local SST + coordinated control,1.175832074918679
Local SST + coordinated control,0.5476006308438593
Local SST + coordinated control,0.5976647844936414
Local SST + coordinated control,0.6664994709618842
Local SST + coordinated control,0.3422791580994192
Local SST + coordinated control,0.7451145627150428
Local SST + coordinated control,0.799438346765379
Local SST + coordinated control,0.43944807873229075
Local SST + coordinated control,0.5801309748592889
Local SST + coordinated control,1.4751893435875294
Local SST + coordinated control,0.8080510393085698
Local SST + coordinated control,1.0092311022108038
Local SST + coordinated control,0.5350509735917977
Local SST + coordinated control,0.4197420436279717
Local SST + coordinated control,0.6949326423916333
Local SST + coordinated control,0.8747861227736056
Local SST + coordinated control,0.6437553108511712
Local SST + coordinated control,0.32542368067374144
Local SST + coordinated control,0.6959063055305948
Local SST + coordinated control,1.03647643950264
Local SST + coordinated control,0.7485521353654893
Local SST + coordinated control,0.7514391922541166
Local SST + coordinated control,0.8668444849795811
Local SST + coordinated control,1.2048420656534828
Local SST + coordinated control,0.45583842992544077
Local SST + coordinated control,0.775297366012318
Local SST + coordinated control,0.3872950158240024
Local SST + coordinated control,0.49610593676052334
Local SST + coordinated control,0.6662481263397259
Local SST + coordinated control,0.786492487624711
Local SST + coordinated control,0.2991368683915951
Local SST + coordinated control,0.6546748348921965
Local SST + coordinated control,0.5338486916367375
Local SST + coordinated control,1.008934532848438
Local SST + coordinated control,0.4437618404670555
Local SST + coordinated control,0.5659994794204789
Local SST + coordinated control,0.7804434339142584
Local SST + coordinated control,0.7339555261350089
Local SST + coordinated control,1.0604279261447016
Local SST + coordinated control,0.5645600153548651
Local SST + coordinated control,0.496167557867025
Local SST + coordinated control,0.46730309657729363
Local SST + coordinated control,1.0134792709772265
Local SST + coordinated control,0.7733730542112323
Local SST + coordinated control,1.4478870710428275
Local SST + coordinated control,0.771587876048647
Local SST + coordinated control,0.5857405439087396
Local SST + coordinated control,0.7852364477939558
Local SST + coordinated control,0.47104869093430457
Local SST + coordinated control,0.6590766221785971
Local SST + coordinated control,0.3907040533147338
Local SST + coordinated control,0.45335584344657487
Local SST + coordinated control,0.5511620140377917
Local SST + coordinated control,0.5866185369594363
Local SST + coordinated control,0.6661138063701212
Local SST + coordinated control,0.5463050797330674
Local SST + coordinated control,0.5216207108841444
Local SST + coordinated control,0.8529324885419056
Local SST + coordinated control,0.7285338053396734
Local SST + coordinated control,0.6805141553767192
Local SST + coordinated control,0.3788133823184093
Local SST + coordinated control,0.5853735906837184
Local SST + coordinated control,0.8868874268598493
Local SST + coordinated control,0.5995540697903751
Local SST + coordinated control,0.7148496699305342
Local SST + coordinated control,0.5166526091555341
Local SST + coordinated control,0.6927390012588727
Local SST + coordinated control,0.677102749152966
Local SST + coordinated control,0.5222272559916524
Local SST + coordinated control,0.66650398087252
Local SST + coordinated control,0.6224829507095978
Local SST + coordinated control,0.6114578448118306
Local SST + coordinated control,0.7320831987589513
Local SST + coordinated control,0.48328559606394966
Local SST + coordinated control,0.7771939187471933
Local SST + coordinated control,0.9707596750315858
Local SST + coordinated control,0.6708445386040925
Local SST + coordinated control,0.6994787627748968
Local SST + coordinated control,0.8375297372243811
Local SST + coordinated control,0.45644221473870783
Local SST + coordinated control,0.4271872988129431
Local SST + coordinated control,0.6116981516330869
Local SST + coordinated control,0.931894302715697
Local SST + coordinated control,0.4371879158410412
Local SST + coordinated control,1.0623663108940709
Local SST + coordinated control,0.44692792668702513
Local SST + coordinated control,0.4707602602359816
Local SST + coordinated control,1.1434395000416744
Local SST + coordinated control,0.5273095787481233
Local SST + coordinated control,0.7371317246153575
Local SST + coordinated control,0.46663328532317594
Local SST + coordinated control,0.5854020456059219
Local SST + coordinated control,0.9231769505363083
Local SST + coordinated control,0.34094791833862237
Local SST + coordinated control,0.6250461109952811
Local SST + coordinated control,0.43498700456703493
Local SST + coordinated control,1.0715043300528433
Local SST + coordinated control,0.5568382489996822
Local SST + coordinated control,0.6684691604984969
Local SST + coordinated control,0.4795300103031525
Local SST + coordinated control,1.1914781192025186
Local SST + coordinated control,0.2885587194780743
Local SST + coordinated control,1.0250439821955888
Local SST + coordinated control,0.44372268231855955
Local SST + coordinated control,0.6064404421177616
Local SST + coordinated control,0.41249633048499523
Local SST + coordinated control,0.9133184154829833
Local SST + coordinated control,1.1631846978159914
Local SST + coordinated control,0.8538392253932737
Local SST + coordinated control,0.5252604914880032
Local SST + coordinated control,1.0616877183107793
Local SST + coordinated control,1.3831002129618077
Local SST + coordinated control,0.6536221105198575
Local SST + coordinated control,0.44722479185507885
Local SST + coordinated control,0.511255316626175
Local SST + coordinated control,0.8399880282576475
Local SST + coordinated control,0.4860256042145254
Local SST + coordinated control,0.5217057101783806
Local SST + coordinated control,0.5933863512223551
Local SST + coordinated control,0.6037267065612902
Local SST + coordinated control,0.5075692700017703
Local SST + coordinated control,0.4501482493055312
Local SST + coordinated control,0.7538117527633086
Local SST + coordinated control,0.697212240836845
Local SST + coordinated control,0.8864878069569156
Local SST + coordinated control,0.5238027202951984
Local SST + coordinated control,0.9237763158176359
Local SST + coordinated control,0.7838107689112053
Local SST + coordinated control,0.9673777175057984
Local SST + coordinated control,0.5448804850389287
Local SST + coordinated control,0.4988641487654002
Local SST + coordinated control,0.46465331404417487
Local SST + coordinated control,0.3789275481281848
Local SST + coordinated control,0.8312260978584602
Local SST + coordinated control,0.8430214999384649
Local SST + coordinated control,0.7667122740003409
Local SST + coordinated control,1.020697827505038
Local SST + coordinated control,0.43558374694687657
Local SST + coordinated control,0.7415710585740932
Local SST + coordinated control,0.5227386960264866
Local SST + coordinated control,1.0871158751220873
Local SST + coordinated control,0.870391870955169
Local SST + coordinated control,0.5205274721136113
Local SST + coordinated control,0.7995641714982676
Local SST + coordinated control,0.9625951949068661
Local SST + coordinated control,0.8758218440915628
Local SST + coordinated control,0.7638843485316898
Local SST + coordinated control,1.297075859758551
Local SST + coordinated control,0.6860995518209212
Local SST + coordinated control,0.3204146083526987
Local SST + coordinated control,0.7266680793356909
Local SST + coordinated control,0.8130731785059787
Local SST + coordinated control,0.7842516023634352
Local SST + coordinated control,0.8168473313438591
Local SST + coordinated control,0.5588833308580627
Local SST + coordinated control,0.7779116277969607
Local SST + coordinated control,0.7485282633149204
Local SST + coordinated control,0.47316645920455525
Local SST + coordinated control,0.39450302302504303
Local SST + coordinated control,0.7589726143946586
Local SST + coordinated control,0.4227841664600632
Local SST + coordinated control,0.572732756051552
Local SST + coordinated control,0.6666739707603272
Local SST + coordinated control,1.0262506412308958
Local SST + coordinated control,0.6478619883271822
Local SST + coordinated control,0.5775499164785863
Local SST + coordinated control,0.5265815071217214
Local SST + coordinated control,0.6939309995991757
Local SST + coordinated control,0.7201835008795959
Local SST + coordinated control,0.40340032398609277
Local SST + coordinated control,0.669174102804607
Local SST + coordinated control,0.5323341959835227
Local SST + coordinated control,0.7835542865635214
Local SST + coordinated control,0.864979341870675
Local SST + coordinated control,0.4736156512005967
Local SST + coordinated control,0.359351854757616
Local SST + coordinated control,0.8269790964639647
Local SST + coordinated control,0.5802419973067562
Local SST + coordinated control,1.3743193992109786
Local SST + coordinated control,0.33721915892040816
Local SST + coordinated control,1.262528160613331
Local SST + coordinated control,0.9221848558685424
Local SST + coordinated control,1.28690337660247
Local SST + coordinated control,0.46985914886151187
Local SST + coordinated control,0.562006647306308
Local SST + coordinated control,0.47984289272392905
Local SST + coordinated control,1.445014834840164
Local SST + coordinated control,0.4326037398398078
Local SST + coordinated control,1.036501285149102
Local SST + coordinated control,0.4934167479525157
Local SST + coordinated control,0.275378756751691
Local SST + coordinated control,0.5953142405861844
Local SST + coordinated control,0.6509984430169974
Local SST + coordinated control,0.5851235081485716
Local SST + coordinated control,0.4974350235080407
Local SST + coordinated control,0.7064204101562531
Local SST + coordinated control,0.9251621443798684
Local SST + coordinated control,0.4554894504870623
Local SST + coordinated control,0.7453258453076598
Local SST + coordinated control,0.8572994629857783
Local SST + coordinated control,0.4981473674206052
Local SST + coordinated control,0.6900707267171095
Local SST + coordinated control,0.4862082164333688
Local SST + coordinated control,0.5374662041044633
Local SST + coordinated control,1.3845062591777244
Local SST + coordinated control,0.7577563850174769
Local SST + coordinated control,0.9025288234531302
Local SST + coordinated control,0.6502773486876507
Local SST + coordinated control,1.0296430079658376
Local SST + coordinated control,0.4689797818548837
Local SST + coordinated control,0.42412426941756753
Local SST + coordinated control,0.4596676732107511
Local SST + coordinated control,0.5324777626883995
Local SST + coordinated control,0.4836689110627622
Local SST + coordinated control,0.572028682235427
Local SST + coordinated control,1.0930720826731382
Local SST + coordinated control,0.4915886311527794
Local SST + coordinated control,0.3203789079482606
Local SST + coordinated control,0.9614428075147697
Local SST + coordinated control,0.6433214703793646
Local SST + coordinated control,0.6746902786090985
Local SST + coordinated control,0.8590550343315234
Local SST + coordinated control,0.6686687468340287
Local SST + coordinated control,0.4350410587452515
Local SST + coordinated control,0.879665739925525
Local SST + coordinated control,0.5682684892895038
Local SST + coordinated control,1.6909438836456272
Local SST + coordinated control,0.6172734438534705
Local SST + coordinated control,0.39560221659585726
Local SST + coordinated control,0.8320015489609115
Local SST + coordinated control,0.6096728513844537
Local SST + coordinated control,0.3814735627648344
Local SST + coordinated control,0.7925598985870546
Local SST + coordinated control,0.2992369699163344
Local SST + coordinated control,0.8426957967094318
Local SST + coordinated control,0.5906678368012159
Local SST + coordinated control,0.7066495552823124
Local SST + coordinated control,1.281582579626781
Local SST + coordinated control,0.45197731168012917
Local SST + coordinated control,0.8182711067880029
Local SST + coordinated control,0.6378400810279009
Local SST + coordinated control,1.1445028247833533
Local SST + coordinated control,0.6310578997394678
Local SST + coordinated control,0.32955998653768953
Local SST + coordinated control,1.2168704618182917
Local SST + coordinated control,0.6825962580573594
Local SST + coordinated control,0.6619384229743892
Local SST + coordinated control,0.7332439695194186
Local SST + coordinated control,0.4993890474021043
Local SST + coordinated control,0.9572085062388768
Local SST + coordinated control,0.8186031279290682
Local SST + coordinated control,0.31599625938183434
Local SST + coordinated control,0.33265340287361195
Local SST + coordinated control,0.3467702608090423
Local SST + coordinated control,0.5260435241306699
Local SST + coordinated control,0.3656004615893987
Local SST + coordinated control,0.7402399569861255
Local SST + coordinated control,0.5548498803862946
Local SST + coordinated control,1.0928067637476695
Local SST + coordinated control,1.3497746146905818
Local SST + coordinated control,0.6920918372891331
Local SST + coordinated control,0.6855121261024947
Local SST + coordinated control,0.7220509715402126
Local SST + coordinated control,0.5282416074648433
Local SST + coordinated control,0.39916329108462173
Local SST + coordinated control,0.8335390464638974
Local SST + coordinated control,0.4154442686598742
Local SST + coordinated control,0.6718325809152912
Local SST + coordinated control,0.9007754383532601
Local SST + coordinated control,0.49375343611286115
Local SST + coordinated control,1.1813821840777485
Local SST + coordinated control,0.626432776165073
Local SST + coordinated control,1.1791364292674436
Local SST + coordinated control,0.35883621709437225
Local SST + coordinated control,0.7782338478228051
Local SST + coordinated control,0.9322029779027388
Local SST + coordinated control,0.5116626651009185
Local SST + coordinated control,0.38002341584946325
Local SST + coordinated control,0.7773930508687111
Local SST + coordinated control,0.4251923418374423
Local SST + coordinated control,0.9148054977603117
Local SST + coordinated control,0.7579339476131468
Local SST + coordinated control,0.4733846764596967
Local SST + coordinated control,0.4167521513214982
Local SST + coordinated control,0.2633659338829693
Local SST + coordinated control,0.6278874098843165
Local SST + coordinated control,0.5619694407754737
Local SST + coordinated control,0.964061871963736
Local SST + coordinated control,0.42149981821626575
Local SST + coordinated control,0.557006229045793
Local SST + coordinated control,0.9780732439194549
Local SST + coordinated control,0.6950589951044966
Local SST + coordinated control,0.5405151669572248
Local SST + coordinated control,0.5628565698125244
Local SST + coordinated control,0.9943731827420476
Local SST + coordinated control,0.32398117611318805
Local SST + coordinated control,0.40769931723051256
Local SST + coordinated control,0.6996939475692565
Local SST + coordinated control,0.38697365703755954
Local SST + coordinated control,1.0640251791613635
Local SST + coordinated control,0.3525045258120318
Local SST + coordinated control,0.3143300739379905
Local SST + coordinated control,0.7165678916941375
Local SST + coordinated control,0.37545077387851866
Local SST + coordinated control,0.6265991893060447
Local SST + coordinated control,1.0059176902873084
Local SST + coordinated control,0.8825142729838791
Local SST + coordinated control,0.5071394376356416
Local SST + coordinated control,0.9678002645145105
Local SST + coordinated control,0.9956166277252657
Local SST + coordinated control,0.7500024058137412
Local SST + coordinated control,0.45390191217859926
Local SST + coordinated control,0.8226137541022314
Local SST + coordinated control,0.36581839113121917
Local SST + coordinated control,0.5562630116466122
Local SST + coordinated control,1.0865635573317716
Local SST + coordinated control,0.6109183548309278
Local SST + coordinated control,0.6569913213116024
Local SST + coordinated control,0.828735385765482
Local SST + coordinated control,1.064653598477076
Local SST + coordinated control,0.55521381072389
Local SST + coordinated control,0.7261307583306665
Local SST + coordinated control,0.5962518845282075
Local SST + coordinated control,0.7958129029549681
Local SST + coordinated control,0.6973453219674303
Local SST + coordinated control,0.5934864136071053
Local SST + coordinated control,0.966205260569872
Local SST + coordinated control,0.839686140532304
Local SST + coordinated control,0.42319749756145275
Local SST + coordinated control,0.4941409704623878
Local SST + coordinated control,0.5586911357643188
Local SST + coordinated control,0.9257464414134505
Local SST + coordinated control,0.6730405049585646
Local SST + coordinated control,0.9526255270047593
Local SST + coordinated control,0.43895432060363504
Local SST + coordinated control,0.6813858587858046
Local SST + coordinated control,1.2227995345758145
Local SST + coordinated control,0.6865293941265057
Local SST + coordinated control,0.5882488239419472
Local SST + coordinated control,0.5536360977057166
Local SST + coordinated control,0.9463798042159762
Local SST + coordinated control,0.6659456456524551
Local SST + coordinated control,0.8252098350059255
Local SST + coordinated control,0.42275054883558255
Local SST + coordinated control,0.5487332958438211
Local SST + coordinated control,0.5423846628378727
Local SST + coordinated control,0.7020558183726107
Local SST + coordinated control,0.37880958681396143
Local SST + coordinated control,0.6973079112135945
Local SST + coordinated control,0.9968197874583873
Local SST + coordinated control,0.642561114574158
Local SST + coordinated control,0.49456860516797774
Local SST + coordinated control,0.36188055689089543
Local SST + coordinated control,0.5819370715501636
Local SST + coordinated control,0.49834366164622623
Local SST + coordinated control,0.796807725486305
Local SST + coordinated control,0.5173529660261463
Local SST + coordinated control,0.5654418904246531
Local SST + coordinated control,1.0307754208680155
Local SST + coordinated control,0.5699902890491773
Local SST + coordinated control,0.29016173905193626
Local SST + coordinated control,0.9078857500370912
Local SST + coordinated control,0.884991302464423
Local SST + coordinated control,0.7502783479658621
Local SST + coordinated control,0.5008210392407502
Local SST + coordinated control,1.1808132056350311
Local SST + coordinated control,0.38188532020230115
Local SST + coordinated control,0.5628016449159676
Local SST + coordinated control,1.0462559766824269
Local SST + coordinated control,1.1640639965331911
Local SST + coordinated control,0.45203743422628007
Local SST + coordinated control,0.3890267216116253
Local SST + coordinated control,0.7789272311408346
Local SST + coordinated control,0.6778728157398556
Local SST + coordinated control,0.7068072657798573
Local SST + coordinated control,0.478133171785259
Local SST + coordinated control,0.7936221962458295
Local SST + coordinated control,0.4613438343652348
Local SST + coordinated control,0.6488395196223825
Local SST + coordinated control,0.5042919632041364
Local SST + coordinated control,0.6259430218003283
Local SST + coordinated control,0.34122427056782006
Local SST + coordinated control,0.9549296884316264
Local SST + coordinated control,0.3719177372353434
Local SST + coordinated control,1.0795123509536293
Local SST + coordinated control,0.6877353306084883
Local SST + coordinated control,0.9617296453838563
Local SST + coordinated control,0.7670342753365229
Local SST + coordinated control,0.4429492744395935
Local SST + coordinated control,0.501318197896011
Local SST + coordinated control,0.6503313912774971
Local SST + coordinated control,0.6146684969402195
Local SST + coordinated control,0.7055939211967903
Local SST + coordinated control,0.7373679866371469
Local SST + coordinated control,0.43743259191884604
Local SST + coordinated control,0.41897735869186353
Local SST + coordinated control,0.6905318705819665
Local SST + coordinated control,0.296831123463541
Local SST + coordinated control,0.49594097617992033
Local SST + coordinated control,0.6575447467519698
Local SST + coordinated control,0.5591842418722378
Local SST + coordinated control,0.50856288342496
Local SST + coordinated control,0.4029586001732962
Local SST + coordinated control,0.415466969881597
Local SST + coordinated control,0.49209086236183636
Local SST + coordinated control,0.5440000176125458
Local SST + coordinated control,0.5242096237574088
Local SST + coordinated control,0.38927985595660075
Local SST + coordinated control,0.5206364769107561
Local SST + coordinated control,0.5086840589316685
Local SST + coordinated control,0.5800143660286909
Local SST + coordinated control,0.5813125464027444
Local SST + coordinated control,0.419577207891745
Local SST + coordinated control,1.003861792394064
Local SST + coordinated control,0.4501309439964593
Local SST + coordinated control,0.6585446323508467
Local SST + coordinated control,0.8654425038979466
Local SST + coordinated control,0.9764780072780496
Local SST + coordinated control,0.45468691684904566
Local SST + coordinated control,0.5979433296324674
Local SST + coordinated control,0.6729251604303205
Local SST + coordinated control,0.6073038471163023
Local SST + coordinated control,0.6842871303468545
Local SST + coordinated control,0.39761142995635734
Local SST + coordinated control,0.9784993647387247
Local SST + coordinated control,0.5338550471543874
Local SST + coordinated control,0.4886940343029653
Local SST + coordinated control,0.7844379714830455
Local SST + coordinated control,0.36528018107545296
Local SST + coordinated control,0.5068985829531948
Local SST + coordinated control,0.5375368839212384
Local SST + coordinated control,0.29299619585353154
Local SST + coordinated control,0.9785344560321599
Local SST + coordinated control,0.9386009257752251
Local SST + coordinated control,0.51960151216768
Local SST + coordinated control,0.9958943686990939
Local SST + coordinated control,0.5343537467337416
Local SST + coordinated control,0.8011516171107955
Local SST + coordinated control,0.5925621646638963
Local SST + coordinated control,0.9644757935451974
Local SST + coordinated control,0.29766775862640715
Local SST + coordinated control,0.6691477249421326
Local SST + coordinated control,0.5704386964148755
Local SST + coordinated control,0.4823180811073655
Local SST + coordinated control,0.4393820136398386
Local SST + coordinated control,0.8137065513301566
Local SST + coordinated control,1.1460559923983802
Local SST + coordinated control,0.5025651090927526
Local SST + coordinated control,0.5609645839172682
Local SST + coordinated control,0.8628725785661164
Local SST + coordinated control,0.852283115239221
Local SST + coordinated control,0.3662400138966968
Local SST + coordinated control,1.402003989343587
Local SST + coordinated control,0.7852065612727129
Local SST + coordinated control,0.5590219159995187
Local SST + coordinated control,0.6824151025915102
Local SST + coordinated control,0.4471785486526806
Local SST + coordinated control,0.5995646895612035
Local SST + coordinated control,0.6966783751140898
Local SST + coordinated control,0.5137554581658148
Local SST + coordinated control,1.2016667410973385
Local SST + coordinated control,0.8179008132152839
Local SST + coordinated control,1.17559636142296
Local SST + coordinated control,1.0714665843543714
Local SST + coordinated control,0.6238178872510137
Local SST + coordinated control,0.4216495352777851
Local SST + coordinated control,0.8790156407674603
Local SST + coordinated control,0.5664848214305529
Local SST + coordinated control,0.6754798780598062
Local SST + coordinated control,0.3953514142415141
Local SST + coordinated control,0.35608658080166417
Local SST + coordinated control,0.6300884422648297
Local SST + coordinated control,1.3752566088017912
Local SST + coordinated control,0.6235703484178117
Local SST + coordinated control,0.45566087251222026
Local SST + coordinated control,0.7621300132814138
Local SST + coordinated control,0.37051160423542195
Local SST + coordinated control,0.4672164238766746
Local SST + coordinated control,0.44657230377986623
Local SST + coordinated control,1.2793618624267464
Local SST + coordinated control,1.2023767156386098
Local SST + coordinated control,1.4250235516177865
Local SST + coordinated control,0.4333490321523185
Local SST + coordinated control,0.2911125303446262
Local SST + coordinated control,0.8067566462435899
Local SST + coordinated control,0.8147286212482358
Local SST + coordinated control,0.3224882770378652
Local SST + coordinated control,0.5607325219123535
Local SST + coordinated control,0.460810833604849
Local SST + coordinated control,0.5609594090078235
Local SST + coordinated control,0.6352461595056512
Local SST + coordinated control,0.5968542519689475
Local SST + coordinated control,0.3854009649763361
Local SST + coordinated control,0.5518758216926788
Local SST + coordinated control,0.530164591325921
Local SST + coordinated control,0.8821618383928486
Local SST + coordinated control,1.0791960176442301
Local SST + coordinated control,0.5196750677806059
Local SST + coordinated control,0.448317466866015
Local SST + coordinated control,0.5449874878929991
Local SST + coordinated control,0.7971010974743841
Local SST + coordinated control,0.6353625858511934
Local SST + coordinated control,0.5101127359884693
Local SST + coordinated control,0.6425839556710649
Local SST + coordinated control,0.4794778650447075
Local SST + coordinated control,0.773930312774056
Local SST + coordinated control,0.34038633757950193
Local SST + coordinated control,0.9569825865229317
Local SST + coordinated control,0.6490498793828957
Local SST + coordinated control,0.7764333903131622
Local SST + coordinated control,0.46369441315202997
Local SST + coordinated control,0.42590141274799487
Local SST + coordinated control,0.541923132281898
Local SST + coordinated control,0.378651863462078
Local SST + coordinated control,0.8101815132886224
Local SST + coordinated control,0.4860125769920658
Local SST + coordinated control,0.539345495124574
Local SST + coordinated control,1.3112620072029668
Local SST + coordinated control,0.4984875893296954
Local SST + coordinated control,0.6580033040833152
Local SST + coordinated control,0.608585830234449
Local SST + coordinated control,0.22410513344185976
Local SST + coordinated control,0.5664337575659336
Local SST + coordinated control,0.4288521058256996
Local SST + coordinated control,0.42111214221299587
Local SST + coordinated control,0.9886419081381026
Local SST + coordinated control,0.44209704734619737
Local SST + coordinated control,0.9468621716083772
Local SST + coordinated control,0.5304209429969068
Local SST + coordinated control,0.43877138674776334
Local SST + coordinated control,0.4526372607795218
Local SST + coordinated control,0.6472715459837891
Local SST + coordinated control,0.8034449109674777
Local SST + coordinated control,0.4187908437509982
Local SST + coordinated control,0.6652065024252108
Local SST + coordinated control,0.5917622948634499
Local SST + coordinated control,0.4268508141719514
Local SST + coordinated control,1.2144047558158946
Local SST + coordinated control,0.4223059297116692
Local SST + coordinated control,0.6227852065733588
Local SST + coordinated control,0.5670064541534973
Local SST + coordinated control,0.8995212162857122
Local SST + coordinated control,0.642943120346217
Local SST + coordinated control,0.5529649925044562
Subtransmission DC backbone,0.5167586430175966
Subtransmission DC backbone,0.3931706780317905
Subtransmission DC backbone,0.36365526851657476
Subtransmission DC backbone,0.6484687343511489
Subtransmission DC backbone,0.4650730324207885
Subtransmission DC backbone,0.3197196009630139
Subtransmission DC backbone,0.44138695083507445
Subtransmission DC backbone,0.4390053056959756
Subtransmission DC backbone,0.3215667546321608
Subtransmission DC backbone,0.4600157383588944
Subtransmission DC backbone,0.6400038942594019
Subtransmission DC backbone,0.5768127702124969
Subtransmission DC backbone,0.7885111982343229
Subtransmission DC backbone,0.6441864822950202
Subtransmission DC backbone,0.5274833196453619
Subtransmission DC backbone,0.45688103816976033
Subtransmission DC backbone,0.3659898228516014
Subtransmission DC backbone,0.44052468180983945
Subtransmission DC backbone,0.5428316307231336
Subtransmission DC backbone,0.5680931602640014
Subtransmission DC backbone,0.30271626478466185
Subtransmission DC backbone,0.4681708754608457
Subtransmission DC backbone,0.25639022203657774
Subtransmission DC backbone,0.5644195585421015
Subtransmission DC backbone,0.4812616358882427
Subtransmission DC backbone,0.5435168350697314
Subtransmission DC backbone,0.3463310983177013
Subtransmission DC backbone,0.5082136324083677
Subtransmission DC backbone,0.4062410343828852
Subtransmission DC backbone,0.4647254252005763
Subtransmission DC backbone,0.4730760028444902
Subtransmission DC backbone,0.44713839255010385
Subtransmission DC backbone,0.4562444480118874
Subtransmission DC backbone,0.5718899664272222
Subtransmission DC backbone,0.4246629071179344
Subtransmission DC backbone,0.5071413244947379
Subtransmission DC backbone,0.3847481594718034
Subtransmission DC backbone,0.5811348723713731
Subtransmission DC backbone,0.33102014713244887
Subtransmission DC backbone,0.3765793335904883
Subtransmission DC backbone,0.5607029238953603
Subtransmission DC backbone,0.4782497634364613
Subtransmission DC backbone,0.4389035440728796
Subtransmission DC backbone,0.65697342172099
Subtransmission DC backbone,0.3784998263828499
Subtransmission DC backbone,0.4787930393631853
Subtransmission DC backbone,0.3158693531817548
Subtransmission DC backbone,0.752437008782571
Subtransmission DC backbone,0.7403967069077111
Subtransmission DC backbone,0.5008490307273755
Subtransmission DC backbone,0.670333556995212
Subtransmission DC backbone,0.4152431425137714
Subtransmission DC backbone,0.696211360179647
Subtransmission DC backbone,0.5912717085775772
Subtransmission DC backbone,0.397525171954126
Subtransmission DC backbone,0.5527135537190044
Subtransmission DC backbone,0.8152166143615759
Subtransmission DC backbone,0.4707507793476066
Subtransmission DC backbone,0.6278260278672692
Subtransmission DC backbone,0.6300848137377261
Subtransmission DC backbone,0.5823853681641532
Subtransmission DC backbone,0.41074176529603773
Subtransmission DC backbone,0.5713528019690989
Subtransmission DC backbone,0.3011852397365937
Subtransmission DC backbone,0.9873031480465987
Subtransmission DC backbone,0.5557493207612055
Subtransmission DC backbone,0.7360219626504695
Subtransmission DC backbone,0.7512724940773817
Subtransmission DC backbone,0.7259825099033178
Subtransmission DC backbone,0.5927049532581901
Subtransmission DC backbone,0.5756779735962788
Subtransmission DC backbone,0.550590686044565
Subtransmission DC backbone,0.7728218327078821
Subtransmission DC backbone,0.43904225401849845
Subtransmission DC backbone,0.4681172554455131
Subtransmission DC backbone,0.45670997927832924
Subtransmission DC backbone,0.7815602274438291
Subtransmission DC backbone,0.43208138085866976
Subtransmission DC backbone,0.32705950625567975
Subtransmission DC backbone,0.36346266290717333
Subtransmission DC backbone,0.35296791964731944
Subtransmission DC backbone,0.8847870569899902
Subtransmission DC backbone,0.5507767307016556
Subtransmission DC backbone,0.6969795736489168
Subtransmission DC backbone,0.44698401010154604
Subtransmission DC backbone,0.40303681354489107
Subtransmission DC backbone,0.557167577542267
Subtransmission DC backbone,0.46620850500934047
Subtransmission DC backbone,0.256082520340235
Subtransmission DC backbone,0.5563411480756313
Subtransmission DC backbone,0.4269101676616255
Subtransmission DC backbone,0.6415368862888028
Subtransmission DC backbone,0.4091885530478964
Subtransmission DC backbone,0.548494227796225
Subtransmission DC backbone,0.7149070579453132
Subtransmission DC backbone,0.4129391279041667
Subtransmission DC backbone,0.5050023777076142
Subtransmission DC backbone,0.5275403380176124
Subtransmission DC backbone,0.8350245865836027
Subtransmission DC backbone,0.7355091206771889
Subtransmission DC backbone,0.5421054437482158
Subtransmission DC backbone,0.4507689970138184
Subtransmission DC backbone,0.5686602758856916
Subtransmission DC backbone,0.4877687821428475
Subtransmission DC backbone,0.398297530276646
Subtransmission DC backbone,0.7116773629310962
Subtransmission DC backbone,0.42156016029682747
Subtransmission DC backbone,0.3949762656257508
Subtransmission DC backbone,0.611392887338399
Subtransmission DC backbone,0.6953312103151743
Subtransmission DC backbone,0.3946424902585845
Subtransmission DC backbone,0.6032742684330605
Subtransmission DC backbone,0.4979602177745734
Subtransmission DC backbone,0.51528637993603
Subtransmission DC backbone,1.0141025693464678
Subtransmission DC backbone,1.0167031870904106
Subtransmission DC backbone,0.4233931861590837
Subtransmission DC backbone,0.7847670019175615
Subtransmission DC backbone,0.6023626330441044
Subtransmission DC backbone,0.38986760845335555
Subtransmission DC backbone,0.6514129085378938
Subtransmission DC backbone,0.452639294845536
Subtransmission DC backbone,0.6842540642154956
Subtransmission DC backbone,0.4868997744452958
Subtransmission DC backbone,0.4743110354600494
Subtransmission DC backbone,0.5137223480868539
Subtransmission DC backbone,0.6404562903963935
Subtransmission DC backbone,0.5884412479819875
Subtransmission DC backbone,0.3108857769936431
Subtransmission DC backbone,0.6347448536611863
Subtransmission DC backbone,0.47346098752974125
Subtransmission DC backbone,0.41479741593591696
Subtransmission DC backbone,0.9246974830553062
Subtransmission DC backbone,0.36457869828004624
Subtransmission DC backbone,0.3786102034925667
Subtransmission DC backbone,0.3796723482220317
Subtransmission DC backbone,0.48696768671635254
Subtransmission DC backbone,0.6004891332025868
Subtransmission DC backbone,0.7333437194245449
Subtransmission DC backbone,0.27913758355291357
Subtransmission DC backbone,0.4561668245042213
Subtransmission DC backbone,0.6766584344074692
Subtransmission DC backbone,0.5383625086886906
Subtransmission DC backbone,0.5100245869418515
Subtransmission DC backbone,0.35179296572216606
Subtransmission DC backbone,0.4619888372899775
Subtransmission DC backbone,0.5908105032377885
Subtransmission DC backbone,0.5889057833561346
Subtransmission DC backbone,0.4184311965094431
Subtransmission DC backbone,0.6233741988824579
Subtransmission DC backbone,0.44059428447746635
Subtransmission DC backbone,0.6473349148689134
Subtransmission DC backbone,0.29629907899633295
Subtransmission DC backbone,0.5264444721563261
Subtransmission DC backbone,0.392153072558686
Subtransmission DC backbone,0.5288585449183305
Subtransmission DC backbone,0.38303050027842467
Subtransmission DC backbone,0.5718562446977288
Subtransmission DC backbone,0.635179230726117
Subtransmission DC backbone,0.6768284235011001
Subtransmission DC backbone,0.42900921482202736
Subtransmission DC backbone,0.32825091348528784
Subtransmission DC backbone,0.7812287614298439
Subtransmission DC backbone,0.568142822221754
Subtransmission DC backbone,0.568669462545291
Subtransmission DC backbone,0.43124783733098887
Subtransmission DC backbone,0.5224707683973226
Subtransmission DC backbone,0.7566702172226843
Subtransmission DC backbone,0.5501629900596084
Subtransmission DC backbone,0.36873733292440525
Subtransmission DC backbone,0.576196347178787
Subtransmission DC backbone,0.5046862641807577
Subtransmission DC backbone,0.6857999336413861
Subtransmission DC backbone,0.6101233737118226
Subtransmission DC backbone,0.5825412619752385
Subtransmission DC backbone,0.3717719634437333
Subtransmission DC backbone,0.3901819943549356
Subtransmission DC backbone,0.6595685157401638
Subtransmission DC backbone,0.5560929841804494
Subtransmission DC backbone,0.37124033122920913
Subtransmission DC backbone,0.5564838994286815
Subtransmission DC backbone,0.5491363165747333
Subtransmission DC backbone,0.4639540541120456
Subtransmission DC backbone,0.5292711779294065
Subtransmission DC backbone,0.6244071310379716
Subtransmission DC backbone,0.444683973523785
Subtransmission DC backbone,0.5578585819969049
Subtransmission DC backbone,0.4280694414424098
Subtransmission DC backbone,0.48140520447444
Subtransmission DC backbone,0.48689579230535635
Subtransmission DC backbone,0.45483572179583454
Subtransmission DC backbone,0.7036569607966857
Subtransmission DC backbone,0.7909036691201358
Subtransmission DC backbone,0.6219483572460106
Subtransmission DC backbone,0.5578455461985113
Subtransmission DC backbone,0.5542687919295946
Subtransmission DC backbone,0.6717403978199046
Subtransmission DC backbone,0.5349547557655392
Subtransmission DC backbone,0.23847253805614743
Subtransmission DC backbone,0.6702694232403554
Subtransmission DC backbone,0.6159991602468473
Subtransmission DC backbone,0.7171533193392008
Subtransmission DC backbone,0.3452386248313695
Subtransmission DC backbone,0.3563746096883311
Subtransmission DC backbone,0.3237188691635927
Subtransmission DC backbone,0.650658392868478
Subtransmission DC backbone,0.47098360187335164
Subtransmission DC backbone,0.6784975390583028
Subtransmission DC backbone,0.4026417680011079
Subtransmission DC backbone,0.5874307360284405
Subtransmission DC backbone,0.4040569373830876
Subtransmission DC backbone,0.47772336950491834
Subtransmission DC backbone,0.5747413704541505
Subtransmission DC backbone,0.41819052121550365
Subtransmission DC backbone,0.46837529175663734
Subtransmission DC backbone,0.6882096648913877
Subtransmission DC backbone,0.5677091130457029
Subtransmission DC backbone,0.33710288010450634
Subtransmission DC backbone,0.300018700137744
Subtransmission DC backbone,0.402294043024586
Subtransmission DC backbone,0.6291727625841426
Subtransmission DC backbone,0.40284032785121987
Subtransmission DC backbone,0.3486957423518636
Subtransmission DC backbone,0.6355823671812343
Subtransmission DC backbone,0.252645269179417
Subtransmission DC backbone,0.568632227290066
Subtransmission DC backbone,0.36919751087527214
Subtransmission DC backbone,0.5302239191363978
Subtransmission DC backbone,0.5440388708754919
Subtransmission DC backbone,0.4624081157427658
Subtransmission DC backbone,0.30055371489210947
Subtransmission DC backbone,0.35391236872255566
Subtransmission DC backbone,0.4860782362035016
Subtransmission DC backbone,0.32146510728533345
Subtransmission DC backbone,0.783724111298693
Subtransmission DC backbone,0.4977178910824224
Subtransmission DC backbone,0.4673896790054545
Subtransmission DC backbone,0.5610304286220832
Subtransmission DC backbone,0.489361654714461
Subtransmission DC backbone,0.6795596926821242
Subtransmission DC backbone,0.5400807542309858
Subtransmission DC backbone,0.46042696324925314
Subtransmission DC backbone,0.49493149409215115
Subtransmission DC backbone,0.6362051777097955
Subtransmission DC backbone,0.34167027708440234
Subtransmission DC backbone,0.6995793147206155
Subtransmission DC backbone,0.9372450532672388
Subtransmission DC backbone,0.3467163746290542
Subtransmission DC backbone,0.6339881925870655
Subtransmission DC backbone,0.3072660556572743
Subtransmission DC backbone,0.6452121613174219
Subtransmission DC backbone,0.4197919943921509
Subtransmission DC backbone,0.725961243121117
Subtransmission DC backbone,0.5625394525643285
Subtransmission DC backbone,0.3407717766755572
Subtransmission DC backbone,0.44123213333928063
Subtransmission DC backbone,0.598302572167825
Subtransmission DC backbone,0.6498547777226642
Subtransmission DC backbone,0.5207947626521481
Subtransmission DC backbone,0.4087952052294393
Subtransmission DC backbone,0.46602056965983496
Subtransmission DC backbone,0.47539517475674203
Subtransmission DC backbone,0.3777218970888444
Subtransmission DC backbone,0.7440395849404904
Subtransmission DC backbone,0.7336321053606195
Subtransmission DC backbone,0.4989280261667202
Subtransmission DC backbone,0.4515784902541666
Subtransmission DC backbone,0.6970384394141692
Subtransmission DC backbone,0.5124162326782408
Subtransmission DC backbone,0.4627081400470808
Subtransmission DC backbone,0.46420570934414573
Subtransmission DC backbone,0.5005317294796132
Subtransmission DC backbone,0.4131003649922567
Subtransmission DC backbone,0.5347658565435903
Subtransmission DC backbone,0.4914850380391741
Subtransmission DC backbone,0.29586477659563115
Subtransmission DC backbone,0.5739157603287764
Subtransmission DC backbone,0.3100424335680258
Subtransmission DC backbone,0.4154077590260968
Subtransmission DC backbone,0.5557326320584347
Subtransmission DC backbone,0.33489197871453413
Subtransmission DC backbone,0.44356023223296953
Subtransmission DC backbone,0.6114703798298621
Subtransmission DC backbone,0.6110941912199368
Subtransmission DC backbone,0.3935919657997342
Subtransmission DC backbone,0.43904314078802925
Subtransmission DC backbone,0.33453326524190086
Subtransmission DC backbone,0.5326430228146517
Subtransmission DC backbone,0.44251847811948347
Subtransmission DC backbone,0.633557856873345
Subtransmission DC backbone,0.4097057534300309
Subtransmission DC backbone,0.30282452595942655
Subtransmission DC backbone,0.4285981247773996
Subtransmission DC backbone,0.7833309172825431
Subtransmission DC backbone,0.3386096167766467
Subtransmission DC backbone,0.3423444975570349
Subtransmission DC backbone,0.46152479068370755
Subtransmission DC backbone,0.47102550228899387
Subtransmission DC backbone,0.47912096218845995
Subtransmission DC backbone,0.5688990344923587
Subtransmission DC backbone,0.47476241210497394
Subtransmission DC backbone,0.5946462795531456
Subtransmission DC backbone,0.8246457990370131
Subtransmission DC backbone,0.81169008799687
Subtransmission DC backbone,0.5046272215558343
Subtransmission DC backbone,0.49694376228906584
Subtransmission DC backbone,0.4461271774346679
Subtransmission DC backbone,0.4534517753641833
Subtransmission DC backbone,0.32655336898077847
Subtransmission DC backbone,0.4016075032315341
Subtransmission DC backbone,0.6254120964757662
Subtransmission DC backbone,0.5730325075991612
Subtransmission DC backbone,0.37380497801502766
Subtransmission DC backbone,0.6279227056812726
Subtransmission DC backbone,0.6489665253602684
Subtransmission DC backbone,0.5693904610210094
Subtransmission DC backbone,0.5054109078261336
Subtransmission DC backbone,0.7065734132222375
Subtransmission DC backbone,0.4928063030528205
Subtransmission DC backbone,0.3836002596748066
Subtransmission DC backbone,0.57082343850893
Subtransmission DC backbone,0.38137578709024705
Subtransmission DC backbone,0.3873301293797612
Subtransmission DC backbone,0.8114271441171068
Subtransmission DC backbone,0.9673231752257265
Subtransmission DC backbone,0.7158223351233441
Subtransmission DC backbone,0.3305447380585699
Subtransmission DC backbone,0.48846903316644164
Subtransmission DC backbone,0.33498372392456205
Subtransmission DC backbone,0.42792958384282115
Subtransmission DC backbone,0.575711943771727
Subtransmission DC backbone,0.4316349725873601
Subtransmission DC backbone,0.7692213673863038
Subtransmission DC backbone,0.4521078758705651
Subtransmission DC backbone,0.8613350026393807
Subtransmission DC backbone,0.3570639306276764
Subtransmission DC backbone,0.3273584687015605
Subtransmission DC backbone,0.5331294492020751
Subtransmission DC backbone,0.4438233956978526
Subtransmission DC backbone,0.4598852340475221
Subtransmission DC backbone,0.31331690294222364
Subtransmission DC backbone,0.5381442001349941
Subtransmission DC backbone,0.4765612282659843
Subtransmission DC backbone,0.3095730707646963
Subtransmission DC backbone,0.4314379676451673
Subtransmission DC backbone,0.46327007028346406
Subtransmission DC backbone,0.3294667368838647
Subtransmission DC backbone,0.44454395803065355
Subtransmission DC backbone,0.389966613573332
Subtransmission DC backbone,0.4338408032593418
Subtransmission DC backbone,0.28398763521737297
Subtransmission DC backbone,0.392547998925054
Subtransmission DC backbone,0.9507093125187779
Subtransmission DC backbone,0.43064842700171485
Subtransmission DC backbone,0.593492164709876
Subtransmission DC backbone,0.40213872574787524
Subtransmission DC backbone,0.49227852953600704
Subtransmission DC backbone,0.4305110826644263
Subtransmission DC backbone,0.3371651787045041
Subtransmission DC backbone,0.5167849862869182
Subtransmission DC backbone,0.36579653551811203
Subtransmission DC backbone,0.6371485368123557
Subtransmission DC backbone,0.7184781413039778
Subtransmission DC backbone,0.34315368259144746
Subtransmission DC backbone,0.7862842973323229
Subtransmission DC backbone,0.4914952302163768
Subtransmission DC backbone,0.5498733998534694
Subtransmission DC backbone,0.45649215795171133
Subtransmission DC backbone,0.5438743789547548
Subtransmission DC backbone,0.8194148473728267
Subtransmission DC backbone,0.6962417955584532
Subtransmission DC backbone,0.42981453811868175
Subtransmission DC backbone,0.5058214015032573
Subtransmission DC backbone,0.34113827934586627
Subtransmission DC backbone,0.7310654941187397
Subtransmission DC backbone,0.5923896512161094
Subtransmission DC backbone,0.49801859934733295
Subtransmission DC backbone,0.4424890575057768
Subtransmission DC backbone,0.40804724242742474
Subtransmission DC backbone,0.34437377275177034
Subtransmission DC backbone,0.42797609537819925
Subtransmission DC backbone,0.4757183997905668
Subtransmission DC backbone,0.5479089227925449
Subtransmission DC backbone,0.4349080432263768
Subtransmission DC backbone,0.45703199026345415
Subtransmission DC backbone,0.4105069085085818
Subtransmission DC backbone,0.5084955168622054
Subtransmission DC backbone,0.3915656442236418
Subtransmission DC backbone,0.4036091646709613
Subtransmission DC backbone,0.8301589447537545
Subtransmission DC backbone,0.42013118599189453
Subtransmission DC backbone,0.34599594743657014
Subtransmission DC backbone,0.3525938169741441
Subtransmission DC backbone,0.6627201982214057
Subtransmission DC backbone,0.3480600423502781
Subtransmission DC backbone,0.37269693401511494
Subtransmission DC backbone,0.5634286488644629
Subtransmission DC backbone,0.3486889254769752
Subtransmission DC backbone,0.39383998506779594
Subtransmission DC backbone,0.42468751782488795
Subtransmission DC backbone,0.5942525041468733
Subtransmission DC backbone,0.34896870974515687
Subtransmission DC backbone,0.4146506513645951
Subtransmission DC backbone,0.5087290588310783
Subtransmission DC backbone,0.48824596308293644
Subtransmission DC backbone,0.3903212199336101
Subtransmission DC backbone,0.5443042960688996
Subtransmission DC backbone,0.627939262519146
Subtransmission DC backbone,0.5897033969717694
Subtransmission DC backbone,0.48737270083198964
Subtransmission DC backbone,0.39236526018366863
Subtransmission DC backbone,0.5994731831306339
Subtransmission DC backbone,0.45221651962760506
Subtransmission DC backbone,0.31414006536275546
Subtransmission DC backbone,0.6537134411046884
Subtransmission DC backbone,0.5194668026554388
Subtransmission DC backbone,0.6587501013270214
Subtransmission DC backbone,0.32585540683131503
Subtransmission DC backbone,0.6644302427014483
Subtransmission DC backbone,0.5760427753965084
Subtransmission DC backbone,0.545812034191044
Subtransmission DC backbone,0.3913383597244315
Subtransmission DC backbone,0.6642364696560044
Subtransmission DC backbone,0.43705264340757455
Subtransmission DC backbone,0.36484011471818284
Subtransmission DC backbone,0.7063483237640533
Subtransmission DC backbone,0.5677769804435351
Subtransmission DC backbone,0.2555672218235163
Subtransmission DC backbone,0.6007663142417619
Subtransmission DC backbone,0.892617855962491
Subtransmission DC backbone,0.44519246802842616
Subtransmission DC backbone,0.4766469485700022
Subtransmission DC backbone,0.6216164007473489
Subtransmission DC backbone,0.6552862965018289
Subtransmission DC backbone,0.8139567441787142
Subtransmission DC backbone,0.4296933491265679
Subtransmission DC backbone,0.45507770641184764
Subtransmission DC backbone,0.752106466343087
Subtransmission DC backbone,0.34325837886633515
Subtransmission DC backbone,0.45755748059546214
Subtransmission DC backbone,0.367530964635724
Subtransmission DC backbone,0.5678961711961953
Subtransmission DC backbone,0.4988487146263944
Subtransmission DC backbone,0.38522966687472276
Subtransmission DC backbone,0.48445555783371247
Subtransmission DC backbone,0.3654959459893502
Subtransmission DC backbone,0.3634897996615837
Subtransmission DC backbone,0.4459282610819083
Subtransmission DC backbone,0.6213781617166734
Subtransmission DC backbone,0.6449638662385312
Subtransmission DC backbone,0.3518401081572285
Subtransmission DC backbone,0.38291290387645965
Subtransmission DC backbone,0.4456502465477939
Subtransmission DC backbone,0.5248582580317745
Subtransmission DC backbone,0.46179342879094365
Subtransmission DC backbone,0.4030574485891076
Subtransmission DC backbone,0.7391377012783306
Subtransmission DC backbone,0.33892262616557384
Subtransmission DC backbone,0.3084098813706225
Subtransmission DC backbone,0.5376175046614953
Subtransmission DC backbone,0.38338778235774273
Subtransmission DC backbone,0.42432322394953165
Subtransmission DC backbone,0.7422301266864962
Subtransmission DC backbone,0.6148075219213349
Subtransmission DC backbone,0.4110399624838873
Subtransmission DC backbone,0.2998526264431508
Subtransmission DC backbone,0.4659101369260444
Subtransmission DC backbone,0.44255000082509127
Subtransmission DC backbone,0.5437417479259108
Subtransmission DC backbone,0.32545523538881976
Subtransmission DC backbone,0.36421546668540794
Subtransmission DC backbone,0.3287913572340601
Subtransmission DC backbone,0.41363986014739146
Subtransmission DC backbone,0.6001391016850093
Subtransmission DC backbone,0.49004554117606386
Subtransmission DC backbone,0.8153583850593683
Subtransmission DC backbone,0.44244546440927873
Subtransmission DC backbone,0.6394374889506533
Subtransmission DC backbone,0.5917665481182385
Subtransmission DC backbone,0.5696374033353535
Subtransmission DC backbone,0.46500786323435345
Subtransmission DC backbone,0.33776875742107065
Subtransmission DC backbone,0.6272022083456815
Subtransmission DC backbone,0.3909546911815806
Subtransmission DC backbone,0.3548948544479757
Subtransmission DC backbone,0.6680286879725554
Subtransmission DC backbone,0.5465884618087762
Subtransmission DC backbone,0.5020698623025228
Subtransmission DC backbone,0.44905861537566255
Subtransmission DC backbone,0.3225257364005473
Subtransmission DC backbone,0.5077558444355986
Subtransmission DC backbone,0.49235155153328225
Subtransmission DC backbone,0.3873843486125775
Subtransmission DC backbone,0.5543482313938797
Subtransmission DC backbone,0.6189401466466323
Subtransmission DC backbone,0.29149420133858667
Subtransmission DC backbone,0.5190899801054868
Subtransmission DC backbone,0.5129329315066334
Subtransmission DC backbone,0.6785812280426609
Subtransmission DC backbone,0.5436724616390282
Subtransmission DC backbone,0.49245629682507125
Subtransmission DC backbone,0.7967846481504293
Subtransmission DC backbone,0.5234976361373261
Subtransmission DC backbone,0.6012540038596558
Subtransmission DC backbone,0.6126521768508456
Subtransmission DC backbone,0.5883374359301633
Subtransmission DC backbone,0.8752844025782823
Subtransmission DC backbone,0.36826651040687597
Subtransmission DC backbone,0.5389813492902343
Subtransmission DC backbone,0.9339073170343819
Subtransmission DC backbone,0.4014345056873162
Subtransmission DC backbone,0.717823870044894
Subtransmission DC backbone,0.7127008879560545
Subtransmission DC backbone,0.7375963043110151
Subtransmission DC backbone,0.3050204802171882
Subtransmission DC backbone,0.43922370064670246
Subtransmission DC backbone,0.480659322557406
Subtransmission DC backbone,0.36581912602926897
Subtransmission DC backbone,0.6348099163941926
Subtransmission DC backbone,0.9993195275762677
Subtransmission DC backbone,0.8366854457609377
Subtransmission DC backbone,0.2866840990490563
Subtransmission DC backbone,0.34548286670512146
Subtransmission DC backbone,0.2803826663969026
Subtransmission DC backbone,0.40707025712353456
Subtransmission DC backbone,0.521128371880401
Subtransmission DC backbone,0.5368204780201139
Subtransmission DC backbone,0.6038058284065535
Subtransmission DC backbone,0.5761019022640717
Subtransmission DC backbone,0.5239323299857161
Subtransmission DC backbone,0.33365263588701044
Subtransmission DC backbone,0.6109928003798044
Subtransmission DC backbone,0.43730788004424076
Subtransmission DC backbone,0.6452200146765349
Subtransmission DC backbone,0.45633971486793246
Subtransmission DC backbone,0.6178347314544875
Subtransmission DC backbone,0.5325563784999204
Subtransmission DC backbone,0.4165248082511398
Subtransmission DC backbone,0.6648720224926824
Subtransmission DC backbone,0.4541800298252686
Subtransmission DC backbone,0.5296316028982272
Subtransmission DC backbone,0.6252308616084682
Subtransmission DC backbone,0.6846558242254124
Subtransmission DC backbone,0.5417218008589425
Subtransmission DC backbone,0.4943507927765633
Subtransmission DC backbone,0.5341999071906701
Subtransmission DC backbone,0.642701164668303
Subtransmission DC backbone,0.6854495566156872
Subtransmission DC backbone,0.42793184438620185
Subtransmission DC backbone,0.4155602788459148
Subtransmission DC backbone,0.5774853450107237
Subtransmission DC backbone,0.49111657392209446
Subtransmission DC backbone,0.35599168439010737
Subtransmission DC backbone,0.6298511522732726
Subtransmission DC backbone,0.5127192200613592
Subtransmission DC backbone,0.39747676466155685
Subtransmission DC backbone,0.3991895851758593
Subtransmission DC backbone,0.48735966550121024
Subtransmission DC backbone,0.2702935549619147
Subtransmission DC backbone,0.4314528686356319
Subtransmission DC backbone,0.5057994654400219
Subtransmission DC backbone,0.5388477208233002
Subtransmission DC backbone,0.622557522884844
Subtransmission DC backbone,0.37386297491877657
Subtransmission DC backbone,0.5291109556762115
Subtransmission DC backbone,0.4945329231605422
Subtransmission DC backbone,0.4863990689237506
Subtransmission DC backbone,0.4734973024024712
Subtransmission DC backbone,0.5704344128691271
Subtransmission DC backbone,1.047481904645848
Subtransmission DC backbone,0.38926413297801854
Subtransmission DC backbone,0.41195232921922575
Subtransmission DC backbone,0.8875579035747285
Subtransmission DC backbone,0.48394588939208105
Subtransmission DC backbone,0.6678400989978619
Subtransmission DC backbone,0.4978985450855414
Subtransmission DC backbone,0.7436619667453686
Subtransmission DC backbone,0.4477761385561231
Subtransmission DC backbone,0.402937303784175
Subtransmission DC backbone,0.6264550291158919
Subtransmission DC backbone,0.5392716574474585
Subtransmission DC backbone,0.3218396263552651
Subtransmission DC backbone,0.6960584579934923
Subtransmission DC backbone,0.4282732706101177
Subtransmission DC backbone,0.5770643370832811
Subtransmission DC backbone,0.47708448600267594
Subtransmission DC backbone,0.51465756114435
Subtransmission DC backbone,0.5662493266304531
Subtransmission DC backbone,0.35388491553531076
Subtransmission DC backbone,0.4436728257303104
Subtransmission DC backbone,0.48047932024540585
Subtransmission DC backbone,0.6139177504392326
Subtransmission DC backbone,0.6340162802387264
Subtransmission DC backbone,0.39404001284340484
Subtransmission DC backbone,0.48888894056703947
Subtransmission DC backbone,0.5508432368057811
Subtransmission DC backbone,0.48106562338142017
Subtransmission DC backbone,0.4659806888630781
Subtransmission DC backbone,0.5069994913566176
Subtransmission DC backbone,0.5379589700934142
Subtransmission DC backbone,0.39352831065931587
Subtransmission DC backbone,0.48693003801301216
Subtransmission DC backbone,0.6125219101909968
Subtransmission DC backbone,0.44336522299592296
Subtransmission DC backbone,0.42283177321316107
Subtransmission DC backbone,0.4576303689950292
Subtransmission DC backbone,0.5577068313104051
Subtransmission DC backbone,0.45664590472875394
Subtransmission DC backbone,0.9575033995451282
Subtransmission DC backbone,0.40174398283177504
Subtransmission DC backbone,0.4969271638088062
Subtransmission DC backbone,0.46556711795565114
Subtransmission DC backbone,0.5397481168367552
Subtransmission DC backbone,0.5309612078029556
Subtransmission DC backbone,0.4705100418418421
Subtransmission DC backbone,0.29707622076285206
Subtransmission DC backbone,0.6139273551596186
Subtransmission DC backbone,0.38762308935835194
Subtransmission DC backbone,0.3616915648166862
Subtransmission DC backbone,0.5153324903573895
Subtransmission DC backbone,0.397105318347761
Subtransmission DC backbone,0.3889056938197054
Subtransmission DC backbone,0.4919206094052495
Subtransmission DC backbone,0.5936052695066903
Subtransmission DC backbone,0.3858248187007383
Subtransmission DC backbone,0.4099185090735806
Subtransmission DC backbone,0.5057556943059698
Subtransmission DC backbone,0.3021722446886572
Subtransmission DC backbone,0.7037994278648525
Subtransmission DC backbone,0.5112841987496672
Subtransmission DC backbone,0.6223015592955742
Subtransmission DC backbone,0.4061145983260646
Subtransmission DC backbone,0.543214835134772
Subtransmission DC backbone,0.916793455646532
Subtransmission DC backbone,0.5937629675213048
Subtransmission DC backbone,0.3877221212143096
Subtransmission DC backbone,0.32057034122940375
Subtransmission DC backbone,0.5485134106541019
Subtransmission DC backbone,0.4236796881512609
Subtransmission DC backbone,0.5174981351061807
Subtransmission DC backbone,0.7078803915553014
Subtransmission DC backbone,0.6744612442646077
Subtransmission DC backbone,0.5833900797017304
Subtransmission DC backbone,0.31810123308049865
Subtransmission DC backbone,0.32535591410381104
Subtransmission DC backbone,0.662253678345345
Subtransmission DC backbone,0.6286914590581287
Subtransmission DC backbone,0.5784888714944567
Subtransmission DC backbone,0.36457443174875936
Subtransmission DC backbone,0.3420516673621999
Subtransmission DC backbone,0.5573254341408237
Subtransmission DC backbone,0.4392476261521164
Subtransmission DC backbone,0.4773561467459011
Subtransmission DC backbone,0.35146696321314047
Subtransmission DC backbone,0.38082286172366453
Subtransmission DC backbone,0.6276755370743875
Subtransmission DC backbone,0.6107612743513133
Subtransmission DC backbone,0.5139445245140056
Subtransmission DC backbone,0.6045104507132029
Subtransmission DC backbone,0.3481084629079731
Subtransmission DC backbone,0.8270357826256154
Subtransmission DC backbone,0.5406479993497562
Subtransmission DC backbone,0.40183644070336827
Subtransmission DC backbone,0.4744113556771742
Subtransmission DC backbone,0.33591426582377093
Subtransmission DC backbone,0.715493612707929
Subtransmission DC backbone,0.5230792402309727
Subtransmission DC backbone,0.4340263548369449
Subtransmission DC backbone,0.3763470276479416
Subtransmission DC backbone,0.5146611290211075
Subtransmission DC backbone,0.420691863232345
Subtransmission DC backbone,0.600314391354254
Subtransmission DC backbone,0.3013509196529495
Subtransmission DC backbone,0.6757971247122152
Subtransmission DC backbone,0.44346562569363374
Subtransmission DC backbone,0.6758478068426307
Subtransmission DC backbone,0.4581792483467934
Subtransmission DC backbone,0.42724109211018724
Subtransmission DC backbone,0.5011924846749746
Subtransmission DC backbone,0.5940413487221277
Subtransmission DC backbone,0.40399559713375843
Subtransmission DC backbone,0.3585788886456972
Subtransmission DC backbone,0.553260007437613
Subtransmission DC backbone,0.2729279752166451
Subtransmission DC backbone,0.35349918142456105
Subtransmission DC backbone,0.5591205591905475
Subtransmission DC backbone,0.49689879346077165
Subtransmission DC backbone,0.43231356454265785
Subtransmission DC backbone,0.3341171883461872
Subtransmission DC backbone,0.5067753795095489
Subtransmission DC backbone,0.4075762166110788
Subtransmission DC backbone,0.4194663470685529
Subtransmission DC backbone,0.5892859641235817
Subtransmission DC backbone,0.4471132995458303
Subtransmission DC backbone,0.6552634850313739
Subtransmission DC backbone,0.6733721172094492
Subtransmission DC backbone,0.2855571184888928
Subtransmission DC backbone,0.8248044014359868
Subtransmission DC backbone,0.3925751125722659
Subtransmission DC backbone,0.30142797655642506
Subtransmission DC backbone,0.4936095264187644
Subtransmission DC backbone,0.46664358887470686
Subtransmission DC backbone,0.6027600488616722
Subtransmission DC backbone,0.5037459657625815
Subtransmission DC backbone,0.44442692993882804
Subtransmission DC backbone,0.32148229016187363
Subtransmission DC backbone,0.4105166106404388
Subtransmission DC backbone,0.5050801673822725
Subtransmission DC backbone,0.39863245323918634
Subtransmission DC backbone,0.7078594543013345
Subtransmission DC backbone,0.6858765529409411
Subtransmission DC backbone,0.29371550376208144
Subtransmission DC backbone,0.42078801383775166
Subtransmission DC backbone,0.32586628207864604
Subtransmission DC backbone,0.3869509943395486
Subtransmission DC backbone,0.34038010304841726
Subtransmission DC backbone,0.37450514773249044
Subtransmission DC backbone,0.46314251993404
Subtransmission DC backbone,0.4819180904954107
Subtransmission DC backbone,0.40362872704073727
Subtransmission DC backbone,0.6074738434365856
Subtransmission DC backbone,0.45168792311579636
Subtransmission DC backbone,0.6825131559637924
Subtransmission DC backbone,0.5484881527507721
Subtransmission DC backbone,0.40375183216791527
Subtransmission DC backbone,0.5376823241761147
Subtransmission DC backbone,0.5712518211904918
Subtransmission DC backbone,0.5623685955053283
Subtransmission DC backbone,0.5052197948257001
Subtransmission DC backbone,0.41611457188266326
Subtransmission DC backbone,0.3566782438833901
Subtransmission DC backbone,0.5722271387213653
Subtransmission DC backbone,0.8244670192119845
Subtransmission DC backbone,0.459875992883055
Subtransmission DC backbone,0.47650321546018165
Subtransmission DC backbone,0.6430504207574446
Subtransmission DC backbone,0.2698711818104234
Subtransmission DC backbone,0.4546034591643475
Subtransmission DC backbone,0.570928184486865
Subtransmission DC backbone,0.6552072642348933
Subtransmission DC backbone,0.5001999634434902
Subtransmission DC backbone,0.4543147973404717
Subtransmission DC backbone,0.355164874903331
Subtransmission DC backbone,0.38258694478710265
Subtransmission DC backbone,0.3255380435381193
Subtransmission DC backbone,0.4612796374070544
Subtransmission DC backbone,0.3639193178677228
Subtransmission DC backbone,0.806335936822875
Subtransmission DC backbone,0.4580022810249875
Subtransmission DC backbone,0.3479456610999583
Subtransmission DC backbone,0.4384532086921973
Subtransmission DC backbone,0.43040505114390526
Subtransmission DC backbone,0.45622954700741186
Subtransmission DC backbone,0.563515458228128
Subtransmission DC backbone,0.6450977458127782
Subtransmission DC backbone,0.8024936162761079
Subtransmission DC backbone,0.424290529789784
Subtransmission DC backbone,0.5040705147887496
Subtransmission DC backbone,0.34671525414496895
Subtransmission DC backbone,0.74794241878371
Subtransmission DC backbone,0.5924367891380184
Subtransmission DC backbone,0.675115858262914
Subtransmission DC backbone,0.739788967098491
Subtransmission DC backbone,0.38048005613344654
Subtransmission DC backbone,0.34707971547000777
Subtransmission DC backbone,0.7437029143138798
Subtransmission DC backbone,0.4762120633445131
Subtransmission DC backbone,0.3480678412768308
Subtransmission DC backbone,0.7096924572076561
Subtransmission DC backbone,0.6832698488394666
Subtransmission DC backbone,0.42681499959259445
Subtransmission DC backbone,0.4867864491119159
Subtransmission DC backbone,0.32096006001984284
Subtransmission DC backbone,0.6770607774895343
Subtransmission DC backbone,0.5179011993874163
Subtransmission DC backbone,0.4358466832385334
Subtransmission DC backbone,0.5565620830859047
Subtransmission DC backbone,0.5248061791985639
Subtransmission DC backbone,0.34101543907439813
Subtransmission DC backbone,0.7430742892633345
Subtransmission DC backbone,0.5267879183185988
Subtransmission DC backbone,1.096526340526232
Subtransmission DC backbone,0.2654815879674254
Subtransmission DC backbone,0.7027929321956669
Subtransmission DC backbone,0.6124466314370322
Subtransmission DC backbone,0.36650444489804535
Subtransmission DC backbone,0.512814814773893
Subtransmission DC backbone,0.4458196877247838
Subtransmission DC backbone,0.579925041617939
Subtransmission DC backbone,0.6843007617509964
Subtransmission DC backbone,0.47910296043415007
Subtransmission DC backbone,0.6073335199375207
Subtransmission DC backbone,0.3536585986686394
Subtransmission DC backbone,0.5001766900532384
Subtransmission DC backbone,0.42858576434329915
Subtransmission DC backbone,0.49332063217655275
Subtransmission DC backbone,0.4180257743439999
Subtransmission DC backbone,0.3283740096527874
Subtransmission DC backbone,0.3560730606893969
Subtransmission DC backbone,0.4994170101865821
Subtransmission DC backbone,0.38370661437865544
Subtransmission DC backbone,0.5346858817100205
Subtransmission DC backbone,0.33879778425095725
Subtransmission DC backbone,0.496216133360409
Subtransmission DC backbone,0.6086857337055249
Subtransmission DC backbone,0.4584747139227614
Subtransmission DC backbone,0.35361713616875595
Subtransmission DC backbone,0.6521170743039464
Subtransmission DC backbone,0.36576093365885515
Subtransmission DC backbone,0.7358637151956585
Subtransmission DC backbone,0.6403032699441383
Subtransmission DC backbone,0.8042738347601639
Subtransmission DC backbone,0.45375994317741847
Subtransmission DC backbone,0.5635383394511599
Subtransmission DC backbone,0.5132228915139931
Subtransmission DC backbone,0.5166749449874013
Subtransmission DC backbone,0.48288751425129967
Subtransmission DC backbone,0.7884069216319513
Subtransmission DC backbone,0.5369222078812037
Subtransmission DC backbone,0.8270720434609131
Subtransmission DC backbone,0.5188072663283116
Subtransmission DC backbone,0.6124156250468233
Subtransmission DC backbone,0.6637427751965743
Subtransmission DC backbone,0.6349076476702508
Subtransmission DC backbone,0.3778181796830639
Subtransmission DC backbone,0.6517451028402397
Subtransmission DC backbone,0.432626599457224
Subtransmission DC backbone,0.725363527341228
Subtransmission DC backbone,0.36324888539648154
Subtransmission DC backbone,0.5150556199761493
Subtransmission DC backbone,0.6542061495757541
Subtransmission DC backbone,0.5518785547964309
Subtransmission DC backbone,0.4552426283027152
Subtransmission DC backbone,0.4638215449300906
Subtransmission DC backbone,0.5273752382497504
Subtransmission DC backbone,0.6063491342308878
Subtransmission DC backbone,0.5184345653461787
Subtransmission DC backbone,0.6767669035568087
Subtransmission DC backbone,0.7293578344308173
Subtransmission DC backbone,0.4324183608764065
Subtransmission DC backbone,0.38167676314841986
Subtransmission DC backbone,0.2889006081253659
Subtransmission DC backbone,0.6383056137512849
Subtransmission DC backbone,0.510429098134236
Subtransmission DC backbone,0.460873681458884
Subtransmission DC backbone,0.6971687001383342
Subtransmission DC backbone,0.5112078517952341
Subtransmission DC backbone,0.35037627761525386
Subtransmission DC backbone,0.6614386335688632
Subtransmission DC backbone,0.31306998963100724
Subtransmission DC backbone,0.5028397483068322
Subtransmission DC backbone,0.5379067954984705
Subtransmission DC backbone,0.5508594726083271
Subtransmission DC backbone,0.4586267084548182
Subtransmission DC backbone,0.5536658382882764
Subtransmission DC backbone,0.4428902453269515
Subtransmission DC backbone,0.4926729806268566
Subtransmission DC backbone,0.6687971525005157
Subtransmission DC backbone,0.4693193556004543
Subtransmission DC backbone,0.5090409812713806
Subtransmission DC backbone,0.7296395775307234
Subtransmission DC backbone,0.2895640016811218
Subtransmission DC backbone,0.5309003221209571
Subtransmission DC backbone,0.5442875523061056
Subtransmission DC backbone,0.3683123714069782
Subtransmission DC backbone,0.6360860212493257
Subtransmission DC backbone,0.7237584896900751
Subtransmission DC backbone,0.4212083846299921
Subtransmission DC backbone,0.361613489068132
Subtransmission DC backbone,0.39121847852857544
Subtransmission DC backbone,0.7052596227579391
Subtransmission DC backbone,0.700610097507584
Subtransmission DC backbone,0.47766829692205315
Subtransmission DC backbone,0.5246131226146026
Subtransmission DC backbone,0.5543288686825328
Subtransmission DC backbone,0.6872424203981312
Subtransmission DC backbone,0.45341974294029386
Subtransmission DC backbone,0.538445014625241
Subtransmission DC backbone,0.7516085979913595
Subtransmission DC backbone,0.5451853856430624
Subtransmission DC backbone,0.48971980964212675
Subtransmission DC backbone,0.579905702003321
Subtransmission DC backbone,0.43843398757933943
Subtransmission DC backbone,0.48730391552586755
Subtransmission DC backbone,0.4109059865751074
Subtransmission DC backbone,0.4824117117279534
Subtransmission DC backbone,0.6333236386382048
Subtransmission DC backbone,0.39748103599779927
Subtransmission DC backbone,0.4193763200657766
Subtransmission DC backbone,0.36359307457210416
Subtransmission DC backbone,0.47980872665697216
Subtransmission DC backbone,0.4066725067283479
Subtransmission DC backbone,0.7081534149744382
Subtransmission DC backbone,0.7708822241002274
Subtransmission DC backbone,0.5644013967388335
Subtransmission DC backbone,0.5350133916979897
Subtransmission DC backbone,0.40861612247405404
Subtransmission DC backbone,0.39710477026093005
Subtransmission DC backbone,0.36989925531895296
Subtransmission DC backbone,0.3587575537061225
Subtransmission DC backbone,0.48495016969140015
Subtransmission DC backbone,0.3181392485651028
Subtransmission DC backbone,0.7780521931246257
Subtransmission DC backbone,0.5905214315994214
Subtransmission DC backbone,0.5146404620134704
Subtransmission DC backbone,0.5739077951196251
Subtransmission DC backbone,0.5998743779916893
Subtransmission DC backbone,0.3564823064724135
Subtransmission DC backbone,0.40337469210134924
Subtransmission DC backbone,0.49163094872464724
Subtransmission DC backbone,0.5372337972696787
Subtransmission DC backbone,0.39147608978178317
Subtransmission DC backbone,0.4827094856941851
Subtransmission DC backbone,0.2916759213174174
Subtransmission DC backbone,0.38974695231859224
Subtransmission DC backbone,0.45244476118835714
Subtransmission DC backbone,0.3648045139106792
Subtransmission DC backbone,0.44060982907924073
Subtransmission DC backbone,0.5036586178286498
Subtransmission DC backbone,0.36119594764494073
Subtransmission DC backbone,0.7514941109073864
Subtransmission DC backbone,0.533759138228644
Subtransmission DC backbone,0.4141233320136442
Subtransmission DC backbone,0.2470412338951952
Subtransmission DC backbone,0.3861479206347043
Subtransmission DC backbone,0.4381488433639351
Subtransmission DC backbone,0.5530694456677406
Subtransmission DC backbone,0.4276065485887572
Subtransmission DC backbone,0.3886373852268479
Subtransmission DC backbone,0.5086264332116649
Subtransmission DC backbone,0.3831974175280368
Subtransmission DC backbone,0.42775675422196874
Subtransmission DC backbone,0.6086305617038519
Subtransmission DC backbone,0.3255952749677962
Subtransmission DC backbone,0.4391790201183598
Subtransmission DC backbone,0.4804377762315722
Subtransmission DC backbone,0.535321729196611
Subtransmission DC backbone,0.5267148619214083
Subtransmission DC backbone,0.554221078811364
Subtransmission DC backbone,0.42480860906290013
Subtransmission DC backbone,0.47109068416626815
Subtransmission DC backbone,0.5741397677813327
Subtransmission DC backbone,0.6225143332973678
Subtransmission DC backbone,0.537167703786915
Subtransmission DC backbone,0.34290723041319326
Subtransmission DC backbone,0.3898673850153335
Subtransmission DC backbone,0.44714486577838297
Subtransmission DC backbone,0.51367200141866
Subtransmission DC backbone,0.37551185261550263
Subtransmission DC backbone,0.5154914364237977
Subtransmission DC backbone,0.5405241319769044
Subtransmission DC backbone,0.3858091726100693
Subtransmission DC backbone,0.4621938999687755
Subtransmission DC backbone,0.5863800846900923
Subtransmission DC backbone,0.4577338062894134
Subtransmission DC backbone,0.2791019484327402
Subtransmission DC backbone,0.45030857734154284
Subtransmission DC backbone,0.5513270313704149
Subtransmission DC backbone,0.39062150436895976
Subtransmission DC backbone,0.4319719976209882
Subtransmission DC backbone,0.5819696398999189
Subtransmission DC backbone,0.6172437736045172
Subtransmission DC backbone,0.5810061091726438
Subtransmission DC backbone,0.2899290480410244
Subtransmission DC backbone,0.7208681052177568
Subtransmission DC backbone,0.5090070777788629
Subtransmission DC backbone,0.39482334077759823
Subtransmission DC backbone,0.48156944753696757
Subtransmission DC backbone,0.4474836763776047
Subtransmission DC backbone,0.384341221840357
Subtransmission DC backbone,0.3832641205102356
Subtransmission DC backbone,0.4489721437916279
Subtransmission DC backbone,0.4122829355264518
Subtransmission DC backbone,0.4315781262358132
Subtransmission DC backbone,0.6804688807607628
Subtransmission DC backbone,0.5655810315434948
Subtransmission DC backbone,0.4296788156352738
Subtransmission DC backbone,0.35584827170188627
Subtransmission DC backbone,0.5779176247022918
Subtransmission DC backbone,0.4596967603480647
Subtransmission DC backbone,0.31558196762699514
Subtransmission DC backbone,0.6307394493202398
Subtransmission DC backbone,0.5013813968034905
Subtransmission DC backbone,0.4834980171412142
Subtransmission DC backbone,0.38658920994257856
Subtransmission DC backbone,0.3777284229415973
Subtransmission DC backbone,0.41891052092941206
Subtransmission DC backbone,0.6377541698588965
Subtransmission DC backbone,0.4460055934976869
Subtransmission DC backbone,0.6102790910840444
Subtransmission DC backbone,0.42573339716713177
Subtransmission DC backbone,0.43979623166389903
Subtransmission DC backbone,0.7302193018064798
Subtransmission DC backbone,0.4337140778010086
Subtransmission DC backbone,0.4733491323375627
Subtransmission DC backbone,0.45018141862666006
Subtransmission DC backbone,0.6202399411115262
Subtransmission DC backbone,0.3468730501516098
Subtransmission DC backbone,0.5381633753021855
Subtransmission DC backbone,0.4831825419273847
Subtransmission DC backbone,0.4734983050685772
Subtransmission DC backbone,0.6785346447817473
Subtransmission DC backbone,0.546383655985263
Subtransmission DC backbone,0.30809587575170666
Subtransmission DC backbone,0.28774645501317886
Subtransmission DC backbone,0.48521736917404434
Subtransmission DC backbone,0.6684246185222812
Subtransmission DC backbone,0.8476945966813797
Subtransmission DC backbone,0.4889277355505351
Subtransmission DC backbone,0.48439010438965585
Subtransmission DC backbone,0.5661242131255093
Subtransmission DC backbone,0.30063720345655426
Subtransmission DC backbone,0.8092535752173438
Subtransmission DC backbone,0.44105352464375613
Subtransmission DC backbone,0.4956819904319929
Subtransmission DC backbone,0.4256455451887979
Subtransmission DC backbone,0.5465354129632217
Subtransmission DC backbone,0.4595213423594573
Subtransmission DC backbone,0.6194673747980628
Subtransmission DC backbone,0.38103383611462477
Subtransmission DC backbone,0.5533119207947129
Subtransmission DC backbone,0.37240977248279067
Subtransmission DC backbone,0.5240738016560834
Subtransmission DC backbone,0.5077086408505249
Subtransmission DC backbone,0.336114925728513
Subtransmission DC backbone,0.5601367013529435
Subtransmission DC backbone,0.32519683807446975
Subtransmission DC backbone,0.36340653255613053
Subtransmission DC backbone,0.38590950208300845
Subtransmission DC backbone,0.6913317469761734
Subtransmission DC backbone,0.5754115124528714
Subtransmission DC backbone,0.3876783390900301
Subtransmission DC backbone,0.3465601469124968
Subtransmission DC backbone,0.5956118566426842
Subtransmission DC backbone,0.7143686887389704
Subtransmission DC backbone,0.2811777444007507
Subtransmission DC backbone,0.5348610114271514
Subtransmission DC backbone,0.401308480578833
Subtransmission DC backbone,0.7740948449128161
Subtransmission DC backbone,0.36922058006532094
Subtransmission DC backbone,0.5622392720708372
Subtransmission DC backbone,0.4086300713510558
Subtransmission DC backbone,0.49778347619965385
Subtransmission DC backbone,0.6900084403107616
Subtransmission DC backbone,0.44756370044413535
Subtransmission DC backbone,0.363198176539133
Subtransmission DC backbone,0.29142763176830366
Subtransmission DC backbone,0.3922704706651993
Subtransmission DC backbone,0.2594199662115603
Subtransmission DC backbone,0.4849208863577453
Subtransmission DC backbone,0.31957811024291594
Subtransmission DC backbone,0.3145560876800079
Subtransmission DC backbone,0.4659204715799236
Subtransmission DC backbone,0.7219642373676779
Subtransmission DC backbone,0.45597528779031005
Subtransmission DC backbone,0.39477592463024236
Subtransmission DC backbone,0.44935269420207113
Subtransmission DC backbone,0.5019039928616668
Subtransmission DC backbone,0.30701962294346574
Subtransmission DC backbone,0.7260729456139586
Subtransmission DC backbone,0.45427594055989085
Subtransmission DC backbone,0.4383649888882185
Subtransmission DC backbone,0.4438266450893287
Subtransmission DC backbone,0.7271009636716597
Subtransmission DC backbone,0.5761026317430764
Subtransmission DC backbone,0.4818666385898107
Subtransmission DC backbone,0.5528944568906089
Subtransmission DC backbone,0.5636950245618803
Subtransmission DC backbone,0.6043806192986437
Subtransmission DC backbone,0.3231620059235549
Subtransmission DC backbone,0.4103701947054064
Subtransmission DC backbone,0.3185737994626949
Subtransmission DC backbone,0.8443038418659523
Subtransmission DC backbone,0.38857251080481076
Subtransmission DC backbone,0.3374946340602672
Subtransmission DC backbone,0.44300124252068795
Subtransmission DC backbone,0.4455420485699973
Subtransmission DC backbone,0.4571738966741679
Subtransmission DC backbone,0.4841107610582957
Subtransmission DC backbone,0.6020063344977491
Subtransmission DC backbone,0.8050016573847755
Subtransmission DC backbone,0.3973977239770751
Subtransmission DC backbone,0.5560169766765383
Subtransmission DC backbone,0.31582957362755726
Subtransmission DC backbone,0.4212647730268198
Subtransmission DC backbone,0.5530359292415682
Subtransmission DC backbone,0.5401700595903819
Subtransmission DC backbone,0.49300531071772047
Subtransmission DC backbone,0.6973814114383096
Subtransmission DC backbone,0.5605516597767811
Subtransmission DC backbone,0.550454700479635
Subtransmission DC backbone,0.6312706618616685
Subtransmission DC backbone,0.4550210091007077
Subtransmission DC backbone,0.6061940109051717
Subtransmission DC backbone,0.5716930857207386
Subtransmission DC backbone,0.4932064894265765
Subtransmission DC backbone,0.6757151749928065
Subtransmission DC backbone,0.47350348932746866
Subtransmission DC backbone,0.5924421115415289
Subtransmission DC backbone,0.6820237241239017
Subtransmission DC backbone,0.5620818017002834
Subtransmission DC backbone,0.6015551248252337
Subtransmission DC backbone,0.2894221290517327
Subtransmission DC backbone,0.37738835420384226
Subtransmission DC backbone,0.9844695692265687
Subtransmission DC backbone,0.4669364057684466
Subtransmission DC backbone,0.8999639606135579
Subtransmission DC backbone,0.6573372256714993
Subtransmission DC backbone,0.3838555156127471
Subtransmission DC backbone,0.4412903648678617
Subtransmission DC backbone,0.3298263406166896
Subtransmission DC backbone,0.5706115733786461
Subtransmission DC backbone,0.44117277445949166
Subtransmission DC backbone,0.5004078509002261
Subtransmission DC backbone,0.4311294951726072
Subtransmission DC backbone,0.5144515386232157
Subtransmission DC backbone,0.6830025713778463
Subtransmission DC backbone,0.5639291896403295
Subtransmission DC backbone,0.3456384498994105
Subtransmission DC backbone,0.6136807790186047
Subtransmission DC backbone,0.5887921050782747
Subtransmission DC backbone,0.5132307493659847
Subtransmission DC backbone,0.497590688267996
Subtransmission DC backbone,0.44429366696421707
Subtransmission DC backbone,0.3445346031416315
Subtransmission DC backbone,0.6535469912085545
Subtransmission DC backbone,0.4677603598485164
Subtransmission DC backbone,0.3546970988515744
Subtransmission DC backbone,0.3757435987879468
Subtransmission DC backbone,0.8529685159561071
Subtransmission DC backbone,0.5489094757334193
Subtransmission DC backbone,0.29433983690012966
Subtransmission DC backbone,0.7854701974713266
Subtransmission DC backbone,0.7452267810357773
Subtransmission DC backbone,0.5017336511321373
Subtransmission DC backbone,0.3502597650370901
Subtransmission DC backbone,0.5179153120813311
Subtransmission DC backbone,0.4205811738402992
Subtransmission DC backbone,0.3581271728395305
Subtransmission DC backbone,0.38053502634980263
Subtransmission DC backbone,0.35209453991591727
Subtransmission DC backbone,0.42379458115725743
Subtransmission DC backbone,0.7321979104248889
Subtransmission DC backbone,0.5804690102526702
Subtransmission DC backbone,0.7847820554844643
Subtransmission DC backbone,0.7098906574498729
Subtransmission DC backbone,0.9943197159885739
Subtransmission DC backbone,0.5467345637198933
Subtransmission DC backbone,0.9760990963408831
Subtransmission DC backbone,0.5633990827201232
Subtransmission DC backbone,0.519688081431319
Subtransmission DC backbone,0.5596817334346944
Subtransmission DC backbone,0.43491570866500384
Subtransmission DC backbone,0.3659039888249409
Subtransmission DC backbone,0.462269692356332
Subtransmission DC backbone,0.6154952339881986
Subtransmission DC backbone,0.4966718189653535
Subtransmission DC backbone,0.3531321199942555
Subtransmission DC backbone,0.39174990239640534
Subtransmission DC backbone,0.36322553235386096
Subtransmission DC backbone,0.8079244189613226
Subtransmission DC backbone,0.4201864455006207
Subtransmission DC backbone,0.31150527393899474
Subtransmission DC backbone,0.5518555027487321
Subtransmission DC backbone,0.4050888752569921
Subtransmission DC backbone,0.5673526058800272
Subtransmission DC backbone,0.5263401951939247
Subtransmission DC backbone,0.8913338231709385
Subtransmission DC backbone,0.54476419031691
Subtransmission DC backbone,0.6315275199310327
Subtransmission DC backbone,0.4609237628491063
Subtransmission DC backbone,0.5415316813292331
Subtransmission DC backbone,0.49411470726621703
Subtransmission DC backbone,0.42986814745716134
Subtransmission DC backbone,0.42455379436044416
Subtransmission DC backbone,0.705595181064217
Subtransmission DC backbone,0.7900498029858857
Subtransmission DC backbone,0.4717028868512836
Subtransmission DC backbone,0.6681801386113647
Subtransmission DC backbone,0.5331186382504125
Subtransmission DC backbone,0.4491426845951937
Subtransmission DC backbone,0.8540163600501569
Subtransmission DC backbone,0.501011068526476
Subtransmission DC backbone,0.5054613959859511
Subtransmission DC backbone,0.8225704541448509
Subtransmission DC backbone,0.4841506143864719
Subtransmission DC backbone,0.4199359687535286
Subtransmission DC backbone,0.5633714407232681
Subtransmission DC backbone,0.43362996393717607
Subtransmission DC backbone,0.6332225555651082
Subtransmission DC backbone,0.5003054645338407
Subtransmission DC backbone,0.4071270468948479
Subtransmission DC backbone,0.3686390573167839
Subtransmission DC backbone,0.4168685434127981
Subtransmission DC backbone,0.47204511588676595
Subtransmission DC backbone,0.6890968423620669
Subtransmission DC backbone,0.5902414851071529
Subtransmission DC backbone,0.7737412920064832
Subtransmission DC backbone,0.44228509375623004
Subtransmission DC backbone,0.43210248924262684
Subtransmission DC backbone,0.49669611991046725
Subtransmission DC backbone,0.6470006297046961
Subtransmission DC backbone,0.4685892663495275
Subtransmission DC backbone,0.5221017221711506
Subtransmission DC backbone,0.37353234629707077
Subtransmission DC backbone,0.561523666664767
Subtransmission DC backbone,0.4054160130538401
Subtransmission DC backbone,0.47828509743273195
Subtransmission DC backbone,0.6379718885564618
Subtransmission DC backbone,0.5155372490358363
Subtransmission DC backbone,0.4674907340942226
Subtransmission DC backbone,0.4861968815101415
Subtransmission DC backbone,0.32452383789779776
Subtransmission DC backbone,0.5703752488360493
Subtransmission DC backbone,0.3989674806440167
Subtransmission DC backbone,0.5667932328186565
Subtransmission DC backbone,0.5035557867952222
Subtransmission DC backbone,0.43191285767833754
Subtransmission DC backbone,0.5710407300050977
Subtransmission DC backbone,0.44353071988805903
Subtransmission DC backbone,0.4188178599401068
Subtransmission DC backbone,0.5200129403159518
Subtransmission DC backbone,0.5596045481575068
Subtransmission DC backbone,0.7509982391509494
Subtransmission DC backbone,0.377815735914247
Subtransmission DC backbone,0.5915406544407795
Subtransmission DC backbone,0.5512848994317575
Subtransmission DC backbone,0.7595982765447526
Subtransmission DC backbone,0.40603135125269063
Subtransmission DC backbone,0.46203180358585244
Subtransmission DC backbone,0.36119007095058064
Subtransmission DC backbone,0.37739587214666126
Subtransmission DC backbone,0.6541944430957439
Subtransmission DC backbone,0.4071289851543293
Subtransmission DC backbone,0.6166105764551277
Subtransmission DC backbone,0.37635201915462385
Subtransmission DC backbone,0.6873709359637642
Subtransmission DC backbone,0.38314685877274973
Subtransmission DC backbone,0.4140662704729467
Subtransmission DC backbone,0.6072991842524265
Subtransmission DC backbone,0.6552952923909421
Subtransmission DC backbone,0.532489430885923
Subtransmission DC backbone,0.34263822300704705
Subtransmission DC backbone,0.5999778247304614
Subtransmission DC backbone,0.34422473213185606
Subtransmission DC backbone,0.4708546712791065
Subtransmission DC backbone,0.6219986900387968
Subtransmission DC backbone,0.48174759775443476
Subtransmission DC backbone,0.5898562824392883
Subtransmission DC backbone,0.3187502291099494
Subtransmission DC backbone,0.4078523737827828
Subtransmission DC backbone,0.4724218926525888
Subtransmission DC backbone,0.4404988062426633
Subtransmission DC backbone,0.32019761012667625
Subtransmission DC backbone,0.33528402493242254
Subtransmission DC backbone,0.44712528659025097
Subtransmission DC backbone,0.6563349349280826
Subtransmission DC backbone,0.530558613583936
Subtransmission DC backbone,0.6418070279970202
Subtransmission DC backbone,0.27461753243362336
Subtransmission DC backbone,0.42322362566986926
Subtransmission DC backbone,0.4897983259950173
Subtransmission DC backbone,0.3887617681448745
Subtransmission DC backbone,0.5192919522046333
Subtransmission DC backbone,0.8239587604768753
Subtransmission DC backbone,0.511803323269844
Subtransmission DC backbone,0.25241181354054815
Subtransmission DC backbone,0.44996743816039636
Subtransmission DC backbone,0.28306088454228506
Subtransmission DC backbone,0.5284104065294606
Subtransmission DC backbone,0.41546561305832036
Subtransmission DC backbone,0.35798879377871134
Subtransmission DC backbone,0.43603677449895367
Subtransmission DC backbone,0.8656087250777442
Subtransmission DC backbone,0.6441047789851515
Subtransmission DC backbone,0.40802437873315717
Subtransmission DC backbone,0.556258224686903
Subtransmission DC backbone,0.27052703523029437
Subtransmission DC backbone,0.4857570116270002
Subtransmission DC backbone,0.4331286043579698
Subtransmission DC backbone,0.4416558222194715
Subtransmission DC backbone,0.5988384818284374
Subtransmission DC backbone,0.3351646777528382
Subtransmission DC backbone,0.4081150402383225
Subtransmission DC backbone,0.5329646884978371
Subtransmission DC backbone,0.4442960516966561
Subtransmission DC backbone,0.451832206751703
Subtransmission DC backbone,0.4315793885325292
Subtransmission DC backbone,0.29780418999002445
Subtransmission DC backbone,0.32298134910282944
Subtransmission DC backbone,0.4771522634243692
Subtransmission DC backbone,0.40340497723671287
Subtransmission DC backbone,0.33312356887766587
Subtransmission DC backbone,0.5366542742940767
Subtransmission DC backbone,0.42335623441411596
Subtransmission DC backbone,0.39666212302292114
Subtransmission DC backbone,0.7977280791516707
Subtransmission DC backbone,0.9089151279663867
Subtransmission DC backbone,0.3270611146068474
Subtransmission DC backbone,0.6717304467802567
Subtransmission DC backbone,0.37627578247815696
Subtransmission DC backbone,0.30666821314623316
Subtransmission DC backbone,0.3999662696562275
Subtransmission DC backbone,0.4338863699421503
Subtransmission DC backbone,0.49088944601195367
Subtransmission DC backbone,0.4488069396891702
Subtransmission DC backbone,0.5632607185088208
Subtransmission DC backbone,0.6810582816865812
Subtransmission DC backbone,0.6844944595406965
Subtransmission DC backbone,0.5704783636824488
Subtransmission DC backbone,0.755174661026706
Subtransmission DC backbone,0.517344201858131
Subtransmission DC backbone,0.508765203015838
Subtransmission DC backbone,0.22990907990911624
Subtransmission DC backbone,0.4320057866067544
Subtransmission DC backbone,0.727158007511823
Subtransmission DC backbone,0.577018268745255
Subtransmission DC backbone,0.37619867011912145
Subtransmission DC backbone,0.8068350026003427
Subtransmission DC backbone,0.5008527230166773
Subtransmission DC backbone,0.371109479425882
Subtransmission DC backbone,0.7045313642018921
Subtransmission DC backbone,0.7198706333119704
Subtransmission DC backbone,0.45087783256543734
Subtransmission DC backbone,0.42786597762946876
Subtransmission DC backbone,0.4984270784291565
Subtransmission DC backbone,0.5120326036157632
Subtransmission DC backbone,0.4827710732590055
Subtransmission DC backbone,0.4114706795234563
Subtransmission DC backbone,0.4735562717229663
Subtransmission DC backbone,0.6088225526579258
Subtransmission DC backbone,0.3747829770112738
Subtransmission DC backbone,0.4974711924052133
Subtransmission DC backbone,0.4580577947351048
Subtransmission DC backbone,0.5848692399109837
Subtransmission DC backbone,0.6080165775381086
Subtransmission DC backbone,0.6625082327962123
Subtransmission DC backbone,0.5681667851502695
Subtransmission DC backbone,0.42724817219694955
Subtransmission DC backbone,0.3311428013087748
Subtransmission DC backbone,0.4714739338167856
Subtransmission DC backbone,0.44782046353849864
Subtransmission DC backbone,0.36624580545837665
Subtransmission DC backbone,0.4487294616007059
Subtransmission DC backbone,0.6567256870612417
Subtransmission DC backbone,0.49256358468307393
Subtransmission DC backbone,0.5905390397246905
Subtransmission DC backbone,0.41331519782406717
Subtransmission DC backbone,0.3912656849645195
Subtransmission DC backbone,0.6699860604870318
Subtransmission DC backbone,0.5526689733217814
Subtransmission DC backbone,0.5658217508580335
Subtransmission DC backbone,0.5473620731315152
Subtransmission DC backbone,0.539066652548834
Subtransmission DC backbone,0.8010827123922666
Subtransmission DC backbone,0.43461878686222116
Subtransmission DC backbone,0.43139894981385263
Subtransmission DC backbone,0.48341298357984835
Subtransmission DC backbone,0.6465469193161302
Subtransmission DC backbone,0.3739960405939015
Subtransmission DC backbone,0.44552082922808994
Subtransmission DC backbone,0.6268160473189095
Subtransmission DC backbone,0.5305102154336864
Subtransmission DC backbone,0.6934808843724917
Subtransmission DC backbone,0.7109035337444416
Subtransmission DC backbone,0.4386320291731111
Subtransmission DC backbone,0.6251150005358813
Subtransmission DC backbone,0.9093189931780914
Subtransmission DC backbone,0.3285074896737608
Subtransmission DC backbone,0.4038079832526607
Subtransmission DC backbone,0.4283200429262655
Subtransmission DC backbone,0.6304914667584305
Subtransmission DC backbone,0.3458958179944938
Subtransmission DC backbone,0.6630039548583673
Subtransmission DC backbone,0.5181686230517601
Subtransmission DC backbone,0.5125543965760817
Subtransmission DC backbone,0.3233850250073608
Subtransmission DC backbone,0.4371122005147759
Subtransmission DC backbone,0.41344995823550573
Subtransmission DC backbone,0.5318876013088447
Subtransmission DC backbone,0.3097564727611055
Subtransmission DC backbone,0.49251776393000074
Subtransmission DC backbone,0.5686511632615399
Subtransmission DC backbone,0.41162269075783814
Subtransmission DC backbone,0.4061803795129009
Subtransmission DC backbone,0.5196349005681064
Subtransmission DC backbone,0.26907313930551735
Subtransmission DC backbone,0.7417497055145914
Subtransmission DC backbone,0.6134395202732609
Subtransmission DC backbone,0.5343448370087936
Subtransmission DC backbone,0.29576922029997776
Subtransmission DC backbone,0.4665432492152276
Subtransmission DC backbone,0.6660196014952094
Subtransmission DC backbone,0.42078938996698584
Subtransmission DC backbone,0.5675400847941141
Subtransmission DC backbone,0.4916099882010444
Subtransmission DC backbone,0.3926111479044875
Subtransmission DC backbone,0.4557457199328724
Subtransmission DC backbone,0.3500818564184075
Subtransmission DC backbone,0.4501597510448018
Subtransmission DC backbone,0.289885653007152
Subtransmission DC backbone,0.679621892268692
Subtransmission DC backbone,0.38462494406284303
Subtransmission DC backbone,0.590835740289422
Subtransmission DC backbone,0.5907165886858762
Subtransmission DC backbone,0.71013249686616
Subtransmission DC backbone,0.5262587465001567
Subtransmission DC backbone,0.7058638416203041
Subtransmission DC backbone,0.42541849811367466
Subtransmission DC backbone,0.6811716870908986
Subtransmission DC backbone,0.5962054203179832
Subtransmission DC backbone,0.44351255750800056
Subtransmission DC backbone,0.7864517006910817
Subtransmission DC backbone,0.35769942896909696
Subtransmission DC backbone,0.5010666689345491
Subtransmission DC backbone,0.4998637166730196
Subtransmission DC backbone,0.3655801901152755
Subtransmission DC backbone,0.5549786912247711
Subtransmission DC backbone,0.4138460492651622
Subtransmission DC backbone,0.40820370695480673
Subtransmission DC backbone,0.2975703775793963
Subtransmission DC backbone,0.5803888020472882
Subtransmission DC backbone,0.3384258852514404
Subtransmission DC backbone,0.35684092253090866
Subtransmission DC backbone,0.5727621874225681
Subtransmission DC backbone,0.47477540654004846
Subtransmission DC backbone,0.46248199369201015
Subtransmission DC backbone,0.39888238291056366
Subtransmission DC backbone,0.5063388879102321
Subtransmission DC backbone,0.44328065848062576
Subtransmission DC backbone,0.38701306535637203
Subtransmission DC backbone,0.6611970010764896
Subtransmission DC backbone,0.6170822628366619
Subtransmission DC backbone,0.4559095476852839
Subtransmission DC backbone,0.5145143591132357
Subtransmission DC backbone,0.8810814468279423
Subtransmission DC backbone,0.5258727847083475
Subtransmission DC backbone,0.3779047301770512
Subtransmission DC backbone,0.27790538360735845
Subtransmission DC backbone,0.3915802447379456
Subtransmission DC backbone,0.5629258385502783
Subtransmission DC backbone,0.6348716409367602
Subtransmission DC backbone,0.6426695285121568
Subtransmission DC backbone,0.586093161644019
Subtransmission DC backbone,0.48106144689102576
Subtransmission DC backbone,0.43868435519635574
Subtransmission DC backbone,0.3958798410875175
Subtransmission DC backbone,0.6959643352580263
Subtransmission DC backbone,0.30437463559685535
Subtransmission DC backbone,0.5148878536213465
Subtransmission DC backbone,0.7094525581146017
Subtransmission DC backbone,0.665058722770422
Subtransmission DC backbone,0.4534905928260244
Subtransmission DC backbone,0.4642144482749245
Subtransmission DC backbone,0.37977309317125496
Subtransmission DC backbone,0.743274833445367
Subtransmission DC backbone,0.46342146098685083
Subtransmission DC backbone,0.6999723439199709
Subtransmission DC backbone,0.2791360900410084
Subtransmission DC backbone,0.5006674453647413
Subtransmission DC backbone,0.40803968715313177
Subtransmission DC backbone,0.6298103043794095
Subtransmission DC backbone,0.570839682745771
Subtransmission DC backbone,0.5173920592369881
Subtransmission DC backbone,0.7103251169972047
Subtransmission DC backbone,0.4590765102841077
Subtransmission DC backbone,0.6644473674960277
Subtransmission DC backbone,0.6954533559569254
Subtransmission DC backbone,0.5268692450825866
Subtransmission DC backbone,0.3046817054856808
Subtransmission DC backbone,0.39901757335527355
Subtransmission DC backbone,0.3991930607687116
Subtransmission DC backbone,0.304821648061823
Subtransmission DC backbone,0.5431548799039628
Subtransmission DC backbone,0.5073846725587906
Subtransmission DC backbone,0.3587491630188608
Subtransmission DC backbone,0.3280717009269036
Subtransmission DC backbone,0.36674297149782725
Subtransmission DC backbone,0.47546492077520536
Subtransmission DC backbone,0.4337438037328264
Subtransmission DC backbone,0.5346966837973718
Subtransmission DC backbone,0.3719598613858231
Subtransmission DC backbone,0.3417188915174217
Subtransmission DC backbone,0.5686970998261234
Subtransmission DC backbone,0.31636498646311406
Subtransmission DC backbone,0.34356938945785426
Subtransmission DC backbone,0.45811417499666046
Subtransmission DC backbone,0.2838837387178414
Subtransmission DC backbone,0.4621405342779023
Subtransmission DC backbone,0.40352689594749824
Subtransmission DC backbone,0.48823491269435154
Subtransmission DC backbone,0.31948456838891204
Subtransmission DC backbone,0.38756764777717806
Subtransmission DC backbone,0.30604070610527423
Subtransmission DC backbone,0.366474587828501
Subtransmission DC backbone,0.32346968326199965
Subtransmission DC backbone,0.3432914796893543
Subtransmission DC backbone,0.4322481987196737
Subtransmission DC backbone,0.47634950226704176
Subtransmission DC backbone,0.5731864785004157
Subtransmission DC backbone,0.5571101814317102
Subtransmission DC backbone,0.4117942905273432
Subtransmission DC backbone,0.5148178285988992
Subtransmission DC backbone,0.5962033267503114
Subtransmission DC backbone,0.4009278591526032
Subtransmission DC backbone,0.7064193069688205
Subtransmission DC backbone,0.3486053462568354
Subtransmission DC backbone,0.3515499998479418
Subtransmission DC backbone,0.3532502102668678
Subtransmission DC backbone,0.5553665765702573
Subtransmission DC backbone,0.5958662000345561
Subtransmission DC backbone,0.8773543123583891
Subtransmission DC backbone,0.5795998527449466
Subtransmission DC backbone,0.753040156706086
Subtransmission DC backbone,0.7447761142947738
Subtransmission DC backbone,0.5080468249816733
Subtransmission DC backbone,0.6698785060718792
Subtransmission DC backbone,0.7362503312539445
Subtransmission DC backbone,0.3449257216004757
Subtransmission DC backbone,0.3947279535008924
Subtransmission DC backbone,0.5606924619868578
Subtransmission DC backbone,0.4295403010537798
Subtransmission DC backbone,0.6395713603933983
Subtransmission DC backbone,0.5959693483623629
Subtransmission DC backbone,0.49811985989546664
Subtransmission DC backbone,0.5333302864774792
Subtransmission DC backbone,0.6239214625516541
Subtransmission DC backbone,0.3276112610676781
Subtransmission DC backbone,0.8298445312909293
Subtransmission DC backbone,0.7911555015208092
Subtransmission DC backbone,0.7798525237598061
Subtransmission DC backbone,0.6361707962184788
Subtransmission DC backbone,0.461365142017902
Subtransmission DC backbone,0.4754396017905093
Subtransmission DC backbone,0.8585471891550213
Subtransmission DC backbone,0.4752538157162978
Subtransmission DC backbone,0.6419208322466412
Subtransmission DC backbone,0.5361760367304033
Subtransmission DC backbone,0.772291635398098
Subtransmission DC backbone,0.6786097990664525
Subtransmission DC backbone,0.44538668815616667
Subtransmission DC backbone,0.37606129936092986
Subtransmission DC backbone,0.4923374999902837
Subtransmission DC backbone,0.4336509385694927
Subtransmission DC backbone,0.4023399764366673
Subtransmission DC backbone,0.3504360822946395
Subtransmission DC backbone,0.4332713794012623
Subtransmission DC backbone,0.5820532136997819
Subtransmission DC backbone,0.4334956966739516
Subtransmission DC backbone,0.6029000029789506
Subtransmission DC backbone,0.5323644394504317
Subtransmission DC backbone,0.5990978763651814
Subtransmission DC backbone,0.434082020861948
Subtransmission DC backbone,0.6624099860263944
Subtransmission DC backbone,0.48672500888074144
Subtransmission DC backbone,0.42379527517535204
Subtransmission DC backbone,0.6038954993583102
Subtransmission DC backbone,0.5210385184045748
Subtransmission DC backbone,0.480791835263607
Subtransmission DC backbone,0.4065086253372297
Subtransmission DC backbone,0.48335785835256634
Subtransmission DC backbone,0.32942595558299087
Subtransmission DC backbone,0.768792284874855
Subtransmission DC backbone,0.4236521847968806
Subtransmission DC backbone,0.7012904608071046
Subtransmission DC backbone,0.42766854094458046
Subtransmission DC backbone,0.879601657750284
Subtransmission DC backbone,0.8474445486589595
Subtransmission DC backbone,0.451391488037894
Subtransmission DC backbone,0.4256557007351384
Subtransmission DC backbone,0.48143555669769655
Subtransmission DC backbone,0.600134401396948
Subtransmission DC backbone,0.43176574089119985
Subtransmission DC backbone,0.5601568851481009
Subtransmission DC backbone,0.5916876712485123
Subtransmission DC backbone,0.7047443221519418
Subtransmission DC backbone,0.5425772737888928
Subtransmission DC backbone,0.4731263743372818
Subtransmission DC backbone,0.4641185967078399
Subtransmission DC backbone,0.5320863440259747
Subtransmission DC backbone,0.658842310620076
Subtransmission DC backbone,0.8575963517634317
Subtransmission DC backbone,0.5790508398549289
Subtransmission DC backbone,0.5056266562237653
Subtransmission DC backbone,0.6381587398723374
Subtransmission DC backbone,0.49140674078704094
Subtransmission DC backbone,0.4134342724590251
Subtransmission DC backbone,0.36123055544267824
Subtransmission DC backbone,0.4566476361575637
Subtransmission DC backbone,0.5051496724656581
Subtransmission DC backbone,0.47048079748634886
Subtransmission DC backbone,0.5634962300977545
Subtransmission DC backbone,0.4719440596202447
Subtransmission DC backbone,0.9354940808820851
Subtransmission DC backbone,0.39579570471889686
Subtransmission DC backbone,0.35890122272091046
Subtransmission DC backbone,0.43342116936635583
Subtransmission DC backbone,0.4256452552339213
Subtransmission DC backbone,0.5917690257888464
Subtransmission DC backbone,0.5029989873430838
Subtransmission DC backbone,0.57245523887501
Subtransmission DC backbone,0.32911684186561635
Subtransmission DC backbone,0.32151103811346743
Subtransmission DC backbone,0.6860608928378283
Subtransmission DC backbone,0.6201762911333731
Subtransmission DC backbone,0.3228750135180329
Subtransmission DC backbone,0.49969389335821357
Subtransmission DC backbone,0.8534057061457054
Subtransmission DC backbone,0.48850671021397796
Subtransmission DC backbone,0.5882351410585793
Subtransmission DC backbone,0.32575800936966687
Subtransmission DC backbone,0.5758695954945556
Subtransmission DC backbone,0.49547372901681713
Subtransmission DC backbone,0.6189721124647073
Subtransmission DC backbone,0.807200872797471
Subtransmission DC backbone,0.5515066977643668
Subtransmission DC backbone,0.5498363632562073
Subtransmission DC backbone,0.6219211084482018
Subtransmission DC backbone,0.510331971288845
Subtransmission DC backbone,0.46687359256406147
Subtransmission DC backbone,0.35477278493047737
Subtransmission DC backbone,0.5662129837245434
Subtransmission DC backbone,0.5026752443640764
Subtransmission DC backbone,0.7767183152821848
Subtransmission DC backbone,0.5154619013756492
Subtransmission DC backbone,0.4077518951131794
Subtransmission DC backbone,0.3452732025897601
Subtransmission DC backbone,0.37275340394222345
Subtransmission DC backbone,0.740588416928603
Subtransmission DC backbone,0.6873075639699805
Subtransmission DC backbone,0.4745759481903214
Subtransmission DC backbone,0.32157527349891385
Subtransmission DC backbone,0.617340932614984
Subtransmission DC backbone,0.40093772582250714
Subtransmission DC backbone,0.2880249033012406
Subtransmission DC backbone,0.7200790124558393
Subtransmission DC backbone,0.439982870787478
Subtransmission DC backbone,0.5608085706878194
Subtransmission DC backbone,0.2800380243767873
Subtransmission DC backbone,0.5180208796966697
Subtransmission DC backbone,0.670570809248725
Subtransmission DC backbone,0.6898392481091801
Subtransmission DC backbone,0.594179683037075
Subtransmission DC backbone,0.3577963408172592
Subtransmission DC backbone,0.4937988480089714
Subtransmission DC backbone,0.7256423032654964
Subtransmission DC backbone,0.5247598301664455
Subtransmission DC backbone,0.6311831871426951
Subtransmission DC backbone,0.49598439776609843
Subtransmission DC backbone,0.6815489126181494
Subtransmission DC backbone,0.3100565951366256
Subtransmission DC backbone,0.7117020365675999
Subtransmission DC backbone,0.5080783599795322
Subtransmission DC backbone,0.4292983079545182
Subtransmission DC backbone,0.5024333905525583
Subtransmission DC backbone,0.41239982149429333
Subtransmission DC backbone,0.49892723129464245
Subtransmission DC backbone,0.3269068226981626
Subtransmission DC backbone,0.4755079224998117
Subtransmission DC backbone,0.7517426895537939
Subtransmission DC backbone,0.3535029822416447
Subtransmission DC backbone,0.6413449344598523
Subtransmission DC backbone,0.4040336770042018
Subtransmission DC backbone,0.3530455390635112
Subtransmission DC backbone,0.45332510367158474
Subtransmission DC backbone,0.4773585835756885
Subtransmission DC backbone,0.5255937312394959
Subtransmission DC backbone,0.44077998746793323
Subtransmission DC backbone,0.49532038758997554
Subtransmission DC backbone,0.40976835876627415
Subtransmission DC backbone,0.47629168169573194
Subtransmission DC backbone,0.6062583816900774
Subtransmission DC backbone,0.3217179258582396
Subtransmission DC backbone,0.5217843568020635
Subtransmission DC backbone,0.8370149144849353
Subtransmission DC backbone,0.46076632189315025
Subtransmission DC backbone,0.3822412041146109
Subtransmission DC backbone,0.3286679168463177
Subtransmission DC backbone,0.46650662698488077
Subtransmission DC backbone,0.7188522550762164
Subtransmission DC backbone,0.39951384973499976
Subtransmission DC backbone,0.5723621212551495
Subtransmission DC backbone,0.67320183214839
Subtransmission DC backbone,0.4265320744902904
Subtransmission DC backbone,0.4856484086136426
Subtransmission DC backbone,0.5789298340958778
Subtransmission DC backbone,0.4048267755039882
Subtransmission DC backbone,0.5492663234900846
Subtransmission DC backbone,0.42012368655958204
Subtransmission DC backbone,0.3656688279335372
Subtransmission DC backbone,0.4296230489433834
Subtransmission DC backbone,0.5818068129627869
Subtransmission DC backbone,0.48068607042838096
Subtransmission DC backbone,0.40923026307156946
Subtransmission DC backbone,0.7568505946493712
Subtransmission DC backbone,0.339755279595688
Subtransmission DC backbone,0.32568786351381407
Subtransmission DC backbone,0.4674524926579901
Subtransmission DC backbone,0.45189724085493177
Subtransmission DC backbone,0.3758645470903505
Subtransmission DC backbone,0.3709241853192453
Subtransmission DC backbone,0.507664082778136
Subtransmission DC backbone,0.44820669919220985
Subtransmission DC backbone,0.43433149868876797
Subtransmission DC backbone,0.9031138715726467
Subtransmission DC backbone,0.6905874746215024
Subtransmission DC backbone,0.36552818165504997
Subtransmission DC backbone,0.5596814575384071
Subtransmission DC backbone,0.3401729782566398
Subtransmission DC backbone,0.3983627945912116
Subtransmission DC backbone,0.5103773552239874
Subtransmission DC backbone,0.6778546422119683
Subtransmission DC backbone,0.5738181420843737
Subtransmission DC backbone,0.626679015718947
Subtransmission DC backbone,0.42926846774586447
Subtransmission DC backbone,0.6456995838663913
Subtransmission DC backbone,0.4605543359255977
Subtransmission DC backbone,0.5396383958088964
Subtransmission DC backbone,0.43350704966195
Subtransmission DC backbone,0.8445636138794287
Subtransmission DC backbone,0.5259477454547972
Subtransmission DC backbone,0.7181493151211937
Subtransmission DC backbone,0.5082542495628207
Subtransmission DC backbone,0.5067585107577162
Subtransmission DC backbone,0.6833377949516422
Subtransmission DC backbone,0.4706736397730269
Subtransmission DC backbone,0.6845235100229679
Subtransmission DC backbone,0.5189260775822663
Subtransmission DC backbone,0.3556159809868902
Subtransmission DC backbone,0.2795533747794404
Subtransmission DC backbone,0.3687181777467414
Subtransmission DC backbone,0.6551433437602804
Subtransmission DC backbone,0.42384261747626595
Subtransmission DC backbone,0.46533624989625216
Subtransmission DC backbone,0.5934810392004715
Subtransmission DC backbone,0.5785799093858427
Subtransmission DC backbone,0.38850576789428076
Subtransmission DC backbone,0.8082078911610462
Subtransmission DC backbone,0.6538650997927535
Subtransmission DC backbone,0.5522644942992627
Subtransmission DC backbone,0.599669283843162
Subtransmission DC backbone,0.41359914057098357
Subtransmission DC backbone,0.46023186476867084
Subtransmission DC backbone,0.47864569232728005
Subtransmission DC backbone,0.621242719866908
Subtransmission DC backbone,0.49004713180014947
Subtransmission DC backbone,0.42179774582828466
Subtransmission DC backbone,0.38279649900228546
Subtransmission DC backbone,0.31324466406617446
Subtransmission DC backbone,1.032996506334087
Subtransmission DC backbone,0.591106597689458
Subtransmission DC backbone,0.3670151296035219
Subtransmission DC backbone,0.7746322295271713
Subtransmission DC backbone,0.4347571024951978
Subtransmission DC backbone,0.6480453380592465
Subtransmission DC backbone,0.6887242383446991
Subtransmission DC backbone,0.7492258630476936
Subtransmission DC backbone,0.3949841254644981
Subtransmission DC backbone,0.3286513242353766
Subtransmission DC backbone,0.37459369535063386
Subtransmission DC backbone,0.5347259966243599
Subtransmission DC backbone,0.4431067751515947
Subtransmission DC backbone,0.699567111569102
Subtransmission DC backbone,0.44188313305376725
Subtransmission DC backbone,0.42278324867063133
Subtransmission DC backbone,0.3486220752155544
Subtransmission DC backbone,0.454865918583492
Subtransmission DC backbone,0.6069144207477808
Subtransmission DC backbone,0.7515483387018365
Subtransmission DC backbone,0.5566805105996376
Subtransmission DC backbone,0.5361019083208726
Subtransmission DC backbone,0.42371867951873254
Subtransmission DC backbone,0.6829531368264666
Subtransmission DC backbone,0.6542282907263673
Subtransmission DC backbone,0.3466084799147459
Subtransmission DC backbone,0.489657613323594
Subtransmission DC backbone,0.5231336423411679
Subtransmission DC backbone,0.41611282870143884
Subtransmission DC backbone,0.4547922341059694
Subtransmission DC backbone,0.31843246397937347
Subtransmission DC backbone,0.5145728493727897
Subtransmission DC backbone,0.49528671319640616
Subtransmission DC backbone,0.4324470286228396
Subtransmission DC backbone,0.510029634322007
Subtransmission DC backbone,0.5555886444563481
Subtransmission DC backbone,0.7108994167710495
Subtransmission DC backbone,0.4716861711118967
Subtransmission DC backbone,0.7981297931903147
Subtransmission DC backbone,0.41493918403385216
Subtransmission DC backbone,0.5541312957959953
Subtransmission DC backbone,0.45999072123664697
Subtransmission DC backbone,0.37475193688923336
Subtransmission DC backbone,0.6825418163652222
Subtransmission DC backbone,0.4514688232399559
Subtransmission DC backbone,0.42627066228209026
Subtransmission DC backbone,0.4627668970715599
Subtransmission DC backbone,0.4063979062076019
Subtransmission DC backbone,0.5782367867301285
Subtransmission DC backbone,0.704238867948268
Subtransmission DC backbone,0.6030529504838904
Subtransmission DC backbone,0.33781317132811234
Subtransmission DC backbone,0.5230465870015942
Subtransmission DC backbone,0.4890622655464637
Subtransmission DC backbone,0.414221405248067
Subtransmission DC backbone,0.6050067674643341
Subtransmission DC backbone,0.9277264221070033
Subtransmission DC backbone,0.42661315776620073
Subtransmission DC backbone,0.5264815790622784
Subtransmission DC backbone,0.39070811689586066
Subtransmission DC backbone,0.5148730659232766
Subtransmission DC backbone,0.4446816713407104
Subtransmission DC backbone,0.5979520014509969
Subtransmission DC backbone,0.5577279490811774
Subtransmission DC backbone,0.5571896959535353
Subtransmission DC backbone,0.3922563965776335
Subtransmission DC backbone,0.829110826702218
Subtransmission DC backbone,0.8159047938804241
Subtransmission DC backbone,0.45780142026053056
Subtransmission DC backbone,0.5755606501602996
Subtransmission DC backbone,0.6032986530690252
Subtransmission DC backbone,0.46158701878642
Subtransmission DC backbone,0.7169948968190795
Subtransmission DC backbone,0.5770167448930813
Subtransmission DC backbone,0.7824890168707161
Subtransmission DC backbone,0.39207600202636667
Subtransmission DC backbone,0.33708466624354166
Subtransmission DC backbone,0.43091191906265297
Subtransmission DC backbone,0.3256422125816727
Subtransmission DC backbone,0.34197059342735137
Subtransmission DC backbone,0.36416150679171383
Subtransmission DC backbone,0.4784470395602975
Subtransmission DC backbone,0.47617196809378354
Subtransmission DC backbone,0.44445110676539756
Subtransmission DC backbone,0.3308907826173165
Subtransmission DC backbone,0.46069121613758446
Subtransmission DC backbone,0.5375183162216014
Subtransmission DC backbone,0.5787630717546697
Subtransmission DC backbone,0.7632848767072985
Subtransmission DC backbone,0.4089864052926871
Subtransmission DC backbone,0.45512678808216983
Subtransmission DC backbone,0.8354197673089353
Subtransmission DC backbone,0.5015798074854093
Subtransmission DC backbone,0.7693950977144753
Subtransmission DC backbone,0.581671143495201
Subtransmission DC backbone,0.4611031950208429
Subtransmission DC backbone,0.3878304359396159
Subtransmission DC backbone,0.5587018986240496
Subtransmission DC backbone,0.6147936699546627
Subtransmission DC backbone,0.546673085896871
Subtransmission DC backbone,0.5763953637597388
Subtransmission DC backbone,0.4260404921598373
Subtransmission DC backbone,0.4863763878405824
Subtransmission DC backbone,0.5844347911520712
Subtransmission DC backbone,0.5128444488122595
Subtransmission DC backbone,0.5540092075852077
Subtransmission DC backbone,0.489933417195448
Subtransmission DC backbone,0.5233738279278056
Subtransmission DC backbone,0.5106798596523158
Subtransmission DC backbone,0.467667005947068
Subtransmission DC backbone,0.5121735347089641
Subtransmission DC backbone,0.5621853207077688
Subtransmission DC backbone,0.3203638179976453
Subtransmission DC backbone,0.3497367030571474
Subtransmission DC backbone,0.4691777779640471
Subtransmission DC backbone,0.7137076233558178
Subtransmission DC backbone,0.37158147358686644
Subtransmission DC backbone,0.568387057303671
Subtransmission DC backbone,0.4860446780499979
Subtransmission DC backbone,0.5486660121336544
Subtransmission DC backbone,0.3911905513712126
Subtransmission DC backbone,0.34104201842610504
Subtransmission DC backbone,0.5469229598116275
Subtransmission DC backbone,0.45083029939167807
Subtransmission DC backbone,0.4553016410100908
Subtransmission DC backbone,0.48466796748283725
Subtransmission DC backbone,0.4868730522476425
Subtransmission DC backbone,0.6063311597914309
Subtransmission DC backbone,0.6050467338453203
Subtransmission DC backbone,0.33792570517363946
Subtransmission DC backbone,0.35300022768004047
Subtransmission DC backbone,0.3582370889491603
Subtransmission DC backbone,0.750384172733771
Subtransmission DC backbone,0.8941456857586917
Subtransmission DC backbone,1.113119435069159
Subtransmission DC backbone,0.416327329387035
Subtransmission DC backbone,0.4050133089385851
Subtransmission DC backbone,0.4410127859885648
Subtransmission DC backbone,0.3459424030191656
Subtransmission DC backbone,0.45340757996003683
Subtransmission DC backbone,0.4204721291174574
Subtransmission DC backbone,0.39011517027755327
Subtransmission DC backbone,0.5592364582641483
Subtransmission DC backbone,0.3844907169182386
Subtransmission DC backbone,0.3528304001856121
Subtransmission DC backbone,0.5295306439691728
Subtransmission DC backbone,0.529080410520975
Subtransmission DC backbone,0.36764125926442615
Subtransmission DC backbone,0.5682514930822737
Subtransmission DC backbone,0.5872094439533224
Subtransmission DC backbone,0.6423875171885133
Subtransmission DC backbone,0.6128832031476946
Subtransmission DC backbone,0.6171192085264707
Subtransmission DC backbone,0.3330753377125012
Subtransmission DC backbone,0.32499918163675084
Subtransmission DC backbone,0.8244712283476779
Subtransmission DC backbone,0.4560472841903475
Subtransmission DC backbone,0.5835196945100434
Subtransmission DC backbone,0.5715675437128159
Subtransmission DC backbone,0.41584449706477633
Subtransmission DC backbone,0.49498432385026625
Subtransmission DC backbone,0.3847228362205843
Subtransmission DC backbone,0.24285468591990242
Subtransmission DC backbone,0.3917484968687331
Subtransmission DC backbone,0.46673356772286295
Subtransmission DC backbone,0.41824970163553277
Subtransmission DC backbone,0.44249887732406734
Subtransmission DC backbone,0.346340297425107
Subtransmission DC backbone,0.35357797373078054
Subtransmission DC backbone,0.4045790021667941
Subtransmission DC backbone,0.42663989107044553
Subtransmission DC backbone,0.3018182859014741
Subtransmission DC backbone,0.606516057585399
Subtransmission DC backbone,0.3174585387262386
Subtransmission DC backbone,0.45925057628757004
Subtransmission DC backbone,0.6513582108548832
Subtransmission DC backbone,0.6778470393625801
Subtransmission DC backbone,0.37780788903387014
Subtransmission DC backbone,0.8271515757843609
Subtransmission DC backbone,0.5521677199444827
Subtransmission DC backbone,0.5443741873191409
Subtransmission DC backbone,0.6525430128345027
Subtransmission DC backbone,0.6478551544047371
Subtransmission DC backbone,0.4408741456348426
Subtransmission DC backbone,0.43735809069848863
Subtransmission DC backbone,0.5621363561047179
Subtransmission DC backbone,0.5039365925977253
Subtransmission DC backbone,0.451966779862902
Subtransmission DC backbone,0.5107408925490512
Subtransmission DC backbone,0.6110857477370957
Subtransmission DC backbone,0.6724738589641629
Subtransmission DC backbone,0.8443018953415145
Subtransmission DC backbone,0.7087160735601754
Subtransmission DC backbone,0.7124035445994529
Subtransmission DC backbone,0.33312879459749317
Subtransmission DC backbone,0.5507851750932811
Subtransmission DC backbone,0.45998749019631896
Subtransmission DC backbone,0.48408538281986385
Subtransmission DC backbone,0.24813786393575574
Subtransmission DC backbone,0.6062179185285119
Subtransmission DC backbone,0.5615113532619904
Subtransmission DC backbone,0.3549929430136348
Subtransmission DC backbone,0.46224117460798136
Subtransmission DC backbone,0.586615344208683
Subtransmission DC backbone,0.4150146676845084
Subtransmission DC backbone,0.6736777801581771
Subtransmission DC backbone,0.5672765822788094
Subtransmission DC backbone,0.377663070844195
Subtransmission DC backbone,0.30212597588736684
Subtransmission DC backbone,0.705559622842394
Subtransmission DC backbone,0.46968428712241206
Subtransmission DC backbone,0.49597319998533823
Subtransmission DC backbone,0.40075073428431557
Subtransmission DC backbone,0.7029954088293122
Subtransmission DC backbone,0.7243654828882293
Subtransmission DC backbone,0.5123956126520413
Subtransmission DC backbone,0.4253282219102999
Subtransmission DC backbone,0.4394942981052832
Subtransmission DC backbone,0.3196578507367659
Subtransmission DC backbone,0.30290762135836413
Subtransmission DC backbone,0.48645166266644346
Subtransmission DC backbone,0.4257205642262689
Subtransmission DC backbone,0.4623099561523818
Subtransmission DC backbone,0.6103124440737885
Subtransmission DC backbone,0.4536531154611876
Subtransmission DC backbone,0.4651098919638223
Subtransmission DC backbone,0.5086899974405319
Subtransmission DC backbone,0.4401803837156439
Subtransmission DC backbone,0.32801422481589654
Subtransmission DC backbone,0.2882453776709431
Subtransmission DC backbone,0.5748129600632481
Subtransmission DC backbone,0.5976089477053371
Subtransmission DC backbone,0.35748318991242745
Subtransmission DC backbone,0.512471156387605
Subtransmission DC backbone,0.5132709633384559
Subtransmission DC backbone,0.371752447263835
Subtransmission DC backbone,0.4895147598772802
Subtransmission DC backbone,0.4945125254087464
Subtransmission DC backbone,0.5766181116432124
Subtransmission DC backbone,0.442293434931923
Subtransmission DC backbone,0.33506688725499634
Subtransmission DC backbone,0.40463513242101246
Subtransmission DC backbone,0.5418930792929385
Subtransmission DC backbone,0.44354837909304073
Subtransmission DC backbone,0.6819170199513005
Subtransmission DC backbone,0.5837489334363472
Subtransmission DC backbone,0.5057276393888541
Subtransmission DC backbone,0.7100883679796364
Subtransmission DC backbone,0.5460703883983234
Subtransmission DC backbone,0.5872232127096443
Subtransmission DC backbone,0.47430506871465306
Subtransmission DC backbone,0.4301772231580701
Subtransmission DC backbone,0.6692109166882759
Subtransmission DC backbone,0.37010157964532936
Subtransmission DC backbone,0.43574296088196623
Subtransmission DC backbone,0.6514468447023266
Subtransmission DC backbone,0.4270852603957264
Subtransmission DC backbone,0.5390445015862096
Subtransmission DC backbone,0.42498301561703467
Subtransmission DC backbone,0.45905671522436875
Subtransmission DC backbone,0.4304711924787272
Subtransmission DC backbone,0.3046184714879791
Subtransmission DC backbone,0.6288027421973479
Subtransmission DC backbone,0.5050821115278677
Subtransmission DC backbone,0.5295893281559145
Subtransmission DC backbone,0.6415161958996322
Subtransmission DC backbone,0.6512960661656083
Subtransmission DC backbone,0.47512361756272736
Subtransmission DC backbone,0.5016124373309219
Subtransmission DC backbone,0.4270346667990228
Subtransmission DC backbone,0.5395390210506339
Subtransmission DC backbone,0.6603443698599091
Subtransmission DC backbone,0.551848064458526
Subtransmission DC backbone,0.46460515125932533
Subtransmission DC backbone,0.5336079557766396
Subtransmission DC backbone,0.538432522015728
Subtransmission DC backbone,0.3018419244588843
Subtransmission DC backbone,0.520032766266777
Subtransmission DC backbone,0.4292902374367737
Subtransmission DC backbone,0.42068080987644085
Subtransmission DC backbone,0.5343747723780479
Subtransmission DC backbone,0.443031317472234
Subtransmission DC backbone,0.6074050688928455
Subtransmission DC backbone,0.4805048208793218
Subtransmission DC backbone,0.6884983619962081
Subtransmission DC backbone,0.490205879218169
Subtransmission DC backbone,0.44136410574741275
Subtransmission DC backbone,0.5712081053569751
Subtransmission DC backbone,0.48009005563672447
Subtransmission DC backbone,0.548251826347692
Subtransmission DC backbone,0.6482274864840826
Subtransmission DC backbone,0.5481631255002107
Subtransmission DC backbone,0.4936237759505491
Subtransmission DC backbone,0.46569996502071637
Subtransmission DC backbone,0.5153159661885152
Subtransmission DC backbone,0.5507420457662492
Subtransmission DC backbone,0.2800991608717024
Subtransmission DC backbone,0.5199748124814071
Subtransmission DC backbone,0.49719822143673004
Subtransmission DC backbone,0.5313608887108707
Subtransmission DC backbone,0.6901592525780806
Subtransmission DC backbone,0.5354040536785114
Subtransmission DC backbone,0.702478988205692
Subtransmission DC backbone,0.8022870749582216
Subtransmission DC backbone,0.46823702585641575
Subtransmission DC backbone,0.5803576774053038
Subtransmission DC backbone,0.38447784354643844
Subtransmission DC backbone,0.43126512807529266
Subtransmission DC backbone,0.3350327678571334
Subtransmission DC backbone,0.7960552202669
Subtransmission DC backbone,0.36502064982711124
Subtransmission DC backbone,0.5987211687446599
Subtransmission DC backbone,0.33568602214866117
Subtransmission DC backbone,0.48577538463749304
Subtransmission DC backbone,0.3934445746697087
Subtransmission DC backbone,0.6073961423863659
Subtransmission DC backbone,0.4316286039208018
Subtransmission DC backbone,0.8618494487084142
Subtransmission DC backbone,0.5653541310725093
Subtransmission DC backbone,0.368471384997963
Subtransmission DC backbone,0.7668083311846509
Subtransmission DC backbone,0.38482173733867164
Subtransmission DC backbone,0.5414550886340012
Subtransmission DC backbone,0.44854719238077284
Subtransmission DC backbone,0.7167457181395804
Subtransmission DC backbone,0.6386625790248162
Subtransmission DC backbone,0.303170316627304
Subtransmission DC backbone,0.4290414398347986
Subtransmission DC backbone,0.36107903348803877
Subtransmission DC backbone,0.43417527888802776
Subtransmission DC backbone,0.5520534731657056
Subtransmission DC backbone,1.0512941285821995
Subtransmission DC backbone,0.5711594973826936
Subtransmission DC backbone,0.26080383933296936
Subtransmission DC backbone,0.4961526277776694
Subtransmission DC backbone,0.414014173727603
Subtransmission DC backbone,0.5808064286571757
Subtransmission DC backbone,0.6711338069636856
Subtransmission DC backbone,0.46324089999377044
Subtransmission DC backbone,0.4618671362705078
Subtransmission DC backbone,0.25857026761210483
Subtransmission DC backbone,0.5484151914424128
Subtransmission DC backbone,0.645354810999036
Subtransmission DC backbone,0.6736818332173508
Subtransmission DC backbone,0.6874002476180447
Subtransmission DC backbone,0.6605329724579361
Subtransmission DC backbone,0.3824693495650207
Subtransmission DC backbone,0.3943920415321383
Subtransmission DC backbone,0.8095841171286954
Subtransmission DC backbone,0.5908121312915644
Subtransmission DC backbone,0.5544842977524622
Subtransmission DC backbone,0.40005335192965474
Subtransmission DC backbone,0.31283820803414897
Subtransmission DC backbone,0.476374224989711
Subtransmission DC backbone,0.5191804726914503
Subtransmission DC backbone,0.6322108516210041
Subtransmission DC backbone,0.5310492197735822
Subtransmission DC backbone,0.42767753916834117
Subtransmission DC backbone,0.49618932286859996
Subtransmission DC backbone,0.3978848422275915
Subtransmission DC backbone,0.4605179300190486
Subtransmission DC backbone,0.4535908730124584
Subtransmission DC backbone,0.8631170484933106
Subtransmission DC backbone,0.4029550146943709
Subtransmission DC backbone,0.4480715953371822
Subtransmission DC backbone,0.3997554035880512
Subtransmission DC backbone,0.44720313683387825
Subtransmission DC backbone,0.4271401997653278
Subtransmission DC backbone,0.6004960425956345
Subtransmission DC backbone,0.6239836458614083
Subtransmission DC backbone,0.6105181488760562
Subtransmission DC backbone,0.420556569854356
Subtransmission DC backbone,0.6807438753284345
Subtransmission DC backbone,0.7278913904427566
Subtransmission DC backbone,0.4383200236922781
Subtransmission DC backbone,0.6000687213340121
Subtransmission DC backbone,0.35245990372682323
Subtransmission DC backbone,0.3045033828273693
Subtransmission DC backbone,0.5330907896250375
Subtransmission DC backbone,0.5776421503582746
Subtransmission DC backbone,0.5553179790728642
Subtransmission DC backbone,0.5260561981110927
Subtransmission DC backbone,0.46107888808969744
Subtransmission DC backbone,0.46607546159278374
Subtransmission DC backbone,0.42964357194746633
Subtransmission DC backbone,0.30396775908257134
Subtransmission DC backbone,0.3659426345889857
Subtransmission DC backbone,0.566746305098772
Subtransmission DC backbone,0.3685881087329445
Subtransmission DC backbone,0.6238023198375063
Subtransmission DC backbone,0.4614273720996548
Subtransmission DC backbone,0.7661985427784468
Subtransmission DC backbone,0.48608055299614655
Subtransmission DC backbone,0.8828233048098918
Subtransmission DC backbone,0.6477549800458817
Subtransmission DC backbone,0.4953431033364294
Subtransmission DC backbone,0.5894241752154803
Subtransmission DC backbone,0.6529234304821213
Subtransmission DC backbone,0.428779483362685
Subtransmission DC backbone,0.45039933693095874
Subtransmission DC backbone,0.7597698383501716
Subtransmission DC backbone,0.5186455284304587
Subtransmission DC backbone,0.6666956384690684
Subtransmission DC backbone,0.3710983800357218
Subtransmission DC backbone,0.400944705402694
Subtransmission DC backbone,0.37820246681557257
Subtransmission DC backbone,0.34123082451768805
Subtransmission DC backbone,0.4318970048721798
Subtransmission DC backbone,0.6227246833956518
Subtransmission DC backbone,0.6130785595350248
Subtransmission DC backbone,0.5121594585640323
Subtransmission DC backbone,0.4818232454742681
Subtransmission DC backbone,0.3190783503587147
Subtransmission DC backbone,0.36058725726604346
Subtransmission DC backbone,0.3703762178547385
Subtransmission DC backbone,0.3842396185719909
Subtransmission DC backbone,0.3799465369556885
Subtransmission DC backbone,0.3824498490876639
Subtransmission DC backbone,0.6694698441995127
Subtransmission DC backbone,0.45698859198222463
Subtransmission DC backbone,0.4008807080472068
Subtransmission DC backbone,0.4845173297812155
Subtransmission DC backbone,0.5767672678367716
Subtransmission DC backbone,0.5527184507381693
Subtransmission DC backbone,0.5906508855075565
Subtransmission DC backbone,0.6238457426610092
Subtransmission DC backbone,0.4960639085040679
Subtransmission DC backbone,0.7964610485829698
Subtransmission DC backbone,0.4272158954082778
Subtransmission DC backbone,0.45974313617892776
Subtransmission DC backbone,0.5219126443061316
Subtransmission DC backbone,0.48300980261624166
Subtransmission DC backbone,0.5333019737419775
Subtransmission DC backbone,0.4397774544195429
Subtransmission DC backbone,0.5226167598603293
Subtransmission DC backbone,0.45403550187563296
Subtransmission DC backbone,0.5010714363141593
Subtransmission DC backbone,0.4541426703969344
Subtransmission DC backbone,0.6276718025739648
Subtransmission DC backbone,0.9204401178386923
Subtransmission DC backbone,0.5438629199509446
Subtransmission DC backbone,0.3766774173285888
Subtransmission DC backbone,0.506005458058229
Subtransmission DC backbone,0.5986339224726135
Subtransmission DC backbone,0.42117732606133595
Subtransmission DC backbone,0.3987231675383117
Subtransmission DC backbone,0.44962214700751646
Subtransmission DC backbone,0.6817585454374216
Subtransmission DC backbone,0.7357584107786318
Subtransmission DC backbone,0.5999258778269452
Subtransmission DC backbone,0.4401677460196548
Subtransmission DC backbone,0.762815657035889
Subtransmission DC backbone,0.6959645214462675
Subtransmission DC backbone,0.28332136697963833
Subtransmission DC backbone,0.4497466069588062
Subtransmission DC backbone,0.7351021530935752
Subtransmission DC backbone,0.6538601301265782
Subtransmission DC backbone,0.4081866560090567
Subtransmission DC backbone,0.6478499546276217
Subtransmission DC backbone,0.4841357422016622
Subtransmission DC backbone,0.5867799441690592
Subtransmission DC backbone,0.4464469350499839
Subtransmission DC backbone,0.5466109251501357
Subtransmission DC backbone,0.8129434884428033
Subtransmission DC backbone,0.2549546018230033
Subtransmission DC backbone,0.5152005608183872
Subtransmission DC backbone,0.6039581154258316
Subtransmission DC backbone,0.5068350209234568
Subtransmission DC backbone,0.3816370449269309
Subtransmission DC backbone,0.29464687720593885
Subtransmission DC backbone,0.4601541551287784
Subtransmission DC backbone,0.8091579177794517
Subtransmission DC backbone,0.42007149024761353
Subtransmission DC backbone,0.4336850367803103
Subtransmission DC backbone,0.48423600731507616
Subtransmission DC backbone,0.5793487037682294
Subtransmission DC backbone,0.4328335441673444
Subtransmission DC backbone,0.4481808560382694
Subtransmission DC backbone,0.7225491286075746
Subtransmission DC backbone,0.8019457027262579
Subtransmission DC backbone,0.32308731668138474
Subtransmission DC backbone,0.618635958129567
Subtransmission DC backbone,0.5863173417259476
Subtransmission DC backbone,0.5614552921582869
Subtransmission DC backbone,0.5051286425937176
Subtransmission DC backbone,0.5349980213701911
Subtransmission DC backbone,0.6158804731560633
Subtransmission DC backbone,0.3862555895636659
Subtransmission DC backbone,0.4007556959246622
Subtransmission DC backbone,0.5383433758513843
Subtransmission DC backbone,0.6504686610101573
Subtransmission DC backbone,0.49014424225415276
Subtransmission DC backbone,0.3879981016475033
Subtransmission DC backbone,0.47726462070748843
Subtransmission DC backbone,0.7298882340150733
Subtransmission DC backbone,0.807685173271494
Subtransmission DC backbone,0.5370723788581737
Subtransmission DC backbone,0.38398599805106326
Subtransmission DC backbone,0.5469780637138008
Subtransmission DC backbone,0.5430973081214244
Subtransmission DC backbone,0.5822770456287258
Subtransmission DC backbone,0.46782950811530055
Subtransmission DC backbone,0.6877772477123336
Subtransmission DC backbone,0.32472310471594334
Subtransmission DC backbone,0.45313735249759884
Subtransmission DC backbone,0.5165463267394413
Subtransmission DC backbone,0.42543289417196295
Subtransmission DC backbone,0.9327779487761009
Subtransmission DC backbone,0.47521266937651774
Subtransmission DC backbone,0.3209619999455061
Subtransmission DC backbone,0.4251494809978944
Subtransmission DC backbone,0.3617707258362533
Subtransmission DC backbone,0.482209025520503
Subtransmission DC backbone,0.38132710097875344
Subtransmission DC backbone,0.6319775177272171
Subtransmission DC backbone,0.34991903731185797
Subtransmission DC backbone,0.4831029325199483
Subtransmission DC backbone,0.384262723786489
Subtransmission DC backbone,0.4013125392530669
Subtransmission DC backbone,0.5878068900370366
Subtransmission DC backbone,0.5199109470827388
Subtransmission DC backbone,0.35439497046915286
Subtransmission DC backbone,0.7586608481640446
Subtransmission DC backbone,0.40077561612415935
Subtransmission DC backbone,0.40465186296536726
Subtransmission DC backbone,0.6009064643710272
Subtransmission DC backbone,0.4519733144525424
Subtransmission DC backbone,0.2901437318686691
Subtransmission DC backbone,0.6559059340465474
Subtransmission DC backbone,0.652555094130407
Subtransmission DC backbone,0.6407019436756511
Subtransmission DC backbone,0.3427998059301495
Subtransmission DC backbone,0.6059690121698273
Subtransmission DC backbone,0.4210412160350286
Subtransmission DC backbone,0.5387391368069242
Subtransmission DC backbone,0.6029755283753395
Subtransmission DC backbone,0.468479853088414
Subtransmission DC backbone,0.6494751645144692
Subtransmission DC backbone,0.49288762505753
Subtransmission DC backbone,0.41026852720687035
Subtransmission DC backbone,0.3942210592814225
Subtransmission DC backbone,0.7933161546466398
Subtransmission DC backbone,0.7261833828502183
Subtransmission DC backbone,0.5890939915152403
Subtransmission DC backbone,0.47006169184039054
Subtransmission DC backbone,0.6251240482738563
Subtransmission DC backbone,0.4828450053608187
Subtransmission DC backbone,0.36386555852387825
Subtransmission DC backbone,0.48153513323546715
Subtransmission DC backbone,0.485098192972945
Subtransmission DC backbone,0.3052509380772852
Subtransmission DC backbone,0.4067563294662694
Subtransmission DC backbone,0.3221369752153869
Subtransmission DC backbone,0.4600393305281067
Subtransmission DC backbone,0.47928957926836807
Subtransmission DC backbone,0.4059959011753131
Subtransmission DC backbone,0.507314886256508
Subtransmission DC backbone,0.6073000562918325
Subtransmission DC backbone,0.6531274967271251
Subtransmission DC backbone,0.9056370600994231
Subtransmission DC backbone,0.644092311389712
Subtransmission DC backbone,0.6306121680066659
Subtransmission DC backbone,0.4103456963022658
Subtransmission DC backbone,0.33741509462417163
Subtransmission DC backbone,0.5110610790805669
Subtransmission DC backbone,0.46227456352287205
Subtransmission DC backbone,0.4561043154967264
Subtransmission DC backbone,0.5550862370488922
Subtransmission DC backbone,0.38349331120666846
Subtransmission DC backbone,0.597647662626318
Subtransmission DC backbone,0.44439821011921277
Subtransmission DC backbone,0.570055199674877
Subtransmission DC backbone,0.40701405872547564
Subtransmission DC backbone,0.5892522133489916
Subtransmission DC backbone,0.5304487091672448
Subtransmission DC backbone,0.4559531735768823
Subtransmission DC backbone,0.6383624717144862
Subtransmission DC backbone,0.29121822607150455
Subtransmission DC backbone,0.4718998014599408
Subtransmission DC backbone,0.5666056722353449
Subtransmission DC backbone,0.6286294607727627
Subtransmission DC backbone,0.4820439644163536
Subtransmission DC backbone,0.7010759316267405
Subtransmission DC backbone,0.48895152323834346
Subtransmission DC backbone,0.6245300009637439
Subtransmission DC backbone,0.48601958298847864
Subtransmission DC backbone,0.5325527438256255
Subtransmission DC backbone,0.4870856055311234
Subtransmission DC backbone,0.5166899157835719
Subtransmission DC backbone,0.35326999245743335
Subtransmission DC backbone,0.6150346513829917
Subtransmission DC backbone,0.5078864369736575
Subtransmission DC backbone,0.28381460989498086
Subtransmission DC backbone,0.4124478423255535
Subtransmission DC backbone,0.4093564458076396
Subtransmission DC backbone,0.37656051287607717
Subtransmission DC backbone,0.312570143900329
Subtransmission DC backbone,0.4657588890535442
Subtransmission DC backbone,0.5739670997992846
Subtransmission DC backbone,0.41308101087966553
Subtransmission DC backbone,0.4448454015386087
Subtransmission DC backbone,0.38384944723848013
Subtransmission DC backbone,0.48407514286397757
Subtransmission DC backbone,0.4785704791333042
Subtransmission DC backbone,0.3830346135603023
Subtransmission DC backbone,0.7147897684063323
Subtransmission DC backbone,0.4894967231463849
Subtransmission DC backbone,0.5815279355438212
Subtransmission DC backbone,0.5661745507428767
Subtransmission DC backbone,0.6371318612728283
Subtransmission DC backbone,0.36738881996769035
Subtransmission DC backbone,0.7086765540671288
Subtransmission DC backbone,0.7619053686871229
Subtransmission DC backbone,0.5285182521107041
Subtransmission DC backbone,0.7223149160746182
Subtransmission DC backbone,0.3797424334801885
Subtransmission DC backbone,0.3625711533508356
Subtransmission DC backbone,0.41990769772810743
Subtransmission DC backbone,0.5362748502440937
Subtransmission DC backbone,0.665454504459056
Subtransmission DC backbone,0.6693001896242707
Subtransmission DC backbone,0.3753302803525575
Subtransmission DC backbone,0.3787382935238147
Subtransmission DC backbone,0.8507012912875704
Subtransmission DC backbone,0.7876829306357687
Subtransmission DC backbone,0.4429725865153982
Subtransmission DC backbone,0.36922304238864206
Subtransmission DC backbone,0.4687749282287181
Subtransmission DC backbone,0.4505202868770808
Subtransmission DC backbone,0.49012959978985915
Subtransmission DC backbone,0.6933774889974387
Subtransmission DC backbone,0.5992968473187421
Subtransmission DC backbone,0.506305280271147
Subtransmission DC backbone,0.5304748327452564
Subtransmission DC backbone,0.7673834241690273
Subtransmission DC backbone,0.3104455758094407
Subtransmission DC backbone,0.4483916651032022
Subtransmission DC backbone,0.5736364642939582
Subtransmission DC backbone,0.46430829937224105
Subtransmission DC backbone,0.7726095426561201
Subtransmission DC backbone,0.5599785140163346
Subtransmission DC backbone,0.39875670740745517
Subtransmission DC backbone,0.44734684399024743
Subtransmission DC backbone,0.8531109054887639
Subtransmission DC backbone,0.7407188423121184
Subtransmission DC backbone,0.6909324626721638
Subtransmission DC backbone,0.760347351936804
Subtransmission DC backbone,0.7036913149527239
Subtransmission DC backbone,0.4012143814697496
Subtransmission DC backbone,0.5378181574573458
Subtransmission DC backbone,0.47691323135872143
Subtransmission DC backbone,0.5189073642473635
Subtransmission DC backbone,0.5399901018874004
Subtransmission DC backbone,0.3752037525090498
Subtransmission DC backbone,0.3228918239243267
Subtransmission DC backbone,0.5885840979048635
Subtransmission DC backbone,0.5015542761230493
Subtransmission DC backbone,0.5054577940454079
Subtransmission DC backbone,0.3263338364590686
Subtransmission DC backbone,0.4691041413625255
Subtransmission DC backbone,0.6537696865850696
Subtransmission DC backbone,0.4369566466529504
Subtransmission DC backbone,0.4482182413475857
Subtransmission DC backbone,0.5333951955723109
Subtransmission DC backbone,0.7073962083957378
Subtransmission DC backbone,0.45014028415767077
Subtransmission DC backbone,0.5688897753549097
Subtransmission DC backbone,0.4374070649710596
Subtransmission DC backbone,0.5811484752555985
Subtransmission DC backbone,0.6619479405166487
Subtransmission DC backbone,0.5881510254681946
Subtransmission DC backbone,0.5880027924733167
Subtransmission DC backbone,0.4687581900377176
Subtransmission DC backbone,0.47969828332960407
Subtransmission DC backbone,0.3826289142420328
Subtransmission DC backbone,0.5375112713464636
Subtransmission DC backbone,0.38762501591445814
Subtransmission DC backbone,0.3863092528094265
Subtransmission DC backbone,0.4998018145120125
Subtransmission DC backbone,0.4349802473910515
Subtransmission DC backbone,0.585589085851746
Subtransmission DC backbone,0.42884173877814713
Subtransmission DC backbone,0.3483092679600109
Subtransmission DC backbone,0.4556564063496824
Subtransmission DC backbone,0.3394867279042414
Subtransmission DC backbone,0.3947528775332968
Subtransmission DC backbone,0.5103886910248833
Subtransmission DC backbone,0.563931235507924
Subtransmission DC backbone,0.6875450566322068
Subtransmission DC backbone,0.4392283180367875
Subtransmission DC backbone,0.6036311516367507
Subtransmission DC backbone,0.824300866302983
Subtransmission DC backbone,0.645987475399629
Subtransmission DC backbone,0.79312443179616
Subtransmission DC backbone,0.6907650542016648
Subtransmission DC backbone,0.5406884417944168
Subtransmission DC backbone,0.6274803364658268
Subtransmission DC backbone,0.5006023105342445
Subtransmission DC backbone,0.9292774919444534
Subtransmission DC backbone,0.40992992499800845
Subtransmission DC backbone,0.4960638961039915
Subtransmission DC backbone,0.5159431399383432
Subtransmission DC backbone,0.4572299626919766
Subtransmission DC backbone,0.5500364867470785
Subtransmission DC backbone,0.5652958301162002
Subtransmission DC backbone,0.3311571439300441
Subtransmission DC backbone,0.4554696750006659
Subtransmission DC backbone,0.37815324061714706
Subtransmission DC backbone,0.5418099299275044
Subtransmission DC backbone,0.5616613932000558
Subtransmission DC backbone,0.5827506648431461
Subtransmission DC backbone,0.48422585338571095
Subtransmission DC backbone,0.8149001804512542
Subtransmission DC backbone,0.33511682573832846
Subtransmission DC backbone,0.7641213558843519
Subtransmission DC backbone,0.5174401035247076
Subtransmission DC backbone,0.3995424802654155
Subtransmission DC backbone,0.5263731209414314
Subtransmission DC backbone,0.5045250922817437
Subtransmission DC backbone,0.6464075541154017
Subtransmission DC backbone,0.6716299192534416
Subtransmission DC backbone,0.4391180905126066
Subtransmission DC backbone,0.45372724988369745
Subtransmission DC backbone,0.8608205503360717
Subtransmission DC backbone,0.4063134966189536
Subtransmission DC backbone,0.30312964063519415
Subtransmission DC backbone,0.541852707330457
Subtransmission DC backbone,0.6068328817509441
Subtransmission DC backbone,0.5019634992872254
Subtransmission DC backbone,0.4897011998243644
Subtransmission DC backbone,0.6643830192037636
Subtransmission DC backbone,0.582860253513729
Subtransmission DC backbone,0.4093819747022528
Subtransmission DC backbone,0.45310516738544293
Subtransmission DC backbone,0.4670319501621868
Subtransmission DC backbone,0.5534329749262079
Subtransmission DC backbone,0.26976401525990235
Subtransmission DC backbone,0.6567305399927295
Subtransmission DC backbone,0.38800404246007064
Subtransmission DC backbone,0.668694689192954
Subtransmission DC backbone,0.4058019434301291
Subtransmission DC backbone,0.5732369826283289
Subtransmission DC backbone,0.5328690698219947
Subtransmission DC backbone,0.6538869805201826
Subtransmission DC backbone,0.5666815696447672
Subtransmission DC backbone,0.287708982869797
Subtransmission DC backbone,0.5902239547980225
Subtransmission DC backbone,0.42536461886877214
Subtransmission DC backbone,0.5593784078254863
Subtransmission DC backbone,0.6034550293537685
Subtransmission DC backbone,0.4384509263179039
Subtransmission DC backbone,0.4294416848811554
Subtransmission DC backbone,0.4551053017695162
Subtransmission DC backbone,0.612347448178422
Subtransmission DC backbone,0.5031312652287833
Subtransmission DC backbone,0.4587277188265218
Subtransmission DC backbone,0.3428931434476088
Subtransmission DC backbone,0.503517947226956
Subtransmission DC backbone,0.39824633435482804
Subtransmission DC backbone,0.3942045454716541
Subtransmission DC backbone,0.4037888801954797
Subtransmission DC backbone,0.5988332091208516
Subtransmission DC backbone,0.42162612708208996
Subtransmission DC backbone,0.6151658536187317
Subtransmission DC backbone,0.6531967211928004
Subtransmission DC backbone,0.38394483197597246
Subtransmission DC backbone,0.6078257019410482
Subtransmission DC backbone,0.41710383445879684
Subtransmission DC backbone,0.5302135114113636
Subtransmission DC backbone,0.3971145356064767
Subtransmission DC backbone,0.43902738372216615
Subtransmission DC backbone,0.4717766427798375
Subtransmission DC backbone,0.5871430286929031
Subtransmission DC backbone,0.5251229089731985
Subtransmission DC backbone,0.5690158255866581
Subtransmission DC backbone,0.33991384921365947
Subtransmission DC backbone,0.6830100692562319
Subtransmission DC backbone,0.4394258868077095
Subtransmission DC backbone,0.3710009311758955
Subtransmission DC backbone,0.8432324587765687
Subtransmission DC backbone,0.7548318110443452
Subtransmission DC backbone,0.39147024782433965
Subtransmission DC backbone,0.6727154120538539
Subtransmission DC backbone,0.3773893995940808
Subtransmission DC backbone,0.5530362833288245
Subtransmission DC backbone,0.38194693302972077
Subtransmission DC backbone,0.7063352560252592
Subtransmission DC backbone,0.4789748376399279
Subtransmission DC backbone,0.3567827803132655
Subtransmission DC backbone,0.5785098337012101
Subtransmission DC backbone,0.4751952579810558
Subtransmission DC backbone,0.44558392126893487
Subtransmission DC backbone,0.7010256546774809
Subtransmission DC backbone,0.42127473625661394
Subtransmission DC backbone,0.5226780705737448
Subtransmission DC backbone,0.478305094844017
Subtransmission DC backbone,0.7028267604322973
Subtransmission DC backbone,0.543599390643016
Subtransmission DC backbone,0.4321850013218787
Subtransmission DC backbone,0.3942509963188567
Subtransmission DC backbone,0.6866625135284535
Subtransmission DC backbone,0.37988663927009647
Subtransmission DC backbone,0.4888016719241887
Subtransmission DC backbone,0.38986120971984656
Subtransmission DC backbone,0.4404411300816095
Subtransmission DC backbone,0.45508208258828664
Subtransmission DC backbone,0.5276039972220026
Subtransmission DC backbone,0.40460079171346747
Subtransmission DC backbone,0.36623104327061823
Subtransmission DC backbone,0.5393760919056465
Subtransmission DC backbone,0.5125118623498534
Subtransmission DC backbone,0.5796992262075313
Subtransmission DC backbone,0.6867147276904106
Subtransmission DC backbone,0.3685258220663132
Subtransmission DC backbone,0.631928917159557
Subtransmission DC backbone,0.4997810617139202
Subtransmission DC backbone,0.579695300486194
Subtransmission DC backbone,0.33930528092384926
Subtransmission DC backbone,0.46936118697422113
Subtransmission DC backbone,0.9396205860769504
Subtransmission DC backbone,0.5910892672840543
Subtransmission DC backbone,0.3512644382469439
Subtransmission DC backbone,0.41947521708366337
Subtransmission DC backbone,0.4785876663535273
Subtransmission DC backbone,0.42106366819362934
Subtransmission DC backbone,0.37593493532425076
Subtransmission DC backbone,0.835278577108336
Subtransmission DC backbone,0.5600848302505945
Subtransmission DC backbone,0.5132383251954397
Subtransmission DC backbone,0.44841352158937686
Subtransmission DC backbone,0.5342280461991867
Subtransmission DC backbone,0.8008225888135493
Subtransmission DC backbone,0.6278090819122607
Subtransmission DC backbone,0.6082264170764503
Subtransmission DC backbone,0.4524117530326888
Subtransmission DC backbone,0.4046483933183501
Subtransmission DC backbone,0.693753905326906
Subtransmission DC backbone,0.5482200145970793
Subtransmission DC backbone,0.43380857273924534
Subtransmission DC backbone,0.6366398275786014
Subtransmission DC backbone,0.5785277613865025
Subtransmission DC backbone,0.4947885322786428
Subtransmission DC backbone,0.4562604297903746
Subtransmission DC backbone,0.6014691569520477
Subtransmission DC backbone,0.4718380701893452
Subtransmission DC backbone,0.5698778461322287
Subtransmission DC backbone,0.4757289764646319
Subtransmission DC backbone,0.4971931401766897
Subtransmission DC backbone,0.6878603535082527
Subtransmission DC backbone,0.3455633575308814
Subtransmission DC backbone,0.6034252711843332
Subtransmission DC backbone,0.3812869916769818
Subtransmission DC backbone,0.5675669439737655
Subtransmission DC backbone,0.5776464527477881
Subtransmission DC backbone,0.4959894071991122
Subtransmission DC backbone,0.42575452952323034
Subtransmission DC backbone,0.44091264375536915
Subtransmission DC backbone,0.37177904401406525
Subtransmission DC backbone,0.44126279316723593
Subtransmission DC backbone,0.32386085456829955
Subtransmission DC backbone,0.8149056871444011
Subtransmission DC backbone,0.417735412467554
Subtransmission DC backbone,0.3228382953902695
Subtransmission DC backbone,0.3832770612958946
Subtransmission DC backbone,0.42909907739431846
Subtransmission DC backbone,0.6298304446129802
Subtransmission DC backbone,0.3368275211004361
Subtransmission DC backbone,0.6623874259980759
Subtransmission DC backbone,0.523443163145999
Subtransmission DC backbone,0.6179398268535812
Subtransmission DC backbone,0.5345050032973656
Subtransmission DC backbone,0.48245270092454223
Subtransmission DC backbone,0.45116956983988143
Subtransmission DC backbone,0.46572538502077754
Subtransmission DC backbone,0.4327715069011044
Subtransmission DC backbone,0.6088356750301306
Subtransmission DC backbone,0.7138274267767474
Subtransmission DC backbone,0.3440081975039143
Subtransmission DC backbone,0.662712828486301
Subtransmission DC backbone,0.36039120808096337
Subtransmission DC backbone,0.3680931635228316
Subtransmission DC backbone,0.6580411316226209
Subtransmission DC backbone,0.3411709519194179
Subtransmission DC backbone,0.39503624989139235
Subtransmission DC backbone,0.7494791314199735
Subtransmission DC backbone,0.4080616268996676
Subtransmission DC backbone,0.5729057267745611
Subtransmission DC backbone,0.50036413889919
Subtransmission DC backbone,0.5639270714951308
Subtransmission DC backbone,0.587509479340771
Subtransmission DC backbone,0.6072501351255399
Subtransmission DC backbone,0.6551296118754218
Subtransmission DC backbone,0.5228680796081163
Subtransmission DC backbone,0.7869024814615015
Subtransmission DC backbone,0.6200754337540293
Subtransmission DC backbone,0.4296668649640397
Subtransmission DC backbone,0.5177086523088011
Subtransmission DC backbone,0.3645490325907932
Subtransmission DC backbone,0.47383834553401427
Subtransmission DC backbone,0.46386769194795197
Subtransmission DC backbone,0.42014032423777353
Subtransmission DC backbone,0.6143305920169297
Subtransmission DC backbone,0.34309338815096146
Subtransmission DC backbone,0.3997886152802266
Subtransmission DC backbone,0.6192965116463293
Subtransmission DC backbone,0.8413672672145516
Subtransmission DC backbone,0.40410146531032426
Subtransmission DC backbone,0.32375323942882495
Subtransmission DC backbone,0.5362926043629548
Subtransmission DC backbone,0.6606138642783552
Subtransmission DC backbone,0.43192751514682826
Subtransmission DC backbone,0.5255661485930925
Subtransmission DC backbone,0.6630681645959788
Subtransmission DC backbone,0.4475768412254897
Subtransmission DC backbone,0.4206705986391456
Subtransmission DC backbone,0.4746317226577909
Subtransmission DC backbone,0.43693472498632646
Subtransmission DC backbone,0.5312992884520746
Subtransmission DC backbone,0.3973539363270595
Subtransmission DC backbone,0.6608798918017841
Subtransmission DC backbone,0.6161161761483865
Subtransmission DC backbone,0.39783487366746567
Subtransmission DC backbone,0.454491518117135
Subtransmission DC backbone,0.6069412407775734
Subtransmission DC backbone,0.48092927798525864
Subtransmission DC backbone,0.455497871487578
Subtransmission DC backbone,0.39811401956426146
Subtransmission DC backbone,0.31321691343805275
Subtransmission DC backbone,0.4751268979850153
Subtransmission DC backbone,0.4058968806090037
Subtransmission DC backbone,0.4604892456982358
Subtransmission DC backbone,0.6048432619573423
Subtransmission DC backbone,0.6459634229512149
Subtransmission DC backbone,0.6106440877180044
Subtransmission DC backbone,0.6760783095044525
Subtransmission DC backbone,0.3388975631500114
Subtransmission DC backbone,0.4315844391230711
Subtransmission DC backbone,0.3798344005958937
Subtransmission DC backbone,0.48342434857011773
Subtransmission DC backbone,0.38150296987635096
Subtransmission DC backbone,0.7427203015442309
Subtransmission DC backbone,0.5584935434728009
Subtransmission DC backbone,0.6296495619891763
Subtransmission DC backbone,0.43864831438420065
Subtransmission DC backbone,0.6920732581570218
Subtransmission DC backbone,0.44379318465315076
Subtransmission DC backbone,0.3153507526891628
Subtransmission DC backbone,0.5782400294621493
Subtransmission DC backbone,0.5757933407389194
Subtransmission DC backbone,0.4883237931714345
Subtransmission DC backbone,0.6999576930401492
Subtransmission DC backbone,0.4194190474241211
Subtransmission DC backbone,0.5290031282362502
Subtransmission DC backbone,0.6803059601605386
Subtransmission DC backbone,0.578277432764247
Subtransmission DC backbone,0.5489623436689139
Subtransmission DC backbone,0.3213598495844553
Subtransmission DC backbone,0.40072970473971636
Subtransmission DC backbone,0.4689458254693186
Subtransmission DC backbone,0.5933347339315537
Subtransmission DC backbone,0.507973457754052
Subtransmission DC backbone,0.3501237152813396
Subtransmission DC backbone,1.05826766006821
Subtransmission DC backbone,0.5483767768418456
Subtransmission DC backbone,0.41440621417983975
Subtransmission DC backbone,0.35652774885343125
Subtransmission DC backbone,0.5712169798720786
Subtransmission DC backbone,0.4782527679922814
Subtransmission DC backbone,0.399157656883777
Subtransmission DC backbone,0.44082810995432464
Subtransmission DC backbone,0.539949445439337
Subtransmission DC backbone,0.41458410264209006
Subtransmission DC backbone,0.7766997879326695
Subtransmission DC backbone,0.4153592396347533
Subtransmission DC backbone,0.3983191511932203
Subtransmission DC backbone,0.4688114112172553
Subtransmission DC backbone,0.3743319236365287
Subtransmission DC backbone,0.474606172144188
Subtransmission DC backbone,0.39860162672545735
Subtransmission DC backbone,0.3010103164269469
Subtransmission DC backbone,0.6235408692426722
Subtransmission DC backbone,0.3928367860566141
Subtransmission DC backbone,0.5898835357037295
Subtransmission DC backbone,0.3791325484837904
Subtransmission DC backbone,0.45653640015736047
Subtransmission DC backbone,0.5825921935964268
Subtransmission DC backbone,0.4586428168622068
Subtransmission DC backbone,0.3247563506715949
Subtransmission DC backbone,0.6254455612332916
Subtransmission DC backbone,0.44671592176815433
Subtransmission DC backbone,0.4559990392497478
Subtransmission DC backbone,0.6169418298785724
Subtransmission DC backbone,0.3942711930061002
Subtransmission DC backbone,0.38762321716818526
Subtransmission DC backbone,0.35202642385862826
Subtransmission DC backbone,0.3205461031027765
Subtransmission DC backbone,0.3965375015616927
Subtransmission DC backbone,0.5094333004264846
Subtransmission DC backbone,0.604383283322948
Subtransmission DC backbone,0.5422704936922579
Subtransmission DC backbone,0.5425731190789459
Subtransmission DC backbone,0.609774593270213
Subtransmission DC backbone,0.4758678949772791
Subtransmission DC backbone,0.4720617600886359
Subtransmission DC backbone,0.29236428272786674
Subtransmission DC backbone,0.48824801298695947
Subtransmission DC backbone,0.537081865886338
Subtransmission DC backbone,0.6952399861128054
Subtransmission DC backbone,0.2909615932603733
Subtransmission DC backbone,0.5203111323140043
Subtransmission DC backbone,0.5767146388069032
Subtransmission DC backbone,0.5127672259963205
Subtransmission DC backbone,0.3612201794795451
Subtransmission DC backbone,0.5086840411629276
Subtransmission DC backbone,0.5172886419530853
Subtransmission DC backbone,0.2608083339987924
Subtransmission DC backbone,0.5072941489884031
Subtransmission DC backbone,0.5406686822943118
Subtransmission DC backbone,0.32359110321791495
Subtransmission DC backbone,0.8018946433516985
Subtransmission DC backbone,0.5634237406460996
Subtransmission DC backbone,0.44934861348464034
Subtransmission DC backbone,0.3003315384026577
Subtransmission DC backbone,0.2876913661845241
Subtransmission DC backbone,0.3006275276410324
Subtransmission DC backbone,0.6337359849368753
Subtransmission DC backbone,0.4034680732128563
Subtransmission DC backbone,0.32262627797546184
Subtransmission DC backbone,1.0972364324521071
Subtransmission DC backbone,0.4365277883912331
Subtransmission DC backbone,0.4861863354215725
Subtransmission DC backbone,0.42628592974008284
Subtransmission DC backbone,0.5761464026161133
Subtransmission DC backbone,0.5873915362782364
Subtransmission DC backbone,0.6526289666562601
Subtransmission DC backbone,0.4386715269533682
Subtransmission DC backbone,0.368254673741932
Subtransmission DC backbone,0.5305186218638029
Subtransmission DC backbone,0.4449645632100515
Subtransmission DC backbone,0.6197159746647728
Subtransmission DC backbone,0.6199766111443593
Subtransmission DC backbone,0.5850861128091638
Subtransmission DC backbone,0.28303395847566437
Subtransmission DC backbone,0.68808568746173
Subtransmission DC backbone,0.6705091087683539
Subtransmission DC backbone,0.43086093412262133
Subtransmission DC backbone,0.71997472967351
Subtransmission DC backbone,0.7074391063089336
Subtransmission DC backbone,0.5044081386155645
Subtransmission DC backbone,0.3793961997830205
Subtransmission DC backbone,0.48546682773674404
Subtransmission DC backbone,0.4805226178764478
Subtransmission DC backbone,0.48199122545824347
Subtransmission DC backbone,0.6338383408392263
Subtransmission DC backbone,0.9509598054612429
Subtransmission DC backbone,0.47995297666977554
Subtransmission DC backbone,0.7899195075696042
Subtransmission DC backbone,0.3161598496047459
Subtransmission DC backbone,0.3343871061055155
Subtransmission DC backbone,0.34462226793865747
Subtransmission DC backbone,0.39349256183959863
Subtransmission DC backbone,0.6840055737502552
Subtransmission DC backbone,0.5888872240426843
Subtransmission DC backbone,0.460681316755205
Subtransmission DC backbone,0.5835460682651068
Subtransmission DC backbone,0.417940067206576
Subtransmission DC backbone,0.4127570479745977
Subtransmission DC backbone,0.6711472584693311
Subtransmission DC backbone,0.4148357390957351
Subtransmission DC backbone,0.8314320255483628
Subtransmission DC backbone,0.4445254260312929
Subtransmission DC backbone,0.5054388569547656
Subtransmission DC backbone,0.34320173630390544
Subtransmission DC backbone,0.7082220777624558
Subtransmission DC backbone,0.3456451729518207
Subtransmission DC backbone,0.5917224594022008
Subtransmission DC backbone,0.5639077427898235
Subtransmission DC backbone,0.8099202098867205
Subtransmission DC backbone,0.4666987371507948
Subtransmission DC backbone,0.9663486712146311
Subtransmission DC backbone,0.7209378319465487
Subtransmission DC backbone,0.3107723083049509
Subtransmission DC backbone,0.5538752770960348
Subtransmission DC backbone,0.5162272396089546
Subtransmission DC backbone,0.3572519715141492
Subtransmission DC backbone,0.4923573180840176
Subtransmission DC backbone,0.7181097329615449
Subtransmission DC backbone,0.4952166832606192
Subtransmission DC backbone,0.6759261786866408
Subtransmission DC backbone,0.7749073657610301
Subtransmission DC backbone,0.5638450706947029
Subtransmission DC backbone,0.6922771677270787
Subtransmission DC backbone,0.46664080086695253
Subtransmission DC backbone,0.7799773016593614
Subtransmission DC backbone,0.33710706530574297
Subtransmission DC backbone,0.4958839427724127
Subtransmission DC backbone,0.5759988973500451
Subtransmission DC backbone,0.40099298781571535
Subtransmission DC backbone,0.37661314893119824
Subtransmission DC backbone,0.257317656104284
Subtransmission DC backbone,0.4701050894547086
Subtransmission DC backbone,0.5949753951044465
Subtransmission DC backbone,0.4755145860288298
Subtransmission DC backbone,0.3825533137784888
Subtransmission DC backbone,0.4915336369916093
Subtransmission DC backbone,0.7641836574013154
Subtransmission DC backbone,0.3225370621880975
Subtransmission DC backbone,0.5169981991346531
Subtransmission DC backbone,0.5031083505096798
Subtransmission DC backbone,0.5574928928723958
Subtransmission DC backbone,0.7201790824903596
Subtransmission DC backbone,0.3663903697121118
Subtransmission DC backbone,0.5280457606699087
Subtransmission DC backbone,0.3820568869645238
Subtransmission DC backbone,0.41422619887918005
Subtransmission DC backbone,0.42879344261321384
Subtransmission DC backbone,0.570491188145119
Subtransmission DC backbone,0.4371686081889589
Subtransmission DC backbone,0.47025908986053455
Subtransmission DC backbone,0.47503213133845096
Subtransmission DC backbone,0.41876186854596803
Subtransmission DC backbone,0.44220088175013467
Subtransmission DC backbone,0.5001752795662484
Subtransmission DC backbone,0.5429093007295327
Subtransmission DC backbone,0.41943997628003304
Subtransmission DC backbone,0.2726661572412201
Subtransmission DC backbone,0.6881868165790366
Subtransmission DC backbone,0.3637967421466912
Subtransmission DC backbone,0.7616778297402876
Subtransmission DC backbone,0.37108121250640025
Subtransmission DC backbone,0.5808963759632026
Subtransmission DC backbone,0.3646688047303892
Subtransmission DC backbone,0.5792937455409064
Subtransmission DC backbone,0.5554393806099014
Subtransmission DC backbone,0.3903681799590727
Subtransmission DC backbone,0.65505882352009
Subtransmission DC backbone,0.4963241919451309
Subtransmission DC backbone,0.3821657845075428
Subtransmission DC backbone,0.7457075065929041
Subtransmission DC backbone,0.5109061845825937
Subtransmission DC backbone,0.647174249371246
Subtransmission DC backbone,0.3972987488934844
Subtransmission DC backbone,0.6314675496375846
Subtransmission DC backbone,0.43079164283806265
Subtransmission DC backbone,0.412143584760985
Subtransmission DC backbone,0.4783054278513375
Subtransmission DC backbone,0.7435380467231794
Subtransmission DC backbone,0.6093275487884816
Subtransmission DC backbone,0.4431961188813948
Subtransmission DC backbone,0.48510495986671215
Subtransmission DC backbone,0.6305547832127643
Subtransmission DC backbone,0.5836659278178837
Subtransmission DC backbone,0.44393239176566685
Subtransmission DC backbone,0.48890160906157365
Subtransmission DC backbone,0.34309091441901
Subtransmission DC backbone,0.4109843406945152
Subtransmission DC backbone,0.695293139680816
Subtransmission DC backbone,0.39836333706227295
Subtransmission DC backbone,0.49498476785089
Subtransmission DC backbone,0.5951360642729564
Subtransmission DC backbone,0.38227366962830567
Subtransmission DC backbone,0.46103399072354456
Subtransmission DC backbone,0.42859487493647397
Subtransmission DC backbone,0.5771196703460826
Subtransmission DC backbone,0.40846027903336396
Subtransmission DC backbone,0.7868770926719152
Subtransmission DC backbone,0.42441197398511793
Subtransmission DC backbone,0.28384135548605827
Subtransmission DC backbone,0.4244042067595235
Subtransmission DC backbone,0.5203856266327695
Subtransmission DC backbone,0.4363248447055742
Subtransmission DC backbone,0.3998915169924626
Subtransmission DC backbone,0.5247035703052806
Subtransmission DC backbone,0.4978931785581945
Subtransmission DC backbone,0.6401243830698238
Subtransmission DC backbone,0.5122517602053833
Subtransmission DC backbone,0.4779078719728165
Subtransmission DC backbone,0.6443966316035133
Subtransmission DC backbone,0.4820206579649741
Subtransmission DC backbone,0.545188351531738
Subtransmission DC backbone,0.4882798654086566
Subtransmission DC backbone,0.6332475853248131
Subtransmission DC backbone,0.5476357380196737
Subtransmission DC backbone,0.5148566649589924
Subtransmission DC backbone,0.3763940312025212
Subtransmission DC backbone,0.3294229397179141
Subtransmission DC backbone,0.6187114764128421
Subtransmission DC backbone,0.26552798962312435
Subtransmission DC backbone,0.38686643633490525
Subtransmission DC backbone,0.8633685674046117
Subtransmission DC backbone,0.6706735940547244
Subtransmission DC backbone,0.3580264707956454
Subtransmission DC backbone,0.4630084108325178
Subtransmission DC backbone,0.7082318595196853
Subtransmission DC backbone,0.463812528434501
Subtransmission DC backbone,0.4439589472181071
Subtransmission DC backbone,0.39363331246211164
Subtransmission DC backbone,0.2547769682170399
Subtransmission DC backbone,0.43473432469238293
Subtransmission DC backbone,0.5305127011451143
Subtransmission DC backbone,0.28415849163195983
Subtransmission DC backbone,0.9712052472585225
Subtransmission DC backbone,0.583968840263466
Subtransmission DC backbone,0.617652837982123
Subtransmission DC backbone,0.39278815328319633
Subtransmission DC backbone,0.40559398890222204
Subtransmission DC backbone,0.35937572677887897
Subtransmission DC backbone,0.48739130453984786
Subtransmission DC backbone,0.4469024732807233
Subtransmission DC backbone,0.5638861110804052
Subtransmission DC backbone,0.40941986401087593
Subtransmission DC backbone,0.6591568164754233
Subtransmission DC backbone,0.4983958121441315
Subtransmission DC backbone,0.9598162927214241
Subtransmission DC backbone,0.5203728200105838
Subtransmission DC backbone,0.6653925710544768
Subtransmission DC backbone,0.5285541257070717
Subtransmission DC backbone,0.8929087565560688
Subtransmission DC backbone,0.5200397630740831
Subtransmission DC backbone,0.5166671307383247
Subtransmission DC backbone,0.2771260532668064
Subtransmission DC backbone,0.44759357040149994
Subtransmission DC backbone,0.38785321775229603
Subtransmission DC backbone,0.4178773484760425
Subtransmission DC backbone,0.4915382481835934
Subtransmission DC backbone,0.7593028760541649
Subtransmission DC backbone,0.847797339580934
Subtransmission DC backbone,0.4805804807268488
Subtransmission DC backbone,0.41486645312242204
Subtransmission DC backbone,0.5100476860547545
Subtransmission DC backbone,0.60993100513281
Subtransmission DC backbone,0.5365592842865076
Subtransmission DC backbone,0.6327402241813483
Subtransmission DC backbone,0.4523998521276851
Subtransmission DC backbone,0.8690895611068675
Subtransmission DC backbone,0.28250727905379097
Subtransmission DC backbone,0.41530227641431156
Subtransmission DC backbone,0.5401241680851193
Subtransmission DC backbone,0.7552597550435679
Subtransmission DC backbone,0.8680747687826299
Subtransmission DC backbone,0.7398281095419339
Subtransmission DC backbone,0.3472710987250335
Subtransmission DC backbone,0.48335966519941476
Subtransmission DC backbone,0.4663722394050924
Subtransmission DC backbone,0.8502424478090996
Subtransmission DC backbone,0.3195181506848733
Subtransmission DC backbone,0.5075662123669903
Subtransmission DC backbone,0.5754300583392661
Subtransmission DC backbone,0.5526096840535519
Subtransmission DC backbone,0.4258151677618278
Subtransmission DC backbone,0.4046553179233533
Subtransmission DC backbone,0.5617882882888109
Subtransmission DC backbone,0.4875660597395224
Subtransmission DC backbone,0.8048859710653529
Subtransmission DC backbone,0.5876341300177992
Subtransmission DC backbone,0.4006579712711887
Subtransmission DC backbone,0.3736257991686793
Subtransmission DC backbone,0.4110177230716111
Subtransmission DC backbone,0.5011567064365036
Subtransmission DC backbone,0.5508015650422945
Subtransmission DC backbone,0.4256896480621458
Subtransmission DC backbone,0.6553118435005397
Subtransmission DC backbone,0.3540191814625957
Subtransmission DC backbone,0.250397396184012
Subtransmission DC backbone,0.5244111406389913
Subtransmission DC backbone,0.4221587731532874
Subtransmission DC backbone,0.611997691286064
Subtransmission DC backbone,0.44893091866318185
Subtransmission DC backbone,0.5046566655905568
Subtransmission DC backbone,0.6484054803816579
Subtransmission DC backbone,0.41474221944933454
Subtransmission DC backbone,0.3035208610013593
Subtransmission DC backbone,0.5308252569266501
Subtransmission DC backbone,0.38675383773273797
Subtransmission DC backbone,0.30935459129173776
Subtransmission DC backbone,0.6927325899724102
Subtransmission DC backbone,0.5236258175623153
Subtransmission DC backbone,0.47572373361502396
Subtransmission DC backbone,0.5878899601761667
Subtransmission DC backbone,0.5537665071127114
Subtransmission DC backbone,0.6663280956169414
Subtransmission DC backbone,0.4874049147523719
Subtransmission DC backbone,0.7140050945227374
Subtransmission DC backbone,0.3563250680608024
Subtransmission DC backbone,0.7859486792457775
Subtransmission DC backbone,0.35831137885745723
Subtransmission DC backbone,0.7735229032586495
Subtransmission DC backbone,0.5242000161203793
Subtransmission DC backbone,0.4690071730973847
Subtransmission DC backbone,0.6378361082388122
Subtransmission DC backbone,0.6378930863774712
Subtransmission DC backbone,0.5723174421127676
Subtransmission DC backbone,0.7688176500302366
Subtransmission DC backbone,0.5286447811687983
Subtransmission DC backbone,0.5342670686860268
Subtransmission DC backbone,0.3705051803122366
Subtransmission DC backbone,0.5981090813282233
Subtransmission DC backbone,0.5958663037326102
Subtransmission DC backbone,0.8836711614142836
Subtransmission DC backbone,0.5636974762731861
Subtransmission DC backbone,0.5895274418610863
Subtransmission DC backbone,0.4365001995336694
Subtransmission DC backbone,0.6393931138691463
Subtransmission DC backbone,0.5369304983982816
Subtransmission DC backbone,0.5747226636719556
Subtransmission DC backbone,0.46076697305030195
Subtransmission DC backbone,0.4256913638387107
Subtransmission DC backbone,0.6279749322640769
Subtransmission DC backbone,0.48272782047459206
Subtransmission DC backbone,0.28799228153538603
Subtransmission DC backbone,0.5208599393666795
Subtransmission DC backbone,0.4106468092402501
Subtransmission DC backbone,0.5627462450677082
Subtransmission DC backbone,0.5557251267175558
Subtransmission DC backbone,0.31407659294064016
Subtransmission DC backbone,0.5198613491563685
Subtransmission DC backbone,0.33193903275824893
Subtransmission DC backbone,0.5075207049179828
Subtransmission DC backbone,0.4393342693248928
Subtransmission DC backbone,0.35667201656537495
Subtransmission DC backbone,0.4142351099810806
Subtransmission DC backbone,0.4409143309308032
Subtransmission DC backbone,0.3573251424343573
Subtransmission DC backbone,0.36691052430422655
Subtransmission DC backbone,0.7888613029181797
Subtransmission DC backbone,0.3300182001564788
Subtransmission DC backbone,0.4216518533530076
Subtransmission DC backbone,0.4797666892391333
Subtransmission DC backbone,0.2956639013047502
Subtransmission DC backbone,0.544316122185815
Subtransmission DC backbone,0.34212873656326787
Subtransmission DC backbone,0.27762560755607396
Subtransmission DC backbone,0.46279999626924007
Subtransmission DC backbone,0.5540457854114518
Subtransmission DC backbone,0.4043502416922553
Subtransmission DC backbone,0.36499647826549075
Subtransmission DC backbone,0.8287996596952822
Subtransmission DC backbone,0.34731890488171263
Subtransmission DC backbone,0.5644408115350238
Subtransmission DC backbone,0.4997352078773789
Subtransmission DC backbone,0.38748711182122336
Subtransmission DC backbone,0.5235514771136546
Subtransmission DC backbone,0.628182916506902
Subtransmission DC backbone,0.3849568608299816
Subtransmission DC backbone,0.3611096276351335
Subtransmission DC backbone,0.5017419154234913
Subtransmission DC backbone,0.41317976863197886
Subtransmission DC backbone,0.27868233934290154
Subtransmission DC backbone,0.6220999255663502
Subtransmission DC backbone,0.33077030919987566
Subtransmission DC backbone,0.7005186628117649
Subtransmission DC backbone,0.45687319445020574
Subtransmission DC backbone,0.31822200086839175
Subtransmission DC backbone,0.42340368810256757
Subtransmission DC backbone,0.5365066432264215
Subtransmission DC backbone,0.46743502948924487
Subtransmission DC backbone,0.6926406347280509
Subtransmission DC backbone,0.4175000080619478
Subtransmission DC backbone,0.48024274206873313
Subtransmission DC backbone,0.4838281309856341
Subtransmission DC backbone,0.5949894859126159
Subtransmission DC backbone,0.46886104264360706
Subtransmission DC backbone,0.7647428609496729
Subtransmission DC backbone,0.6729236984813014
Subtransmission DC backbone,0.6097408811953487
Subtransmission DC backbone,0.5672110672059067
Subtransmission DC backbone,0.6516317508570242
Subtransmission DC backbone,0.4621990628664653
Subtransmission DC backbone,0.30362371198761173
Subtransmission DC backbone,0.3259643614032378
Subtransmission DC backbone,0.4276701515635204
Subtransmission DC backbone,0.48780929489052993
Subtransmission DC backbone,0.6232488193658143
Subtransmission DC backbone,0.48781472385679836
Subtransmission DC backbone,0.6642990699455062
Subtransmission DC backbone,0.4288332517740206
Subtransmission DC backbone,0.5337830230848097
Subtransmission DC backbone,0.9379966283376515
Subtransmission DC backbone,0.4198807032114945
Subtransmission DC backbone,0.5113104356694937
Subtransmission DC backbone,0.6652861403988686
Subtransmission DC backbone,0.5324217663604904
Subtransmission DC backbone,0.5312907359395728
Subtransmission DC backbone,0.5589711621276525
Subtransmission DC backbone,0.3641699774523916
Subtransmission DC backbone,0.41187353599764787
Subtransmission DC backbone,0.46199667682830914
Subtransmission DC backbone,0.45859480935566566
Subtransmission DC backbone,0.5453069239122682
Subtransmission DC backbone,0.3298465244207935
Subtransmission DC backbone,0.5441121968081599
Subtransmission DC backbone,0.48217687026000405
Subtransmission DC backbone,0.39314782313721386
Subtransmission DC backbone,0.4630389635069568
Subtransmission DC backbone,0.45822619238353135
Subtransmission DC backbone,0.6477327046225132
Subtransmission DC backbone,0.4054148524038023
Subtransmission DC backbone,0.5142858386191257
Subtransmission DC backbone,0.4922350068213551
Subtransmission DC backbone,0.8013037330515173
Subtransmission DC backbone,0.4586521804061726
Subtransmission DC backbone,0.41444644673968134
Subtransmission DC backbone,0.5510906260460894
Subtransmission DC backbone,0.7808684209033984
Subtransmission DC backbone,0.26974567527417326
Subtransmission DC backbone,0.49544090659308304
Subtransmission DC backbone,0.4644260226449439
Subtransmission DC backbone,0.4315780262161468
Subtransmission DC backbone,0.36757505279812314
Subtransmission DC backbone,0.44908713089224916
Subtransmission DC backbone,0.44162743343798766
Subtransmission DC backbone,0.33647695022785135
Subtransmission DC backbone,0.6788050199300778
Subtransmission DC backbone,0.5661194671957466
Subtransmission DC backbone,0.753255870876848
Subtransmission DC backbone,0.6497570459881871
Subtransmission DC backbone,0.657771686945704
Subtransmission DC backbone,0.5328380962155965
Subtransmission DC backbone,0.5074670413584993
Subtransmission DC backbone,0.4954240319291759
Subtransmission DC backbone,0.5497748264126056
Subtransmission DC backbone,0.47450962623317894
Subtransmission DC backbone,0.42690510118613956
Subtransmission DC backbone,0.4463330789648333
Subtransmission DC backbone,0.5802230329718437
Subtransmission DC backbone,0.4862702120668734
Subtransmission DC backbone,0.3761514427404573
Subtransmission DC backbone,0.37507029792567975
Subtransmission DC backbone,0.47460858950273926
Subtransmission DC backbone,0.5577675475640983
Subtransmission DC backbone,0.42342324630864603
Subtransmission DC backbone,0.49972058468440206
Subtransmission DC backbone,0.5257645934649222
Subtransmission DC backbone,0.3161556291139832
Subtransmission DC backbone,0.6405649601339216
Subtransmission DC backbone,0.4341596636619978
Subtransmission DC backbone,0.4661484529661628
Subtransmission DC backbone,0.28900900039415206
Subtransmission DC backbone,0.4940619580022812
Subtransmission DC backbone,0.7389735208540672
Subtransmission DC backbone,0.39614984972011164
Subtransmission DC backbone,0.38657527895826904
Subtransmission DC backbone,0.6742042342717536
Subtransmission DC backbone,0.6619662227184773
Subtransmission DC backbone,0.6923745289907706
Subtransmission DC backbone,0.4198998985950125
Subtransmission DC backbone,0.5485732445503427
Subtransmission DC backbone,0.30909115314893837
Subtransmission DC backbone,0.4426830045146218
Subtransmission DC backbone,0.4527174870918508
Subtransmission DC backbone,0.4177990307005282
Subtransmission DC backbone,0.6676995741125157
Subtransmission DC backbone,0.4183658751041677
Subtransmission DC backbone,0.8838600715982782
Subtransmission DC backbone,0.47122125563157913
Subtransmission DC backbone,0.3560864703810974
Subtransmission DC backbone,0.5099278506068393
Subtransmission DC backbone,0.5481694953608881
Subtransmission DC backbone,0.3915921713678933
Subtransmission DC backbone,0.33404848633802225
Subtransmission DC backbone,0.5398946482371428
Subtransmission DC backbone,0.6727080846001208
Subtransmission DC backbone,0.3821549859777668
Subtransmission DC backbone,0.7119748169664246
Subtransmission DC backbone,0.5677525497406626
Subtransmission DC backbone,0.41619331295145434
Subtransmission DC backbone,0.8183062465300631
Subtransmission DC backbone,0.5339591685006732
Subtransmission DC backbone,0.5719693739713907
Subtransmission DC backbone,0.35033314511372976
Subtransmission DC backbone,0.32516992312043175
Subtransmission DC backbone,0.7160152563476458
Subtransmission DC backbone,0.3257558236973121
Subtransmission DC backbone,0.2849974963461779
Subtransmission DC backbone,0.5937841692000627
Subtransmission DC backbone,0.569099442036949
Subtransmission DC backbone,0.6946084827150234
Subtransmission DC backbone,0.35108168169100284
Subtransmission DC backbone,0.6419218198892718
Subtransmission DC backbone,0.4454031735177727
Subtransmission DC backbone,0.4225287024725779
Subtransmission DC backbone,0.387539009676916
Subtransmission DC backbone,0.6002155241807953
Subtransmission DC backbone,0.5202612255656004
Subtransmission DC backbone,0.4253732500073946
Subtransmission DC backbone,0.7768076886366941
Subtransmission DC backbone,0.7045654258172814
Subtransmission DC backbone,0.6228573273170994
Subtransmission DC backbone,0.3384070712652612
Subtransmission DC backbone,0.5393911490105427
Subtransmission DC backbone,0.5273553775828421
Subtransmission DC backbone,0.42559828301204095
Subtransmission DC backbone,0.4285215152652534
Subtransmission DC backbone,0.391364583269476
Subtransmission DC backbone,0.5227086679728263
Subtransmission DC backbone,0.511496693553843
Subtransmission DC backbone,0.5022707943250894
Subtransmission DC backbone,0.40511001822570075
Subtransmission DC backbone,0.6391980808836658
Subtransmission DC backbone,0.7387269812713954
Subtransmission DC backbone,0.7156339710594948
Subtransmission DC backbone,0.5254812366353429
Subtransmission DC backbone,0.5850631333691596
Subtransmission DC backbone,1.0036910371192824
Subtransmission DC backbone,0.7894061677303325
Subtransmission DC backbone,0.5709765203621716
Subtransmission DC backbone,0.5564437937377025
Subtransmission DC backbone,0.46327529191343186
Subtransmission DC backbone,0.3377715048208646
Subtransmission DC backbone,0.4276118838052197
Subtransmission DC backbone,0.5188201004316906
Subtransmission DC backbone,0.5437914800926666
Subtransmission DC backbone,0.44490752148755686
Subtransmission DC backbone,0.5355708082843181
Subtransmission DC backbone,0.551977596878862
Subtransmission DC backbone,0.31135407698819667
Subtransmission DC backbone,0.38851193478238133
Subtransmission DC backbone,0.4469814860387066
Subtransmission DC backbone,0.4061030501868895
Subtransmission DC backbone,0.44196028234073104
Subtransmission DC backbone,0.5170553909771279
Subtransmission DC backbone,0.4798485814579751
Subtransmission DC backbone,0.36575217268855
Subtransmission DC backbone,0.42370389940783537
Subtransmission DC backbone,0.3215187732142315
Subtransmission DC backbone,0.6120217662110019
Subtransmission DC backbone,0.5292792120301303
Subtransmission DC backbone,0.6826611689004005
Subtransmission DC backbone,0.6231907904197856
Subtransmission DC backbone,0.5045834988719843
Subtransmission DC backbone,0.613630864555274
Subtransmission DC backbone,0.288085454976005
Subtransmission DC backbone,0.5042457378315176
Subtransmission DC backbone,0.6593003925051465
Subtransmission DC backbone,0.714392037472036
Subtransmission DC backbone,0.3645315139809636
Subtransmission DC backbone,0.5422426889476618
Subtransmission DC backbone,0.34398285733795786
Subtransmission DC backbone,0.4480197264638365
Subtransmission DC backbone,0.5411092959889222
Subtransmission DC backbone,0.6931796693650549
Subtransmission DC backbone,0.6922144414072349
Subtransmission DC backbone,0.4223798700611307
Subtransmission DC backbone,0.4983440822864416
Subtransmission DC backbone,0.48977234498290767
Subtransmission DC backbone,0.2704831700650861
Subtransmission DC backbone,0.7086028805436995
Subtransmission DC backbone,0.3785629963878887
Subtransmission DC backbone,0.3402088860315633
Subtransmission DC backbone,0.7127106183756297
Subtransmission DC backbone,0.4161476752003553
Subtransmission DC backbone,0.46240792396866653
Subtransmission DC backbone,0.5337282819380141
Subtransmission DC backbone,0.7692274420120593
Subtransmission DC backbone,0.39594611135205027
Subtransmission DC backbone,0.6377359655005405
Subtransmission DC backbone,0.4351059728116239
Subtransmission DC backbone,0.5157336981827162
Subtransmission DC backbone,0.4816640888431282
Subtransmission DC backbone,0.8842564994532347
Subtransmission DC backbone,0.640162512222745
Subtransmission DC backbone,0.7041353963882033
Subtransmission DC backbone,0.38080303875335125
Subtransmission DC backbone,0.5057294112503586
Subtransmission DC backbone,0.40745024997707807
Subtransmission DC backbone,0.4190748058087274
Subtransmission DC backbone,0.4903238583148421
Subtransmission DC backbone,0.5804810642735586
Subtransmission DC backbone,0.7125995656676903
Subtransmission DC backbone,0.4080880909964508
Subtransmission DC backbone,0.468713710278684
Subtransmission DC backbone,0.8402626805576371
Subtransmission DC backbone,0.6593828385393777
Subtransmission DC backbone,0.5323417701369582
Subtransmission DC backbone,0.5203132458366815
Subtransmission DC backbone,0.3109892042546764
Subtransmission DC backbone,0.36302714258487095
Subtransmission DC backbone,0.6228624675411617
Subtransmission DC backbone,0.3886352740772946
Subtransmission DC backbone,0.37611901018830074
Subtransmission DC backbone,0.5761065438452966
Subtransmission DC backbone,0.30998351737692764
Subtransmission DC backbone,0.4815388548463391
Subtransmission DC backbone,0.34501319923945695
Subtransmission DC backbone,0.38859705133451977
Subtransmission DC backbone,0.5734904778773102
Subtransmission DC backbone,0.40852508437667934
Subtransmission DC backbone,0.5174901256694777
Subtransmission DC backbone,0.4382162231786197
Subtransmission DC backbone,0.5753288515629212
Subtransmission DC backbone,0.6004663701139643
Subtransmission DC backbone,0.6648168968055203
Subtransmission DC backbone,0.2761858396965156
Subtransmission DC backbone,0.3768784715352286
Subtransmission DC backbone,0.5961719522845818
Subtransmission DC backbone,0.37405645804944504
Subtransmission DC backbone,0.33514504818852137
Subtransmission DC backbone,0.42953312631967916
Subtransmission DC backbone,0.3801475458389404
Subtransmission DC backbone,0.5592784022230477
Subtransmission DC backbone,0.4300903618462285
Subtransmission DC backbone,0.44246634339008883
Subtransmission DC backbone,0.385232254551072
Subtransmission DC backbone,0.5244916117605382
Subtransmission DC backbone,0.5555703853856281
Subtransmission DC backbone,0.5118057128244871
Subtransmission DC backbone,0.49929132198181897
Subtransmission DC backbone,0.30290210265989476
Subtransmission DC backbone,0.5378007455901788
Subtransmission DC backbone,0.5828954576704652
Subtransmission DC backbone,0.39126007746252256
Subtransmission DC backbone,0.46191129251345586
Subtransmission DC backbone,0.6413207189126932
Subtransmission DC backbone,0.47579085517226893
Subtransmission DC backbone,0.3303324920219648
Subtransmission DC backbone,0.5749563105376699
Subtransmission DC backbone,0.32917238483829764
Subtransmission DC backbone,0.6567257695108878
Subtransmission DC backbone,0.45738782178255444
Subtransmission DC backbone,0.5222200752373196
Subtransmission DC backbone,0.39830953124457036
Subtransmission DC backbone,0.3533403054143837
Subtransmission DC backbone,0.5371880068711542
Subtransmission DC backbone,0.6165267058958386
Subtransmission DC backbone,0.7138186887805149
Subtransmission DC backbone,0.4559765423263791
Subtransmission DC backbone,0.2592167056894194
Subtransmission DC backbone,0.3707726653304509
Subtransmission DC backbone,0.5160204909284327
Subtransmission DC backbone,0.3635910793741299
Subtransmission DC backbone,0.8216507798416363
Subtransmission DC backbone,0.5559766120510594
Subtransmission DC backbone,0.3307422212738485
Subtransmission DC backbone,0.5517419956091485
Subtransmission DC backbone,0.6262578680569079
Subtransmission DC backbone,0.5869417211467507
Subtransmission DC backbone,0.4104820926574518
Subtransmission DC backbone,0.7834944311566757
Subtransmission DC backbone,0.5109396994695954
Subtransmission DC backbone,0.7242312713171619
Subtransmission DC backbone,0.5668622691914436
Subtransmission DC backbone,0.4660241965522525
Subtransmission DC backbone,0.4880865030336841
Subtransmission DC backbone,0.583266175245249
Subtransmission DC backbone,0.4072670033933539
Subtransmission DC backbone,0.37820523377585963
Subtransmission DC backbone,0.5982919270854863
Subtransmission DC backbone,0.5161610115075327
Subtransmission DC backbone,0.5014284571261022
Subtransmission DC backbone,0.5710533888698175
Subtransmission DC backbone,0.33063678335786345
Subtransmission DC backbone,0.657536232105295
Subtransmission DC backbone,0.4532486718376125
Subtransmission DC backbone,0.5901581204006069
Subtransmission DC backbone,0.6538448241913858
Subtransmission DC backbone,0.6903468756266148
Subtransmission DC backbone,0.422870167790003
Subtransmission DC backbone,0.3934190513091932
Subtransmission DC backbone,0.4420716471424821
Subtransmission DC backbone,0.5267626000427458
Subtransmission DC backbone,0.4400242043420602
Subtransmission DC backbone,0.4012132795039611
Subtransmission DC backbone,0.8737093541383291
Subtransmission DC backbone,0.582592916090952
Subtransmission DC backbone,0.47203353211611687
Subtransmission DC backbone,0.31465348980329994
Subtransmission DC backbone,0.5491638475264302
Subtransmission DC backbone,0.3875116547537213
Subtransmission DC backbone,0.4706371381173787
Subtransmission DC backbone,0.34743470541581073
Subtransmission DC backbone,0.4453172861248368
Subtransmission DC backbone,0.2879756935068255
Subtransmission DC backbone,0.24808646306512644
Subtransmission DC backbone,0.5941386791647096
Subtransmission DC backbone,0.40487179653274785
Subtransmission DC backbone,0.5205135187048473
Subtransmission DC backbone,0.5987706076522477
Subtransmission DC backbone,0.6998253438001003
Subtransmission DC backbone,0.43468580657731676
Subtransmission DC backbone,0.4513635553188437
Subtransmission DC backbone,0.9279176722313976
Subtransmission DC backbone,0.5121361921319416
Subtransmission DC backbone,0.4588350758731784
Subtransmission DC backbone,0.4755263086427316
Subtransmission DC backbone,0.5237384724546006
Subtransmission DC backbone,0.4994206791825136
Subtransmission DC backbone,0.6860522212685687
Subtransmission DC backbone,0.5683970319493679
Subtransmission DC backbone,0.524552657130772
Subtransmission DC backbone,0.6706003214592074
Subtransmission DC backbone,0.39931297922216735
Subtransmission DC backbone,0.302604518444967
Subtransmission DC backbone,0.5598534121078979
Subtransmission DC backbone,0.4391178226631417
Subtransmission DC backbone,0.6133543456367321
Subtransmission DC backbone,0.44632984676572973
Subtransmission DC backbone,0.2707790053608759
Subtransmission DC backbone,0.36295056319452523
Subtransmission DC backbone,0.4135459878949038
Subtransmission DC backbone,0.4383833304285371
Subtransmission DC backbone,0.4189004003192459
Subtransmission DC backbone,0.42398376007381255
Subtransmission DC backbone,0.3927512015084187
Subtransmission DC backbone,0.5312993810899307
Subtransmission DC backbone,0.347905494192349
Subtransmission DC backbone,0.4343692307923558
Subtransmission DC backbone,0.4491594208115092
Subtransmission DC backbone,0.5015545790861118
Subtransmission DC backbone,0.6364779902224491
Subtransmission DC backbone,1.0137065104035938
Subtransmission DC backbone,0.48739564491035775
Subtransmission DC backbone,0.5545813338455186
Subtransmission DC backbone,0.33017706581168477
Subtransmission DC backbone,0.4245729103515391
Subtransmission DC backbone,0.36888571895940525
Subtransmission DC backbone,0.5884081567475323
Subtransmission DC backbone,0.6194629279871284
Subtransmission DC backbone,0.4849455144949461
Subtransmission DC backbone,0.6300688671522086
Subtransmission DC backbone,0.4953633624692358
Subtransmission DC backbone,1.0717060489838632
Subtransmission DC backbone,0.4031389795472321
Subtransmission DC backbone,0.5326128377009386
Subtransmission DC backbone,0.5365811466654059
Subtransmission DC backbone,0.39817703552053063
Subtransmission DC backbone,0.5383850422945441
Subtransmission DC backbone,0.3281968343331085
Subtransmission DC backbone,0.40825794644869634
Subtransmission DC backbone,0.5485176205355027
Subtransmission DC backbone,0.33715359099006337
Subtransmission DC backbone,1.0383689635888211
Subtransmission DC backbone,0.4011968042012948
Subtransmission DC backbone,0.3973578537411282
Subtransmission DC backbone,0.646589704573944
Subtransmission DC backbone,0.8954136295179269
Subtransmission DC backbone,0.42857794407325983
Subtransmission DC backbone,0.32216257570861534
Subtransmission DC backbone,0.4289961210141361
Subtransmission DC backbone,0.4932117208320331
Subtransmission DC backbone,0.6743034115729546
Subtransmission DC backbone,0.3065910339838728
Subtransmission DC backbone,0.3917472281684992
Subtransmission DC backbone,0.4301662659197965
Subtransmission DC backbone,0.3368194815811157
Subtransmission DC backbone,0.5594347834057954
Subtransmission DC backbone,0.4672651916896872
Subtransmission DC backbone,0.478394940045267
Subtransmission DC backbone,0.7551247309822274
Subtransmission DC backbone,0.6476358054099263
Subtransmission DC backbone,0.7239640315751106
Subtransmission DC backbone,0.5584712320752325
Subtransmission DC backbone,0.35155471792411214
Subtransmission DC backbone,0.5842957269801956
Subtransmission DC backbone,0.5437156827425242
Subtransmission DC backbone,0.5246600821768101
Subtransmission DC backbone,0.7167317450330483
Subtransmission DC backbone,0.4788741338124406
Subtransmission DC backbone,0.3204592348370823
Subtransmission DC backbone,0.4955288746470315
Subtransmission DC backbone,0.45494224430171964
Subtransmission DC backbone,0.5661861304485444
Subtransmission DC backbone,0.6224795280544023
Subtransmission DC backbone,0.8107336881278855
Subtransmission DC backbone,0.41686186810075937
Subtransmission DC backbone,0.49209810573315044
Subtransmission DC backbone,0.6955246401666035
Subtransmission DC backbone,0.5164032205447202
Subtransmission DC backbone,0.654224327029485
Subtransmission DC backbone,0.7030192764885602
Subtransmission DC backbone,0.8068757232513122
Subtransmission DC backbone,0.3769824143091573
Subtransmission DC backbone,0.34658269131225883
Subtransmission DC backbone,0.7498058493114901
Subtransmission DC backbone,0.5379228549490157
Subtransmission DC backbone,0.578494069898276
Subtransmission DC backbone,0.42852736321958806
Subtransmission DC backbone,0.6984571338163476
Subtransmission DC backbone,0.5925802053378872
Subtransmission DC backbone,0.431283474715108
Subtransmission DC backbone,0.5452174880217416
Subtransmission DC backbone,0.4242620406346951
Subtransmission DC backbone,0.6046851913320803
Subtransmission DC backbone,0.6143679650966407
Subtransmission DC backbone,0.41300526555758516
Subtransmission DC backbone,0.3357020457765637
Subtransmission DC backbone,0.5695544145291318
Subtransmission DC backbone,0.5547339303605422
Subtransmission DC backbone,0.4153319240666748
Subtransmission DC backbone,0.47874599194532336
Subtransmission DC backbone,0.31007101611409255
Subtransmission DC backbone,0.7623741257707258
Subtransmission DC backbone,0.3626432155212705
Subtransmission DC backbone,0.3904792034727928
Subtransmission DC backbone,0.3820331124141909
Subtransmission DC backbone,0.7688317466286874
Subtransmission DC backbone,0.3751522923529844
Subtransmission DC backbone,0.8541654693767878
Subtransmission DC backbone,0.5462220476408493
Subtransmission DC backbone,0.6550027827690629
Subtransmission DC backbone,0.632137576093188
Subtransmission DC backbone,0.5528714942604349
Subtransmission DC backbone,0.3995755360745678
Subtransmission DC backbone,0.7695726673758866
Subtransmission DC backbone,0.4865596858038965
Subtransmission DC backbone,0.6050900859841253
Subtransmission DC backbone,0.6884296757729924
Subtransmission DC backbone,0.5897262472049808
Subtransmission DC backbone,0.3396211356454605
Subtransmission DC backbone,0.4086900111505766
Subtransmission DC backbone,0.3747225567090951
Subtransmission DC backbone,0.38897095300320933
Subtransmission DC backbone,0.4568875897774528
Subtransmission DC backbone,0.6250024402581154
Subtransmission DC backbone,0.3710670248645586
Subtransmission DC backbone,0.6817079790306799
Subtransmission DC backbone,0.5729387625719427
Subtransmission DC backbone,0.596793349652985
Subtransmission DC backbone,0.4029699608935489
Subtransmission DC backbone,0.43076380245055573
Subtransmission DC backbone,0.41867509595273755
Subtransmission DC backbone,0.41088949913260125
Subtransmission DC backbone,0.7748279046117674
Subtransmission DC backbone,0.7620467211397725
Subtransmission DC backbone,0.5333241043630038
Subtransmission DC backbone,0.3936282596283525
Subtransmission DC backbone,0.35018719182671754
Subtransmission DC backbone,0.4130763841637554
Subtransmission DC backbone,0.27964827024792643
Subtransmission DC backbone,0.38510264476243744
Subtransmission DC backbone,0.38699450877231895
Subtransmission DC backbone,0.4708213119966203
Subtransmission DC backbone,0.504456307142635
Subtransmission DC backbone,0.4741674798277055
Subtransmission DC backbone,0.4397894038591457
Subtransmission DC backbone,0.7445454030122569
Subtransmission DC backbone,0.6113984460126403
Subtransmission DC backbone,0.3037282656105655
Subtransmission DC backbone,0.7604666576180412
Subtransmission DC backbone,0.24204012761330448
Subtransmission DC backbone,0.4359053806103465
Subtransmission DC backbone,0.37856428460144265
Subtransmission DC backbone,0.5577100418993239
Subtransmission DC backbone,0.6540681807889381
Subtransmission DC backbone,0.4114888507596258
Subtransmission DC backbone,0.34629071614134044
Subtransmission DC backbone,0.4194692374345168
Subtransmission DC backbone,0.7877472802666458
Subtransmission DC backbone,0.5466167283986014
Subtransmission DC backbone,0.3691820685164238
Subtransmission DC backbone,0.5611519145240794
Subtransmission DC backbone,0.8411205942380275
Subtransmission DC backbone,0.40953364279575033
Subtransmission DC backbone,0.8430893016597724
Subtransmission DC backbone,0.5301278141992128
Subtransmission DC backbone,0.2668209236827016
Subtransmission DC backbone,0.40207002367784556
Subtransmission DC backbone,0.6407200587730092
Subtransmission DC backbone,0.5007743255202687
Subtransmission DC backbone,0.5919416571763089
Subtransmission DC backbone,0.8021284852511888
Subtransmission DC backbone,0.536664978427068
Subtransmission DC backbone,0.4312304167288518
Subtransmission DC backbone,0.8955053479830593
Subtransmission DC backbone,0.5817035555918975
Subtransmission DC backbone,0.3907205172392787
Subtransmission DC backbone,0.3600805069372633
Subtransmission DC backbone,0.3212012329704927
Subtransmission DC backbone,0.412674939380364
Subtransmission DC backbone,0.42614422943803926
Subtransmission DC backbone,0.34401004500560955
Subtransmission DC backbone,0.3553220428928772
Subtransmission DC backbone,0.6747703104014243
Subtransmission DC backbone,0.5441869406299616
Subtransmission DC backbone,0.42643642607568605
Subtransmission DC backbone,0.5849257396301004
Subtransmission DC backbone,0.6816183711522986
Subtransmission DC backbone,0.3799079405761514
Subtransmission DC backbone,1.0143836020881514
Subtransmission DC backbone,0.5919899209298404
Subtransmission DC backbone,0.4190503376046355
Subtransmission DC backbone,0.4713466868465993
Subtransmission DC backbone,0.3103106159787482
Subtransmission DC backbone,0.4852392654486418
Subtransmission DC backbone,0.8030733331720138
Subtransmission DC backbone,0.5426853957155825
Subtransmission DC backbone,0.42881339047318784
Subtransmission DC backbone,0.34333028550649086
Subtransmission DC backbone,0.7079064013141415
Subtransmission DC backbone,0.7438926552327346
Subtransmission DC backbone,0.4381085941028183
Subtransmission DC backbone,0.3570069608051837
Subtransmission DC backbone,0.3131284488811557
Subtransmission DC backbone,0.2691745690140057
Subtransmission DC backbone,0.6087389363711281
Subtransmission DC backbone,0.3190769535740326
Subtransmission DC backbone,0.500245442080081
Subtransmission DC backbone,0.4796444287687973
Subtransmission DC backbone,0.8040089967141514
Subtransmission DC backbone,0.2795181759806478
Subtransmission DC backbone,0.7197083529659385
Subtransmission DC backbone,0.5597901823104647
Subtransmission DC backbone,0.37375247482219665
Subtransmission DC backbone,0.6224607143019878
Subtransmission DC backbone,0.9064572121660915
Subtransmission DC backbone,0.6978789425996552
Subtransmission DC backbone,0.5353821217033332
Subtransmission DC backbone,0.291681046367797
Subtransmission DC backbone,0.5451770136468775
Subtransmission DC backbone,0.5461399465531435
Subtransmission DC backbone,0.37877864565727204
Subtransmission DC backbone,0.5902691129742585
Subtransmission DC backbone,0.4990444297235061
Subtransmission DC backbone,0.42661463189810483
Subtransmission DC backbone,0.6575970846599065
Subtransmission DC backbone,0.5694072193338654
Subtransmission DC backbone,0.4575316792897095
Subtransmission DC backbone,0.35813347163435494
Subtransmission DC backbone,0.3672935026933106
Subtransmission DC backbone,0.5778019449298608
Subtransmission DC backbone,0.38184812735067203
Subtransmission DC backbone,0.5310643660826072
Subtransmission DC backbone,0.48715195799977484
Subtransmission DC backbone,0.36664481424169804
Subtransmission DC backbone,0.43292083832310885
Subtransmission DC backbone,0.606630400147445
Subtransmission DC backbone,0.6246711695973122
Subtransmission DC backbone,0.4274758183701409
Subtransmission DC backbone,0.9318621444336437
Subtransmission DC backbone,0.4382108656740384
Subtransmission DC backbone,0.5908555839676142
Subtransmission DC backbone,0.456367881404578
Subtransmission DC backbone,0.476851821290752
Subtransmission DC backbone,0.4322980928164385
Subtransmission DC backbone,0.6480658655923215
Subtransmission DC backbone,0.4680518726133193
Subtransmission DC backbone,0.3366868948872683
Subtransmission DC backbone,0.5287132990554698
Subtransmission DC backbone,0.4955876888912368
Subtransmission DC backbone,0.28891553787739
Subtransmission DC backbone,0.574873643312311
Subtransmission DC backbone,0.28993238217686007
Subtransmission DC backbone,0.6315087024211163
Subtransmission DC backbone,0.41419551519996123
Subtransmission DC backbone,0.49731373915243465
Subtransmission DC backbone,0.5786243355839392
Subtransmission DC backbone,0.5558482584626866
Subtransmission DC backbone,0.657843902455697
Subtransmission DC backbone,0.446668266717069
Subtransmission DC backbone,0.7653819128243466
Subtransmission DC backbone,0.6189411856595548
Subtransmission DC backbone,0.45186556572592296
Subtransmission DC backbone,0.5530174229960915
Subtransmission DC backbone,0.4475800407978044
Subtransmission DC backbone,0.6705483985965298
Subtransmission DC backbone,0.6836077430745092
Subtransmission DC backbone,0.5581241485345411
Subtransmission DC backbone,0.36840700157724465
Subtransmission DC backbone,0.3740340694303622
Subtransmission DC backbone,0.6709132681411588
Subtransmission DC backbone,0.42816772857367597
Subtransmission DC backbone,0.4265753383595782
Subtransmission DC backbone,0.5192566695588888
Subtransmission DC backbone,0.6345447526504869
Subtransmission DC backbone,0.4186203849195469
Subtransmission DC backbone,0.47291692199609403
Subtransmission DC backbone,0.6247544407094047
Subtransmission DC backbone,0.5274857172818884
Subtransmission DC backbone,0.716053594492153
Subtransmission DC backbone,0.5127158501947001
Subtransmission DC backbone,0.42482579949038307
Subtransmission DC backbone,0.4043984089744778
Subtransmission DC backbone,0.6553373928295001
Subtransmission DC backbone,0.903408196540722
Subtransmission DC backbone,0.28225768796232753
Subtransmission DC backbone,0.5759625332355304
Subtransmission DC backbone,0.8025109893841919
Subtransmission DC backbone,0.7689875931087937
Subtransmission DC backbone,0.4010476458262362
Subtransmission DC backbone,0.4962134391058624
Subtransmission DC backbone,0.7574221835216041
Subtransmission DC backbone,0.460867474342586
Subtransmission DC backbone,0.5052035396870188
Subtransmission DC backbone,0.6465705285568264
Subtransmission DC backbone,0.5966532842120126
Subtransmission DC backbone,0.2784333286459678
Subtransmission DC backbone,0.5019355774623107
Subtransmission DC backbone,0.6198875577027827
Subtransmission DC backbone,0.3518822386615646
Subtransmission DC backbone,0.30618264198812406
Subtransmission DC backbone,0.6809070138623767
Subtransmission DC backbone,0.6902236144645607
Subtransmission DC backbone,0.27885573072933745
Subtransmission DC backbone,0.530881322017952
Subtransmission DC backbone,0.5620293448051473
Subtransmission DC backbone,0.3889784458477201
Subtransmission DC backbone,0.5618041876731226
Subtransmission DC backbone,0.5214281808656639
Subtransmission DC backbone,0.5712704007101476
Subtransmission DC backbone,0.5640029696154061
Subtransmission DC backbone,0.4814748591374268
Subtransmission DC backbone,0.5157333387058416
Subtransmission DC backbone,0.43152077527250965
Subtransmission DC backbone,0.41367461526632376
Subtransmission DC backbone,0.5075188941160779
Subtransmission DC backbone,1.027037680668812
Subtransmission DC backbone,0.3168549214601449
Subtransmission DC backbone,0.5316651177992836
Subtransmission DC backbone,0.5183989170519981
Subtransmission DC backbone,0.6178334520375831
Subtransmission DC backbone,0.4228825745223796
Subtransmission DC backbone,0.6418615144032814
Subtransmission DC backbone,0.522317120340786
Subtransmission DC backbone,0.5450387628190629
Subtransmission DC backbone,0.5013937145983273
Subtransmission DC backbone,0.4208267689577046
Subtransmission DC backbone,0.3464667542198102
Subtransmission DC backbone,0.6106020367113991
Subtransmission DC backbone,0.3403917266160741
Subtransmission DC backbone,0.2712027504214576
Subtransmission DC backbone,0.49169528553378833
Subtransmission DC backbone,0.5223973756565978
Subtransmission DC backbone,0.7225880765916355
Subtransmission DC backbone,0.4183598819092479
Subtransmission DC backbone,0.5439948784242274
Subtransmission DC backbone,0.38675760931018915
Subtransmission DC backbone,0.6675823397987668
Subtransmission DC backbone,0.4023243084195645
Subtransmission DC backbone,0.5128825059951003
Subtransmission DC backbone,0.4910930658193831
Subtransmission DC backbone,0.7464645445948379
Subtransmission DC backbone,0.9085372164585739
Subtransmission DC backbone,0.6209390369422444
Subtransmission DC backbone,0.6258264942945572
Subtransmission DC backbone,0.44980678873352903
Subtransmission DC backbone,0.5650999074725509
Subtransmission DC backbone,0.4435700530393078
Subtransmission DC backbone,1.0631317360056005
Subtransmission DC backbone,0.5587353422101277
Subtransmission DC backbone,0.31469210659076097
Subtransmission DC backbone,0.49151073243605925
Subtransmission DC backbone,0.7526337453941931
Subtransmission DC backbone,0.5348390893339585
Subtransmission DC backbone,0.5401597081961262
Subtransmission DC backbone,0.5989049558795357
Subtransmission DC backbone,0.45612882267144533
Subtransmission DC backbone,0.46287690586821806
Subtransmission DC backbone,0.41177596602591116
Subtransmission DC backbone,0.5508234631279884
Subtransmission DC backbone,0.48152519418861484
Subtransmission DC backbone,0.45070268941753683
Subtransmission DC backbone,0.409418325311094
Subtransmission DC backbone,0.5345282135859362
Subtransmission DC backbone,0.4951217234420675
Subtransmission DC backbone,0.6987406063325964
Subtransmission DC backbone,0.8070312048895094
Subtransmission DC backbone,0.3073322408773585
Subtransmission DC backbone,0.5603256530540591
Subtransmission DC backbone,0.4041580395513229
Subtransmission DC backbone,0.4457910548408325
Subtransmission DC backbone,0.5455722895130928
Subtransmission DC backbone,0.8824033203432398
Subtransmission DC backbone,0.29985130888570166
Subtransmission DC backbone,0.48086083396548795
Subtransmission DC backbone,0.5756485268812503
Subtransmission DC backbone,0.44039955243065165
Subtransmission DC backbone,0.5436362718675821
Subtransmission DC backbone,0.3735174515841032
Subtransmission DC backbone,0.3816064002862667
Subtransmission DC backbone,0.4856858721634447
Subtransmission DC backbone,0.5623138535797507
Subtransmission DC backbone,0.34048517061245054
Subtransmission DC backbone,0.5374900247169496
Subtransmission DC backbone,0.42297661227887934
Subtransmission DC backbone,0.4708701650605661
Subtransmission DC backbone,0.6234707871306483
Subtransmission DC backbone,0.5751289874666552
Subtransmission DC backbone,0.904649479606314
Subtransmission DC backbone,0.449438134175007
Subtransmission DC backbone,0.5111811934262743
Subtransmission DC backbone,0.5131177662658738
Subtransmission DC backbone,0.5474800945808048
Subtransmission DC backbone,0.8169434302965116
Subtransmission DC backbone,0.33851945303799874
Subtransmission DC backbone,0.4265168914632935
Subtransmission DC backbone,0.4622304856187864
Subtransmission DC backbone,0.4269020201130345
Subtransmission DC backbone,0.5309095254891043
Subtransmission DC backbone,0.39949671719524055
Subtransmission DC backbone,0.5851113831948799
Subtransmission DC backbone,0.3961423506753436
Subtransmission DC backbone,0.4272435620622423
Subtransmission DC backbone,0.49429498716862263
Subtransmission DC backbone,0.4417903138779819
Subtransmission DC backbone,0.6590020717996862
Subtransmission DC backbone,0.6810969122248851
Subtransmission DC backbone,0.5614647945953907
Subtransmission DC backbone,0.6774278328879503
Subtransmission DC backbone,0.607359101278079
Subtransmission DC backbone,0.4698871891137211
Subtransmission DC backbone,0.3594521166267278
Subtransmission DC backbone,0.37364969819945365
Subtransmission DC backbone,0.6852641753672494
Subtransmission DC backbone,0.38324525154531697
Subtransmission DC backbone,0.752765117511243
Subtransmission DC backbone,0.6857995799766119
Subtransmission DC backbone,0.47250352171392207
Subtransmission DC backbone,0.7307323558585077
Subtransmission DC backbone,0.547818302363042
Subtransmission DC backbone,0.35529666999901816
Subtransmission DC backbone,0.7273985024782674
Subtransmission DC backbone,0.34987354868209763
Subtransmission DC backbone,0.4263353654868011
Subtransmission DC backbone,0.3178092772729295
Subtransmission DC backbone,0.30070325172816437
Subtransmission DC backbone,0.3441686047252495
Subtransmission DC backbone,0.3804850494787142
Subtransmission DC backbone,0.3333556613879569
Subtransmission DC backbone,0.5132084972582664
Subtransmission DC backbone,0.6400110016079332
Subtransmission DC backbone,0.5238369186597233
Subtransmission DC backbone,0.4707468802802352
Subtransmission DC backbone,0.4297205231420818
Subtransmission DC backbone,0.4379182540128188
Subtransmission DC backbone,0.5887142254732375
Subtransmission DC backbone,0.5418707006778383
Subtransmission DC backbone,0.4392683588166755
Subtransmission DC backbone,0.43837956780383586
Subtransmission DC backbone,0.5002660405568133
Subtransmission DC backbone,0.554765000446014
Subtransmission DC backbone,0.33977336228423893
Subtransmission DC backbone,0.45116464578124243
Subtransmission DC backbone,0.7364154096047771
Subtransmission DC backbone,0.6320093799601456
Subtransmission DC backbone,0.38975289952457587
Subtransmission DC backbone,0.4055936203264155
Subtransmission DC backbone,0.4880845323919626
Subtransmission DC backbone,0.7072876200919882
Subtransmission DC backbone,0.47011521955582214
Subtransmission DC backbone,0.5734345102078509
Subtransmission DC backbone,0.7159901171635166
Subtransmission DC backbone,0.4564414742589005
Subtransmission DC backbone,0.7299864448077835
Subtransmission DC backbone,0.44727420432470333
Subtransmission DC backbone,0.4634758247716688
Subtransmission DC backbone,0.6356152813798837
Subtransmission DC backbone,0.40259825886635026
Subtransmission DC backbone,0.32132362555463767
Subtransmission DC backbone,0.3600206324259648
Subtransmission DC backbone,0.4892050377117932
Subtransmission DC backbone,0.45482945436370636
Subtransmission DC backbone,0.6525637617911039
Subtransmission DC backbone,0.7519801223738608
Subtransmission DC backbone,0.336989653402702
Subtransmission DC backbone,0.6110700536891768
Subtransmission DC backbone,0.5275796817073062
Subtransmission DC backbone,0.7651993096070856
Subtransmission DC backbone,0.4079289199615544
Subtransmission DC backbone,0.53338201745489
Subtransmission DC backbone,0.43708182564645537
Subtransmission DC backbone,0.5956961740772829
Subtransmission DC backbone,0.43116292813800017
Subtransmission DC backbone,0.6054802458312257
Subtransmission DC backbone,0.462238795782415
Subtransmission DC backbone,0.5035151386822796
Subtransmission DC backbone,0.609742677490073
Subtransmission DC backbone,0.3926709723510027
Subtransmission DC backbone,0.7644404997328342
Subtransmission DC backbone,0.5703107675203404
Subtransmission DC backbone,0.666490422298055
Subtransmission DC backbone,0.38160799378293325
Subtransmission DC backbone,0.7064668668200836
Subtransmission DC backbone,0.425952748473533
Subtransmission DC backbone,0.4626935380143065
Subtransmission DC backbone,0.3644175116716421
Subtransmission DC backbone,0.5953055061342191
Subtransmission DC backbone,0.5567021324167816
Subtransmission DC backbone,0.4076442186469581
Subtransmission DC backbone,0.5477683195947347
Subtransmission DC backbone,0.3786142124482637
Subtransmission DC backbone,0.4421411141852842
Subtransmission DC backbone,0.5403125995489046
Subtransmission DC backbone,0.34618279892667336
Subtransmission DC backbone,0.5514761126037319
Subtransmission DC backbone,0.5486940966443717
Subtransmission DC backbone,0.7941234333439359
Subtransmission DC backbone,0.5814818146250458
Subtransmission DC backbone,0.508225876259792
Subtransmission DC backbone,0.4408052213606933
Subtransmission DC backbone,0.5603989615646631
Subtransmission DC backbone,0.388117666228623
Subtransmission DC backbone,0.5017685400912201
Subtransmission DC backbone,0.42263963466746657
Subtransmission DC backbone,0.5845908519380043
Subtransmission DC backbone,0.5515903513879364
Subtransmission DC backbone,0.5255053001089534
Subtransmission DC backbone,0.39057035106221716
Subtransmission DC backbone,0.3886680385746048
Subtransmission DC backbone,0.6930516242765937
Subtransmission DC backbone,0.6772419384496251
Subtransmission DC backbone,0.36659141331312783
Subtransmission DC backbone,0.5073345030125326
Subtransmission DC backbone,0.43634472601669155
Subtransmission DC backbone,0.5765123768957136
Subtransmission DC backbone,0.6561633001376629
Subtransmission DC backbone,0.6631501043243268
Subtransmission DC backbone,0.939921520600168
Subtransmission DC backbone,0.4231214677758562
Subtransmission DC backbone,0.8286751701976575
Subtransmission DC backbone,0.305669055432686
Subtransmission DC backbone,0.523260612390328
Subtransmission DC backbone,0.421143367211868
Subtransmission DC backbone,0.4300349407791159
Subtransmission DC backbone,0.3473089358016473
Subtransmission DC backbone,0.7985982510168121
Subtransmission DC backbone,0.4608980249861401
Subtransmission DC backbone,0.46492691856138196
Subtransmission DC backbone,0.5032119633707582
Subtransmission DC backbone,0.5602168921826671
Subtransmission DC backbone,0.47860288017300157
Subtransmission DC backbone,0.6803496882635275
Subtransmission DC backbone,0.36387278098583037
Subtransmission DC backbone,0.3192594883272669
Subtransmission DC backbone,0.564093376373248
Subtransmission DC backbone,0.4893415545887376
Subtransmission DC backbone,0.6242820999311341
Subtransmission DC backbone,0.4454200497862203
Subtransmission DC backbone,0.4997088975397843
Subtransmission DC backbone,0.4110359207616859
Subtransmission DC backbone,0.4422348006443375
Subtransmission DC backbone,0.4066879076326754
Subtransmission DC backbone,0.5188951116882127
Subtransmission DC backbone,0.3779379958351375
Subtransmission DC backbone,0.6369258141149101
Subtransmission DC backbone,0.37524933254461074
Subtransmission DC backbone,0.5695923540947481
Subtransmission DC backbone,0.29029907905814767
Subtransmission DC backbone,0.31120064477283726
Subtransmission DC backbone,0.42823478260938164
Subtransmission DC backbone,0.4150220244925178
Subtransmission DC backbone,0.3556335097529901
Subtransmission DC backbone,0.46117776344986805
Subtransmission DC backbone,0.5239210155836637
Subtransmission DC backbone,0.4812436596580881
Subtransmission DC backbone,0.5550746661221916
Subtransmission DC backbone,0.5464596997339086
Subtransmission DC backbone,0.62438183782966
Subtransmission DC backbone,0.45416382822401213
Subtransmission DC backbone,0.5615827720737162
Subtransmission DC backbone,0.4987887883401561
Subtransmission DC backbone,0.6804729858007281
Subtransmission DC backbone,0.573779319547292
