architecture,trial,harmonic_order,v_h_volts,v1_volts,individual_distortion_pct,mvasc3,line_scale
traditional_ac,0,5,265.84301275753563,57009.74314575195,0.4663115427092479,1975.770433316994,0.7912135023831303
traditional_ac,0,7,226.25076160877316,57009.74314575195,0.3968633239240127,1975.770433316994,0.7912135023831303
traditional_ac,0,11,150.65758121830953,57009.74314575195,0.26426637431629213,1975.770433316994,0.7912135023831303
traditional_ac,0,13,222.69481805241108,57009.74314575195,0.39062589263569597,1975.770433316994,0.7912135023831303
traditional_ac,0,17,166.56460989802432,57009.74314575195,0.29216867276911385,1975.770433316994,0.7912135023831303
traditional_ac,0,19,122.34959152856625,57009.74314575195,0.21461172209768686,1975.770433316994,0.7912135023831303
traditional_ac,0,23,209.0730461484388,57009.74314575195,0.36673213140764305,1975.770433316994,0.7912135023831303
traditional_ac,0,25,157.83384272527903,57009.74314575195,0.27685415512530676,1975.770433316994,0.7912135023831303
traditional_ac,1,5,577.5002140629653,45414.0906331244,1.2716322313448345,1057.0863621544863,0.8151930855106496
traditional_ac,1,7,947.8853814950771,45414.0906331244,2.0872054648248377,1057.0863621544863,0.8151930855106496
traditional_ac,1,11,563.9890110255573,45414.0906331244,1.2418811059803356,1057.0863621544863,0.8151930855106496
traditional_ac,1,13,521.2786708954875,45414.0906331244,1.1478346557825254,1057.0863621544863,0.8151930855106496
traditional_ac,1,17,62.02854981829069,45414.0906331244,0.13658437051924133,1057.0863621544863,0.8151930855106496
traditional_ac,1,19,308.79521048900017,45414.0906331244,0.6799546268218554,1057.0863621544863,0.8151930855106496
traditional_ac,1,23,90.65880348279961,45414.0906331244,0.19962703693702138,1057.0863621544863,0.8151930855106496
traditional_ac,1,25,115.71734565992301,45414.0906331244,0.25480493839398916,1057.0863621544863,0.8151930855106496
traditional_ac,2,5,516.2090130066141,55923.27526284461,0.9230664881131937,1857.6962331995571,1.3209318378528399
traditional_ac,2,7,472.1858661883757,55923.27526284461,0.8443458720346012,1857.6962331995571,1.3209318378528399
traditional_ac,2,11,255.8283441383022,55923.27526284461,0.45746309195211676,1857.6962331995571,1.3209318378528399
traditional_ac,2,13,211.20226910558577,55923.27526284461,0.37766434121198267,1857.6962331995571,1.3209318378528399
traditional_ac,2,17,168.61591502888652,55923.27526284461,0.30151294650818644,1857.6962331995571,1.3209318378528399
traditional_ac,2,19,245.94705879556224,55923.27526284461,0.439793731035223,1857.6962331995571,1.3209318378528399
traditional_ac,2,23,261.8671167323339,55923.27526284461,0.4682614090493341,1857.6962331995571,1.3209318378528399
traditional_ac,2,25,125.43277114845574,55923.27526284461,0.2242943936293252,1857.6962331995571,1.3209318378528399
traditional_ac,3,5,1039.729227868198,56677.12105464825,1.8344778431241913,1943.6767592319218,1.2505768813115863
traditional_ac,3,7,680.6658028533813,56677.12105464825,1.2009533832833206,1943.6767592319218,1.2505768813115863
traditional_ac,3,11,283.22852776929994,56677.12105464825,0.49972285553497003,1943.6767592319218,1.2505768813115863
traditional_ac,3,13,80.23962270172149,56677.12105464825,0.1415732154502947,1943.6767592319218,1.2505768813115863
traditional_ac,3,17,278.9286548843908,56677.12105464825,0.4921362442094527,1943.6767592319218,1.2505768813115863
traditional_ac,3,19,176.7821435977585,56677.12105464825,0.3119109445014059,1943.6767592319218,1.2505768813115863
traditional_ac,3,23,235.63009766856305,56677.12105464825,0.41574111966867167,1943.6767592319218,1.2505768813115863
traditional_ac,3,25,67.334430021363,56677.12105464825,0.1188035467723192,1943.6767592319218,1.2505768813115863
traditional_ac,4,5,1297.4801005273446,53692.0182151126,2.4165232443472298,1631.8070612592712,1.3640694407158205
traditional_ac,4,7,619.7527543408561,53692.0182151126,1.1542735306724146,1631.8070612592712,1.3640694407158205
traditional_ac,4,11,505.41051490419176,53692.0182151126,0.9413140569224026,1631.8070612592712,1.3640694407158205
traditional_ac,4,13,290.53800163259024,53692.0182151126,0.5411195393486122,1631.8070612592712,1.3640694407158205
traditional_ac,4,17,131.33029545536968,53692.0182151126,0.24459929021331586,1631.8070612592712,1.3640694407158205
traditional_ac,4,19,246.8692543029083,53692.0182151126,0.459787623020329,1631.8070612592712,1.3640694407158205
traditional_ac,4,23,84.77408561388403,53692.0182151126,0.15788954938189081,1631.8070612592712,1.3640694407158205
traditional_ac,4,25,173.47217462074047,53692.0182151126,0.32308745394099114,1631.8070612592712,1.3640694407158205
traditional_ac,5,5,946.0612756562864,54015.272500641186,1.7514699673968253,1662.4522790297376,1.2933595731540546
traditional_ac,5,7,357.28088151449066,54015.272500641186,0.6614441897155098,1662.4522790297376,1.2933595731540546
traditional_ac,5,11,343.102665708512,54015.272500641186,0.6351956582361761,1662.4522790297376,1.2933595731540546
traditional_ac,5,13,520.9283731900861,54015.272500641186,0.9644094143631367,1662.4522790297376,1.2933595731540546
traditional_ac,5,17,314.17336432415465,54015.272500641186,0.5816380252833591,1662.4522790297376,1.2933595731540546
traditional_ac,5,19,328.9322197812979,54015.272500641186,0.608961511352911,1662.4522790297376,1.2933595731540546
traditional_ac,5,23,122.95817685249858,54015.272500641186,0.22763594657610772,1662.4522790297376,1.2933595731540546
traditional_ac,5,25,160.5743784172101,54015.272500641186,0.2972758832519155,1662.4522790297376,1.2933595731540546
traditional_ac,6,5,649.7624891707474,43938.18513428406,1.4788104861066533,980.6375442449481,0.8804042086501681
traditional_ac,6,7,511.38013793991814,43938.18513428406,1.1638626774798186,980.6375442449481,0.8804042086501681
traditional_ac,6,11,288.8224794097269,43938.18513428406,0.6573382094117599,980.6375442449481,0.8804042086501681
traditional_ac,6,13,625.058641511829,43938.18513428406,1.4225863894958846,980.6375442449481,0.8804042086501681
traditional_ac,6,17,164.14607473485947,43938.18513428406,0.37358410283263993,980.6375442449481,0.8804042086501681
traditional_ac,6,19,266.3464362174714,43938.18513428406,0.6061844279718481,980.6375442449481,0.8804042086501681
traditional_ac,6,23,101.96154487750316,43938.18513428406,0.23205679653332945,980.6375442449481,0.8804042086501681
traditional_ac,6,25,90.57333984059294,43938.18513428406,0.20613809961376953,980.6375442449481,0.8804042086501681
traditional_ac,7,5,1068.3700712660411,48509.62129891501,2.20238798543236,1237.0111072465686,0.9126122312625715
traditional_ac,7,7,425.51183984478854,48509.62129891501,0.8771699890683454,1237.0111072465686,0.9126122312625715
traditional_ac,7,11,188.14010067460072,48509.62129891501,0.3878407945411208,1237.0111072465686,0.9126122312625715
traditional_ac,7,13,226.84977934073154,48509.62129891501,0.46763873488702207,1237.0111072465686,0.9126122312625715
traditional_ac,7,17,313.96548787625085,48509.62129891501,0.6472231270196973,1237.0111072465686,0.9126122312625715
traditional_ac,7,19,297.28827287434774,48509.62129891501,0.6128439367573398,1237.0111072465686,0.9126122312625715
traditional_ac,7,23,236.40782872899908,48509.62129891501,0.4873421445042011,1237.0111072465686,0.9126122312625715
traditional_ac,7,25,33.2663908152666,48509.62129891501,0.06857689242775154,1237.0111072465686,0.9126122312625715
traditional_ac,8,5,1176.6365807293544,45608.913088337344,2.579839117083086,1060.2995279508282,1.3681000325087638
traditional_ac,8,7,1010.7887788633415,45608.913088337344,2.216208873264753,1060.2995279508282,1.3681000325087638
traditional_ac,8,11,773.0504366343503,45608.913088337344,1.6949547452206817,1060.2995279508282,1.3681000325087638
traditional_ac,8,13,113.28791192713017,45608.913088337344,0.24838985245649062,1060.2995279508282,1.3681000325087638
traditional_ac,8,17,450.18130444571375,45608.913088337344,0.9870467721381189,1060.2995279508282,1.3681000325087638
traditional_ac,8,19,373.7979906363348,45608.913088337344,0.81957223999692,1060.2995279508282,1.3681000325087638
traditional_ac,8,23,159.15254810152797,45608.913088337344,0.34895053910465773,1060.2995279508282,1.3681000325087638
traditional_ac,8,25,104.46871975613546,45608.913088337344,0.229053298318677,1060.2995279508282,1.3681000325087638
traditional_ac,9,5,1515.6379006366712,42309.36417540155,3.5822752957319444,902.7992996280109,0.9240157868474985
traditional_ac,9,7,982.9914691393409,42309.36417540155,2.3233425703684936,902.7992996280109,0.9240157868474985
traditional_ac,9,11,877.0059449501781,42309.36417540155,2.0728412304055963,902.7992996280109,0.9240157868474985
traditional_ac,9,13,339.30857317142585,42309.36417540155,0.8019703906793715,902.7992996280109,0.9240157868474985
traditional_ac,9,17,142.81392278600802,42309.36417540155,0.3375468423348213,902.7992996280109,0.9240157868474985
traditional_ac,9,19,211.05318763916966,42309.36417540155,0.4988332766340056,902.7992996280109,0.9240157868474985
traditional_ac,9,23,98.43452066352135,42309.36417540155,0.23265421871017078,902.7992996280109,0.9240157868474985
traditional_ac,9,25,42.18304405873971,42309.36417540155,0.09970143697707638,902.7992996280109,0.9240157868474985
traditional_ac,10,5,1111.525602762207,51543.868428807975,2.1564652336823307,1450.1610235211444,1.1792631339344941
traditional_ac,10,7,884.097342948698,51543.868428807975,1.715232810222242,1450.1610235211444,1.1792631339344941
traditional_ac,10,11,234.20221929984893,51543.868428807975,0.45437454820320167,1450.1610235211444,1.1792631339344941
traditional_ac,10,13,193.73753912411146,51543.868428807975,0.3758692256319496,1450.1610235211444,1.1792631339344941
traditional_ac,10,17,281.8364340741523,51543.868428807975,0.5467894488040275,1450.1610235211444,1.1792631339344941
traditional_ac,10,19,218.8051292478042,51543.868428807975,0.42450273120267695,1450.1610235211444,1.1792631339344941
traditional_ac,10,23,104.70671196594903,51543.868428807975,0.20314096546821897,1450.1610235211444,1.1792631339344941
traditional_ac,10,25,93.19255324661218,51543.868428807975,0.18080240402469802,1450.1610235211444,1.1792631339344941
traditional_ac,11,5,1064.8378263164914,50468.957485096405,2.109886709332049,1368.0951724031424,1.2518378054126909
traditional_ac,11,7,372.7288995328299,50468.957485096405,0.7385310061990039,1368.0951724031424,1.2518378054126909
traditional_ac,11,11,403.1691314780008,50468.957485096405,0.7988457689007298,1368.0951724031424,1.2518378054126909
traditional_ac,11,13,259.0118691072135,50468.957485096405,0.5132102623354173,1368.0951724031424,1.2518378054126909
traditional_ac,11,17,407.0128587523643,50468.957485096405,0.8064617916321258,1368.0951724031424,1.2518378054126909
traditional_ac,11,19,89.28842088231814,50468.957485096405,0.1769175059910544,1368.0951724031424,1.2518378054126909
traditional_ac,11,23,218.3373896130223,50468.957485096405,0.43261719776458196,1368.0951724031424,1.2518378054126909
traditional_ac,11,25,95.56251927948968,50468.957485096405,0.18934910495765542,1368.0951724031424,1.2518378054126909
traditional_ac,12,5,592.6031081968578,59413.70297224432,0.9974182361158301,2300.975694473372,0.8766518114057457
traditional_ac,12,7,568.4000483201615,59413.70297224432,0.9566817415600153,2300.975694473372,0.8766518114057457
traditional_ac,12,11,404.78917398111463,59413.70297224432,0.6813060855173693,2300.975694473372,0.8766518114057457
traditional_ac,12,13,492.6839771204195,59413.70297224432,0.829243007039271,2300.975694473372,0.8766518114057457
traditional_ac,12,17,370.24122154600417,59413.70297224432,0.6231579636081022,2300.975694473372,0.8766518114057457
traditional_ac,12,19,331.187917433273,59413.70297224432,0.557426823889416,2300.975694473372,0.8766518114057457
traditional_ac,12,23,114.10238465364976,59413.70297224432,0.1920472533195815,2300.975694473372,0.8766518114057457
traditional_ac,12,25,80.41242013162143,59413.70297224432,0.13534322236940333,2300.975694473372,0.8766518114057457
traditional_ac,13,5,981.2427019166257,55088.88927312499,1.7811989220761493,1767.9843815074112,1.4417171985533865
traditional_ac,13,7,400.09573326855025,55088.88927312499,0.7262730081285851,1767.9843815074112,1.4417171985533865
traditional_ac,13,11,449.24921719659005,55088.88927312499,0.8154987750238694,1767.9843815074112,1.4417171985533865
traditional_ac,13,13,335.6868580495904,55088.88927312499,0.6093549216163895,1767.9843815074112,1.4417171985533865
traditional_ac,13,17,222.35530884483384,55088.88927312499,0.4036300455113904,1767.9843815074112,1.4417171985533865
traditional_ac,13,19,332.2118942093444,55088.88927312499,0.6030470002077413,1767.9843815074112,1.4417171985533865
traditional_ac,13,23,246.49039209391518,55088.88927312499,0.44744120882859234,1767.9843815074112,1.4417171985533865
traditional_ac,13,25,161.41294149148018,55088.88927312499,0.29300453071618776,1767.9843815074112,1.4417171985533865
traditional_ac,14,5,1276.6365952083304,46822.812094395886,2.726526960052295,1134.3977853068525,0.9178874928846629
traditional_ac,14,7,1111.0845441267513,46822.812094395886,2.372955605243826,1134.3977853068525,0.9178874928846629
traditional_ac,14,11,210.9892013110566,46822.812094395886,0.45061198136860603,1134.3977853068525,0.9178874928846629
traditional_ac,14,13,563.664069429589,46822.812094395886,1.2038236154915876,1134.3977853068525,0.9178874928846629
traditional_ac,14,17,247.319268144311,46822.812094395886,0.5282025087380688,1134.3977853068525,0.9178874928846629
traditional_ac,14,19,213.79067270575544,46822.812094395886,0.4565951149511234,1134.3977853068525,0.9178874928846629
traditional_ac,14,23,239.36208875803038,46822.812094395886,0.5112082723170722,1134.3977853068525,0.9178874928846629
traditional_ac,14,25,185.3369552979283,46822.812094395886,0.3958261945572271,1134.3977853068525,0.9178874928846629
traditional_ac,15,5,1014.2042877033149,46741.748696348346,2.16980390334123,1124.383680322347,1.338827755404749
traditional_ac,15,7,516.2986892726788,46741.748696348346,1.104577179229527,1124.383680322347,1.338827755404749
traditional_ac,15,11,839.9109380893955,46741.748696348346,1.7969180903901714,1124.383680322347,1.338827755404749
traditional_ac,15,13,541.2132506542789,46741.748696348346,1.1578797664807108,1124.383680322347,1.338827755404749
traditional_ac,15,17,379.60569062708936,46741.748696348346,0.812134122523203,1124.383680322347,1.338827755404749
traditional_ac,15,19,275.2089478512075,46741.748696348346,0.5887861612518316,1124.383680322347,1.338827755404749
traditional_ac,15,23,226.16626529806334,46741.748696348346,0.48386350876027956,1124.383680322347,1.338827755404749
traditional_ac,15,25,100.47952028030177,46741.748696348346,0.21496739656244745,1124.383680322347,1.338827755404749
traditional_ac,16,5,500.25554547115775,59084.66462685327,0.846675780645453,2250.0443390392916,0.8219824531812344
traditional_ac,16,7,224.3400140626978,59084.66462685327,0.37969245569812027,2250.0443390392916,0.8219824531812344
traditional_ac,16,11,229.8821283155119,59084.66462685327,0.38907240951154226,2250.0443390392916,0.8219824531812344
traditional_ac,16,13,365.53977944748704,59084.66462685327,0.6186711590156908,2250.0443390392916,0.8219824531812344
traditional_ac,16,17,126.91117831183784,59084.66462685327,0.21479546192457905,2250.0443390392916,0.8219824531812344
traditional_ac,16,19,257.4878793524642,59084.66462685327,0.43579477175442755,2250.0443390392916,0.8219824531812344
traditional_ac,16,23,67.91576705379397,59084.66462685327,0.11494652205054079,2250.0443390392916,0.8219824531812344
traditional_ac,16,25,191.8425413254155,59084.66462685327,0.32469092028699675,2250.0443390392916,0.8219824531812344
traditional_ac,17,5,489.49086448106203,48480.49624269962,1.009665540613709,1231.8433430027874,1.2512611059025003
traditional_ac,17,7,152.25331280005753,48480.49624269962,0.314050648404789,1231.8433430027874,1.2512611059025003
traditional_ac,17,11,480.49553041245844,48480.49624269962,0.9911109985488511,1231.8433430027874,1.2512611059025003
traditional_ac,17,13,507.1248154544596,48480.49624269962,1.0460388295444158,1231.8433430027874,1.2512611059025003
traditional_ac,17,17,134.10344822694833,48480.49624269962,0.2766131921497032,1231.8433430027874,1.2512611059025003
traditional_ac,17,19,248.61005139418975,48480.49624269962,0.5128042628722606,1231.8433430027874,1.2512611059025003
traditional_ac,17,23,147.05791004479693,48480.49624269962,0.30333416825728443,1231.8433430027874,1.2512611059025003
traditional_ac,17,25,84.70403396151978,48480.49624269962,0.17471775358379266,1231.8433430027874,1.2512611059025003
traditional_ac,18,5,568.7837895194433,50691.1117757441,1.1220582259780079,1382.8750535935421,1.3864263093658564
traditional_ac,18,7,363.1447942333553,50691.1117757441,0.7163875115619806,1382.8750535935421,1.3864263093658564
traditional_ac,18,11,810.0124066623371,50691.1117757441,1.5979377415232214,1382.8750535935421,1.3864263093658564
traditional_ac,18,13,587.819233328056,50691.1117757441,1.1596100632563555,1382.8750535935421,1.3864263093658564
traditional_ac,18,17,123.88977130302264,50691.1117757441,0.24440136931915624,1382.8750535935421,1.3864263093658564
traditional_ac,18,19,189.3185991941399,50691.1117757441,0.3734749398113016,1382.8750535935421,1.3864263093658564
traditional_ac,18,23,125.90353707395508,50691.1117757441,0.2483739903574189,1382.8750535935421,1.3864263093658564
traditional_ac,18,25,83.8818653732514,50691.1117757441,0.16547647592410708,1382.8750535935421,1.3864263093658564
traditional_ac,19,5,468.21925222221233,44355.5535539249,1.0556045741892919,998.3207753482693,1.1277797390704278
traditional_ac,19,7,471.90908258437884,44355.5535539249,1.0639233303912197,998.3207753482693,1.1277797390704278
traditional_ac,19,11,445.5038277624622,44355.5535539249,1.0043924425852213,998.3207753482693,1.1277797390704278
traditional_ac,19,13,266.0664317478168,44355.5535539249,0.599849196841493,998.3207753482693,1.1277797390704278
traditional_ac,19,17,255.88704166988347,44355.5535539249,0.5768996690770433,998.3207753482693,1.1277797390704278
traditional_ac,19,19,198.25208281877556,44355.5535539249,0.4469611287293534,998.3207753482693,1.1277797390704278
traditional_ac,19,23,233.69174460575724,44355.5535539249,0.5268601694298515,998.3207753482693,1.1277797390704278
traditional_ac,19,25,25.391760147675285,44355.5535539249,0.057245954820077855,998.3207753482693,1.1277797390704278
traditional_ac,20,5,862.6195492903917,53976.46502489183,1.59814013180112,1659.0092924475227,1.2297083467038297
traditional_ac,20,7,378.96184842255906,53976.46502489183,0.7020871934606994,1659.0092924475227,1.2297083467038297
traditional_ac,20,11,361.2647677967345,53976.46502489183,0.6693005324267406,1659.0092924475227,1.2297083467038297
traditional_ac,20,13,466.05027129438935,53976.46502489183,0.863432370162561,1659.0092924475227,1.2297083467038297
traditional_ac,20,17,204.82858048705998,53976.46502489183,0.37947757488861317,1659.0092924475227,1.2297083467038297
traditional_ac,20,19,204.42964074093686,53976.46502489183,0.3787384754571495,1659.0092924475227,1.2297083467038297
traditional_ac,20,23,135.40346798413066,53976.46502489183,0.25085649444010066,1659.0092924475227,1.2297083467038297
traditional_ac,20,25,37.15739235490691,53976.46502489183,0.06883998857237386,1659.0092924475227,1.2297083467038297
traditional_ac,21,5,363.30521440783315,55405.544394216304,0.655719961567164,1799.266095423271,0.9189907074264515
traditional_ac,21,7,366.5526034831393,55405.544394216304,0.6615810881219374,1799.266095423271,0.9189907074264515
traditional_ac,21,11,670.5608311516612,55405.544394216304,1.2102774884414997,1799.266095423271,0.9189907074264515
traditional_ac,21,13,259.99207440906343,55405.544394216304,0.46925281080029163,1799.266095423271,0.9189907074264515
traditional_ac,21,17,453.6034742680212,55405.544394216304,0.8186968997914443,1799.266095423271,0.9189907074264515
traditional_ac,21,19,218.98296873046897,55405.544394216304,0.3952365618364509,1799.266095423271,0.9189907074264515
traditional_ac,21,23,76.71643831982288,55405.544394216304,0.13846346815758603,1799.266095423271,0.9189907074264515
traditional_ac,21,25,74.54350151220876,55405.544394216304,0.1345415920504704,1799.266095423271,0.9189907074264515
traditional_ac,22,5,1231.3409830351827,56613.610216156674,2.1749910990198194,1936.1297835275866,1.2379216929123624
traditional_ac,22,7,509.5982020144202,56613.610216156674,0.9001337312153758,1936.1297835275866,1.2379216929123624
traditional_ac,22,11,568.5421318447651,56613.610216156674,1.0042499138882186,1936.1297835275866,1.2379216929123624
traditional_ac,22,13,225.12178133650013,56613.610216156674,0.3976460439052759,1936.1297835275866,1.2379216929123624
traditional_ac,22,17,206.62770091462076,56613.610216156674,0.36497884541490044,1936.1297835275866,1.2379216929123624
traditional_ac,22,19,232.02696431937576,56613.610216156674,0.40984308090134614,1936.1297835275866,1.2379216929123624
traditional_ac,22,23,94.57167598067083,56613.610216156674,0.1670475979531888,1936.1297835275866,1.2379216929123624
traditional_ac,22,25,102.29683591944861,56613.610216156674,0.18069300920550482,1936.1297835275866,1.2379216929123624
traditional_ac,23,5,726.18173820112,57896.877504034725,1.254267534808788,2095.4795718008745,1.208840845105398
traditional_ac,23,7,309.1037588327457,57896.877504034725,0.5338867520294248,2095.4795718008745,1.208840845105398
traditional_ac,23,11,776.3923943673077,57896.877504034725,1.3409918251864315,2095.4795718008745,1.208840845105398
traditional_ac,23,13,363.94325244601254,57896.877504034725,0.6286060114738485,2095.4795718008745,1.208840845105398
traditional_ac,23,17,185.3448436504789,57896.877504034725,0.3201292567765206,2095.4795718008745,1.208840845105398
traditional_ac,23,19,273.44773140535085,57896.877504034725,0.4723013454158988,2095.4795718008745,1.208840845105398
traditional_ac,23,23,182.52914086698516,57896.877504034725,0.31526594997159396,2095.4795718008745,1.208840845105398
traditional_ac,23,25,98.59194600282842,57896.877504034725,0.17028888301611383,2095.4795718008745,1.208840845105398
traditional_ac,24,5,1037.8489512589979,59588.7987268983,1.7416846344152166,2329.392422274858,0.9202991202551931
traditional_ac,24,7,477.8442506057375,59588.7987268983,0.8019028086062746,2329.392422274858,0.9202991202551931
traditional_ac,24,11,405.1138771154306,59588.7987268983,0.6798490417169004,2329.392422274858,0.9202991202551931
traditional_ac,24,13,336.12313469082113,59588.7987268983,0.5640710030610092,2329.392422274858,0.9202991202551931
traditional_ac,24,17,199.18625895571745,59588.7987268983,0.3342679550709,2329.392422274858,0.9202991202551931
traditional_ac,24,19,100.56736119414042,59588.7987268983,0.1687689017780861,2329.392422274858,0.9202991202551931
traditional_ac,24,23,50.715987621394866,59588.7987268983,0.08510993459329756,2329.392422274858,0.9202991202551931
traditional_ac,24,25,146.1628527390822,59588.7987268983,0.24528578501634488,2329.392422274858,0.9202991202551931
traditional_ac,25,5,168.7107710653876,55203.9765008238,0.3056134390298314,1780.2126280622692,1.3917246952290692
traditional_ac,25,7,906.5249493156298,55203.9765008238,1.64213704659863,1780.2126280622692,1.3917246952290692
traditional_ac,25,11,183.05101690530668,55203.9765008238,0.3315902739408184,1780.2126280622692,1.3917246952290692
traditional_ac,25,13,134.60441808537678,55203.9765008238,0.24383101837485946,1780.2126280622692,1.3917246952290692
traditional_ac,25,17,274.37854784761777,55203.9765008238,0.4970267818361296,1780.2126280622692,1.3917246952290692
traditional_ac,25,19,40.79753737744346,55203.9765008238,0.07390325835827179,1780.2126280622692,1.3917246952290692
traditional_ac,25,23,78.31545858948122,55203.9765008238,0.14186561105487125,1780.2126280622692,1.3917246952290692
traditional_ac,25,25,133.98014527089103,55203.9765008238,0.24270017082717157,1780.2126280622692,1.3917246952290692
traditional_ac,26,5,550.3541116189864,59357.88905193176,0.9271793866144497,2295.483016766659,0.954637067278671
traditional_ac,26,7,738.3843465095521,59357.88905193176,1.2439531767437777,2295.483016766659,0.954637067278671
traditional_ac,26,11,458.61785342084085,59357.88905193176,0.772631676675024,2295.483016766659,0.954637067278671
traditional_ac,26,13,198.24624491297064,59357.88905193176,0.3339846616504953,2295.483016766659,0.954637067278671
traditional_ac,26,17,217.97232785655441,59357.88905193176,0.3672171152613802,2295.483016766659,0.954637067278671
traditional_ac,26,19,204.8571870265199,59357.88905193176,0.34512208957985674,2295.483016766659,0.954637067278671
traditional_ac,26,23,167.77084968390977,59357.88905193176,0.2826428843133696,2295.483016766659,0.954637067278671
traditional_ac,26,25,147.11127818577572,59357.88905193176,0.24783778624113334,2295.483016766659,0.954637067278671
traditional_ac,27,5,742.2039232671536,53589.65607170205,1.3849760899269392,1623.1341185573626,1.231631440716627
traditional_ac,27,7,686.9121881295914,53589.65607170205,1.281799956339549,1623.1341185573626,1.231631440716627
traditional_ac,27,11,722.7551859957184,53589.65607170205,1.3486841285726563,1623.1341185573626,1.231631440716627
traditional_ac,27,13,325.083178226724,53589.65607170205,0.6066155337734734,1623.1341185573626,1.231631440716627
traditional_ac,27,17,185.15946268737494,53589.65607170205,0.345513437219367,1623.1341185573626,1.231631440716627
traditional_ac,27,19,318.5854266522802,53589.65607170205,0.5944905229957407,1623.1341185573626,1.231631440716627
traditional_ac,27,23,218.11293576372614,53589.65607170205,0.4070056644362388,1623.1341185573626,1.231631440716627
traditional_ac,27,25,82.46304583724837,53589.65607170205,0.15387866219352897,1623.1341185573626,1.231631440716627
traditional_ac,28,5,904.8802988563642,40689.88143470887,2.2238459954923644,833.242990829094,1.2137747802635974
traditional_ac,28,7,344.83750169654985,40689.88143470887,0.8474772831419461,833.242990829094,1.2137747802635974
traditional_ac,28,11,404.0138564117157,40689.88143470887,0.9929098885677459,833.242990829094,1.2137747802635974
traditional_ac,28,13,524.9443366679428,40689.88143470887,1.2901102636788717,833.242990829094,1.2137747802635974
traditional_ac,28,17,343.5219669243872,40689.88143470887,0.844244207188472,833.242990829094,1.2137747802635974
traditional_ac,28,19,228.27145531638948,40689.88143470887,0.561002999437771,833.242990829094,1.2137747802635974
traditional_ac,28,23,126.17243009721024,40689.88143470887,0.31008306155835563,833.242990829094,1.2137747802635974
traditional_ac,28,25,137.5439042971659,40689.88143470887,0.3380297495284407,833.242990829094,1.2137747802635974
traditional_ac,29,5,675.7935631023947,55105.44945035893,1.2263643066937964,1770.2838362164603,1.2503794245750055
traditional_ac,29,7,343.4251903277552,55105.44945035893,0.6232145708876317,1770.2838362164603,1.2503794245750055
traditional_ac,29,11,595.5698727052214,55105.44945035893,1.0807821706303897,1770.2838362164603,1.2503794245750055
traditional_ac,29,13,287.9270658310276,55105.44945035893,0.5225019824770746,1770.2838362164603,1.2503794245750055
traditional_ac,29,17,266.4043869808333,55105.44945035893,0.4834447221428081,1770.2838362164603,1.2503794245750055
traditional_ac,29,19,33.69822105001278,55105.44945035893,0.06115224789223326,1770.2838362164603,1.2503794245750055
traditional_ac,29,23,166.83321836361046,55105.44945035893,0.3027526678897704,1770.2838362164603,1.2503794245750055
traditional_ac,29,25,169.0545295266188,55105.44945035893,0.30678368693627933,1770.2838362164603,1.2503794245750055
traditional_ac,30,5,143.34910754072408,53777.299260158296,0.2665606296947797,1640.237947832405,0.9758682775560233
traditional_ac,30,7,1003.8992011632448,53777.299260158296,1.8667713235405974,1640.237947832405,0.9758682775560233
traditional_ac,30,11,134.6234201365357,53777.299260158296,0.2503350335338864,1640.237947832405,0.9758682775560233
traditional_ac,30,13,579.3724318652039,53777.299260158296,1.0773550175184057,1640.237947832405,0.9758682775560233
traditional_ac,30,17,391.14720112873744,53777.299260158296,0.7273463087770281,1640.237947832405,0.9758682775560233
traditional_ac,30,19,197.28974662020565,53777.299260158296,0.3668643634664091,1640.237947832405,0.9758682775560233
traditional_ac,30,23,199.4349792066596,53777.299260158296,0.3708534678207872,1640.237947832405,0.9758682775560233
traditional_ac,30,25,178.04814067368048,53777.299260158296,0.33108419932421196,1640.237947832405,0.9758682775560233
traditional_ac,31,5,664.1253223834135,57609.782815503575,1.1527995592524405,2057.4976170866726,1.1599417805334817
traditional_ac,31,7,557.3611117080364,57609.782815503575,0.967476502199281,2057.4976170866726,1.1599417805334817
traditional_ac,31,11,345.37596208590213,57609.782815503575,0.5995092243134733,2057.4976170866726,1.1599417805334817
traditional_ac,31,13,48.51141656025354,57609.782815503575,0.08420690755876006,2057.4976170866726,1.1599417805334817
traditional_ac,31,17,87.90851006002202,57609.782815503575,0.15259302459367136,2057.4976170866726,1.1599417805334817
traditional_ac,31,19,217.85042021942192,57609.782815503575,0.37814831018733747,2057.4976170866726,1.1599417805334817
traditional_ac,31,23,188.54070907844292,57609.782815503575,0.32727203586628356,2057.4976170866726,1.1599417805334817
traditional_ac,31,25,77.18137721326434,57609.782815503575,0.1339726925554279,2057.4976170866726,1.1599417805334817
traditional_ac,32,5,557.6372502952248,48965.93316705782,1.1388269644381643,1267.0946787508447,0.7891559877848671
traditional_ac,32,7,342.7751594361348,48965.93316705782,0.7000278300970668,1267.0946787508447,0.7891559877848671
traditional_ac,32,11,480.4569370209949,48965.93316705782,0.9812065367605938,1267.0946787508447,0.7891559877848671
traditional_ac,32,13,545.9142220523228,48965.93316705782,1.1148857720934653,1267.0946787508447,0.7891559877848671
traditional_ac,32,17,158.65325530841918,48965.93316705782,0.3240074170896314,1267.0946787508447,0.7891559877848671
traditional_ac,32,19,75.822297445496,48965.93316705782,0.15484703862747173,1267.0946787508447,0.7891559877848671
traditional_ac,32,23,263.2231470638538,48965.93316705782,0.5375638327279731,1267.0946787508447,0.7891559877848671
traditional_ac,32,25,99.24487652500692,48965.93316705782,0.20268147690846952,1267.0946787508447,0.7891559877848671
traditional_ac,33,5,1251.6929174316895,58170.903385671205,2.1517508661211706,2125.534365506315,0.9056583930807078
traditional_ac,33,7,322.3987874404888,58170.903385671205,0.5542268878016132,2125.534365506315,0.9056583930807078
traditional_ac,33,11,139.22080818004295,58170.903385671205,0.23933066202705072,2125.534365506315,0.9056583930807078
traditional_ac,33,13,250.08965556033175,58170.903385671205,0.42992224807348345,2125.534365506315,0.9056583930807078
traditional_ac,33,17,44.09355692967762,58170.903385671205,0.07580002090966124,2125.534365506315,0.9056583930807078
traditional_ac,33,19,214.26829198065903,58170.903385671205,0.3683427272223489,2125.534365506315,0.9056583930807078
traditional_ac,33,23,64.80971305117278,58170.903385671205,0.11141259509326593,2125.534365506315,0.9056583930807078
traditional_ac,33,25,157.38748871960027,58170.903385671205,0.2705605028619314,2125.534365506315,0.9056583930807078
traditional_ac,34,5,1070.942207950712,60136.67166131627,1.7808471575915465,2430.3797202875976,1.3925378787274834
traditional_ac,34,7,198.8896729175079,60136.67166131627,0.3307294325127182,2430.3797202875976,1.3925378787274834
traditional_ac,34,11,464.2167520391897,60136.67166131627,0.7719362232975115,2430.3797202875976,1.3925378787274834
traditional_ac,34,13,92.6650328943207,60136.67166131627,0.15409072423595524,2430.3797202875976,1.3925378787274834
traditional_ac,34,17,366.3491079781802,60136.67166131627,0.6091941869370852,2430.3797202875976,1.3925378787274834
traditional_ac,34,19,36.084232854485116,60136.67166131627,0.060003707983221806,2430.3797202875976,1.3925378787274834
traditional_ac,34,23,172.61337519030744,60136.67166131627,0.2870351325102406,2430.3797202875976,1.3925378787274834
traditional_ac,34,25,65.87613587023678,60136.67166131627,0.10954403369917876,2430.3797202875976,1.3925378787274834
traditional_ac,35,5,1231.547120438674,56535.12296326647,2.1783752398289966,1919.5559837763092,0.759677826025155
traditional_ac,35,7,377.62923498160086,56535.12296326647,0.6679550962097746,1919.5559837763092,0.759677826025155
traditional_ac,35,11,521.4697322380181,56535.12296326647,0.9223818838721578,1919.5559837763092,0.759677826025155
traditional_ac,35,13,247.35698667040583,56535.12296326647,0.43752798916016383,1919.5559837763092,0.759677826025155
traditional_ac,35,17,455.44437566109673,56535.12296326647,0.8055954454313655,1919.5559837763092,0.759677826025155
traditional_ac,35,19,222.56595596030294,56535.12296326647,0.3936773182662298,1919.5559837763092,0.759677826025155
traditional_ac,35,23,111.22825752314994,56535.12296326647,0.19674186893591825,1919.5559837763092,0.759677826025155
traditional_ac,35,25,114.87782203342734,56535.12296326647,0.20319726218349052,1919.5559837763092,0.759677826025155
traditional_ac,36,5,552.9457148121861,57407.8867926432,0.963187718108178,2026.949214429462,0.8959046065565104
traditional_ac,36,7,463.1421298583634,57407.8867926432,0.806756973185982,2026.949214429462,0.8959046065565104
traditional_ac,36,11,606.2583928347275,57407.8867926432,1.056054188206801,2026.949214429462,0.8959046065565104
traditional_ac,36,13,253.10237993636622,57407.8867926432,0.4408843350227642,2026.949214429462,0.8959046065565104
traditional_ac,36,17,338.2178843198699,57407.8867926432,0.5891488142413429,2026.949214429462,0.8959046065565104
traditional_ac,36,19,263.0675167105234,57407.8867926432,0.4582428154178903,2026.949214429462,0.8959046065565104
traditional_ac,36,23,119.03475569778084,57407.8867926432,0.20734913327803436,2026.949214429462,0.8959046065565104
traditional_ac,36,25,50.56654875627343,57407.8867926432,0.08808293003175569,2026.949214429462,0.8959046065565104
traditional_ac,37,5,419.4795464207618,48350.20995955522,0.8675857804374685,1226.3746313674112,0.9817627509444462
traditional_ac,37,7,455.45175182096204,48350.20995955522,0.9419850548776226,1226.3746313674112,0.9817627509444462
traditional_ac,37,11,849.425666412897,48350.20995955522,1.7568189820136018,1226.3746313674112,0.9817627509444462
traditional_ac,37,13,201.40851528485484,48350.20995955522,0.41656182145503057,1226.3746313674112,0.9817627509444462
traditional_ac,37,17,373.8839405785665,48350.20995955522,0.7732829720725497,1226.3746313674112,0.9817627509444462
traditional_ac,37,19,370.2734789833823,48350.20995955522,0.7658156589043041,1226.3746313674112,0.9817627509444462
traditional_ac,37,23,32.65746843546554,48350.20995955522,0.06754359177092177,1226.3746313674112,0.9817627509444462
traditional_ac,37,25,58.70432716627719,48350.20995955522,0.12141483401082054,1226.3746313674112,0.9817627509444462
traditional_ac,38,5,548.5125714534797,53087.283612875326,1.0332277979287083,1577.9337694162505,1.2629495277017295
traditional_ac,38,7,996.141058630769,53087.283612875326,1.8764212271527367,1577.9337694162505,1.2629495277017295
traditional_ac,38,11,545.2219376839345,53087.283612875326,1.0270292630902311,1577.9337694162505,1.2629495277017295
traditional_ac,38,13,26.039225993158368,53087.283612875326,0.04904983683671289,1577.9337694162505,1.2629495277017295
traditional_ac,38,17,97.74990842646076,53087.283612875326,0.18413055212859555,1577.9337694162505,1.2629495277017295
traditional_ac,38,19,283.727445719744,53087.283612875326,0.5344546309597413,1577.9337694162505,1.2629495277017295
traditional_ac,38,23,115.09015179344102,53087.283612875326,0.21679419996831042,1577.9337694162505,1.2629495277017295
traditional_ac,38,25,164.79538997593787,53087.283612875326,0.3104234738730724,1577.9337694162505,1.2629495277017295
traditional_ac,39,5,404.8727014292517,53185.72705274067,0.7612431452291082,1587.153237021695,1.0488702982903182
traditional_ac,39,7,414.1831430045182,53185.72705274067,0.7787486717889575,1587.153237021695,1.0488702982903182
traditional_ac,39,11,829.8615053888446,53185.72705274067,1.5603086605658834,1587.153237021695,1.0488702982903182
traditional_ac,39,13,263.83410241877226,53185.72705274067,0.49606185162636945,1587.153237021695,1.0488702982903182
traditional_ac,39,17,233.51515703190793,53185.72705274067,0.4390560587812343,1587.153237021695,1.0488702982903182
traditional_ac,39,19,270.74489271951927,53185.72705274067,0.5090555450168801,1587.153237021695,1.0488702982903182
traditional_ac,39,23,126.78512174636796,53185.72705274067,0.2383818531250758,1587.153237021695,1.0488702982903182
traditional_ac,39,25,94.24795800194727,53185.72705274067,0.17720535794967693,1587.153237021695,1.0488702982903182
traditional_ac,40,5,1297.8255362547595,54941.269370254886,2.3622052259269424,1753.3159268753006,1.146968417705039
traditional_ac,40,7,54.5106372089379,54941.269370254886,0.09921619546426036,1753.3159268753006,1.146968417705039
traditional_ac,40,11,179.04664234487265,54941.269370254886,0.32588734187821333,1753.3159268753006,1.146968417705039
traditional_ac,40,13,160.58948700718818,54941.269370254886,0.292293004599073,1753.3159268753006,1.146968417705039
traditional_ac,40,17,188.9276661327577,54941.269370254886,0.3438720442725024,1753.3159268753006,1.146968417705039
traditional_ac,40,19,310.89060739464827,54941.269370254886,0.5658598917682888,1753.3159268753006,1.146968417705039
traditional_ac,40,23,223.18261328788364,54941.269370254886,0.40622034373438476,1753.3159268753006,1.146968417705039
traditional_ac,40,25,171.70752443413667,54941.269370254886,0.3125292269404661,1753.3159268753006,1.146968417705039
traditional_ac,41,5,456.7753003258133,51463.228107012204,0.8875760754377836,1443.7907348809238,1.1870640368805465
traditional_ac,41,7,671.8436038823944,51463.228107012204,1.3054828245234995,1443.7907348809238,1.1870640368805465
traditional_ac,41,11,516.7900391320981,51463.228107012204,1.0041928152223354,1443.7907348809238,1.1870640368805465
traditional_ac,41,13,278.59094817395794,51463.228107012204,0.5413398234457004,1443.7907348809238,1.1870640368805465
traditional_ac,41,17,238.93091630290334,51463.228107012204,0.46427502722151903,1443.7907348809238,1.1870640368805465
traditional_ac,41,19,174.7367883350951,51463.228107012204,0.3395371700581023,1443.7907348809238,1.1870640368805465
traditional_ac,41,23,266.56917275828187,51463.228107012204,0.5179798908144281,1443.7907348809238,1.1870640368805465
traditional_ac,41,25,162.76599221062455,51463.228107012204,0.3162762970720964,1443.7907348809238,1.1870640368805465
traditional_ac,42,5,16.953368153030578,59672.26749680748,0.0284107992945594,2352.6919998285575,1.2689994609902608
traditional_ac,42,7,620.8145213649724,59672.26749680748,1.040373606379524,2352.6919998285575,1.2689994609902608
traditional_ac,42,11,568.9421149285403,59672.26749680748,0.9534447722452967,2352.6919998285575,1.2689994609902608
traditional_ac,42,13,544.9476502766025,59672.26749680748,0.9132343601753657,2352.6919998285575,1.2689994609902608
traditional_ac,42,17,120.16690078761415,59672.26749680748,0.20137813732994678,2352.6919998285575,1.2689994609902608
traditional_ac,42,19,67.7071929568939,59672.26749680748,0.11346509156957427,2352.6919998285575,1.2689994609902608
traditional_ac,42,23,157.77754659908575,59672.26749680748,0.2644068228302653,2352.6919998285575,1.2689994609902608
traditional_ac,42,25,146.92727888079568,59672.26749680748,0.24622372342169907,2352.6919998285575,1.2689994609902608
traditional_ac,43,5,896.157262993378,54426.55542292228,1.6465441474842124,1701.3305256889141,1.4194881727936002
traditional_ac,43,7,572.3914743332575,54426.55542292228,1.0516768329090125,1701.3305256889141,1.4194881727936002
traditional_ac,43,11,474.23229899574045,54426.55542292228,0.8713252112148416,1701.3305256889141,1.4194881727936002
traditional_ac,43,13,242.82932757575176,54426.55542292228,0.4461596470488408,1701.3305256889141,1.4194881727936002
traditional_ac,43,17,222.1150852823641,54426.55542292228,0.4081005743545882,1701.3305256889141,1.4194881727936002
traditional_ac,43,19,174.3328237407377,54426.55542292228,0.3203083906120498,1701.3305256889141,1.4194881727936002
traditional_ac,43,23,148.5663299210444,54426.55542292228,0.2729666222060311,1701.3305256889141,1.4194881727936002
traditional_ac,43,25,29.75468766864361,54426.55542292228,0.054669430092414276,1701.3305256889141,1.4194881727936002
traditional_ac,44,5,423.379128652485,47772.299798906286,0.8862439749282868,1190.3306863034038,0.984392783358933
traditional_ac,44,7,369.7629420815197,47772.299798906286,0.7740111814545407,1190.3306863034038,0.984392783358933
traditional_ac,44,11,757.8424417905971,47772.299798906286,1.5863637400348634,1190.3306863034038,0.984392783358933
traditional_ac,44,13,575.1835445235491,47772.299798906286,1.2040105813300568,1190.3306863034038,0.984392783358933
traditional_ac,44,17,348.0917430656284,47772.299798906286,0.7286476567611211,1190.3306863034038,0.984392783358933
traditional_ac,44,19,327.3941646692574,47772.299798906286,0.685322176339421,1190.3306863034038,0.984392783358933
traditional_ac,44,23,49.48418537625896,47772.299798906286,0.10358342718386747,1190.3306863034038,0.984392783358933
traditional_ac,44,25,131.86754287465024,47772.299798906286,0.27603348264524885,1190.3306863034038,0.984392783358933
traditional_ac,45,5,508.63186718934753,41696.60651823,1.2198399574003,874.6722886666771,1.044467132928036
traditional_ac,45,7,903.5234066694164,41696.60651823,2.1668991366824795,874.6722886666771,1.044467132928036
traditional_ac,45,11,374.5510865397973,41696.60651823,0.8982771448703899,874.6722886666771,1.044467132928036
traditional_ac,45,13,626.0215115766626,41696.60651823,1.5013728066886267,874.6722886666771,1.044467132928036
traditional_ac,45,17,249.12369870610542,41696.60651823,0.5974675627312431,874.6722886666771,1.044467132928036
traditional_ac,45,19,353.6563720619315,41696.60651823,0.8481658379257094,874.6722886666771,1.044467132928036
traditional_ac,45,23,287.1575483148608,41696.60651823,0.6886832581670976,874.6722886666771,1.044467132928036
traditional_ac,45,25,69.80210595963109,41696.60651823,0.1674047645318887,874.6722886666771,1.044467132928036
traditional_ac,46,5,737.1492617031164,55325.096253511845,1.3323958051972205,1793.1514621247345,1.2861786154361639
traditional_ac,46,7,534.5253191202013,55325.096253511845,0.9661534372590839,1793.1514621247345,1.2861786154361639
traditional_ac,46,11,798.0692238518485,55325.096253511845,1.442508514029363,1793.1514621247345,1.2861786154361639
traditional_ac,46,13,368.8606927470416,55325.096253511845,0.6667149588982914,1793.1514621247345,1.2861786154361639
traditional_ac,46,17,115.44970161535207,55325.096253511845,0.20867510304245285,1793.1514621247345,1.2861786154361639
traditional_ac,46,19,178.58909593910673,55325.096253511845,0.32279943105886694,1793.1514621247345,1.2861786154361639
traditional_ac,46,23,107.81796915119537,55325.096253511845,0.19488076199117588,1793.1514621247345,1.2861786154361639
traditional_ac,46,25,165.84137753226938,55325.096253511845,0.29975795572473557,1793.1514621247345,1.2861786154361639
traditional_ac,47,5,928.7339141430066,54287.43408654141,1.7107714331505903,1687.8587617966366,1.4063093777176539
traditional_ac,47,7,411.7735218471578,54287.43408654141,0.7585061419383643,1687.8587617966366,1.4063093777176539
traditional_ac,47,11,361.71350502023915,54287.43408654141,0.6662932428223068,1687.8587617966366,1.4063093777176539
traditional_ac,47,13,93.28683746709662,54287.43408654141,0.171838730337457,1687.8587617966366,1.4063093777176539
traditional_ac,47,17,308.02469208138416,54287.43408654141,0.5673959310553373,1687.8587617966366,1.4063093777176539
traditional_ac,47,19,183.50803948197085,54287.43408654141,0.3380304163748733,1687.8587617966366,1.4063093777176539
traditional_ac,47,23,265.54827797660846,54287.43408654141,0.48915238387080345,1687.8587617966366,1.4063093777176539
traditional_ac,47,25,104.1155305271963,54287.43408654141,0.1917856908860755,1687.8587617966366,1.4063093777176539
traditional_ac,48,5,1412.7722025628061,44950.42332865201,3.142956390495851,1030.3748627974894,1.023068640391375
traditional_ac,48,7,467.4763141939,44950.42332865201,1.0399820059000964,1030.3748627974894,1.023068640391375
traditional_ac,48,11,839.6505528962169,44950.42332865201,1.8679480430187902,1030.3748627974894,1.023068640391375
traditional_ac,48,13,470.2716785697883,44950.42332865201,1.0462007779802838,1030.3748627974894,1.023068640391375
traditional_ac,48,17,300.92132855497476,44950.42332865201,0.6694516008332304,1030.3748627974894,1.023068640391375
traditional_ac,48,19,304.04347681005817,44950.42332865201,0.6763973602363311,1030.3748627974894,1.023068640391375
traditional_ac,48,23,81.58819380896368,44950.42332865201,0.18150706437720746,1030.3748627974894,1.023068640391375
traditional_ac,48,25,109.43259382232469,44950.42332865201,0.24345175355127494,1030.3748627974894,1.023068640391375
traditional_ac,49,5,1022.5777995254948,54322.99257337153,1.8824032901802064,1690.1665291087854,0.8350707463218093
traditional_ac,49,7,675.3356292763256,54322.99257337153,1.2431856149386125,1690.1665291087854,0.8350707463218093
traditional_ac,49,11,675.1249868820593,54322.99257337153,1.2427978557517787,1690.1665291087854,0.8350707463218093
traditional_ac,49,13,428.7610474947244,54322.99257337153,0.7892809787966244,1690.1665291087854,0.8350707463218093
traditional_ac,49,17,198.31389576378106,54322.99257337153,0.365064379499947,1690.1665291087854,0.8350707463218093
traditional_ac,49,19,331.4339986687856,54322.99257337153,0.6101173425251437,1690.1665291087854,0.8350707463218093
traditional_ac,49,23,124.66266897679934,54322.99257337153,0.22948417064546528,1690.1665291087854,0.8350707463218093
traditional_ac,49,25,66.88452418203451,54322.99257337153,0.12312378426445618,1690.1665291087854,0.8350707463218093
traditional_ac,50,5,385.48054186347264,53317.71644158318,0.7229877188866839,1597.585046633825,1.3787525415577488
traditional_ac,50,7,515.076511422123,53317.71644158318,0.9660513349000223,1597.585046633825,1.3787525415577488
traditional_ac,50,11,329.72647473630303,53317.71644158318,0.618418223326506,1597.585046633825,1.3787525415577488
traditional_ac,50,13,400.0414365903568,53317.71644158318,0.7502973932288655,1597.585046633825,1.3787525415577488
traditional_ac,50,17,202.05334668815206,53317.71644158318,0.3789609911548425,1597.585046633825,1.3787525415577488
traditional_ac,50,19,144.2262438669051,53317.71644158318,0.2705034151733122,1597.585046633825,1.3787525415577488
traditional_ac,50,23,75.04590699264988,53317.71644158318,0.1407522902352221,1597.585046633825,1.3787525415577488
traditional_ac,50,25,138.37138664576094,53317.71644158318,0.2595223424419642,1597.585046633825,1.3787525415577488
traditional_ac,51,5,574.2123276059036,48541.112595399434,1.1829401859658355,1239.1014719058512,0.9001827040740604
traditional_ac,51,7,772.7612041989975,48541.112595399434,1.5919725834060037,1239.1014719058512,0.9001827040740604
traditional_ac,51,11,643.1818252105094,48541.112595399434,1.3250248929635535,1239.1014719058512,0.9001827040740604
traditional_ac,51,13,318.97849835679773,48541.112595399434,0.6571305874580003,1239.1014719058512,0.9001827040740604
traditional_ac,51,17,476.57390240931136,48541.112595399434,0.9817943531324814,1239.1014719058512,0.9001827040740604
traditional_ac,51,19,283.1250730237025,48541.112595399434,0.5832686106385954,1239.1014719058512,0.9001827040740604
traditional_ac,51,23,189.4739116316421,48541.112595399434,0.3903369772566767,1239.1014719058512,0.9001827040740604
traditional_ac,51,25,77.05399094899565,48541.112595399434,0.15873964734030133,1239.1014719058512,0.9001827040740604
traditional_ac,52,5,477.8463654197746,46324.43106477477,1.0315212824775097,1101.2185474432288,1.2951074075826614
traditional_ac,52,7,744.5904741353316,46324.43106477477,1.6073386267694938,1101.2185474432288,1.2951074075826614
traditional_ac,52,11,361.79587352963614,46324.43106477477,0.7810044618221912,1101.2185474432288,1.2951074075826614
traditional_ac,52,13,556.5967542334232,46324.43106477477,1.2015188129458991,1101.2185474432288,1.2951074075826614
traditional_ac,52,17,461.07440316483525,46324.43106477477,0.995315846448544,1101.2185474432288,1.2951074075826614
traditional_ac,52,19,263.4380562217876,46324.43106477477,0.5686806079785978,1101.2185474432288,1.2951074075826614
traditional_ac,52,23,82.74990555641342,46324.43106477477,0.1786312398326176,1101.2185474432288,1.2951074075826614
traditional_ac,52,25,202.9581631385535,46324.43106477477,0.4381233799822821,1101.2185474432288,1.2951074075826614
traditional_ac,53,5,789.0032091435014,43284.30039790275,1.822839232447733,946.4855497208994,1.0606874210403676
traditional_ac,53,7,469.15922163032064,43284.30039790275,1.0839015932276748,946.4855497208994,1.0606874210403676
traditional_ac,53,11,347.4716887666153,43284.30039790275,0.8027660966502563,946.4855497208994,1.0606874210403676
traditional_ac,53,13,323.0965875659442,43284.30039790275,0.7464521422219849,946.4855497208994,1.0606874210403676
traditional_ac,53,17,464.8628166874801,43284.30039790275,1.0739755810169087,946.4855497208994,1.0606874210403676
traditional_ac,53,19,262.3270456031147,43284.30039790275,0.6060558752055635,946.4855497208994,1.0606874210403676
traditional_ac,53,23,69.6801526071266,43284.30039790275,0.16098250859219804,946.4855497208994,1.0606874210403676
traditional_ac,53,25,117.3575623052023,43284.30039790275,0.2711319375070427,946.4855497208994,1.0606874210403676
traditional_ac,54,5,1306.2423073595135,57141.037329428735,2.2859968394146977,1992.9847373283403,0.8461382152137201
traditional_ac,54,7,284.1397328878937,57141.037329428735,0.4972603686729996,1992.9847373283403,0.8461382152137201
traditional_ac,54,11,727.203923508224,57141.037329428735,1.272647395803751,1992.9847373283403,0.8461382152137201
traditional_ac,54,13,243.24276073951395,57141.037329428735,0.42568838807943593,1992.9847373283403,0.8461382152137201
traditional_ac,54,17,263.6065632890605,57141.037329428735,0.4613261774883776,1992.9847373283403,0.8461382152137201
traditional_ac,54,19,219.22653119958204,57141.037329428735,0.3836586478745568,1992.9847373283403,0.8461382152137201
traditional_ac,54,23,88.10431080806205,57141.037329428735,0.15418745428110497,1992.9847373283403,0.8461382152137201
traditional_ac,54,25,199.38537489942937,57141.037329428735,0.34893551853099114,1992.9847373283403,0.8461382152137201
traditional_ac,55,5,432.0103700877716,54551.788066829984,0.7919270575668883,1714.1344821939394,1.0558413296935845
traditional_ac,55,7,713.5446564834583,54551.788066829984,1.3080133241632945,1714.1344821939394,1.0558413296935845
traditional_ac,55,11,275.68466478171064,54551.788066829984,0.505363205407633,1714.1344821939394,1.0558413296935845
traditional_ac,55,13,237.2486998429932,54551.788066829984,0.434905450857717,1714.1344821939394,1.0558413296935845
traditional_ac,55,17,96.16632584862957,54551.788066829984,0.1762844615300578,1714.1344821939394,1.0558413296935845
traditional_ac,55,19,354.09631959012677,54551.788066829984,0.6491012158141042,1714.1344821939394,1.0558413296935845
traditional_ac,55,23,101.561624486133,54551.788066829984,0.18617469396550756,1714.1344821939394,1.0558413296935845
traditional_ac,55,25,110.25006722962102,54551.788066829984,0.20210165630970064,1714.1344821939394,1.0558413296935845
traditional_ac,56,5,1408.4627967151673,48752.15493515171,2.8890267488455676,1253.0961255625004,0.8122198281933158
traditional_ac,56,7,1032.9827691516045,48752.15493515171,2.1188453526323903,1253.0961255625004,0.8122198281933158
traditional_ac,56,11,419.4144672824864,48752.15493515171,0.8602993402863438,1253.0961255625004,0.8122198281933158
traditional_ac,56,13,538.7267601968452,48752.15493515171,1.1050316871396546,1253.0961255625004,0.8122198281933158
traditional_ac,56,17,431.21178742893443,48752.15493515171,0.8844979016876612,1253.0961255625004,0.8122198281933158
traditional_ac,56,19,57.54442105750497,48752.15493515171,0.1180346204881577,1253.0961255625004,0.8122198281933158
traditional_ac,56,23,116.23059064947078,48752.15493515171,0.23841118572927977,1253.0961255625004,0.8122198281933158
traditional_ac,56,25,107.68507641010503,48752.15493515171,0.22088270057671028,1253.0961255625004,0.8122198281933158
traditional_ac,57,5,606.932327006103,57333.931297152885,1.0585918552496718,2013.9859979102018,0.757323506603271
traditional_ac,57,7,488.7350394391895,57333.931297152885,0.8524359456639237,2013.9859979102018,0.757323506603271
traditional_ac,57,11,207.1965588467883,57333.931297152885,0.3613855777182287,2013.9859979102018,0.757323506603271
traditional_ac,57,13,331.14199259497235,57333.931297152885,0.5775672191022706,2013.9859979102018,0.757323506603271
traditional_ac,57,17,439.97172486265936,57333.931297152885,0.7673845398501526,2013.9859979102018,0.757323506603271
traditional_ac,57,19,181.59101318423157,57333.931297152885,0.3167252080501396,2013.9859979102018,0.757323506603271
traditional_ac,57,23,110.38060069226394,57333.931297152885,0.19252229560219478,2013.9859979102018,0.757323506603271
traditional_ac,57,25,94.24270387194538,57333.931297152885,0.1643750947122395,2013.9859979102018,0.757323506603271
traditional_ac,58,5,784.8627729081187,58619.21029602457,1.3389173428720624,2194.0249644393343,1.2011443983623518
traditional_ac,58,7,137.34900625942694,58619.21029602457,0.23430715897710017,2194.0249644393343,1.2011443983623518
traditional_ac,58,11,323.03253631925554,58619.21029602457,0.5510694099902654,2194.0249644393343,1.2011443983623518
traditional_ac,58,13,292.9697444312131,58619.21029602457,0.4997845295965744,2194.0249644393343,1.2011443983623518
traditional_ac,58,17,254.91845378347776,58619.21029602457,0.4348718662297738,2194.0249644393343,1.2011443983623518
traditional_ac,58,19,186.48814834445633,58619.21029602457,0.3181348697853468,2194.0249644393343,1.2011443983623518
traditional_ac,58,23,128.44438725050546,58619.21029602457,0.2191165431978129,2194.0249644393343,1.2011443983623518
traditional_ac,58,25,47.29259681865156,58619.21029602457,0.08067764232889853,2194.0249644393343,1.2011443983623518
traditional_ac,59,5,1183.8041443345098,42511.487383666805,2.7846688440953846,908.502073420089,1.1990492563225883
traditional_ac,59,7,754.1181034527563,42511.487383666805,1.773916063314438,908.502073420089,1.1990492563225883
traditional_ac,59,11,436.2208747590939,42511.487383666805,1.0261247055935587,908.502073420089,1.1990492563225883
traditional_ac,59,13,419.8574013983717,42511.487383666805,0.9876328193581005,908.502073420089,1.1990492563225883
traditional_ac,59,17,107.21249055993997,42511.487383666805,0.2521965171257021,908.502073420089,1.1990492563225883
traditional_ac,59,19,201.14639099740972,42511.487383666805,0.47315773541880707,908.502073420089,1.1990492563225883
traditional_ac,59,23,164.42682825854354,42511.487383666805,0.38678211085532943,908.502073420089,1.1990492563225883
traditional_ac,59,25,129.08833038234022,42511.487383666805,0.303655172582686,908.502073420089,1.1990492563225883
local_sst,0,5,370.28682663676324,58180.9978729785,0.636439456478863,2123.044005186836,0.7859638667412745
local_sst,0,7,83.55852244979694,58180.9978729785,0.14361823534244458,2123.044005186836,0.7859638667412745
local_sst,0,11,71.78953877975668,58180.9978729785,0.12339000946062927,2123.044005186836,0.7859638667412745
local_sst,0,13,116.26239830243738,58180.9978729785,0.19982881448039605,2123.044005186836,0.7859638667412745
local_sst,0,17,125.51953069879568,58180.9978729785,0.21573973511563266,2123.044005186836,0.7859638667412745
local_sst,0,19,78.86646146529529,58180.9978729785,0.13555364182215912,2123.044005186836,0.7859638667412745
local_sst,0,23,66.80476937279802,58180.9978729785,0.11482231624601394,2123.044005186836,0.7859638667412745
local_sst,0,25,46.4512119643283,58180.9978729785,0.07983914622045704,2123.044005186836,0.7859638667412745
local_sst,1,5,208.062557985083,53323.92004078228,0.39018616378157533,1598.184188280644,0.8011340009811704
local_sst,1,7,262.24337651991164,53323.92004078228,0.4917931320865892,1598.184188280644,0.8011340009811704
local_sst,1,11,394.59543165349277,53323.92004078228,0.739997043262583,1598.184188280644,0.8011340009811704
local_sst,1,13,306.5807782525547,53323.92004078228,0.5749404357708152,1598.184188280644,0.8011340009811704
local_sst,1,17,104.97649560321888,53323.92004078228,0.19686567589729445,1598.184188280644,0.8011340009811704
local_sst,1,19,114.64076924248799,53323.92004078228,0.21498938779221485,1598.184188280644,0.8011340009811704
local_sst,1,23,63.502747080254075,53323.92004078228,0.11908866983463894,1598.184188280644,0.8011340009811704
local_sst,1,25,48.63557168231026,53323.92004078228,0.0912077950104074,1598.184188280644,0.8011340009811704
local_sst,2,5,280.5982541588728,53205.38175525298,0.5273869764709832,1587.424464409867,0.7636813076187521
local_sst,2,7,150.079681502436,53205.38175525298,0.282076129427675,1587.424464409867,0.7636813076187521
local_sst,2,11,296.9060665991363,53205.38175525298,0.5580376586055088,1587.424464409867,0.7636813076187521
local_sst,2,13,96.56307318824399,53205.38175525298,0.18149117627317898,1587.424464409867,0.7636813076187521
local_sst,2,17,65.29149616723107,53205.38175525298,0.12271596220768555,1587.424464409867,0.7636813076187521
local_sst,2,19,59.491339667674026,53205.38175525298,0.11181451519573099,1587.424464409867,0.7636813076187521
local_sst,2,23,85.39905369625701,53205.38175525298,0.16050829987292695,1587.424464409867,0.7636813076187521
local_sst,2,25,58.95554560461147,53205.38175525298,0.11080748537020087,1587.424464409867,0.7636813076187521
local_sst,3,5,269.0831653860669,55962.48391137723,0.48082777349945693,1862.0431648954452,1.3072339305959888
local_sst,3,7,355.0167765412496,55962.48391137723,0.6343835221886467,1862.0431648954452,1.3072339305959888
local_sst,3,11,303.08568680930233,55962.48391137723,0.5415872663716499,1862.0431648954452,1.3072339305959888
local_sst,3,13,132.78253535319936,55962.48391137723,0.23727062501992435,1862.0431648954452,1.3072339305959888
local_sst,3,17,92.6061603238782,55962.48391137723,0.16547900280932895,1862.0431648954452,1.3072339305959888
local_sst,3,19,106.45416573808008,55962.48391137723,0.19022416143404572,1862.0431648954452,1.3072339305959888
local_sst,3,23,14.169523215498543,55962.48391137723,0.025319682446435985,1862.0431648954452,1.3072339305959888
local_sst,3,25,37.76176779907809,55962.48391137723,0.06747693304478411,1862.0431648954452,1.3072339305959888
local_sst,4,5,537.9811130002067,47906.25750912004,1.1229871440026178,1197.7995967317056,1.065604979698974
local_sst,4,7,373.317506325873,47906.25750912004,0.7792666881874536,1197.7995967317056,1.065604979698974
local_sst,4,11,159.12823666988078,47906.25750912004,0.3321658692282258,1197.7995967317056,1.065604979698974
local_sst,4,13,25.179413737663335,47906.25750912004,0.05255975951131199,1197.7995967317056,1.065604979698974
local_sst,4,17,124.96790982945674,47906.25750912004,0.26085926208213256,1197.7995967317056,1.065604979698974
local_sst,4,19,91.0787728872454,47906.25750912004,0.19011873943587956,1197.7995967317056,1.065604979698974
local_sst,4,23,100.46539640970032,47906.25750912004,0.20971247104947502,1197.7995967317056,1.065604979698974
local_sst,4,25,40.510359229574114,47906.25750912004,0.08456172812468611,1197.7995967317056,1.065604979698974
local_sst,5,5,231.9524698100943,58526.58060247757,0.3963198728207867,2169.795020870239,0.7877129060131365
local_sst,5,7,174.47854276410712,58526.58060247757,0.2981184633853717,2169.795020870239,0.7877129060131365
local_sst,5,11,94.10322740179224,58526.58060247757,0.16078716103535465,2169.795020870239,0.7877129060131365
local_sst,5,13,252.18673995132562,58526.58060247757,0.43089265997653375,2169.795020870239,0.7877129060131365
local_sst,5,17,188.5406046794545,58526.58060247757,0.32214525902350966,2169.795020870239,0.7877129060131365
local_sst,5,19,86.27879468734716,58526.58060247757,0.1474181368519841,2169.795020870239,0.7877129060131365
local_sst,5,23,44.94080920611253,58526.58060247757,0.07678700642253151,2169.795020870239,0.7877129060131365
local_sst,5,25,47.887329441641015,58526.58060247757,0.08182150562818603,2169.795020870239,0.7877129060131365
local_sst,6,5,311.438750908649,55586.619248813215,0.5602764750174986,1820.6258946620346,1.1633357026096198
local_sst,6,7,435.7558520267644,55586.619248813215,0.7839222063069934,1820.6258946620346,1.1633357026096198
local_sst,6,11,245.74865831877892,55586.619248813215,0.4421003860997099,1820.6258946620346,1.1633357026096198
local_sst,6,13,268.4455477134649,55586.619248813215,0.48293195618151624,1820.6258946620346,1.1633357026096198
local_sst,6,17,115.63651163139473,55586.619248813215,0.2080294020289129,1820.6258946620346,1.1633357026096198
local_sst,6,19,121.0773791149504,55586.619248813215,0.21781749052409843,1820.6258946620346,1.1633357026096198
local_sst,6,23,111.3841797455047,55586.619248813215,0.20037948206012327,1820.6258946620346,1.1633357026096198
local_sst,6,25,44.24526956162044,55586.619248813215,0.07959697884048793,1820.6258946620346,1.1633357026096198
local_sst,7,5,69.63684796553817,58448.40902535219,0.11914241829120267,2172.2449517887476,1.37759472442791
local_sst,7,7,170.84894320927424,58448.40902535219,0.29230726046823263,2172.2449517887476,1.37759472442791
local_sst,7,11,220.5562095316218,58448.40902535219,0.3773519471435994,2172.2449517887476,1.37759472442791
local_sst,7,13,228.73393428290714,58448.40902535219,0.3913433027470312,2172.2449517887476,1.37759472442791
local_sst,7,17,196.30110401467422,58448.40902535219,0.3358536310706558,2172.2449517887476,1.37759472442791
local_sst,7,19,71.75065572806396,58448.40902535219,0.12275895430608191,2172.2449517887476,1.37759472442791
local_sst,7,23,106.47637346727278,58448.40902535219,0.18217155136094176,2172.2449517887476,1.37759472442791
local_sst,7,25,24.646216117822792,58448.40902535219,0.04216747132865911,2172.2449517887476,1.37759472442791
local_sst,8,5,343.8457791649378,59020.84340631246,0.5825836421852326,2242.6512175832713,0.8707097644785563
local_sst,8,7,435.509120139659,59020.84340631246,0.7378903705958901,2242.6512175832713,0.8707097644785563
local_sst,8,11,208.4877785985137,59020.84340631246,0.35324432279497936,2242.6512175832713,0.8707097644785563
local_sst,8,13,240.35517177251805,59020.84340631246,0.4072377788942462,2242.6512175832713,0.8707097644785563
local_sst,8,17,194.08423081337696,59020.84340631246,0.3288401513974622,2242.6512175832713,0.8707097644785563
local_sst,8,19,73.02998769669234,59020.84340631246,0.12373592697403163,2242.6512175832713,0.8707097644785563
local_sst,8,23,81.44041971673103,59020.84340631246,0.1379858623098238,2242.6512175832713,0.8707097644785563
local_sst,8,25,32.71254092347443,59020.84340631246,0.055425404036120104,2242.6512175832713,0.8707097644785563
local_sst,9,5,334.41844193784317,56654.03789419379,0.5902817422518019,1938.8718561446155,1.0400471728938263
local_sst,9,7,211.46324648426335,56654.03789419379,0.37325361853146083,1938.8718561446155,1.0400471728938263
local_sst,9,11,293.2288109091051,56654.03789419379,0.5175779552672569,1938.8718561446155,1.0400471728938263
local_sst,9,13,164.40900935769645,56654.03789419379,0.29019821970102855,1938.8718561446155,1.0400471728938263
local_sst,9,17,135.05651917777087,56654.03789419379,0.2383881611933828,1938.8718561446155,1.0400471728938263
local_sst,9,19,143.7353559958287,56654.03789419379,0.2537071695829813,1938.8718561446155,1.0400471728938263
local_sst,9,23,14.75705885500878,56654.03789419379,0.026047673570185476,1938.8718561446155,1.0400471728938263
local_sst,9,25,79.80250547256117,56654.03789419379,0.14085934284436902,1938.8718561446155,1.0400471728938263
local_sst,10,5,216.68744154357526,47489.552717736,0.45628444393128315,1172.4410459193407,1.0565941761539617
local_sst,10,7,468.9932149091792,47489.552717736,0.9875713458426059,1172.4410459193407,1.0565941761539617
local_sst,10,11,172.92167955874243,47489.552717736,0.36412572800282683,1172.4410459193407,1.0565941761539617
local_sst,10,13,301.44099605887567,47489.552717736,0.6347522324553208,1172.4410459193407,1.0565941761539617
local_sst,10,17,120.2625651386109,47489.552717736,0.2532400459810948,1172.4410459193407,1.0565941761539617
local_sst,10,19,178.63514484529196,47489.552717736,0.3761567221048532,1172.4410459193407,1.0565941761539617
local_sst,10,23,81.7325243126922,47489.552717736,0.17210632578177015,1172.4410459193407,1.0565941761539617
local_sst,10,25,55.3368620721362,47489.552717736,0.11652428566982366,1172.4410459193407,1.0565941761539617
local_sst,11,5,552.9007062040188,44826.773662176194,1.2334162399703188,1017.2249456499814,1.4465683210168823
local_sst,11,7,197.3829179568967,44826.773662176194,0.44032372136441283,1017.2249456499814,1.4465683210168823
local_sst,11,11,365.18871243278363,44826.773662176194,0.8146665097624939,1017.2249456499814,1.4465683210168823
local_sst,11,13,59.02819644857866,44826.773662176194,0.13168067122882257,1017.2249456499814,1.4465683210168823
local_sst,11,17,143.1969048855517,44826.773662176194,0.3194450396201009,1017.2249456499814,1.4465683210168823
local_sst,11,19,32.279114091558334,44826.773662176194,0.07200855973891941,1017.2249456499814,1.4465683210168823
local_sst,11,23,13.799158730682251,44826.773662176194,0.03078329668486864,1017.2249456499814,1.4465683210168823
local_sst,11,25,27.97383398027301,44826.773662176194,0.06240429925001873,1017.2249456499814,1.4465683210168823
local_sst,12,5,74.2619520911091,55785.489216685906,0.1331205536311703,1842.3849560453439,1.225988837457353
local_sst,12,7,171.86018458047866,55785.489216685906,0.3080732767493125,1842.3849560453439,1.225988837457353
local_sst,12,11,261.96425161421286,55785.489216685906,0.46959210234165544,1842.3849560453439,1.225988837457353
local_sst,12,13,207.43871058430713,55785.489216685906,0.3718506613405489,1842.3849560453439,1.225988837457353
local_sst,12,17,123.09112690969961,55785.489216685906,0.2206507976143768,1842.3849560453439,1.225988837457353
local_sst,12,19,167.6909257746121,55785.489216685906,0.30059954323113536,1842.3849560453439,1.225988837457353
local_sst,12,23,37.150040510128996,55785.489216685906,0.06659445140980697,1842.3849560453439,1.225988837457353
local_sst,12,25,51.272831508113235,55785.489216685906,0.09191069618293694,1842.3849560453439,1.225988837457353
local_sst,13,5,519.1649341993743,54993.33659178344,0.9440506184470044,1758.6754937191579,1.170657260659461
local_sst,13,7,194.8943198916269,54993.33659178344,0.35439624501843026,1758.6754937191579,1.170657260659461
local_sst,13,11,328.1217666319815,54993.33659178344,0.5966573169903027,1758.6754937191579,1.170657260659461
local_sst,13,13,74.28557695538315,54993.33659178344,0.13508105083131502,1758.6754937191579,1.170657260659461
local_sst,13,17,152.78541810812146,54993.33659178344,0.2778253286252669,1758.6754937191579,1.170657260659461
local_sst,13,19,167.75934325359862,54993.33659178344,0.305053945896899,1758.6754937191579,1.170657260659461
local_sst,13,23,105.36420195950488,54993.33659178344,0.1915944885134454,1758.6754937191579,1.170657260659461
local_sst,13,25,56.08956370051181,54993.33659178344,0.10199338170161538,1758.6754937191579,1.170657260659461
local_sst,14,5,494.7348163012961,59364.77386045912,0.8333811183450365,2304.1810628708763,1.232145144320855
local_sst,14,7,277.02446172248096,59364.77386045912,0.46664788511389854,2304.1810628708763,1.232145144320855
local_sst,14,11,232.71727320929344,59364.77386045912,0.3920123973794813,2304.1810628708763,1.232145144320855
local_sst,14,13,167.70140749997844,59364.77386045912,0.28249312950163313,2304.1810628708763,1.232145144320855
local_sst,14,17,74.86581443488753,59364.77386045912,0.12611151288281605,2304.1810628708763,1.232145144320855
local_sst,14,19,74.98986715801666,59364.77386045912,0.1263204797752374,2304.1810628708763,1.232145144320855
local_sst,14,23,28.065697270623204,59364.77386045912,0.047276685221767215,2304.1810628708763,1.232145144320855
local_sst,14,25,60.79379333487933,59364.77386045912,0.10240718422979124,2304.1810628708763,1.232145144320855
local_sst,15,5,129.1065229899643,43713.33188662928,0.2953481636330139,967.4040274744373,1.0520319912766665
local_sst,15,7,173.11418663449254,43713.33188662928,0.39602148626754174,967.4040274744373,1.0520319912766665
local_sst,15,11,225.92711865895066,43713.33188662928,0.5168380192223591,967.4040274744373,1.0520319912766665
local_sst,15,13,309.1340453267694,43713.33188662928,0.7071848152149781,967.4040274744373,1.0520319912766665
local_sst,15,17,53.25350325686179,43713.33188662928,0.12182439763451337,967.4040274744373,1.0520319912766665
local_sst,15,19,44.77004712137105,43713.33188662928,0.10241737517854362,967.4040274744373,1.0520319912766665
local_sst,15,23,31.0112225882563,43713.33188662928,0.07094225319791235,967.4040274744373,1.0520319912766665
local_sst,15,25,54.980659158794616,43713.33188662928,0.1257754940789853,967.4040274744373,1.0520319912766665
local_sst,16,5,216.10032332533174,59718.31017695685,0.3618661055294178,2357.199027443888,1.1521697293961572
local_sst,16,7,310.9401181090875,59718.31017695685,0.5206780251948054,2357.199027443888,1.1521697293961572
local_sst,16,11,147.43175947765246,59718.31017695685,0.24687865252848543,2357.199027443888,1.1521697293961572
local_sst,16,13,225.8059659919561,59718.31017695685,0.3781184787761903,2357.199027443888,1.1521697293961572
local_sst,16,17,173.09784759119376,59718.31017695685,0.2898572432446121,2357.199027443888,1.1521697293961572
local_sst,16,19,123.67839083851385,59718.31017695685,0.20710296468877126,2357.199027443888,1.1521697293961572
local_sst,16,23,71.42353723827688,59718.31017695685,0.11960073388988265,2357.199027443888,1.1521697293961572
local_sst,16,25,21.744176952011966,59718.31017695685,0.03641123951360945,2357.199027443888,1.1521697293961572
local_sst,17,5,272.8580987867418,59448.41716212259,0.45898294994570965,2317.852799266039,1.2745651745650426
local_sst,17,7,430.88907122590746,59448.41716212259,0.7248116801004542,2317.852799266039,1.2745651745650426
local_sst,17,11,111.91878152049549,59448.41716212259,0.18826200404172283,2317.852799266039,1.2745651745650426
local_sst,17,13,272.09974607513277,59448.41716212259,0.45770730166471185,2317.852799266039,1.2745651745650426
local_sst,17,17,110.15542584431866,59448.41716212259,0.18529580954849023,2317.852799266039,1.2745651745650426
local_sst,17,19,32.77711865882444,59448.41716212259,0.05513539337714832,2317.852799266039,1.2745651745650426
local_sst,17,23,28.233844047403224,59448.41716212259,0.04749301225364221,2317.852799266039,1.2745651745650426
local_sst,17,25,9.459738547116078,59448.41716212259,0.01591251541873402,2317.852799266039,1.2745651745650426
local_sst,18,5,344.3533307562784,48867.910953398015,0.7046614517339705,1258.4649009847055,1.128197645175283
local_sst,18,7,257.4959324262283,48867.910953398015,0.5269223246964344,1258.4649009847055,1.128197645175283
local_sst,18,11,117.18968696779808,48867.910953398015,0.23980907855781652,1258.4649009847055,1.128197645175283
local_sst,18,13,177.73188272212894,48867.910953398015,0.36369854830017123,1258.4649009847055,1.128197645175283
local_sst,18,17,163.1161236902208,48867.910953398015,0.33378984390344313,1258.4649009847055,1.128197645175283
local_sst,18,19,74.51900712990368,48867.910953398015,0.15249067471078795,1258.4649009847055,1.128197645175283
local_sst,18,23,115.73400053185809,48867.910953398015,0.23683025992706275,1258.4649009847055,1.128197645175283
local_sst,18,25,35.37108684441724,48867.910953398015,0.07238100862987212,1258.4649009847055,1.128197645175283
local_sst,19,5,422.8408324545023,54480.28349700754,0.7761355215373059,1704.7260913466444,0.7945016867550226
local_sst,19,7,435.06918309944393,54480.28349700754,0.7985809822802062,1704.7260913466444,0.7945016867550226
local_sst,19,11,335.8403903767317,54480.28349700754,0.6164439111172734,1704.7260913466444,0.7945016867550226
local_sst,19,13,29.703956089632428,54480.28349700754,0.05452239632942437,1704.7260913466444,0.7945016867550226
local_sst,19,17,105.20875070642495,54480.28349700754,0.19311344206240003,1704.7260913466444,0.7945016867550226
local_sst,19,19,60.39653251308496,54480.28349700754,0.11085943140586335,1704.7260913466444,0.7945016867550226
local_sst,19,23,71.11582715230706,54480.28349700754,0.1305349799734674,1704.7260913466444,0.7945016867550226
local_sst,19,25,42.9663528615034,54480.28349700754,0.07886587606296767,1704.7260913466444,0.7945016867550226
local_sst,20,5,531.1269571514575,57088.03655186141,0.9303647300410433,1993.705899574065,1.3713467945600593
local_sst,20,7,166.22728233532902,57088.03655186141,0.29117708783752,1993.705899574065,1.3713467945600593
local_sst,20,11,225.92279650538174,57088.03655186141,0.3957445555167115,1993.705899574065,1.3713467945600593
local_sst,20,13,254.3056260137807,57088.03655186141,0.4454622042969681,1993.705899574065,1.3713467945600593
local_sst,20,17,97.07164001615536,57088.03655186141,0.17003849822014985,1993.705899574065,1.3713467945600593
local_sst,20,19,85.33487510784691,57088.03655186141,0.149479436081717,1993.705899574065,1.3713467945600593
local_sst,20,23,57.27616493283273,57088.03655186141,0.100329540815089,1993.705899574065,1.3713467945600593
local_sst,20,25,12.792104234818746,57088.03655186141,0.02240767944996288,1993.705899574065,1.3713467945600593
local_sst,21,5,287.42013292078144,47533.83536838638,0.6046643000575916,1171.951689665445,1.30330450617076
local_sst,21,7,337.86957562941217,47533.83536838638,0.7107980515582825,1171.951689665445,1.30330450617076
local_sst,21,11,121.993902491258,47533.83536838638,0.25664645309137674,1171.951689665445,1.30330450617076
local_sst,21,13,309.3926028818126,47533.83536838638,0.6508892044667244,1171.951689665445,1.30330450617076
local_sst,21,17,107.92684423164506,47533.83536838638,0.2270526739431269,1171.951689665445,1.30330450617076
local_sst,21,19,175.61704090807086,47533.83536838638,0.3694569132640821,1171.951689665445,1.30330450617076
local_sst,21,23,82.66600894411471,47533.83536838638,0.1739098229786311,1171.951689665445,1.30330450617076
local_sst,21,25,90.90706084893468,47533.83536838638,0.1912470562167066,1171.951689665445,1.30330450617076
local_sst,22,5,412.5188830072316,55053.58634445566,0.7493042876920143,1762.2920737506831,0.8611757828456158
local_sst,22,7,458.7708974503011,55053.58634445566,0.833317006052782,1762.2920737506831,0.8611757828456158
local_sst,22,11,134.89014888346887,55053.58634445566,0.24501609766073557,1762.2920737506831,0.8611757828456158
local_sst,22,13,139.86837279006227,55053.58634445566,0.2540586037664159,1762.2920737506831,0.8611757828456158
local_sst,22,17,149.5160968838284,55053.58634445566,0.27158284648041986,1762.2920737506831,0.8611757828456158
local_sst,22,19,144.7733120743244,55053.58634445566,0.2629679947978616,1762.2920737506831,0.8611757828456158
local_sst,22,23,69.51960871552996,55053.58634445566,0.12627625797266728,1762.2920737506831,0.8611757828456158
local_sst,22,25,73.45876775200048,55053.58634445566,0.13343139408282778,1762.2920737506831,0.8611757828456158
local_sst,23,5,336.29149350974876,53673.37788384379,0.6265517594915072,1630.33326062091,0.9068267600278745
local_sst,23,7,479.6350511455798,53673.37788384379,0.8936181586774226,1630.33326062091,0.9068267600278745
local_sst,23,11,118.68159553223103,53673.37788384379,0.22111817852991017,1630.33326062091,0.9068267600278745
local_sst,23,13,185.78811320553402,53673.37788384379,0.34614574399920167,1630.33326062091,0.9068267600278745
local_sst,23,17,59.23814491798277,53673.37788384379,0.11036783458306251,1630.33326062091,0.9068267600278745
local_sst,23,19,84.69027778350161,53673.37788384379,0.15778823901633776,1630.33326062091,0.9068267600278745
local_sst,23,23,102.27825134148195,53673.37788384379,0.19055676272662675,1630.33326062091,0.9068267600278745
local_sst,23,25,69.51238879430348,53673.37788384379,0.12950999459124296,1630.33326062091,0.9068267600278745
local_sst,24,5,213.96092409219364,55477.269711854366,0.38567313280464943,1809.2021421900013,1.3454043523682029
local_sst,24,7,271.8932751608685,55477.269711854366,0.4900985152533027,1809.2021421900013,1.3454043523682029
local_sst,24,11,155.6439064999387,55477.269711854366,0.28055437354495616,1809.2021421900013,1.3454043523682029
local_sst,24,13,206.1775204258031,55477.269711854366,0.3716432360436569,1809.2021421900013,1.3454043523682029
local_sst,24,17,140.44913216658492,55477.269711854366,0.25316518440087143,1809.2021421900013,1.3454043523682029
local_sst,24,19,94.74661204776578,55477.269711854366,0.17078456192937042,1809.2021421900013,1.3454043523682029
local_sst,24,23,104.78144429224197,55477.269711854366,0.18887274885096283,1809.2021421900013,1.3454043523682029
local_sst,24,25,23.746458760514624,55477.269711854366,0.04280394273880513,1809.2021421900013,1.3454043523682029
local_sst,25,5,166.86413335610203,53891.79642217292,0.30962807780415436,1650.659932388891,1.3250499386391115
local_sst,25,7,14.000877201937087,53891.79642217292,0.02597960753109475,1650.659932388891,1.3250499386391115
local_sst,25,11,340.78694667608613,53891.79642217292,0.632354030298895,1650.659932388891,1.3250499386391115
local_sst,25,13,166.03244243112218,53891.79642217292,0.3080848170850931,1650.659932388891,1.3250499386391115
local_sst,25,17,73.41518524085916,53891.79642217292,0.1362270143413769,1650.659932388891,1.3250499386391115
local_sst,25,19,101.7731139094501,53891.79642217292,0.18884713567940592,1650.659932388891,1.3250499386391115
local_sst,25,23,76.48802698342455,53891.79642217292,0.14192888725445188,1650.659932388891,1.3250499386391115
local_sst,25,25,62.60981514010715,53891.79642217292,0.11617689388128717,1650.659932388891,1.3250499386391115
local_sst,26,5,645.3909139287595,39907.73388880991,1.6172076212769537,804.2110738340722,1.2220261843244464
local_sst,26,7,184.15943741006586,39907.73388880991,0.4614630285026131,804.2110738340722,1.2220261843244464
local_sst,26,11,161.098917871731,39907.73388880991,0.4036784406766403,804.2110738340722,1.2220261843244464
local_sst,26,13,255.49386074881465,39907.73388880991,0.6402113972711813,804.2110738340722,1.2220261843244464
local_sst,26,17,226.29151218248774,39907.73388880991,0.5670367373225862,804.2110738340722,1.2220261843244464
local_sst,26,19,185.92147156396868,39907.73388880991,0.4658782983819105,804.2110738340722,1.2220261843244464
local_sst,26,23,11.989850755101244,39907.73388880991,0.030043927797321478,804.2110738340722,1.2220261843244464
local_sst,26,25,63.434126805033934,39907.73388880991,0.15895196400219758,804.2110738340722,1.2220261843244464
local_sst,27,5,290.68105364208486,56423.70916384379,0.5151753721082072,1907.2895560236834,0.7754054812321057
local_sst,27,7,185.80493663877715,56423.70916384379,0.32930294621226464,1907.2895560236834,0.7754054812321057
local_sst,27,11,65.40561787860447,56423.70916384379,0.1159186782433585,1907.2895560236834,0.7754054812321057
local_sst,27,13,91.85271612189338,56423.70916384379,0.16279099244463074,1907.2895560236834,0.7754054812321057
local_sst,27,17,102.64364867017183,56423.70916384379,0.18191581197208084,1907.2895560236834,0.7754054812321057
local_sst,27,19,15.982101240363434,56423.70916384379,0.028325151744197516,1907.2895560236834,0.7754054812321057
local_sst,27,23,110.7710187360715,56423.70916384379,0.19631998742658582,1907.2895560236834,0.7754054812321057
local_sst,27,25,34.19913249889371,56423.70916384379,0.0606112802679914,1907.2895560236834,0.7754054812321057
local_sst,28,5,429.7001871633222,52536.28442618888,0.8179112623905325,1531.2954830747867,1.0003970174916688
local_sst,28,7,128.28793973922149,52536.28442618888,0.2441892134938859,1531.2954830747867,1.0003970174916688
local_sst,28,11,215.1056872966287,52536.28442618888,0.409442140124779,1531.2954830747867,1.0003970174916688
local_sst,28,13,219.36337495836176,52536.28442618888,0.41754642025847377,1531.2954830747867,1.0003970174916688
local_sst,28,17,167.76703852499205,52536.28442618888,0.319335560855464,1531.2954830747867,1.0003970174916688
local_sst,28,19,67.66828298877613,52536.28442618888,0.1288029477681221,1531.2954830747867,1.0003970174916688
local_sst,28,23,113.71494403733458,52536.28442618888,0.21645029769301435,1531.2954830747867,1.0003970174916688
local_sst,28,25,29.170973421784385,52536.28442618888,0.05552538353329552,1531.2954830747867,1.0003970174916688
local_sst,29,5,425.04591511946165,58872.77738939456,0.7219736081213489,2230.8219073879272,1.2274281226936905
local_sst,29,7,418.9966706008877,58872.77738939456,0.7116984949250355,2230.8219073879272,1.2274281226936905
local_sst,29,11,266.63471634587955,58872.77738939456,0.4528998429653016,2230.8219073879272,1.2274281226936905
local_sst,29,13,176.0009842331332,58872.77738939456,0.2989513864260773,2230.8219073879272,1.2274281226936905
local_sst,29,17,74.78528603433534,58872.77738939456,0.12702863590024424,2230.8219073879272,1.2274281226936905
local_sst,29,19,94.55327118912373,58872.77738939456,0.16060609908673462,2230.8219073879272,1.2274281226936905
local_sst,29,23,30.43554344474622,58872.77738939456,0.05169714220112354,2230.8219073879272,1.2274281226936905
local_sst,29,25,55.682567068381324,58872.77738939456,0.09458117917571199,2230.8219073879272,1.2274281226936905
local_sst,30,5,398.23211726667915,44283.93348979199,0.8992699741961194,989.4103974838011,1.441932959154965
local_sst,30,7,169.396262630781,44283.93348979199,0.3825230716459029,989.4103974838011,1.441932959154965
local_sst,30,11,312.28068685460966,44283.93348979199,0.7051782943504653,989.4103974838011,1.441932959154965
local_sst,30,13,249.59843994926027,44283.93348979199,0.5636320450323048,989.4103974838011,1.441932959154965
local_sst,30,17,69.20217141965692,44283.93348979199,0.15626925154606897,989.4103974838011,1.441932959154965
local_sst,30,19,69.08328396391238,44283.93348979199,0.1560007852053995,989.4103974838011,1.441932959154965
local_sst,30,23,91.84563061203971,44283.93348979199,0.20740169938429542,989.4103974838011,1.441932959154965
local_sst,30,25,55.76997277195027,44283.93348979199,0.12593726071060501,989.4103974838011,1.441932959154965
local_sst,31,5,343.9089306679628,60351.76052782196,0.5698407596733187,2462.2199516581004,1.2023716252397314
local_sst,31,7,296.4976633995462,60351.76052782196,0.4912825422265217,2462.2199516581004,1.2023716252397314
local_sst,31,11,210.49994469534758,60351.76052782196,0.34878840791779026,2462.2199516581004,1.2023716252397314
local_sst,31,13,197.1267527881289,60351.76052782196,0.32662966426183065,2462.2199516581004,1.2023716252397314
local_sst,31,17,162.8629925845013,60351.76052782196,0.26985624140893455,2462.2199516581004,1.2023716252397314
local_sst,31,19,14.392073226296176,60351.76052782196,0.023846981596603926,2462.2199516581004,1.2023716252397314
local_sst,31,23,56.57413736236226,60351.76052782196,0.09374065788235253,2462.2199516581004,1.2023716252397314
local_sst,31,25,68.37951695889988,60351.76052782196,0.11330161102322302,2462.2199516581004,1.2023716252397314
local_sst,32,5,521.7436769284703,56051.67371962216,0.9308262221362038,1870.5525966525781,1.0624635914796907
local_sst,32,7,254.09218582782592,56051.67371962216,0.45331774943747166,1870.5525966525781,1.0624635914796907
local_sst,32,11,84.45639090437986,56051.67371962216,0.15067594828094133,1870.5525966525781,1.0624635914796907
local_sst,32,13,263.9480225442903,56051.67371962216,0.4709012327885034,1870.5525966525781,1.0624635914796907
local_sst,32,17,61.07868852080037,56051.67371962216,0.10896853647283399,1870.5525966525781,1.0624635914796907
local_sst,32,19,139.1030225558605,56051.67371962216,0.2481692576240847,1870.5525966525781,1.0624635914796907
local_sst,32,23,35.175080566810024,56051.67371962216,0.06275473724970355,1870.5525966525781,1.0624635914796907
local_sst,32,25,23.603298064936876,56051.67371962216,0.04210988985450047,1870.5525966525781,1.0624635914796907
local_sst,33,5,215.14126478619085,59692.92954945478,0.360413312615105,2338.726118119656,0.7664191295744015
local_sst,33,7,458.5832332089396,59692.92954945478,0.7682371039086122,2338.726118119656,0.7664191295744015
local_sst,33,11,229.154849193697,59692.92954945478,0.3838894336788168,2338.726118119656,0.7664191295744015
local_sst,33,13,237.36948259159155,59692.92954945478,0.39765091843068984,2338.726118119656,0.7664191295744015
local_sst,33,17,53.82466016924277,59692.92954945478,0.09016923876160203,2338.726118119656,0.7664191295744015
local_sst,33,19,160.5955615329174,59692.92954945478,0.2690361534356697,2338.726118119656,0.7664191295744015
local_sst,33,23,101.0003497559074,59692.92954945478,0.16919985418412073,2338.726118119656,0.7664191295744015
local_sst,33,25,26.329787802578767,59692.92954945478,0.04410872108524159,2338.726118119656,0.7664191295744015
local_sst,34,5,461.36158563953836,59450.09400789136,0.776048538423333,2309.370514337364,0.9526882111849757
local_sst,34,7,446.2741730874127,59450.09400789136,0.7506702563467345,2309.370514337364,0.9526882111849757
local_sst,34,11,84.1433225252684,59450.09400789136,0.14153606302809088,2309.370514337364,0.9526882111849757
local_sst,34,13,74.13172593575898,59450.09400789136,0.12469572533547009,2309.370514337364,0.9526882111849757
local_sst,34,17,120.60184030509804,59450.09400789136,0.20286232060304132,2309.370514337364,0.9526882111849757
local_sst,34,19,105.37263246748655,59450.09400789136,0.17724552706930868,2309.370514337364,0.9526882111849757
local_sst,34,23,21.585723957669817,59450.09400789136,0.03630898204266009,2309.370514337364,0.9526882111849757
local_sst,34,25,28.906767860840617,59450.09400789136,0.04862358646060939,2309.370514337364,0.9526882111849757
local_sst,35,5,329.5167620657853,46631.1968550353,0.7066444446840391,1124.1790787938714,0.819279001337677
local_sst,35,7,194.96215788575702,46631.1968550353,0.41809383210095485,1124.1790787938714,0.819279001337677
local_sst,35,11,62.9445475560939,46631.1968550353,0.13498377009660018,1124.1790787938714,0.819279001337677
local_sst,35,13,80.9097273951811,46631.1968550353,0.17350986646709746,1124.1790787938714,0.819279001337677
local_sst,35,17,85.74157969468588,46631.1968550353,0.1838717113807629,1124.1790787938714,0.819279001337677
local_sst,35,19,83.89912485295072,46631.1968550353,0.17992059074480132,1124.1790787938714,0.819279001337677
local_sst,35,23,32.17854637182386,46631.1968550353,0.06900647751302395,1124.1790787938714,0.819279001337677
local_sst,35,25,37.572936521675,46631.1968550353,0.08057467758865344,1124.1790787938714,0.819279001337677
local_sst,36,5,307.97445567856903,41220.33203110049,0.7471421031887956,856.6620328601496,0.8260142903618278
local_sst,36,7,430.3763840463746,41220.33203110049,1.0440876209382743,856.6620328601496,0.8260142903618278
local_sst,36,11,132.0844888955097,41220.33203110049,0.3204352861492061,856.6620328601496,0.8260142903618278
local_sst,36,13,286.6947325751574,41220.33203110049,0.6955177662296557,856.6620328601496,0.8260142903618278
local_sst,36,17,148.76485870252984,41220.33203110049,0.3609016506472768,856.6620328601496,0.8260142903618278
local_sst,36,19,62.781526953138524,41220.33203110049,0.15230718400271556,856.6620328601496,0.8260142903618278
local_sst,36,23,122.29626348728748,41220.33203110049,0.29668917609643625,856.6620328601496,0.8260142903618278
local_sst,36,25,66.03654532023346,41220.33203110049,0.16020381706389283,856.6620328601496,0.8260142903618278
local_sst,37,5,294.94762064257776,58140.44111088026,0.507302000134605,2129.838115438594,1.3881249658625527
local_sst,37,7,278.3909171762447,58140.44111088026,0.47882491404790417,2129.838115438594,1.3881249658625527
local_sst,37,11,157.6781322495695,58140.44111088026,0.27120216021213156,2129.838115438594,1.3881249658625527
local_sst,37,13,122.01712263254427,58140.44111088026,0.20986617972134766,2129.838115438594,1.3881249658625527
local_sst,37,17,158.21965300124137,58140.44111088026,0.2721335613871573,2129.838115438594,1.3881249658625527
local_sst,37,19,73.8743106799608,58140.44111088026,0.127061833843115,2129.838115438594,1.3881249658625527
local_sst,37,23,42.840065107280765,58140.44111088026,0.07368376346780722,2129.838115438594,1.3881249658625527
local_sst,37,25,79.79450809959418,58140.44111088026,0.13724441468790582,2129.838115438594,1.3881249658625527
local_sst,38,5,487.7935354619495,54448.21133650085,0.8958853256855175,1701.6970041984343,0.7987243023846824
local_sst,38,7,85.02149751844148,54448.21133650085,0.15615113046228757,1701.6970041984343,0.7987243023846824
local_sst,38,11,62.13085331435991,54448.21133650085,0.11410999882140994,1701.6970041984343,0.7987243023846824
local_sst,38,13,121.71451918710916,54448.21133650085,0.22354181377031665,1701.6970041984343,0.7987243023846824
local_sst,38,17,119.38271330332158,54448.21133650085,0.21925920130876753,1701.6970041984343,0.7987243023846824
local_sst,38,19,93.32582543820389,54448.21133650085,0.17140292242371677,1701.6970041984343,0.7987243023846824
local_sst,38,23,59.999627552448906,54448.21133650085,0.11019577334072408,1701.6970041984343,0.7987243023846824
local_sst,38,25,23.786828619121426,54448.21133650085,0.043687070769164595,1701.6970041984343,0.7987243023846824
local_sst,39,5,489.4876235922804,48215.77706573325,1.0152021877091288,1213.8185923452252,1.331604040542966
local_sst,39,7,62.06698329821151,48215.77706573325,0.1287275391488448,1213.8185923452252,1.331604040542966
local_sst,39,11,256.5913843109723,48215.77706573325,0.5321730767942568,1213.8185923452252,1.331604040542966
local_sst,39,13,62.93270977042972,48215.77706573325,0.13052306444140196,1213.8185923452252,1.331604040542966
local_sst,39,17,226.24721476982404,48215.77706573325,0.4692389681107452,1213.8185923452252,1.331604040542966
local_sst,39,19,101.54025302521286,48215.77706573325,0.21059549219082707,1213.8185923452252,1.331604040542966
local_sst,39,23,10.292352302128537,48215.77706573325,0.02134644078865892,1213.8185923452252,1.331604040542966
local_sst,39,25,64.44848144592648,48215.77706573325,0.13366678993488573,1213.8185923452252,1.331604040542966
local_sst,40,5,88.6775018160835,48586.78639508617,0.18251361819857245,1242.0761756941301,0.8911833112815878
local_sst,40,7,480.0362876337763,48586.78639508617,0.9879976085068364,1242.0761756941301,0.8911833112815878
local_sst,40,11,147.16737335636728,48586.78639508617,0.30289587823254566,1242.0761756941301,0.8911833112815878
local_sst,40,13,107.02058345548637,48586.78639508617,0.22026684906723923,1242.0761756941301,0.8911833112815878
local_sst,40,17,109.63595693506987,48586.78639508617,0.2256497395064554,1242.0761756941301,0.8911833112815878
local_sst,40,19,78.46468525927662,48586.78639508617,0.16149387741192975,1242.0761756941301,0.8911833112815878
local_sst,40,23,23.993707954022085,48586.78639508617,0.04938319599677967,1242.0761756941301,0.8911833112815878
local_sst,40,25,12.467203023177312,48586.78639508617,0.02565965759043941,1242.0761756941301,0.8911833112815878
local_sst,41,5,434.4024173901794,58370.59363330389,0.744214492864652,2148.2446705288876,0.779839321817329
local_sst,41,7,269.5766061927108,58370.59363330389,0.46183632787126794,2148.2446705288876,0.779839321817329
local_sst,41,11,168.4205129217687,58370.59363330389,0.2885365771330357,2148.2446705288876,0.779839321817329
local_sst,41,13,218.94494313443806,58370.59363330389,0.37509459730681405,2148.2446705288876,0.779839321817329
local_sst,41,17,50.73522437018556,58370.59363330389,0.08691915091512467,2148.2446705288876,0.779839321817329
local_sst,41,19,42.064591202521704,58370.59363330389,0.07206469659496723,2148.2446705288876,0.779839321817329
local_sst,41,23,92.66147853285564,58370.59363330389,0.15874684968080702,2148.2446705288876,0.779839321817329
local_sst,41,25,24.634840383606004,58370.59363330389,0.04220419709685866,2148.2446705288876,0.779839321817329
local_sst,42,5,220.3778947977984,54631.47454323171,0.40338998103264817,1721.9652460763289,1.3525450769386453
local_sst,42,7,230.06132898953254,54631.47454323171,0.4211149907870002,1721.9652460763289,1.3525450769386453
local_sst,42,11,87.26474268486392,54631.47454323171,0.1597334566099043,1721.9652460763289,1.3525450769386453
local_sst,42,13,80.89756148243856,54631.47454323171,0.14807867105695935,1721.9652460763289,1.3525450769386453
local_sst,42,17,58.35472026665178,54631.47454323171,0.10681520269139679,1721.9652460763289,1.3525450769386453
local_sst,42,19,109.48537749821931,54631.47454323171,0.2004071433429458,1721.9652460763289,1.3525450769386453
local_sst,42,23,74.4067706584055,54631.47454323171,0.1361976246852443,1721.9652460763289,1.3525450769386453
local_sst,42,25,43.938556963893326,54631.47454323171,0.08042718475248783,1721.9652460763289,1.3525450769386453
local_sst,43,5,372.3997670491065,54091.494324708096,0.6884627087830341,1670.023039557689,1.1455918359986639
local_sst,43,7,362.11470397736133,54091.494324708096,0.6694485121886407,1670.023039557689,1.1455918359986639
local_sst,43,11,326.86836457346993,54091.494324708096,0.6042879174520455,1670.023039557689,1.1455918359986639
local_sst,43,13,83.69336366408893,54091.494324708096,0.15472555289687975,1670.023039557689,1.1455918359986639
local_sst,43,17,201.87524895133095,54091.494324708096,0.37321070802645157,1670.023039557689,1.1455918359986639
local_sst,43,19,65.65567851238525,54091.494324708096,0.12137893273618588,1670.023039557689,1.1455918359986639
local_sst,43,23,56.06396931338063,54091.494324708096,0.1036465529623417,1670.023039557689,1.1455918359986639
local_sst,43,25,59.06325112160857,54091.494324708096,0.10919138370823205,1670.023039557689,1.1455918359986639
local_sst,44,5,284.6972137343434,55887.183756780905,0.5094141350427244,1853.6837311735658,1.2862007097063595
local_sst,44,7,290.64801822940325,55887.183756780905,0.5200620226173739,1853.6837311735658,1.2862007097063595
local_sst,44,11,283.6383948598464,55887.183756780905,0.5075195703083393,1853.6837311735658,1.2862007097063595
local_sst,44,13,58.6774447445834,55887.183756780905,0.10499266701279066,1853.6837311735658,1.2862007097063595
local_sst,44,17,99.69783917994921,55887.183756780905,0.17839123834514684,1853.6837311735658,1.2862007097063595
local_sst,44,19,69.54712472251113,55887.183756780905,0.1244419919693535,1853.6837311735658,1.2862007097063595
local_sst,44,23,73.0359674174963,55887.183756780905,0.13068464450695227,1853.6837311735658,1.2862007097063595
local_sst,44,25,30.36339857129886,55887.183756780905,0.05432980610266447,1853.6837311735658,1.2862007097063595
local_sst,45,5,156.84373016749262,42337.30643355289,0.3704622314923461,898.598613283553,1.3652088476661017
local_sst,45,7,138.7648459859873,42337.30643355289,0.32776021356902924,898.598613283553,1.3652088476661017
local_sst,45,11,270.656000755305,42337.30643355289,0.6392848850223651,898.598613283553,1.3652088476661017
local_sst,45,13,102.08503101021643,42337.30643355289,0.24112311247394957,898.598613283553,1.3652088476661017
local_sst,45,17,127.74916122807844,42337.30643355289,0.30174135293320287,898.598613283553,1.3652088476661017
local_sst,45,19,16.30150457055186,42337.30643355289,0.03850387741633156,898.598613283553,1.3652088476661017
local_sst,45,23,96.57776593662796,42337.30643355289,0.22811504574152303,898.598613283553,1.3652088476661017
local_sst,45,25,69.69571886769057,42337.30643355289,0.16462010632886123,898.598613283553,1.3652088476661017
local_sst,46,5,474.9689675419963,49793.2854543574,0.9538815589450762,1320.5363108924512,1.1849275428228085
local_sst,46,7,110.42910134742642,49793.2854543574,0.22177508541518182,1320.5363108924512,1.1849275428228085
local_sst,46,11,129.86179335874112,49793.2854543574,0.26080181730080426,1320.5363108924512,1.1849275428228085
local_sst,46,13,270.72232228673835,49793.2854543574,0.5436924272347798,1320.5363108924512,1.1849275428228085
local_sst,46,17,181.1642030306815,49793.2854543574,0.3638325958562107,1320.5363108924512,1.1849275428228085
local_sst,46,19,143.15240430183704,49793.2854543574,0.2874933899130968,1320.5363108924512,1.1849275428228085
local_sst,46,23,99.32466008629363,49793.2854543574,0.19947400373357316,1320.5363108924512,1.1849275428228085
local_sst,46,25,22.771405604345077,49793.2854543574,0.045731880105036045,1320.5363108924512,1.1849275428228085
local_sst,47,5,270.671635534595,39777.639341603186,0.6804617871113865,802.2936745104786,0.812421176840527
local_sst,47,7,381.18006800395693,39777.639341603186,0.9582772490103078,802.2936745104786,0.812421176840527
local_sst,47,11,350.15770106461713,39777.639341603186,0.8802877869587132,802.2936745104786,0.812421176840527
local_sst,47,13,240.71036213145362,39777.639341603186,0.60513988792617,802.2936745104786,0.812421176840527
local_sst,47,17,242.73186553962978,39777.639341603186,0.6102218974210419,802.2936745104786,0.812421176840527
local_sst,47,19,148.2641856953401,39777.639341603186,0.37273249028700284,802.2936745104786,0.812421176840527
local_sst,47,23,59.590019325659334,39777.639341603186,0.14980783252095733,802.2936745104786,0.812421176840527
local_sst,47,25,22.550263487874982,39777.639341603186,0.05669080383131183,802.2936745104786,0.812421176840527
local_sst,48,5,604.4892207825015,55376.86648927502,1.091591596103717,1797.3551311341967,1.0144687213706665
local_sst,48,7,122.31262707762842,55376.86648927502,0.2208731458312417,1797.3551311341967,1.0144687213706665
local_sst,48,11,44.930965898493106,55376.86648927502,0.08113670698069383,1797.3551311341967,1.0144687213706665
local_sst,48,13,37.848303207615906,55376.86648927502,0.068346776564084,1797.3551311341967,1.0144687213706665
local_sst,48,17,139.88381525836596,55376.86648927502,0.2526033416597482,1797.3551311341967,1.0144687213706665
local_sst,48,19,159.4998335103776,55376.86648927502,0.28802610841346243,1797.3551311341967,1.0144687213706665
local_sst,48,23,36.41697461398274,55376.86648927502,0.06576207164238104,1797.3551311341967,1.0144687213706665
local_sst,48,25,42.59963594888334,55376.86648927502,0.07692677222380166,1797.3551311341967,1.0144687213706665
local_sst,49,5,173.48363372363414,46970.75420561663,0.36934393892037926,1138.0095350640167,1.3225919421021184
local_sst,49,7,182.64374991232816,46970.75420561663,0.3888456828110462,1138.0095350640167,1.3225919421021184
local_sst,49,11,393.14147555900894,46970.75420561663,0.8369920436832121,1138.0095350640167,1.3225919421021184
local_sst,49,13,135.7185510794899,46970.75420561663,0.2889426694861567,1138.0095350640167,1.3225919421021184
local_sst,49,17,122.20314581021034,46970.75420561663,0.2601685833598934,1138.0095350640167,1.3225919421021184
local_sst,49,19,35.41806311828737,46970.75420561663,0.0754045016250818,1138.0095350640167,1.3225919421021184
local_sst,49,23,80.4244181240955,46970.75420561663,0.17122232649710908,1138.0095350640167,1.3225919421021184
local_sst,49,25,83.49186724724815,46970.75420561663,0.17775287763479097,1138.0095350640167,1.3225919421021184
local_sst,50,5,358.3569737646844,59055.78313543338,0.6068109755531644,2259.2026031772602,1.322783963201962
local_sst,50,7,244.47277276154796,59055.78313543338,0.4139692334633772,2259.2026031772602,1.322783963201962
local_sst,50,11,91.73806656834152,59055.78313543338,0.15534137674198215,2259.2026031772602,1.322783963201962
local_sst,50,13,251.87838208411458,59055.78313543338,0.42650925736854367,2259.2026031772602,1.322783963201962
local_sst,50,17,91.46680172251087,59055.78313543338,0.15488204010900825,2259.2026031772602,1.322783963201962
local_sst,50,19,120.09081587072664,59055.78313543338,0.20335149158096988,2259.2026031772602,1.322783963201962
local_sst,50,23,80.73574453868763,59055.78313543338,0.1367109879036492,2259.2026031772602,1.322783963201962
local_sst,50,25,53.967951013320175,59055.78313543338,0.09138470129090454,2259.2026031772602,1.322783963201962
local_sst,51,5,235.69602827597262,39949.05145316758,0.5899915509940955,804.2192706479163,1.379924945033808
local_sst,51,7,277.80706869823774,39949.05145316758,0.6954034165840257,804.2192706479163,1.379924945033808
local_sst,51,11,109.47206329379345,39949.05145316758,0.27402919296376277,804.2192706479163,1.379924945033808
local_sst,51,13,183.4813410627232,39949.05145316758,0.459288354512795,804.2192706479163,1.379924945033808
local_sst,51,17,102.31340279502756,39949.05145316758,0.2561097174358944,804.2192706479163,1.379924945033808
local_sst,51,19,114.9697828832705,39949.05145316758,0.2877910205654069,804.2192706479163,1.379924945033808
local_sst,51,23,120.2325651744133,39949.05145316758,0.30096475586000426,804.2192706479163,1.379924945033808
local_sst,51,25,15.636032753815153,39949.05145316758,0.0391399349547644,804.2192706479163,1.379924945033808
local_sst,52,5,194.60916517089063,59549.734609552725,0.3268010620817649,2319.529924194578,0.8265388019114202
local_sst,52,7,453.94313006016637,59549.734609552725,0.7622924485499666,2319.529924194578,0.8265388019114202
local_sst,52,11,350.4641150585224,59549.734609552725,0.588523386974595,2319.529924194578,0.8265388019114202
local_sst,52,13,219.4099712316976,59549.734609552725,0.3684482771758663,2319.529924194578,0.8265388019114202
local_sst,52,17,77.72869639771568,59549.734609552725,0.1305273598738201,2319.529924194578,0.8265388019114202
local_sst,52,19,155.32359771866913,59549.734609552725,0.26083004187520387,2319.529924194578,0.8265388019114202
local_sst,52,23,44.550132049631856,59549.734609552725,0.07481163827468226,2319.529924194578,0.8265388019114202
local_sst,52,25,57.109912113562494,59549.734609552725,0.09590288267111967,2319.529924194578,0.8265388019114202
local_sst,53,5,414.9246403267254,53202.95447320889,0.7798902230808754,1587.992947213797,0.8567871718026874
local_sst,53,7,471.15896961715947,53202.95447320889,0.8855879796194746,1587.992947213797,0.8567871718026874
local_sst,53,11,173.44229755194976,53202.95447320889,0.3260012517524551,1587.992947213797,0.8567871718026874
local_sst,53,13,114.04576278144368,53202.95447320889,0.21435983003326076,1587.992947213797,0.8567871718026874
local_sst,53,17,62.55988287635827,53202.95447320889,0.11758723457333783,1587.992947213797,0.8567871718026874
local_sst,53,19,121.02109525274064,53202.95447320889,0.2274706291239569,1587.992947213797,0.8567871718026874
local_sst,53,23,61.09998127502726,53202.95447320889,0.11484321102091244,1587.992947213797,0.8567871718026874
local_sst,53,25,63.82767898430177,53202.95447320889,0.1199701776269645,1587.992947213797,0.8567871718026874
local_sst,54,5,154.22312034813748,54651.329209755524,0.2821946374921983,1722.055402361188,0.8478546077632559
local_sst,54,7,332.1438429900569,54651.329209755524,0.6077507130984247,1722.055402361188,0.8478546077632559
local_sst,54,11,84.49302893511323,54651.329209755524,0.15460379492477344,1722.055402361188,0.8478546077632559
local_sst,54,13,99.52295526897547,54651.329209755524,0.18210527851390323,1722.055402361188,0.8478546077632559
local_sst,54,17,142.3882636425076,54651.329209755524,0.2605394337180927,1722.055402361188,0.8478546077632559
local_sst,54,19,38.50752511837239,54651.329209755524,0.07046036331628439,1722.055402361188,0.8478546077632559
local_sst,54,23,55.49665804706464,54651.329209755524,0.10154676720499274,1722.055402361188,0.8478546077632559
local_sst,54,25,15.494821713188623,54651.329209755524,0.028352140629038396,1722.055402361188,0.8478546077632559
local_sst,55,5,437.7082638193628,59089.580744272746,0.7407537137785287,2263.5577051951395,1.27904015630776
local_sst,55,7,140.7776372386161,59089.580744272746,0.23824443407014861,2263.5577051951395,1.27904015630776
local_sst,55,11,73.59705523905778,59089.580744272746,0.12455166259779424,2263.5577051951395,1.27904015630776
local_sst,55,13,248.265871912967,59089.580744272746,0.4201516896648994,2263.5577051951395,1.27904015630776
local_sst,55,17,76.55856312770607,59089.580744272746,0.1295635578445469,2263.5577051951395,1.27904015630776
local_sst,55,19,87.26015206458315,59089.580744272746,0.14767434624765186,2263.5577051951395,1.27904015630776
local_sst,55,23,84.67455132194402,59089.580744272746,0.14329861585648684,2263.5577051951395,1.27904015630776
local_sst,55,25,77.03513948353945,59089.580744272746,0.13037008980810222,2263.5577051951395,1.27904015630776
local_sst,56,5,225.73665457386622,46829.6472815724,0.482037913325677,1130.648528111039,1.2644283587108878
local_sst,56,7,431.1086805238506,46829.6472815724,0.9205892112142666,1130.648528111039,1.2644283587108878
local_sst,56,11,181.41537379938805,46829.6472815724,0.38739427762202155,1130.648528111039,1.2644283587108878
local_sst,56,13,127.14066844747111,46829.6472815724,0.2714961051980875,1130.648528111039,1.2644283587108878
local_sst,56,17,62.89647472164694,46829.6472815724,0.1343090934327769,1130.648528111039,1.2644283587108878
local_sst,56,19,121.01727147887294,46829.6472815724,0.2584202070778645,1130.648528111039,1.2644283587108878
local_sst,56,23,92.70725657044767,46829.6472815724,0.19796701865599622,1130.648528111039,1.2644283587108878
local_sst,56,25,35.04700195794929,46829.6472815724,0.07483934642347902,1130.648528111039,1.2644283587108878
local_sst,57,5,380.04555298876267,54351.19150088714,0.6992405179977691,1693.9911693654153,1.4157195790953194
local_sst,57,7,460.00236021299605,54351.19150088714,0.8463519336195008,1693.9911693654153,1.4157195790953194
local_sst,57,11,134.25733093827077,54351.19150088714,0.24701819266663066,1693.9911693654153,1.4157195790953194
local_sst,57,13,206.2581151987406,54351.19150088714,0.3794914324838196,1693.9911693654153,1.4157195790953194
local_sst,57,17,75.64311480150846,54351.19150088714,0.1391747130332438,1693.9911693654153,1.4157195790953194
local_sst,57,19,47.1492633635585,54351.19150088714,0.0867492727602649,1693.9911693654153,1.4157195790953194
local_sst,57,23,39.16393290778578,54351.19150088714,0.07205717450949817,1693.9911693654153,1.4157195790953194
local_sst,57,25,45.333578900339695,54351.19150088714,0.08340862021322891,1693.9911693654153,1.4157195790953194
local_sst,58,5,528.6461781702687,55845.60728817499,0.9466208782408688,1848.8085674280817,1.1909182341249258
local_sst,58,7,475.2747350213038,55845.60728817499,0.851051243061584,1848.8085674280817,1.1909182341249258
local_sst,58,11,354.3223836624225,55845.60728817499,0.6344677779830471,1848.8085674280817,1.1909182341249258
local_sst,58,13,110.96800399380622,55845.60728817499,0.1987049821504996,1848.8085674280817,1.1909182341249258
local_sst,58,17,140.12238351626385,55845.60728817499,0.2509103048932803,1848.8085674280817,1.1909182341249258
local_sst,58,19,31.86727587853619,55845.60728817499,0.05706317367827052,1848.8085674280817,1.1909182341249258
local_sst,58,23,72.9180272500975,55845.60728817499,0.13057074815898276,1848.8085674280817,1.1909182341249258
local_sst,58,25,61.803453249560384,55845.60728817499,0.11066842362487286,1848.8085674280817,1.1909182341249258
local_sst,59,5,260.6543094440523,46372.5816544459,0.5620871216236512,1102.8703569600716,1.3611628755193415
local_sst,59,7,227.80133271991963,46372.5816544459,0.49124142886290983,1102.8703569600716,1.3611628755193415
local_sst,59,11,171.17837059314445,46372.5816544459,0.36913702986974634,1102.8703569600716,1.3611628755193415
local_sst,59,13,45.40713774140249,46372.5816544459,0.09791807167382312,1102.8703569600716,1.3611628755193415
local_sst,59,17,214.5121989800172,46372.5816544459,0.462584120458282,1102.8703569600716,1.3611628755193415
local_sst,59,19,147.65946236577076,46372.5816544459,0.3184197581797004,1102.8703569600716,1.3611628755193415
local_sst,59,23,24.010476635554323,46372.5816544459,0.05177731275449133,1102.8703569600716,1.3611628755193415
local_sst,59,25,38.40485241459313,46372.5816544459,0.0828180166909278,1102.8703569600716,1.3611628755193415
dc_backbone,0,5,177.30326883389128,52419.628881825345,0.3382383138072252,1520.9020798551712,1.2176920050249695
dc_backbone,0,7,146.22625054354413,52419.628881825345,0.2789532350051469,1520.9020798551712,1.2176920050249695
dc_backbone,0,11,118.72384239615506,52419.628881825345,0.22648737682558903,1520.9020798551712,1.2176920050249695
dc_backbone,0,13,95.49609175162202,52419.628881825345,0.1821762072503568,1520.9020798551712,1.2176920050249695
dc_backbone,0,17,68.27181320555424,52419.628881825345,0.1302409319979468,1520.9020798551712,1.2176920050249695
dc_backbone,0,19,57.54483593228861,52419.628881825345,0.10977726695093078,1520.9020798551712,1.2176920050249695
dc_backbone,0,23,42.54138011921307,52419.628881825345,0.08115543933956158,1520.9020798551712,1.2176920050249695
dc_backbone,0,25,34.45380059678546,52419.628881825345,0.06572690675559342,1520.9020798551712,1.2176920050249695
dc_backbone,1,5,171.377616975535,54002.07663047628,0.3173537531681095,1661.5689573185261,1.1281979520248397
dc_backbone,1,7,141.23683365352474,54002.07663047628,0.26153963415143405,1661.5689573185261,1.1281979520248397
dc_backbone,1,11,114.3476601550761,54002.07663047628,0.21174678325341206,1661.5689573185261,1.1281979520248397
dc_backbone,1,13,91.79255050371823,54002.07663047628,0.16997966787802146,1661.5689573185261,1.1281979520248397
dc_backbone,1,17,65.31495009642515,54002.07663047628,0.12094896006196251,1661.5689573185261,1.1281979520248397
dc_backbone,1,19,54.911216722680045,54002.07663047628,0.1016835280213848,1661.5689573185261,1.1281979520248397
dc_backbone,1,23,40.37889494666327,54002.07663047628,0.07477285590879534,1661.5689573185261,1.1281979520248397
dc_backbone,1,25,32.61408946462854,54002.07663047628,0.060394139447264614,1661.5689573185261,1.1281979520248397
dc_backbone,2,5,177.7966619010442,53090.116604961375,0.3348959717380405,1577.6049849531241,1.3461503650630013
dc_backbone,2,7,147.5820613589267,53090.116604961375,0.27798405955117994,1577.6049849531241,1.3461503650630013
dc_backbone,2,11,121.11305648521274,53090.116604961375,0.228127313010826,1577.6049849531241,1.3461503650630013
dc_backbone,2,13,97.90516536252483,53090.116604961375,0.1844131669384493,1577.6049849531241,1.3461503650630013
dc_backbone,2,17,70.66475766178792,53090.116604961375,0.13310341393219724,1577.6049849531241,1.3461503650630013
dc_backbone,2,19,59.83381011713768,53090.116604961375,0.11270235204483633,1577.6049849531241,1.3461503650630013
dc_backbone,2,23,44.62165955431279,53090.116604961375,0.0840489010154911,1577.6049849531241,1.3461503650630013
dc_backbone,2,25,36.29108670105469,53090.116604961375,0.0683575192932675,1577.6049849531241,1.3461503650630013
dc_backbone,3,5,159.2136274086624,58585.67944742907,0.2717620225801601,2190.750011191724,1.2997295234689694
dc_backbone,3,7,133.45128273776945,58585.67944742907,0.22778823083808364,2190.750011191724,1.2997295234689694
dc_backbone,3,11,110.7598203691989,58585.67944742907,0.18905613353616127,2190.750011191724,1.2997295234689694
dc_backbone,3,13,89.82991078174399,58585.67944742907,0.15333083379591325,2190.750011191724,1.2997295234689694
dc_backbone,3,17,65.06749814613465,58585.67944742907,0.11106382781567284,2190.750011191724,1.2997295234689694
dc_backbone,3,19,55.134731867898495,58585.67944742907,0.09410957146510995,2190.750011191724,1.2997295234689694
dc_backbone,3,23,41.12141717655721,58585.67944742907,0.07019021980184911,2190.750011191724,1.2997295234689694
dc_backbone,3,25,33.42935581769449,58585.67944742907,0.05706062664629808,2190.750011191724,1.2997295234689694
dc_backbone,4,5,188.6477224498091,42125.57758255494,0.44782228108352856,896.3820704437336,0.7665985990299187
dc_backbone,4,7,150.13246065329685,42125.57758255494,0.356392646152037,896.3820704437336,0.7665985990299187
dc_backbone,4,11,115.43328464981526,42125.57758255494,0.274021844385627,896.3820704437336,0.7665985990299187
dc_backbone,4,13,90.6673859466991,42125.57758255494,0.21523119954620235,896.3820704437336,0.7665985990299187
dc_backbone,4,17,62.04948531155236,42125.57758255494,0.14729646184661055,896.3820704437336,0.7665985990299187
dc_backbone,4,19,51.249258688956864,42125.57758255494,0.12165829320327283,896.3820704437336,0.7665985990299187
dc_backbone,4,23,36.47103542109629,42125.57758255494,0.08657693855858177,896.3820704437336,0.7665985990299187
dc_backbone,4,25,29.011154240733504,42125.57758255494,0.06886826461638264,896.3820704437336,0.7665985990299187
dc_backbone,5,5,160.9684548585866,57248.23411217583,0.28117627967908104,2010.8877762376596,1.0827271421328721
dc_backbone,5,7,133.3483258736694,57248.23411217583,0.23293002472771165,2010.8877762376596,1.0827271421328721
dc_backbone,5,11,108.55923425613953,57248.23411217583,0.18962896574839613,2010.8877762376596,1.0827271421328721
dc_backbone,5,13,87.26079948835779,57248.23411217583,0.15242531204957943,2010.8877762376596,1.0827271421328721
dc_backbone,5,17,62.14069221845623,57248.23411217583,0.10854604195597337,2010.8877762376596,1.0827271421328721
dc_backbone,5,19,52.231380175502615,57248.23411217583,0.09123666604834856,2010.8877762376596,1.0827271421328721
dc_backbone,5,23,38.36284500561222,57248.23411217583,0.06701140323462489,2010.8877762376596,1.0827271421328721
dc_backbone,5,25,30.95936230747672,57248.23411217583,0.05407915682920975,2010.8877762376596,1.0827271421328721
dc_backbone,6,5,148.32827220554123,60169.4896376772,0.24651741787861262,2416.736544022273,0.816256885156162
dc_backbone,6,7,122.51070002662182,60169.4896376772,0.20360933882661275,2416.736544022273,0.816256885156162
dc_backbone,6,11,98.78088149054788,60169.4896376772,0.16417104762792076,2416.736544022273,0.816256885156162
dc_backbone,6,13,78.88193989793142,60169.4896376772,0.13109956619697963,2416.736544022273,0.816256885156162
dc_backbone,6,17,55.30876132625915,60169.4896376772,0.09192160621489744,2416.736544022273,0.816256885156162
dc_backbone,6,19,46.096721284107865,60169.4896376772,0.0766114546785898,2416.736544022273,0.816256885156162
dc_backbone,6,23,33.26984487861565,60169.4896376772,0.05529354674429977,2416.736544022273,0.816256885156162
dc_backbone,6,25,26.613439082693045,60169.4896376772,0.04423078746878405,2416.736544022273,0.816256885156162
dc_backbone,7,5,189.71737438116153,42743.96954606875,0.4438459422368043,923.7285527739018,0.8505564420066573
dc_backbone,7,7,151.69697742899396,42743.96954606875,0.3548967937231413,923.7285527739018,0.8505564420066573
dc_backbone,7,11,117.55448053167827,42743.96954606875,0.2750200362298592,923.7285527739018,0.8505564420066573
dc_backbone,7,13,92.68090495614767,42743.96954606875,0.2168280249597729,923.7285527739018,0.8505564420066573
dc_backbone,7,17,63.90109237429721,42743.96954606875,0.14949732805097957,923.7285527739018,0.8505564420066573
dc_backbone,7,19,52.97236327181482,42743.96954606875,0.12392944275969052,923.7285527739018,0.8505564420066573
dc_backbone,7,23,37.96773650979513,42743.96954606875,0.08882594881337384,923.7285527739018,0.8505564420066573
dc_backbone,7,25,30.306614405792757,42743.96954606875,0.0709026670373438,923.7285527739018,0.8505564420066573
dc_backbone,8,5,165.86145922049582,55862.27964376033,0.2969113689563188,1850.2210328762005,1.122900059571274
dc_backbone,8,7,137.19246072506144,55862.27964376033,0.24559051581845973,1850.2210328762005,1.122900059571274
dc_backbone,8,11,111.57081923807111,55862.27964376033,0.19972478736916938,1850.2210328762005,1.122900059571274
dc_backbone,8,13,89.69187716303868,55862.27964376033,0.16055892766105012,1850.2210328762005,1.122900059571274
dc_backbone,8,17,63.9390746620773,55862.27964376033,0.11445840568953423,1850.2210328762005,1.122900059571274
dc_backbone,8,19,53.78565764072988,55862.27964376033,0.0962826042612774,1850.2210328762005,1.122900059571274
dc_backbone,8,23,39.579209934668576,55862.27964376033,0.07085140489623658,1850.2210328762005,1.122900059571274
dc_backbone,8,25,31.97430365146163,55862.27964376033,0.05723773511458026,1850.2210328762005,1.122900059571274
dc_backbone,9,5,187.16731032031623,45630.10799170262,0.4101837987198074,1067.3308930074613,0.954859561133772
dc_backbone,9,7,150.95744178900205,45630.10799170262,0.33082858759933714,1067.3308930074613,0.954859561133772
dc_backbone,9,11,118.5274137497389,45630.10799170262,0.25975703097457475,1067.3308930074613,0.954859561133772
dc_backbone,9,13,93.98370822453973,45630.10799170262,0.2059686298389426,1067.3308930074613,0.954859561133772
dc_backbone,9,17,65.48450368747059,45630.10799170262,0.143511612331442,1067.3308930074613,0.954859561133772
dc_backbone,9,19,54.551736144738925,45630.10799170262,0.11955206451551377,1067.3308930074613,0.954859561133772
dc_backbone,9,23,39.46191132282923,45630.10799170262,0.08648217823636312,1067.3308930074613,0.954859561133772
dc_backbone,9,25,31.63679762562442,45630.10799170262,0.06933316404023689,1067.3308930074613,0.954859561133772
dc_backbone,10,5,153.8411129019639,60207.39510581113,0.2555186329380249,2441.81316601184,1.3694920537635886
dc_backbone,10,7,129.809235996443,60207.39510581113,0.2156034749025606,2441.81316601184,1.3694920537635886
dc_backbone,10,11,108.79663164158096,60207.39510581113,0.1807031037472672,2441.81316601184,1.3694920537635886
dc_backbone,10,13,88.59493582875247,60207.39510581113,0.14714959129696914,2441.81316601184,1.3694920537635886
dc_backbone,10,17,64.62155367691628,60207.39510581113,0.10733158869163417,2441.81316601184,1.3694920537635886
dc_backbone,10,19,54.92394923763471,60207.39510581113,0.09122458983835613,2441.81316601184,1.3694920537635886
dc_backbone,10,23,41.18796574449419,60207.39510581113,0.06841014408962329,2441.81316601184,1.3694920537635886
dc_backbone,10,25,33.56631895285076,60207.39510581113,0.05575115630540041,2441.81316601184,1.3694920537635886
dc_backbone,11,5,151.1726068278582,59569.00730979861,0.2537772805943529,2325.5530663044665,0.9000171962942373
dc_backbone,11,7,125.06114984114247,59569.00730979861,0.20994331698485588,2325.5530663044665,0.9000171962942373
dc_backbone,11,11,101.23195384149933,59569.00730979861,0.16994064264832479,2325.5530663044665,0.9000171962942373
dc_backbone,11,13,81.03340299348564,59569.00730979861,0.13603282420346177,2325.5530663044665,0.9000171962942373
dc_backbone,11,17,57.12832338131462,59569.00730979861,0.09590276212630033,2325.5530663044665,0.9000171962942373
dc_backbone,11,19,47.752609766978274,59569.00730979861,0.08016351442392321,2325.5530663044665,0.9000171962942373
dc_backbone,11,23,34.67142365342395,59569.00730979861,0.058203796267930735,2325.5530663044665,0.9000171962942373
dc_backbone,11,25,27.817526613631433,59569.00730979861,0.04669798586530362,2325.5530663044665,0.9000171962942373
dc_backbone,12,5,151.5776759894412,60355.619411535874,0.2511409500346705,2463.3024942713755,1.2173641959845614
dc_backbone,12,7,127.23632017007826,60355.619411535874,0.2108110585404072,2463.3024942713755,1.2173641959845614
dc_backbone,12,11,105.62797047464692,60355.619411535874,0.1750093388229863,2463.3024942713755,1.2173641959845614
dc_backbone,12,13,85.60104624051122,60355.619411535874,0.14182779843056362,2463.3024942713755,1.2173641959845614
dc_backbone,12,17,61.83555491459683,60355.619411535874,0.10245202603749286,2463.3024942713755,1.2173641959845614
dc_backbone,12,19,52.3048390701999,60355.619411535874,0.08666109233932041,2463.3024942713755,1.2173641959845614
dc_backbone,12,23,38.858007628143646,60355.619411535874,0.06438175601047125,2463.3024942713755,1.2173641959845614
dc_backbone,12,25,31.522877610696877,60355.619411535874,0.052228571122363225,2463.3024942713755,1.2173641959845614
dc_backbone,13,5,160.1446168813416,57670.34453324985,0.27768971761389455,2064.757622555352,1.124953059616249
dc_backbone,13,7,133.02632546565061,57670.34453324985,0.23066677777337405,2064.757622555352,1.124953059616249
dc_backbone,13,11,108.76696564430472,57670.34453324985,0.18860120660731464,2064.757622555352,1.124953059616249
dc_backbone,13,13,87.59908024521411,57670.34453324985,0.15189623185744772,2064.757622555352,1.124953059616249
dc_backbone,13,17,62.6101733738563,57670.34453324985,0.10856563088115137,2064.757622555352,1.124953059616249
dc_backbone,13,19,52.716261488071495,57670.34453324985,0.09140965242140685,2064.757622555352,1.124953059616249
dc_backbone,13,23,38.84404904886464,57670.34453324985,0.0673553268378154,2064.757622555352,1.124953059616249
dc_backbone,13,25,31.395515364301662,57670.34453324985,0.05443961817533546,2064.757622555352,1.124953059616249
dc_backbone,14,5,190.71459502416246,47249.5859706995,0.4036323093760626,1155.5964309328015,1.2513479290971405
dc_backbone,14,7,156.2080603478082,47249.5859706995,0.3306019664271264,1155.5964309328015,1.2513479290971405
dc_backbone,14,11,125.84710160702862,47249.5859706995,0.2663454060424342,1155.5964309328015,1.2513479290971405
dc_backbone,14,13,101.00823602270869,47249.5859706995,0.21377591770930243,1155.5964309328015,1.2513479290971405
dc_backbone,14,17,72.05608091958497,47249.5859706995,0.15250097845146943,1155.5964309328015,1.2513479290971405
dc_backbone,14,19,60.71269555192675,47249.5859706995,0.12849360328697063,1155.5964309328015,1.2513479290971405
dc_backbone,14,23,44.89184419227157,47249.5859706995,0.09501002658543925,1155.5964309328015,1.2513479290971405
dc_backbone,14,25,36.37266413723219,47249.5859706995,0.07697985789714151,1155.5964309328015,1.2513479290971405
dc_backbone,15,5,168.04440994456638,56620.89007380942,0.29678871124333855,1937.4392030634135,1.4319104641687566
dc_backbone,15,7,140.92640801131304,56620.89007380942,0.24889472388654663,1937.4392030634135,1.4319104641687566
dc_backbone,15,11,117.33984924391844,56620.89007380942,0.20723773344247584,1937.4392030634135,1.4319104641687566
dc_backbone,15,13,95.39975390540451,56620.89007380942,0.16848861574066396,1937.4392030634135,1.4319104641687566
dc_backbone,15,17,69.51558788693771,56620.89007380942,0.12277374622037752,1937.4392030634135,1.4319104641687566
dc_backbone,15,19,59.09938414655452,56620.89007380942,0.10437734918952034,1937.4392030634135,1.4319104641687566
dc_backbone,15,23,44.38726851134953,56620.89007380942,0.07839380209934446,1937.4392030634135,1.4319104641687566
dc_backbone,15,25,36.21478941549232,56620.89007380942,0.06396012031651874,1937.4392030634135,1.4319104641687566
dc_backbone,16,5,178.67431259139445,52968.83191387634,0.3373197145104248,1566.6980410079345,1.3745535893392589
dc_backbone,16,7,148.44561583318068,52968.83191387634,0.28025087673170324,1566.6980410079345,1.3745535893392589
dc_backbone,16,11,122.0297705826488,52968.83191387634,0.23038033155245102,1566.6980410079345,1.3745535893392589
dc_backbone,16,13,98.73249179504823,52968.83191387634,0.18639733637241696,1566.6980410079345,1.3745535893392589
dc_backbone,16,17,71.38848029135373,52968.83191387634,0.13477450363154403,1566.6980410079345,1.3745535893392589
dc_backbone,16,19,60.50017178972764,52968.83191387634,0.11421843677447284,1566.6980410079345,1.3745535893392589
dc_backbone,16,23,45.197718435166045,52968.83191387634,0.08532889399685915,1566.6980410079345,1.3745535893392589
dc_backbone,16,25,36.79147021874561,52968.83191387634,0.06945871541695689,1566.6980410079345,1.3745535893392589
dc_backbone,17,5,161.44668228101833,56135.7404952711,0.2876005212661596,1876.9593750999709,0.8642340068850248
dc_backbone,17,7,132.1838017914632,56135.7404952711,0.23547173445159847,1876.9593750999709,0.8642340068850248
dc_backbone,17,11,105.51317890072998,56135.7404952711,0.18796078571301372,1876.9593750999709,0.8642340068850248
dc_backbone,17,13,84.02075668339951,56135.7404952711,0.14967426445630916,1876.9593750999709,0.8642340068850248
dc_backbone,17,17,58.74935629532657,56135.7404952711,0.10465588549647019,1876.9593750999709,0.8642340068850248
dc_backbone,17,19,48.94552612951537,56135.7404952711,0.0871913787859244,1876.9593750999709,0.8642340068850248
dc_backbone,17,23,35.342382093156466,56135.7404952711,0.06295878843200389,1876.9593750999709,0.8642340068850248
dc_backbone,17,25,28.28967695551375,56135.7404952711,0.050395125647085544,1876.9593750999709,0.8642340068850248
dc_backbone,18,5,167.10016495097295,55933.76086166466,0.2987465215583214,1858.6407351180856,1.2204607663602234
dc_backbone,18,7,138.78617344771345,55933.76086166466,0.24812594631524834,1858.6407351180856,1.2204607663602234
dc_backbone,18,11,113.68491705729593,55933.76086166466,0.2032491920907328,1858.6407351180856,1.2204607663602234
dc_backbone,18,13,91.71591423718378,55933.76086166466,0.16397237164869982,1858.6407351180856,1.2204607663602234
dc_backbone,18,17,65.84200549959748,55933.76086166466,0.11771424714751058,1858.6407351180856,1.2204607663602234
dc_backbone,18,19,55.57659731407377,55933.76086166466,0.09936145265026211,1858.6407351180856,1.2204607663602234
dc_backbone,18,23,41.17000778693455,55933.76086166466,0.07360493403752374,1858.6407351180856,1.2204607663602234
dc_backbone,18,25,33.366840226761845,55933.76086166466,0.059654204746369004,1858.6407351180856,1.2204607663602234
dc_backbone,19,5,158.69226616035596,58104.48545513009,0.2731153454287149,2121.7934911585226,1.125223887335878
dc_backbone,19,7,131.96105475840207,58104.48545513009,0.22710992744321967,2121.7934911585226,1.125223887335878
dc_backbone,19,11,108.04297275436971,58104.48545513009,0.18594601072201822,2121.7934911585226,1.125223887335878
dc_backbone,19,13,87.05650738059074,58104.48545513009,0.1498275162385152,2121.7934911585226,1.125223887335878
dc_backbone,19,17,62.26322299294549,58104.48545513009,0.10715734337072289,2121.7934911585226,1.125223887335878
dc_backbone,19,19,52.436188205962935,58104.48545513009,0.09024464771563226,2121.7934911585226,1.125223887335878
dc_backbone,19,23,38.65040581810192,58104.48545513009,0.06651879887646342,2121.7934911585226,1.125223887335878
dc_backbone,19,25,31.242656771253692,58104.48545513009,0.0537697847705409,2121.7934911585226,1.125223887335878
dc_backbone,20,5,205.66205138287822,40309.700134353174,0.5102048655718148,818.2530010242651,1.3020281173633697
dc_backbone,20,7,167.411449542994,40309.700134353174,0.41531306108705285,818.2530010242651,1.3020281173633697
dc_backbone,20,11,134.0022505129567,40309.700134353174,0.3324317721697856,818.2530010242651,1.3020281173633697
dc_backbone,20,13,107.39439569274124,40309.700134353174,0.26642320665942243,818.2530010242651,1.3020281173633697
dc_backbone,20,17,76.54806051446646,40309.700134353174,0.18989985105155827,818.2530010242651,1.3020281173633697
dc_backbone,20,19,64.51663099102757,40309.700134353174,0.16005237145399775,818.2530010242651,1.3020281173633697
dc_backbone,20,23,47.774678557386856,40309.700134353174,0.1185190621566341,818.2530010242651,1.3020281173633697
dc_backbone,20,25,38.74896272907447,40309.700134353174,0.09612813441906853,818.2530010242651,1.3020281173633697
dc_backbone,21,5,183.28140143622022,51238.135868223326,0.3577050537271536,1424.638975861217,1.3615157078103213
dc_backbone,21,7,151.73861628754426,51238.135868223326,0.2961439047622514,1424.638975861217,1.3615157078103213
dc_backbone,21,11,124.16190641723745,51238.135868223326,0.24232323115064713,1424.638975861217,1.3615157078103213
dc_backbone,21,13,100.29062174021963,51238.135868223326,0.1957343295980787,1424.638975861217,1.3615157078103213
dc_backbone,21,17,72.33252140762055,51238.135868223326,0.1411693071614642,1424.638975861217,1.3615157078103213
dc_backbone,21,19,61.24066946353464,51238.135868223326,0.11952165789371476,1424.638975861217,1.3615157078103213
dc_backbone,21,23,45.679752677554255,51238.135868223326,0.08915186296986996,1424.638975861217,1.3615157078103213
dc_backbone,21,25,37.16025883036982,51238.135868223326,0.07252461121134528,1424.638975861217,1.3615157078103213
dc_backbone,22,5,156.78871335146405,58715.45730197674,0.2670314097105491,2206.5486467314745,1.1418268624843304
dc_backbone,22,7,130.66354493023513,58715.45730197674,0.22253687688784493,2206.5486467314745,1.1418268624843304
dc_backbone,22,11,107.31512120077645,58715.45730197674,0.18277149856612548,2206.5486467314745,1.1418268624843304
dc_backbone,22,13,86.57824070789046,58715.45730197674,0.14745391535079755,2206.5486467314745,1.1418268624843304
dc_backbone,22,17,62.05163337886507,58715.45730197674,0.1056819383347901,2206.5486467314745,1.1418268624843304
dc_backbone,22,19,52.30511492436431,58715.45730197674,0.08908235978705965,2206.5486467314745,1.1418268624843304
dc_backbone,22,23,38.6148601712627,58715.45730197674,0.06576608945181914,2206.5486467314745,1.1418268624843304
dc_backbone,22,25,31.2359496593984,58715.45730197674,0.05319885272927406,2206.5486467314745,1.1418268624843304
dc_backbone,23,5,155.60992463609708,57926.270569185384,0.26863446085354536,2090.5863012323625,0.8164762651196529
dc_backbone,23,7,127.71745571660627,57926.270569185384,0.2204827869318195,2090.5863012323625,0.8164762651196529
dc_backbone,23,11,102.15263549880773,57926.270569185384,0.1763494084722746,2090.5863012323625,0.8164762651196529
dc_backbone,23,13,81.34916661142917,57926.270569185384,0.14043570527170085,2090.5863012323625,0.8164762651196529
dc_backbone,23,17,56.816252736871895,57926.270569185384,0.0980837402073249,2090.5863012323625,0.8164762651196529
dc_backbone,23,19,47.28812569306001,57926.270569185384,0.08163502540109242,2090.5863012323625,0.8164762651196529
dc_backbone,23,23,34.061958896860595,57926.270569185384,0.058802264606657224,2090.5863012323625,0.8164762651196529
dc_backbone,23,25,27.22746702010761,57926.270569185384,0.04700365957029453,2090.5863012323625,0.8164762651196529
dc_backbone,24,5,156.3459935109615,57463.622644652096,0.272078205855182,2030.00052369823,0.7578733419927604
dc_backbone,24,7,127.85265299044232,57463.622644652096,0.222493200230461,2030.00052369823,0.7578733419927604
dc_backbone,24,11,101.65026078379766,57463.622644652096,0.17689497477802651,2030.00052369823,0.7578733419927604
dc_backbone,24,13,80.72131789241132,57463.622644652096,0.1404737713658986,2030.00052369823,0.7578733419927604
dc_backbone,24,17,56.068570576754674,57463.622644652096,0.09757228659855949,2030.00052369823,0.7578733419927604
dc_backbone,24,19,46.54111695579784,57463.622644652096,0.08099231272556959,2030.00052369823,0.7578733419927604
dc_backbone,24,23,33.351035902711395,57463.622644652096,0.05803851961953401,2030.00052369823,0.7578733419927604
dc_backbone,24,25,26.593025544637428,57463.622644652096,0.04627801784980629,2030.00052369823,0.7578733419927604
dc_backbone,25,5,154.13913219520074,59841.76932848154,0.2575778322146612,2379.7056830059764,1.2692549628462662
dc_backbone,25,7,129.4594978383369,59841.76932848154,0.2163363471552987,2379.7056830059764,1.2692549628462662
dc_backbone,25,11,107.65969110539986,59841.76932848154,0.17990726596741766,2379.7056830059764,1.2692549628462662
dc_backbone,25,13,87.34671683237919,59841.76932848154,0.1459627912285119,2379.7056830059764,1.2692549628462662
dc_backbone,25,17,63.26216522980662,59841.76932848154,0.10571573324069006,2379.7056830059764,1.2692549628462662
dc_backbone,25,19,53.58710288562173,59841.76932848154,0.08954799212482023,2379.7056830059764,1.2692549628462662
dc_backbone,25,23,39.92643676517403,59841.76932848154,0.06672001381846032,2379.7056830059764,1.2692549628462662
dc_backbone,25,25,32.437318259411015,59841.76932848154,0.05420514570910682,2379.7056830059764,1.2692549628462662
dc_backbone,26,5,162.2720723317774,56483.784218077984,0.287289661233146,1918.5920661012624,1.0024832353704938
dc_backbone,26,7,133.74460076721007,56483.784218077984,0.23678406576095565,1918.5920661012624,1.0024832353704938
dc_backbone,26,11,107.99395198355887,56483.784218077984,0.19119461183161085,1918.5920661012624,1.0024832353704938
dc_backbone,26,13,86.48283336969835,56483.784218077984,0.1531109053100925,1918.5920661012624,1.0024832353704938
dc_backbone,26,17,61.15473358186919,56483.784218077984,0.10826954041492184,1918.5920661012624,1.0024832353704938
dc_backbone,26,19,51.232199431080176,56483.784218077984,0.09070249123762318,1918.5920661012624,1.0024832353704938
dc_backbone,26,23,37.39341746747663,56483.784218077984,0.06620204008128165,1918.5920661012624,1.0024832353704938
dc_backbone,26,25,30.087337504455675,56483.784218077984,0.05326721274249546,1918.5920661012624,1.0024832353704938
dc_backbone,27,5,148.73409989457724,60471.57064280523,0.24595706430898417,2474.5400471579105,0.978737683743771
dc_backbone,27,7,123.75120062711612,60471.57064280523,0.20464360245923224,2474.5400471579105,0.978737683743771
dc_backbone,27,11,101.08317738851262,60471.57064280523,0.16715818080134368,2474.5400471579105,0.978737683743771
dc_backbone,27,13,81.24496267696617,60471.57064280523,0.1343523275703647,2474.5400471579105,0.978737683743771
dc_backbone,27,17,57.71553659451835,60471.57064280523,0.0954424301882842,2474.5400471579105,0.978737683743771
dc_backbone,27,19,48.4160146179922,60471.57064280523,0.08006409309918036,2474.5400471579105,0.978737683743771
dc_backbone,27,23,35.38965840688016,60471.57064280523,0.05852280341107816,2474.5400471579105,0.978737683743771
dc_backbone,27,25,28.48353679892547,60471.57064280523,0.0471023598298325,2474.5400471579105,0.978737683743771
dc_backbone,28,5,172.0102520971386,52582.5629671938,0.3271241308729199,1535.10683763067,0.9431502234040882
dc_backbone,28,7,140.2484656267823,52582.5629671938,0.2667204824425982,1535.10683763067,0.9431502234040882
dc_backbone,28,11,111.57451765472831,52582.5629671938,0.212189196111151,1535.10683763067,0.9431502234040882
dc_backbone,28,13,88.83931707854657,52582.5629671938,0.16895204810380451,1535.10683763067,0.9431502234040882
dc_backbone,28,17,62.23437888686383,52582.5629671938,0.11835554483278381,1535.10683763067,0.9431502234040882
dc_backbone,28,19,51.932150748803174,52582.5629671938,0.09876306482284553,1535.10683763067,0.9431502234040882
dc_backbone,28,23,37.647510922166525,52582.5629671938,0.07159694925037177,1535.10683763067,0.9431502234040882
dc_backbone,28,25,30.201327232679503,52582.5629671938,0.057436012108276424,1535.10683763067,0.9431502234040882
dc_backbone,29,5,158.2946624131866,57114.16767874896,0.2771548091246804,1989.532260863162,0.8381446622072677
dc_backbone,29,7,129.76805710970606,57114.16767874896,0.2272081733548402,1989.532260863162,0.8381446622072677
dc_backbone,29,11,103.68915562058254,57114.16767874896,0.18154717092929498,1989.532260863162,0.8381446622072677
dc_backbone,29,13,82.56815917786996,57114.16767874896,0.14456686061205076,1989.532260863162,0.8381446622072677
dc_backbone,29,17,57.69515623610649,57114.16767874896,0.10101724069695882,1989.532260863162,0.8381446622072677
dc_backbone,29,19,48.040599664187795,57114.16767874896,0.08411327979846013,1989.532260863162,0.8381446622072677
dc_backbone,29,23,34.64195516276207,57114.16767874896,0.060653873759683015,1989.532260863162,0.8381446622072677
dc_backbone,29,25,27.708172762200846,57114.16767874896,0.04851365937441561,1989.532260863162,0.8381446622072677
dc_backbone,30,5,166.32385214861245,55050.03615297675,0.30213213972543185,1763.451541872371,0.9940731966125517
dc_backbone,30,7,136.59589454375222,55050.03615297675,0.24813043567159584,1763.451541872371,0.9940731966125517
dc_backbone,30,11,109.78214272769897,55050.03615297675,0.19942247162677418,1763.451541872371,0.9940731966125517
dc_backbone,30,13,87.76750238634952,55050.03615297675,0.15943223387257235,1763.451541872371,0.9940731966125517
dc_backbone,30,17,61.90627827985568,55050.03615297675,0.11245456425828013,1763.451541872371,0.9940731966125517
dc_backbone,30,19,51.811459200596396,55050.03615297675,0.09411703028971538,1763.451541872371,0.9940731966125517
dc_backbone,30,23,37.757677679930005,55050.03615297675,0.06858792531036025,1763.451541872371,0.9940731966125517
dc_backbone,30,25,30.361324714497357,55050.03615297675,0.05515223392429256,1763.451541872371,0.9940731966125517
dc_backbone,31,5,188.44073753443413,42340.22258820742,0.4450631716492642,906.0502477331426,0.7715998660532544
dc_backbone,31,7,150.0430696356262,42340.22258820742,0.3543747776078441,906.0502477331426,0.7715998660532544
dc_backbone,31,11,115.44971012525461,42340.22258820742,0.2726714765958968,906.0502477331426,0.7715998660532544
dc_backbone,31,13,90.70858514496261,42340.22258820742,0.21423738374541926,906.0502477331426,0.7715998660532544
dc_backbone,31,17,62.112784399030694,42340.22258820742,0.14669923916821903,906.0502477331426,0.7715998660532544
dc_backbone,31,19,51.31495604954106,42340.22258820742,0.12119670826632187,906.0502477331426,0.7715998660532544
dc_backbone,31,23,36.53569797945707,42340.22258820742,0.08629075556544895,906.0502477331426,0.7715998660532544
dc_backbone,31,25,29.069307120915827,42340.22258820742,0.06865648157695844,906.0502477331426,0.7715998660532544
dc_backbone,32,5,174.3237142368499,51400.79989181599,0.339145917191467,1439.9735313233473,0.9136921323111481
dc_backbone,32,7,141.6360645457269,51400.79989181599,0.27555225763768343,1439.9735313233473,0.9136921323111481
dc_backbone,32,11,112.1100888947431,51400.79989181599,0.2181096191707188,1439.9735313233473,0.9136921323111481
dc_backbone,32,13,89.08144668638869,51400.79989181599,0.17330751053267596,1439.9735313233473,0.9136921323111481
dc_backbone,32,17,62.18044514251227,51400.79989181599,0.12097174610781225,1439.9735313233473,0.9136921323111481
dc_backbone,32,19,51.80466299348134,51400.79989181599,0.10078571365137384,1439.9735313233473,0.9136921323111481
dc_backbone,32,23,37.44703339938268,51400.79989181599,0.07285301683669904,1439.9735313233473,0.9136921323111481
dc_backbone,32,25,30.0008794809175,51400.79989181599,0.05836656150110658,1439.9735313233473,0.9136921323111481
dc_backbone,33,5,153.95664306658793,59009.7066263938,0.26090053970498195,2244.8650255872685,0.9840265399579273
dc_backbone,33,7,127.59856211913382,59009.7066263938,0.2162331748689997,2244.8650255872685,0.9840265399579273
dc_backbone,33,11,103.71834898734625,59009.7066263938,0.17576489516210408,2244.8650255872685,0.9840265399579273
dc_backbone,33,13,83.2281919502576,59009.7066263938,0.14104152809502593,2244.8650255872685,0.9840265399579273
dc_backbone,33,17,58.99624948341103,59009.7066263938,0.09997719503493217,2244.8650255872685,0.9840265399579273
dc_backbone,33,19,49.45551381672133,59009.7066263938,0.08380911657439238,2244.8650255872685,0.9840265399579273
dc_backbone,33,23,36.11650931277772,59009.7066263938,0.06120435327943753,2244.8650255872685,0.9840265399579273
dc_backbone,33,25,29.060481243219755,59009.7066263938,0.04924695089099394,2244.8650255872685,0.9840265399579273
dc_backbone,34,5,159.52821698319346,58753.133448817964,0.271522908854154,2215.503160403076,1.3725068788284285
dc_backbone,34,7,134.13370561686682,58753.133448817964,0.22830051393550896,2215.503160403076,1.3725068788284285
dc_backbone,34,11,111.92454366506077,58753.133448817964,0.19049970119902185,2215.503160403076,1.3725068788284285
dc_backbone,34,13,91.00777745836763,58753.133448817964,0.15489859368547193,2215.503160403076,1.3725068788284285
dc_backbone,34,17,66.24967451990993,58753.133448817964,0.11275938938239351,2215.503160403076,1.3725068788284285
dc_backbone,34,19,56.271394525621474,58753.133448817964,0.09577598882388387,2215.503160403076,1.3725068788284285
dc_backbone,34,23,42.163808566292175,58753.133448817964,0.07176435722023683,2215.503160403076,1.3725068788284285
dc_backbone,34,25,34.353545084051014,58753.133448817964,0.05847100072369359,2215.503160403076,1.3725068788284285
dc_backbone,35,5,160.3841243955823,58733.453541895615,0.27307116255504615,2213.179316632949,1.43272559601151
dc_backbone,35,7,135.1449032175892,58733.453541895615,0.23009868323371777,2213.179316632949,1.43272559601151
dc_backbone,35,11,113.20456406653709,58733.453541895615,0.19274290415390996,2213.179316632949,1.43272559601151
dc_backbone,35,13,92.22445183600206,58733.453541895615,0.15702201432820007,2213.179316632949,1.43272559601151
dc_backbone,35,17,67.38986802301612,58733.453541895615,0.11473847349185032,2213.179316632949,1.43272559601151
dc_backbone,35,19,57.34615749254676,58733.453541895615,0.09763797977866351,2213.179316632949,1.43272559601151
dc_backbone,35,23,43.125062724728764,58733.453541895615,0.07342504164848214,2213.179316632949,1.43272559601151
dc_backbone,35,25,35.199099689510234,58733.453541895615,0.059930240036714495,2213.179316632949,1.43272559601151
dc_backbone,36,5,164.4806907770497,55565.90556095983,0.29601009668888134,1816.7687565111496,0.9677961903960238
dc_backbone,36,7,135.08463508158434,55565.90556095983,0.24310705227936347,1816.7687565111496,0.9677961903960238
dc_backbone,36,11,108.5053934810431,55565.90556095983,0.19527332882572176,1816.7687565111496,0.9677961903960238
dc_backbone,36,13,86.70137397706013,55565.90556095983,0.15603340412034214,1816.7687565111496,0.9677961903960238
dc_backbone,36,17,61.07133602459,55565.90556095983,0.10990792898640032,1816.7687565111496,0.9677961903960238
dc_backbone,36,19,51.0731718641303,55565.90556095983,0.09191458565918506,1816.7687565111496,0.9677961903960238
dc_backbone,36,23,37.158958862006,55565.90556095983,0.06687366738087248,1816.7687565111496,0.9677961903960238
dc_backbone,36,25,29.854940657984447,55565.90556095983,0.05372888348815159,1816.7687565111496,0.9677961903960238
dc_backbone,37,5,153.64481483416284,58395.03641871381,0.2631127990613333,2151.064579170155,0.7667116990124695
dc_backbone,37,7,126.00293793964597,58395.03641871381,0.21577679485660176,2151.064579170155,0.7667116990124695
dc_backbone,37,11,100.56419717428237,58395.03641871381,0.17221360468585073,2151.064579170155,0.7667116990124695
dc_backbone,37,13,79.97278469774996,58395.03641871381,0.13695133970688156,2151.064579170155,0.7667116990124695
dc_backbone,37,17,55.67331152262975,58395.03641871381,0.09533911602251895,2151.064579170155,0.7667116990124695
dc_backbone,37,19,46.254710446044186,58395.03641871381,0.07921000359410851,2151.064579170155,0.7667116990124695
dc_backbone,37,23,33.19574252743339,58395.03641871381,0.05684685645096229,2151.064579170155,0.7667116990124695
dc_backbone,37,25,26.486168424934903,58395.03641871381,0.04535688313475716,2151.064579170155,0.7667116990124695
dc_backbone,38,5,188.03672476602128,46657.171369449,0.4030178410882989,1123.150516217363,1.0804880797721044
dc_backbone,38,7,152.74190439936396,46657.171369449,0.32737069118463313,1123.150516217363,1.0804880797721044
dc_backbone,38,11,121.33988415294307,46657.171369449,0.2600669534638701,1123.150516217363,1.0804880797721044
dc_backbone,38,13,96.74163890770251,46657.171369449,0.2073457007105422,1123.150516217363,1.0804880797721044
dc_backbone,38,17,68.1208539249997,46657.171369449,0.14600296572973356,1123.150516217363,1.0804880797721044
dc_backbone,38,19,57.03674718886925,46657.171369449,0.12224647468924095,1123.150516217363,1.0804880797721044
dc_backbone,38,23,41.66380533521726,46657.171369449,0.08929775233330714,1123.150516217363,1.0804880797721044
dc_backbone,38,25,33.558943836659104,46657.171369449,0.07192665747121013,1123.150516217363,1.0804880797721044
dc_backbone,39,5,167.90911810919468,56137.05688101492,0.29910566644967834,1881.5939358271066,1.3164209577770798
dc_backbone,39,7,140.04857322216085,56137.05688101492,0.24947615889269054,1881.5939358271066,1.3164209577770798
dc_backbone,39,11,115.55454592705492,56137.05688101492,0.20584361266387388,1881.5939358271066,1.3164209577770798
dc_backbone,39,13,93.54982832934554,56137.05688101492,0.16664540951555176,1881.5939358271066,1.3164209577770798
dc_backbone,39,17,67.61613012623987,56137.05688101492,0.12044829900782895,1881.5939358271066,1.3164209577770798
dc_backbone,39,19,57.2619387918088,56137.05688101492,0.10200381347596851,1881.5939358271066,1.3164209577770798
dc_backbone,39,23,42.68837124640816,56137.05688101492,0.07604312306020626,1881.5939358271066,1.3164209577770798
dc_backbone,39,25,34.70379110475329,56137.05688101492,0.06181975513662851,1881.5939358271066,1.3164209577770798
dc_backbone,40,5,156.03324742423987,59523.98160681087,0.26213509784161715,2330.4898549433797,1.3268581009556601
dc_backbone,40,7,131.2234135305615,59523.98160681087,0.2204546973980427,2330.4898549433797,1.3268581009556601
dc_backbone,40,11,109.43111449663814,59523.98160681087,0.1838437408631226,2330.4898549433797,1.3268581009556601
dc_backbone,40,13,88.9210953604434,59523.98160681087,0.14938700832853702,2330.4898549433797,1.3268581009556601
dc_backbone,40,17,64.61390133911836,59523.98160681087,0.10855104042926639,2330.4898549433797,1.3268581009556601
dc_backbone,40,19,54.82416766229749,59523.98160681087,0.09210433539953984,2330.4898549433797,1.3268581009556601
dc_backbone,40,23,40.98590369018881,59523.98160681087,0.06885611913686082,2330.4898549433797,1.3268581009556601
dc_backbone,40,25,33.35387883677614,59523.98160681087,0.05603435445077772,2330.4898549433797,1.3268581009556601
dc_backbone,41,5,182.427811450147,46078.64012470827,0.39590537167854845,1093.4404046552602,0.7773058215862699
dc_backbone,41,7,146.02905739873748,46078.64012470827,0.3169126888369994,1093.4404046552602,0.7773058215862699
dc_backbone,41,11,113.10964729126307,46078.64012470827,0.24547088843147408,1093.4404046552602,0.7773058215862699
dc_backbone,41,13,89.06894890522256,46078.64012470827,0.1932976942552218,1093.4404046552602,0.7773058215862699
dc_backbone,41,17,61.18494302207042,46078.64012470827,0.13278374287192093,1093.4404046552602,0.7773058215862699
dc_backbone,41,19,50.60720751661705,46078.64012470827,0.10982791024138856,1093.4404046552602,0.7773058215862699
dc_backbone,41,23,36.09606342921537,46078.64012470827,0.07833578276512539,1093.4404046552602,0.7773058215862699
dc_backbone,41,25,28.73959060647397,46078.64012470827,0.062370743860262576,1093.4404046552602,0.7773058215862699
dc_backbone,42,5,168.34503321047714,56335.358272332676,0.29882659554000646,1904.1965146206996,1.387754366377769
dc_backbone,42,7,140.85802016497482,56335.358272332676,0.2500348351102131,1904.1965146206996,1.387754366377769
dc_backbone,42,11,116.84979912177978,56335.358272332676,0.20741822312891342,1904.1965146206996,1.387754366377769
dc_backbone,42,13,94.84066945576996,56335.358272332676,0.1683501665105198,1904.1965146206996,1.387754366377769
dc_backbone,42,17,68.88862773202027,56335.358272332676,0.12228310930233798,1904.1965146206996,1.387754366377769
dc_backbone,42,19,58.47848865907031,56335.358272332676,0.10380423672177153,1904.1965146206996,1.387754366377769
dc_backbone,42,23,43.795611378907154,56335.358272332676,0.07774089439032818,1904.1965146206996,1.387754366377769
dc_backbone,42,25,35.68307961924042,56335.358272332676,0.0633404680711244,1904.1965146206996,1.387754366377769
dc_backbone,43,5,180.9124531544744,51044.07701506116,0.3544239875296287,1411.2723850483083,1.2174535687180974
dc_backbone,43,7,148.8423115096665,51044.07701506116,0.2915956565651071,1411.2723850483083,1.2174535687180974
dc_backbone,43,11,120.48559631794016,51044.07701506116,0.23604226653444918,1411.2723850483083,1.2174535687180974
dc_backbone,43,13,96.81692973288382,51044.07701506116,0.18967319108212466,1411.2723850483083,1.2174535687180974
dc_backbone,43,17,69.12209144626023,51044.07701506116,0.135416478244606,1411.2723850483083,1.2174535687180974
dc_backbone,43,19,58.23469328263931,51044.07701506116,0.11408707275764135,1411.2723850483083,1.2174535687180974
dc_backbone,43,23,43.02397786858422,51044.07701506116,0.08428789466775838,1411.2723850483083,1.2174535687180974
dc_backbone,43,25,34.83716698441385,51044.07701506116,0.06824918584409849,1411.2723850483083,1.2174535687180974
dc_backbone,44,5,183.6463492195487,48688.75813950892,0.3771842951782483,1247.255877222711,1.0774388040378353
dc_backbone,44,7,149.60906919833596,48688.75813950892,0.30727641228732505,1247.255877222711,1.0774388040378353
dc_backbone,44,11,119.26775050321082,48688.75813950892,0.24495952466372306,1247.255877222711,1.0774388040378353
dc_backbone,44,13,95.19469332696417,48688.75813950892,0.19551678244534562,1247.255877222711,1.0774388040378353
dc_backbone,44,17,67.12728049892361,48688.75813950892,0.1378701841328185,1247.255877222711,1.0774388040378353
dc_backbone,44,19,56.22996154571087,48688.75813950892,0.11548859263280856,1247.255877222711,1.0774388040378353
dc_backbone,44,23,41.09743261263446,48688.75813950892,0.0844084634380633,1247.255877222711,1.0774388040378353
dc_backbone,44,25,33.108071774778836,48688.75813950892,0.06799941719588243,1247.255877222711,1.0774388040378353
dc_backbone,45,5,166.99348678174218,56879.84230806696,0.2935899257197104,1968.3939091452605,1.4218874618830069
dc_backbone,45,7,140.07018519375603,56879.84230806696,0.24625628255985976,1968.3939091452605,1.4218874618830069
dc_backbone,45,11,116.63082747707351,56879.84230806696,0.20504773351056282,1968.3939091452605,1.4218874618830069
dc_backbone,45,13,94.81465656967951,56879.84230806696,0.16669289632723272,1968.3939091452605,1.4218874618830069
dc_backbone,45,17,69.06714101613393,56879.84230806696,0.12142639327665385,1968.3939091452605,1.4218874618830069
dc_backbone,45,19,58.70605411093501,56879.84230806696,0.10321064849824496,1968.3939091452605,1.4218874618830069
dc_backbone,45,23,44.071240719820594,56879.84230806696,0.07748129905340861,1968.3939091452605,1.4218874618830069
dc_backbone,45,25,35.947800463264706,56879.84230806696,0.06319954311505963,1968.3939091452605,1.4218874618830069
dc_backbone,46,5,179.85511374195414,48739.670530644806,0.3690117552782209,1251.901944232689,0.8986644581161448
dc_backbone,46,7,145.36597486265407,48739.670530644806,0.2982498102264684,1251.901944232689,0.8986644581161448
dc_backbone,46,11,114.27837890611464,48739.670530644806,0.23446686787565113,1251.901944232689,0.8986644581161448
dc_backbone,46,13,90.58159806513555,48739.670530644806,0.18584778493359502,1251.901944232689,0.8986644581161448
dc_backbone,46,17,62.99071300057273,48739.670530644806,0.12923910300330746,1251.901944232689,0.8986644581161448
dc_backbone,46,19,52.40253119072381,48739.670530644806,0.1075151526881496,1251.901944232689,0.8986644581161448
dc_backbone,46,23,37.78795235798669,48739.670530644806,0.07753017602822677,1251.901944232689,0.8986644581161448
dc_backbone,46,25,30.243441273141155,48739.670530644806,0.062050976019884574,1251.901944232689,0.8986644581161448
dc_backbone,47,5,153.573964009937,58940.663209158134,0.2605568984946115,2233.0371119115325,0.9271699798454032
dc_backbone,47,7,126.96562638896408,58940.663209158134,0.21541261919366442,2233.0371119115325,0.9271699798454032
dc_backbone,47,11,102.74975285822508,58940.663209158134,0.17432744605130254,2233.0371119115325,0.9271699798454032
dc_backbone,47,13,82.26942854609665,58940.663209158134,0.13958008625412568,2233.0371119115325,0.9271699798454032
dc_backbone,47,17,58.05837741599868,58940.663209158134,0.0985030949006655,2233.0371119115325,0.9271699798454032
dc_backbone,47,19,48.56248536296558,58940.663209158134,0.08239215970583107,2233.0371119115325,0.9271699798454032
dc_backbone,47,23,35.31277151660212,58940.663209158134,0.05991240952157332,2233.0371119115325,0.9271699798454032
dc_backbone,47,25,28.354903400400303,58940.663209158134,0.04810754045942692,2233.0371119115325,0.9271699798454032
dc_backbone,48,5,175.96000106430142,54063.93511116395,0.3254665068358417,1666.390666254946,1.4056867313739276
dc_backbone,48,7,146.66478710302394,54063.93511116395,0.2712802662282316,1666.390666254946,1.4056867313739276
dc_backbone,48,11,121.12725792229669,54063.93511116395,0.22404447192613708,1666.390666254946,1.4056867313739276
dc_backbone,48,13,98.18577868184599,54063.93511116395,0.18161049224397113,1666.390666254946,1.4056867313739276
dc_backbone,48,17,71.21881502559633,54063.93511116395,0.1317307274787883,1666.390666254946,1.4056867313739276
dc_backbone,48,19,60.43937709652258,54063.93511116395,0.1117924120252248,1666.390666254946,1.4056867313739276
dc_backbone,48,23,45.26301475985351,54063.93511116395,0.083721273094135,1666.390666254946,1.4056867313739276
dc_backbone,48,25,36.88561899198052,54063.93511116395,0.06822592346661022,1666.390666254946,1.4056867313739276
dc_backbone,49,5,199.76572269984385,44123.07144184918,0.45274663837289697,983.0910778816774,1.3439895204606935
dc_backbone,49,7,163.58725661646235,44123.07144184918,0.37075219668707293,983.0910778816774,1.3439895204606935
dc_backbone,49,11,132.02189229032464,44123.07144184918,0.2992128335043932,983.0910778816774,1.3439895204606935
dc_backbone,49,13,106.14046846622693,44123.07144184918,0.2405554849147615,983.0910778816774,1.3439895204606935
dc_backbone,49,17,76.04313442215965,44123.07144184918,0.17234324795901543,983.0910778816774,1.3439895204606935
dc_backbone,49,19,64.22906143376845,44123.07144184918,0.14556797461032925,983.0910778816774,1.3439895204606935
dc_backbone,49,23,47.74041547341227,44123.07144184918,0.10819830513460622,983.0910778816774,1.3439895204606935
dc_backbone,49,25,38.78598887041517,44123.07144184918,0.08790410006142053,983.0910778816774,1.3439895204606935
dc_backbone,50,5,169.5479631353094,55928.19752062145,0.3031529186557369,1858.2096381263664,1.3777191431960465
dc_backbone,50,7,141.68909585623388,55928.19752062145,0.2533410732645036,1858.2096381263664,1.3777191431960465
dc_backbone,50,11,117.33417494852165,55928.19752062145,0.20979430797007007,1858.2096381263664,1.3777191431960465
dc_backbone,50,13,95.1682592709962,55928.19752062145,0.17016149901113198,1858.2096381263664,1.3777191431960465
dc_backbone,50,17,69.04769072850526,55928.19752062145,0.12345774365971027,1858.2096381263664,1.3777191431960465
dc_backbone,50,19,58.58522432339273,55928.19752062145,0.10475078211092285,1858.2096381263664,1.3777191431960465
dc_backbone,50,23,43.83865085471376,55928.19752062145,0.07838380780741215,1858.2096381263664,1.3777191431960465
dc_backbone,50,25,35.70480475527555,55928.19752062145,0.06384043530476864,1858.2096381263664,1.3777191431960465
dc_backbone,51,5,163.93234134200372,56048.02143579798,0.2924855100010717,1869.7588676284956,1.0281249386848923
dc_backbone,51,7,135.12232758161244,56048.02143579798,0.2410831357113876,1869.7588676284956,1.0281249386848923
dc_backbone,51,11,109.17802022217923,56048.02143579798,0.19479370979623378,1869.7588676284956,1.0281249386848923
dc_backbone,51,13,87.47791767732797,56048.02143579798,0.15607672748543386,1869.7588676284956,1.0281249386848923
dc_backbone,51,17,61.941548445401075,56048.02143579798,0.11051513837353569,1869.7588676284956,1.0281249386848923
dc_backbone,51,19,51.930445667191776,56048.02143579798,0.09265348595164451,1869.7588676284956,1.0281249386848923
dc_backbone,51,23,37.96290374361075,56048.02143579798,0.06773281691503881,1869.7588676284956,1.0281249386848923
dc_backbone,51,25,30.57012664069255,56048.02143579798,0.05454274006034288,1869.7588676284956,1.0281249386848923
dc_backbone,52,5,170.40010267679955,54826.98411395895,0.3107960531307351,1741.8862835324471,1.2142734325961353
dc_backbone,52,7,141.16431285961144,54826.98411395895,0.2574723288922817,1741.8862835324471,1.2142734325961353
dc_backbone,52,11,115.24710525113248,54826.98411395895,0.21020143112666775,1741.8862835324471,1.2142734325961353
dc_backbone,52,13,92.86576957302391,54826.98411395895,0.16937967877277477,1741.8862835324471,1.2142734325961353
dc_backbone,52,17,66.5495893918386,54826.98411395895,0.12138108719150772,1741.8862835324471,1.2142734325961353
dc_backbone,52,19,56.13640287695534,54826.98411395895,0.10238827428529487,1741.8862835324471,1.2142734325961353
dc_backbone,52,23,41.541401793900555,54826.98411395895,0.07576816865862246,1741.8862835324471,1.2142734325961353
dc_backbone,52,25,33.65395912143605,54826.98411395895,0.06138210894745851,1741.8862835324471,1.2142734325961353
dc_backbone,53,5,185.02712108863966,50667.30636781701,0.3651804967594758,1381.298245016172,1.3720176764470682
dc_backbone,53,7,153.10525677643366,50667.30636781701,0.30217761265020293,1381.298245016172,1.3720176764470682
dc_backbone,53,11,125.22781315565295,50667.30636781701,0.24715703701824474,1381.298245016172,1.3720176764470682
dc_backbone,53,13,101.14954950543215,50667.30636781701,0.19963474823615368,1381.298245016172,1.3720176764470682
dc_backbone,53,17,72.96616938666972,50667.30636781701,0.1440103581922732,1381.298245016172,1.3720176764470682
dc_backbone,53,19,61.78799338691158,50667.30636781701,0.12194844726570711,1381.298245016172,1.3720176764470682
dc_backbone,53,23,46.10865525574161,50667.30636781701,0.09100277587487665,1381.298245016172,1.3720176764470682
dc_backbone,53,25,37.51889110476976,50667.30636781701,0.07404950804450325,1381.298245016172,1.3720176764470682
dc_backbone,54,5,188.53802399415008,49522.70411170448,0.38071027698503623,1299.1396854728398,1.3964404073256271
dc_backbone,54,7,155.88367931943927,49522.70411170448,0.3147721476755887,1299.1396854728398,1.3964404073256271
dc_backbone,54,11,127.43686412199571,49522.70411170448,0.25733018099041277,1299.1396854728398,1.3964404073256271
dc_backbone,54,13,102.94519260243972,49522.70411170448,0.20787474038217768,1299.1396854728398,1.3964404073256271
dc_backbone,54,17,74.31098763052995,49522.70411170448,0.15005438205254804,1299.1396854728398,1.3964404073256271
dc_backbone,54,19,62.95705129932628,49522.70411170448,0.1271276527172648,1299.1396854728398,1.3964404073256271
dc_backbone,54,23,47.034762072678234,49522.70411170448,0.09497615874647235,1299.1396854728398,1.3964404073256271
dc_backbone,54,25,38.29686773660443,49522.70411170448,0.07733193981132612,1299.1396854728398,1.3964404073256271
dc_backbone,55,5,190.47428364487186,45785.807931485826,0.41601162510858997,1073.9395326929903,1.1092230044065459
dc_backbone,55,7,154.73120324987804,45785.807931485826,0.3379457745540251,1073.9395326929903,1.1092230044065459
dc_backbone,55,11,123.01070898582003,45785.807931485826,0.268665585567244,1073.9395326929903,1.1092230044065459
dc_backbone,55,13,98.13333222855975,45785.807931485826,0.21433133248496367,1073.9395326929903,1.1092230044065459
dc_backbone,55,17,69.20540572332716,45785.807931485826,0.15115034297720936,1073.9395326929903,1.1092230044065459
dc_backbone,55,19,57.993740672590015,45785.807931485826,0.12666313709997695,1073.9395326929903,1.1092230044065459
dc_backbone,55,23,42.43778500437227,45785.807931485826,0.09268764038821034,1073.9395326929903,1.1092230044065459
dc_backbone,55,25,34.21325055904638,45785.807931485826,0.07472457537550348,1073.9395326929903,1.1092230044065459
dc_backbone,56,5,158.91542219626493,58346.46214559919,0.2723651380947546,2156.0771834528528,1.2090467136491747
dc_backbone,56,7,132.6617049499691,58346.46214559919,0.22736889276837702,2156.0771834528528,1.2090467136491747
dc_backbone,56,11,109.34221819366518,58346.46214559919,0.1874016250048031,2156.0771834528528,1.2090467136491747
dc_backbone,56,13,88.3855670377484,58346.46214559919,0.1514840211171483,2156.0771834528528,1.2090467136491747
dc_backbone,56,17,63.60883381676778,58346.46214559919,0.10901917867451284,2156.0771834528528,1.2090467136491747
dc_backbone,56,19,53.73095195029544,58346.46214559919,0.09208947719265978,2156.0771834528528,1.2090467136491747
dc_backbone,56,23,39.83476908627696,58346.46214559919,0.06827280973244325,2156.0771834528528,1.2090467136491747
dc_backbone,56,25,32.28986468945018,58346.46214559919,0.05534159827698423,2156.0771834528528,1.2090467136491747
dc_backbone,57,5,158.73297615746006,57471.18409012922,0.2761957643129937,2036.4170115748157,0.9632691463441704
dc_backbone,57,7,130.92493587861182,57471.18409012922,0.2278097066406161,2036.4170115748157,0.9632691463441704
dc_backbone,57,11,105.72428898821977,57471.18409012922,0.1839605198013975,2036.4170115748157,0.9632691463441704
dc_backbone,57,13,84.62619086374237,57471.18409012922,0.14724977778607673,2036.4170115748157,0.9632691463441704
dc_backbone,57,17,59.74805693132962,57471.18409012922,0.10396176427760682,2036.4170115748157,0.9632691463441704
dc_backbone,57,19,50.004215054435114,57471.18409012922,0.08700745572949388,2036.4170115748157,0.9632691463441704
dc_backbone,57,23,36.41712022513757,57471.18409012922,0.06336587770320931,2036.4170115748157,0.9632691463441704
dc_backbone,57,25,29.267902798534,57471.18409012922,0.05092622200481304,2036.4170115748157,0.9632691463441704
dc_backbone,58,5,192.7695796125033,45990.78743878913,0.41914824761169306,1083.6429730159184,1.2224798153679475
dc_backbone,58,7,157.4196114068121,45990.78743878913,0.34228509702367627,1083.6429730159184,1.2224798153679475
dc_backbone,58,11,126.2781667580743,45990.78743878913,0.27457274334809484,1083.6429730159184,1.2224798153679475
dc_backbone,58,13,101.17720887071054,45990.78743878913,0.21999451304322873,1083.6429730159184,1.2224798153679475
dc_backbone,58,17,71.95995895600696,45990.78743878913,0.15646602931463433,1083.6429730159184,1.2224798153679475
dc_backbone,58,19,60.5515766307625,45990.78743878913,0.13166023023926884,1083.6429730159184,1.2224798153679475
dc_backbone,58,23,44.66582517195124,45990.78743878913,0.09711907027336435,1083.6429730159184,1.2224798153679475
dc_backbone,58,25,36.14980858440402,45990.78743878913,0.0786022823212522,1083.6429730159184,1.2224798153679475
dc_backbone,59,5,160.18626710860613,57363.827378862545,0.27924612848903396,2024.7170968557293,1.051234896677347
dc_backbone,59,7,132.56710324334793,57363.827378862545,0.2310987765300269,2024.7170968557293,1.051234896677347
dc_backbone,59,11,107.71308659065842,57363.827378862545,0.18777179193302676,2024.7170968557293,1.051234896677347
dc_backbone,59,13,86.49126980910614,57363.827378862545,0.15077667192230707,2024.7170968557293,1.051234896677347
dc_backbone,59,17,61.46057487860326,57363.827378862545,0.10714169135313012,2024.7170968557293,1.051234896677347
dc_backbone,59,19,51.6037082120936,57363.827378862545,0.0899586212601786,2024.7170968557293,1.051234896677347
dc_backbone,59,23,37.82065109427903,57363.827378862545,0.06593118489896162,2024.7170968557293,1.051234896677347
dc_backbone,59,25,30.489739699226774,57363.827378862545,0.053151508698775655,2024.7170968557293,1.051234896677347
