time_s,poi_voltage_pu,griddyn_field
0.000000,1.00000000,travis_proxy_event_voltage
0.020000,1.00000000,travis_proxy_event_voltage
0.040000,1.00000000,travis_proxy_event_voltage
0.060000,1.00000000,travis_proxy_event_voltage
0.080000,1.00000000,travis_proxy_event_voltage
0.100000,1.00000000,travis_proxy_event_voltage
0.120000,1.00000000,travis_proxy_event_voltage
0.140000,1.00000000,travis_proxy_event_voltage
0.160000,1.00000000,travis_proxy_event_voltage
0.180000,1.00000000,travis_proxy_event_voltage
0.200000,1.00000000,travis_proxy_event_voltage
0.220000,1.00000000,travis_proxy_event_voltage
0.240000,1.00000000,travis_proxy_event_voltage
0.260000,1.00000000,travis_proxy_event_voltage
0.280000,1.00000000,travis_proxy_event_voltage
0.300000,1.00000000,travis_proxy_event_voltage
0.320000,1.00000000,travis_proxy_event_voltage
0.340000,1.00000000,travis_proxy_event_voltage
0.360000,1.00000000,travis_proxy_event_voltage
0.380000,1.00000000,travis_proxy_event_voltage
0.400000,1.00000000,travis_proxy_event_voltage
0.420000,1.00000000,travis_proxy_event_voltage
0.440000,1.00000000,travis_proxy_event_voltage
0.460000,1.00000000,travis_proxy_event_voltage
0.480000,1.00000000,travis_proxy_event_voltage
0.500000,1.00000000,travis_proxy_event_voltage
0.520000,1.00000000,travis_proxy_event_voltage
0.540000,1.00000000,travis_proxy_event_voltage
0.560000,1.00000000,travis_proxy_event_voltage
0.580000,1.00000000,travis_proxy_event_voltage
0.600000,1.00000000,travis_proxy_event_voltage
0.620000,1.00000000,travis_proxy_event_voltage
0.640000,1.00000000,travis_proxy_event_voltage
0.660000,1.00000000,travis_proxy_event_voltage
0.680000,1.00000000,travis_proxy_event_voltage
0.700000,1.00000000,travis_proxy_event_voltage
0.720000,1.00000000,travis_proxy_event_voltage
0.740000,1.00000000,travis_proxy_event_voltage
0.760000,1.00000000,travis_proxy_event_voltage
0.780000,1.00000000,travis_proxy_event_voltage
0.800000,1.00000000,travis_proxy_event_voltage
0.820000,1.00000000,travis_proxy_event_voltage
0.840000,1.00000000,travis_proxy_event_voltage
0.860000,1.00000000,travis_proxy_event_voltage
0.880000,1.00000000,travis_proxy_event_voltage
0.900000,1.00000000,travis_proxy_event_voltage
0.920000,1.00000000,travis_proxy_event_voltage
0.940000,1.00000000,travis_proxy_event_voltage
0.960000,1.00000000,travis_proxy_event_voltage
0.980000,1.00000000,travis_proxy_event_voltage
1.000000,1.00000000,travis_proxy_event_voltage
1.020000,1.00000000,travis_proxy_event_voltage
1.040000,1.00000000,travis_proxy_event_voltage
1.060000,1.00000000,travis_proxy_event_voltage
1.080000,1.00000000,travis_proxy_event_voltage
1.100000,1.00000000,travis_proxy_event_voltage
1.120000,1.00000000,travis_proxy_event_voltage
1.140000,1.00000000,travis_proxy_event_voltage
1.160000,1.00000000,travis_proxy_event_voltage
1.180000,1.00000000,travis_proxy_event_voltage
1.200000,1.00000000,travis_proxy_event_voltage
1.220000,1.00000000,travis_proxy_event_voltage
1.240000,1.00000000,travis_proxy_event_voltage
1.260000,1.00000000,travis_proxy_event_voltage
1.280000,1.00000000,travis_proxy_event_voltage
1.300000,1.00000000,travis_proxy_event_voltage
1.320000,1.00000000,travis_proxy_event_voltage
1.340000,1.00000000,travis_proxy_event_voltage
1.360000,1.00000000,travis_proxy_event_voltage
1.380000,1.00000000,travis_proxy_event_voltage
1.400000,1.00000000,travis_proxy_event_voltage
1.420000,1.00000000,travis_proxy_event_voltage
1.440000,1.00000000,travis_proxy_event_voltage
1.460000,1.00000000,travis_proxy_event_voltage
1.480000,1.00000000,travis_proxy_event_voltage
1.500000,1.00000000,travis_proxy_event_voltage
1.520000,1.00000000,travis_proxy_event_voltage
1.540000,1.00000000,travis_proxy_event_voltage
1.560000,1.00000000,travis_proxy_event_voltage
1.580000,1.00000000,travis_proxy_event_voltage
1.600000,1.00000000,travis_proxy_event_voltage
1.620000,1.00000000,travis_proxy_event_voltage
1.640000,1.00000000,travis_proxy_event_voltage
1.660000,1.00000000,travis_proxy_event_voltage
1.680000,1.00000000,travis_proxy_event_voltage
1.700000,1.00000000,travis_proxy_event_voltage
1.720000,1.00000000,travis_proxy_event_voltage
1.740000,1.00000000,travis_proxy_event_voltage
1.760000,1.00000000,travis_proxy_event_voltage
1.780000,1.00000000,travis_proxy_event_voltage
1.800000,1.00000000,travis_proxy_event_voltage
1.820000,1.00000000,travis_proxy_event_voltage
1.840000,1.00000000,travis_proxy_event_voltage
1.860000,1.00000000,travis_proxy_event_voltage
1.880000,1.00000000,travis_proxy_event_voltage
1.900000,1.00000000,travis_proxy_event_voltage
1.920000,1.00000000,travis_proxy_event_voltage
1.940000,1.00000000,travis_proxy_event_voltage
1.960000,1.00000000,travis_proxy_event_voltage
1.980000,1.00000000,travis_proxy_event_voltage
2.000000,1.00000000,travis_proxy_event_voltage
2.020000,1.00000000,travis_proxy_event_voltage
2.040000,1.00000000,travis_proxy_event_voltage
2.060000,1.00000000,travis_proxy_event_voltage
2.080000,1.00000000,travis_proxy_event_voltage
2.100000,1.00000000,travis_proxy_event_voltage
2.120000,1.00000000,travis_proxy_event_voltage
2.140000,1.00000000,travis_proxy_event_voltage
2.160000,1.00000000,travis_proxy_event_voltage
2.180000,1.00000000,travis_proxy_event_voltage
2.200000,1.00000000,travis_proxy_event_voltage
2.220000,1.00000000,travis_proxy_event_voltage
2.240000,1.00000000,travis_proxy_event_voltage
2.260000,1.00000000,travis_proxy_event_voltage
2.280000,1.00000000,travis_proxy_event_voltage
2.300000,1.00000000,travis_proxy_event_voltage
2.320000,1.00000000,travis_proxy_event_voltage
2.340000,1.00000000,travis_proxy_event_voltage
2.360000,1.00000000,travis_proxy_event_voltage
2.380000,1.00000000,travis_proxy_event_voltage
2.400000,1.00000000,travis_proxy_event_voltage
2.420000,1.00000000,travis_proxy_event_voltage
2.440000,1.00000000,travis_proxy_event_voltage
2.460000,1.00000000,travis_proxy_event_voltage
2.480000,1.00000000,travis_proxy_event_voltage
2.500000,1.00000000,travis_proxy_event_voltage
2.520000,1.00000000,travis_proxy_event_voltage
2.540000,1.00000000,travis_proxy_event_voltage
2.560000,1.00000000,travis_proxy_event_voltage
2.580000,1.00000000,travis_proxy_event_voltage
2.600000,1.00000000,travis_proxy_event_voltage
2.620000,1.00000000,travis_proxy_event_voltage
2.640000,1.00000000,travis_proxy_event_voltage
2.660000,1.00000000,travis_proxy_event_voltage
2.680000,1.00000000,travis_proxy_event_voltage
2.700000,1.00000000,travis_proxy_event_voltage
2.720000,1.00000000,travis_proxy_event_voltage
2.740000,1.00000000,travis_proxy_event_voltage
2.760000,1.00000000,travis_proxy_event_voltage
2.780000,1.00000000,travis_proxy_event_voltage
2.800000,1.00000000,travis_proxy_event_voltage
2.820000,1.00000000,travis_proxy_event_voltage
2.840000,1.00000000,travis_proxy_event_voltage
2.860000,1.00000000,travis_proxy_event_voltage
2.880000,1.00000000,travis_proxy_event_voltage
2.900000,1.00000000,travis_proxy_event_voltage
2.920000,1.00000000,travis_proxy_event_voltage
2.940000,1.00000000,travis_proxy_event_voltage
2.960000,1.00000000,travis_proxy_event_voltage
2.980000,1.00000000,travis_proxy_event_voltage
3.000000,1.00000000,travis_proxy_event_voltage
3.020000,1.00000000,travis_proxy_event_voltage
3.040000,1.00000000,travis_proxy_event_voltage
3.060000,1.00000000,travis_proxy_event_voltage
3.080000,1.00000000,travis_proxy_event_voltage
3.100000,1.00000000,travis_proxy_event_voltage
3.120000,1.00000000,travis_proxy_event_voltage
3.140000,1.00000000,travis_proxy_event_voltage
3.160000,1.00000000,travis_proxy_event_voltage
3.180000,1.00000000,travis_proxy_event_voltage
3.200000,1.00000000,travis_proxy_event_voltage
3.220000,1.00000000,travis_proxy_event_voltage
3.240000,1.00000000,travis_proxy_event_voltage
3.260000,1.00000000,travis_proxy_event_voltage
3.280000,1.00000000,travis_proxy_event_voltage
3.300000,1.00000000,travis_proxy_event_voltage
3.320000,1.00000000,travis_proxy_event_voltage
3.340000,1.00000000,travis_proxy_event_voltage
3.360000,1.00000000,travis_proxy_event_voltage
3.380000,1.00000000,travis_proxy_event_voltage
3.400000,1.00000000,travis_proxy_event_voltage
3.420000,1.00000000,travis_proxy_event_voltage
3.440000,1.00000000,travis_proxy_event_voltage
3.460000,1.00000000,travis_proxy_event_voltage
3.480000,1.00000000,travis_proxy_event_voltage
3.500000,1.00000000,travis_proxy_event_voltage
3.520000,1.00000000,travis_proxy_event_voltage
3.540000,1.00000000,travis_proxy_event_voltage
3.560000,1.00000000,travis_proxy_event_voltage
3.580000,1.00000000,travis_proxy_event_voltage
3.600000,1.00000000,travis_proxy_event_voltage
3.620000,1.00000000,travis_proxy_event_voltage
3.640000,1.00000000,travis_proxy_event_voltage
3.660000,1.00000000,travis_proxy_event_voltage
3.680000,1.00000000,travis_proxy_event_voltage
3.700000,1.00000000,travis_proxy_event_voltage
3.720000,1.00000000,travis_proxy_event_voltage
3.740000,1.00000000,travis_proxy_event_voltage
3.760000,1.00000000,travis_proxy_event_voltage
3.780000,1.00000000,travis_proxy_event_voltage
3.800000,1.00000000,travis_proxy_event_voltage
3.820000,1.00000000,travis_proxy_event_voltage
3.840000,1.00000000,travis_proxy_event_voltage
3.860000,1.00000000,travis_proxy_event_voltage
3.880000,1.00000000,travis_proxy_event_voltage
3.900000,1.00000000,travis_proxy_event_voltage
3.920000,1.00000000,travis_proxy_event_voltage
3.940000,1.00000000,travis_proxy_event_voltage
3.960000,1.00000000,travis_proxy_event_voltage
3.980000,1.00000000,travis_proxy_event_voltage
4.000000,1.00000000,travis_proxy_event_voltage
4.020000,1.00000000,travis_proxy_event_voltage
4.040000,1.00000000,travis_proxy_event_voltage
4.060000,1.00000000,travis_proxy_event_voltage
4.080000,1.00000000,travis_proxy_event_voltage
4.100000,1.00000000,travis_proxy_event_voltage
4.120000,1.00000000,travis_proxy_event_voltage
4.140000,1.00000000,travis_proxy_event_voltage
4.160000,1.00000000,travis_proxy_event_voltage
4.180000,1.00000000,travis_proxy_event_voltage
4.200000,1.00000000,travis_proxy_event_voltage
4.220000,1.00000000,travis_proxy_event_voltage
4.240000,1.00000000,travis_proxy_event_voltage
4.260000,1.00000000,travis_proxy_event_voltage
4.280000,1.00000000,travis_proxy_event_voltage
4.300000,1.00000000,travis_proxy_event_voltage
4.320000,1.00000000,travis_proxy_event_voltage
4.340000,1.00000000,travis_proxy_event_voltage
4.360000,1.00000000,travis_proxy_event_voltage
4.380000,1.00000000,travis_proxy_event_voltage
4.400000,1.00000000,travis_proxy_event_voltage
4.420000,1.00000000,travis_proxy_event_voltage
4.440000,1.00000000,travis_proxy_event_voltage
4.460000,1.00000000,travis_proxy_event_voltage
4.480000,1.00000000,travis_proxy_event_voltage
4.500000,1.00000000,travis_proxy_event_voltage
4.520000,1.00000000,travis_proxy_event_voltage
4.540000,1.00000000,travis_proxy_event_voltage
4.560000,1.00000000,travis_proxy_event_voltage
4.580000,1.00000000,travis_proxy_event_voltage
4.600000,1.00000000,travis_proxy_event_voltage
4.620000,1.00000000,travis_proxy_event_voltage
4.640000,1.00000000,travis_proxy_event_voltage
4.660000,1.00000000,travis_proxy_event_voltage
4.680000,1.00000000,travis_proxy_event_voltage
4.700000,1.00000000,travis_proxy_event_voltage
4.720000,1.00000000,travis_proxy_event_voltage
4.740000,1.00000000,travis_proxy_event_voltage
4.760000,1.00000000,travis_proxy_event_voltage
4.780000,1.00000000,travis_proxy_event_voltage
4.800000,1.00000000,travis_proxy_event_voltage
4.820000,1.00000000,travis_proxy_event_voltage
4.840000,1.00000000,travis_proxy_event_voltage
4.860000,1.00000000,travis_proxy_event_voltage
4.880000,1.00000000,travis_proxy_event_voltage
4.900000,1.00000000,travis_proxy_event_voltage
4.920000,1.00000000,travis_proxy_event_voltage
4.940000,1.00000000,travis_proxy_event_voltage
4.960000,1.00000000,travis_proxy_event_voltage
4.980000,1.00000000,travis_proxy_event_voltage
5.000000,1.00000000,travis_proxy_event_voltage
5.020000,1.00000000,travis_proxy_event_voltage
5.040000,1.00000000,travis_proxy_event_voltage
5.060000,1.00000000,travis_proxy_event_voltage
5.080000,1.00000000,travis_proxy_event_voltage
5.100000,1.00000000,travis_proxy_event_voltage
5.120000,1.00000000,travis_proxy_event_voltage
5.140000,1.00000000,travis_proxy_event_voltage
5.160000,1.00000000,travis_proxy_event_voltage
5.180000,1.00000000,travis_proxy_event_voltage
5.200000,1.00000000,travis_proxy_event_voltage
5.220000,1.00000000,travis_proxy_event_voltage
5.240000,1.00000000,travis_proxy_event_voltage
5.260000,1.00000000,travis_proxy_event_voltage
5.280000,1.00000000,travis_proxy_event_voltage
5.300000,1.00000000,travis_proxy_event_voltage
5.320000,1.00000000,travis_proxy_event_voltage
5.340000,1.00000000,travis_proxy_event_voltage
5.360000,1.00000000,travis_proxy_event_voltage
5.380000,1.00000000,travis_proxy_event_voltage
5.400000,1.00000000,travis_proxy_event_voltage
5.420000,1.00000000,travis_proxy_event_voltage
5.440000,1.00000000,travis_proxy_event_voltage
5.460000,1.00000000,travis_proxy_event_voltage
5.480000,1.00000000,travis_proxy_event_voltage
5.500000,1.00000000,travis_proxy_event_voltage
5.520000,1.00000000,travis_proxy_event_voltage
5.540000,1.00000000,travis_proxy_event_voltage
5.560000,1.00000000,travis_proxy_event_voltage
5.580000,1.00000000,travis_proxy_event_voltage
5.600000,1.00000000,travis_proxy_event_voltage
5.620000,1.00000000,travis_proxy_event_voltage
5.640000,1.00000000,travis_proxy_event_voltage
5.660000,1.00000000,travis_proxy_event_voltage
5.680000,1.00000000,travis_proxy_event_voltage
5.700000,1.00000000,travis_proxy_event_voltage
5.720000,1.00000000,travis_proxy_event_voltage
5.740000,1.00000000,travis_proxy_event_voltage
5.760000,1.00000000,travis_proxy_event_voltage
5.780000,1.00000000,travis_proxy_event_voltage
5.800000,1.00000000,travis_proxy_event_voltage
5.820000,1.00000000,travis_proxy_event_voltage
5.840000,1.00000000,travis_proxy_event_voltage
5.860000,1.00000000,travis_proxy_event_voltage
5.880000,1.00000000,travis_proxy_event_voltage
5.900000,1.00000000,travis_proxy_event_voltage
5.920000,1.00000000,travis_proxy_event_voltage
5.940000,1.00000000,travis_proxy_event_voltage
5.960000,1.00000000,travis_proxy_event_voltage
5.980000,1.00000000,travis_proxy_event_voltage
6.000000,1.00000000,travis_proxy_event_voltage
6.020000,1.00000000,travis_proxy_event_voltage
6.040000,1.00000000,travis_proxy_event_voltage
6.060000,1.00000000,travis_proxy_event_voltage
6.080000,1.00000000,travis_proxy_event_voltage
6.100000,1.00000000,travis_proxy_event_voltage
6.120000,1.00000000,travis_proxy_event_voltage
6.140000,1.00000000,travis_proxy_event_voltage
6.160000,1.00000000,travis_proxy_event_voltage
6.180000,1.00000000,travis_proxy_event_voltage
6.200000,1.00000000,travis_proxy_event_voltage
6.220000,1.00000000,travis_proxy_event_voltage
6.240000,1.00000000,travis_proxy_event_voltage
6.260000,1.00000000,travis_proxy_event_voltage
6.280000,1.00000000,travis_proxy_event_voltage
6.300000,1.00000000,travis_proxy_event_voltage
6.320000,1.00000000,travis_proxy_event_voltage
6.340000,1.00000000,travis_proxy_event_voltage
6.360000,1.00000000,travis_proxy_event_voltage
6.380000,1.00000000,travis_proxy_event_voltage
6.400000,1.00000000,travis_proxy_event_voltage
6.420000,1.00000000,travis_proxy_event_voltage
6.440000,1.00000000,travis_proxy_event_voltage
6.460000,1.00000000,travis_proxy_event_voltage
6.480000,1.00000000,travis_proxy_event_voltage
6.500000,1.00000000,travis_proxy_event_voltage
6.520000,1.00000000,travis_proxy_event_voltage
6.540000,1.00000000,travis_proxy_event_voltage
6.560000,1.00000000,travis_proxy_event_voltage
6.580000,1.00000000,travis_proxy_event_voltage
6.600000,1.00000000,travis_proxy_event_voltage
6.620000,1.00000000,travis_proxy_event_voltage
6.640000,1.00000000,travis_proxy_event_voltage
6.660000,1.00000000,travis_proxy_event_voltage
6.680000,1.00000000,travis_proxy_event_voltage
6.700000,1.00000000,travis_proxy_event_voltage
6.720000,1.00000000,travis_proxy_event_voltage
6.740000,1.00000000,travis_proxy_event_voltage
6.760000,1.00000000,travis_proxy_event_voltage
6.780000,1.00000000,travis_proxy_event_voltage
6.800000,1.00000000,travis_proxy_event_voltage
6.820000,1.00000000,travis_proxy_event_voltage
6.840000,1.00000000,travis_proxy_event_voltage
6.860000,1.00000000,travis_proxy_event_voltage
6.880000,1.00000000,travis_proxy_event_voltage
6.900000,1.00000000,travis_proxy_event_voltage
6.920000,1.00000000,travis_proxy_event_voltage
6.940000,1.00000000,travis_proxy_event_voltage
6.960000,1.00000000,travis_proxy_event_voltage
6.980000,1.00000000,travis_proxy_event_voltage
7.000000,1.00000000,travis_proxy_event_voltage
7.020000,1.00000000,travis_proxy_event_voltage
7.040000,1.00000000,travis_proxy_event_voltage
7.060000,1.00000000,travis_proxy_event_voltage
7.080000,1.00000000,travis_proxy_event_voltage
7.100000,1.00000000,travis_proxy_event_voltage
7.120000,1.00000000,travis_proxy_event_voltage
7.140000,1.00000000,travis_proxy_event_voltage
7.160000,1.00000000,travis_proxy_event_voltage
7.180000,1.00000000,travis_proxy_event_voltage
7.200000,1.00000000,travis_proxy_event_voltage
7.220000,1.00000000,travis_proxy_event_voltage
7.240000,1.00000000,travis_proxy_event_voltage
7.260000,1.00000000,travis_proxy_event_voltage
7.280000,1.00000000,travis_proxy_event_voltage
7.300000,1.00000000,travis_proxy_event_voltage
7.320000,1.00000000,travis_proxy_event_voltage
7.340000,1.00000000,travis_proxy_event_voltage
7.360000,1.00000000,travis_proxy_event_voltage
7.380000,1.00000000,travis_proxy_event_voltage
7.400000,1.00000000,travis_proxy_event_voltage
7.420000,1.00000000,travis_proxy_event_voltage
7.440000,1.00000000,travis_proxy_event_voltage
7.460000,1.00000000,travis_proxy_event_voltage
7.480000,1.00000000,travis_proxy_event_voltage
7.500000,1.00000000,travis_proxy_event_voltage
7.520000,1.00000000,travis_proxy_event_voltage
7.540000,1.00000000,travis_proxy_event_voltage
7.560000,1.00000000,travis_proxy_event_voltage
7.580000,1.00000000,travis_proxy_event_voltage
7.600000,1.00000000,travis_proxy_event_voltage
7.620000,1.00000000,travis_proxy_event_voltage
7.640000,1.00000000,travis_proxy_event_voltage
7.660000,1.00000000,travis_proxy_event_voltage
7.680000,1.00000000,travis_proxy_event_voltage
7.700000,1.00000000,travis_proxy_event_voltage
7.720000,1.00000000,travis_proxy_event_voltage
7.740000,1.00000000,travis_proxy_event_voltage
7.760000,1.00000000,travis_proxy_event_voltage
7.780000,1.00000000,travis_proxy_event_voltage
7.800000,1.00000000,travis_proxy_event_voltage
7.820000,1.00000000,travis_proxy_event_voltage
7.840000,1.00000000,travis_proxy_event_voltage
7.860000,1.00000000,travis_proxy_event_voltage
7.880000,1.00000000,travis_proxy_event_voltage
7.900000,1.00000000,travis_proxy_event_voltage
7.920000,1.00000000,travis_proxy_event_voltage
7.940000,1.00000000,travis_proxy_event_voltage
7.960000,1.00000000,travis_proxy_event_voltage
7.980000,1.00000000,travis_proxy_event_voltage
8.000000,1.00000000,travis_proxy_event_voltage
8.020000,1.00000000,travis_proxy_event_voltage
8.040000,1.00000000,travis_proxy_event_voltage
8.060000,1.00000000,travis_proxy_event_voltage
8.080000,1.00000000,travis_proxy_event_voltage
8.100000,1.00000000,travis_proxy_event_voltage
8.120000,1.00000000,travis_proxy_event_voltage
8.140000,1.00000000,travis_proxy_event_voltage
8.160000,1.00000000,travis_proxy_event_voltage
8.180000,1.00000000,travis_proxy_event_voltage
8.200000,1.00000000,travis_proxy_event_voltage
8.220000,1.00000000,travis_proxy_event_voltage
8.240000,1.00000000,travis_proxy_event_voltage
8.260000,1.00000000,travis_proxy_event_voltage
8.280000,1.00000000,travis_proxy_event_voltage
8.300000,1.00000000,travis_proxy_event_voltage
8.320000,1.00000000,travis_proxy_event_voltage
8.340000,1.00000000,travis_proxy_event_voltage
8.360000,1.00000000,travis_proxy_event_voltage
8.380000,1.00000000,travis_proxy_event_voltage
8.400000,1.00000000,travis_proxy_event_voltage
8.420000,1.00000000,travis_proxy_event_voltage
8.440000,1.00000000,travis_proxy_event_voltage
8.460000,1.00000000,travis_proxy_event_voltage
8.480000,1.00000000,travis_proxy_event_voltage
8.500000,1.00000000,travis_proxy_event_voltage
8.520000,1.00000000,travis_proxy_event_voltage
8.540000,1.00000000,travis_proxy_event_voltage
8.560000,1.00000000,travis_proxy_event_voltage
8.580000,1.00000000,travis_proxy_event_voltage
8.600000,1.00000000,travis_proxy_event_voltage
8.620000,1.00000000,travis_proxy_event_voltage
8.640000,1.00000000,travis_proxy_event_voltage
8.660000,1.00000000,travis_proxy_event_voltage
8.680000,1.00000000,travis_proxy_event_voltage
8.700000,1.00000000,travis_proxy_event_voltage
8.720000,1.00000000,travis_proxy_event_voltage
8.740000,1.00000000,travis_proxy_event_voltage
8.760000,1.00000000,travis_proxy_event_voltage
8.780000,1.00000000,travis_proxy_event_voltage
8.800000,1.00000000,travis_proxy_event_voltage
8.820000,1.00000000,travis_proxy_event_voltage
8.840000,1.00000000,travis_proxy_event_voltage
8.860000,1.00000000,travis_proxy_event_voltage
8.880000,1.00000000,travis_proxy_event_voltage
8.900000,1.00000000,travis_proxy_event_voltage
8.920000,1.00000000,travis_proxy_event_voltage
8.940000,1.00000000,travis_proxy_event_voltage
8.960000,1.00000000,travis_proxy_event_voltage
8.980000,1.00000000,travis_proxy_event_voltage
9.000000,1.00000000,travis_proxy_event_voltage
9.020000,1.00000000,travis_proxy_event_voltage
9.040000,1.00000000,travis_proxy_event_voltage
9.060000,1.00000000,travis_proxy_event_voltage
9.080000,1.00000000,travis_proxy_event_voltage
9.100000,1.00000000,travis_proxy_event_voltage
9.120000,1.00000000,travis_proxy_event_voltage
9.140000,1.00000000,travis_proxy_event_voltage
9.160000,1.00000000,travis_proxy_event_voltage
9.180000,1.00000000,travis_proxy_event_voltage
9.200000,1.00000000,travis_proxy_event_voltage
9.220000,1.00000000,travis_proxy_event_voltage
9.240000,1.00000000,travis_proxy_event_voltage
9.260000,1.00000000,travis_proxy_event_voltage
9.280000,1.00000000,travis_proxy_event_voltage
9.300000,1.00000000,travis_proxy_event_voltage
9.320000,1.00000000,travis_proxy_event_voltage
9.340000,1.00000000,travis_proxy_event_voltage
9.360000,1.00000000,travis_proxy_event_voltage
9.380000,1.00000000,travis_proxy_event_voltage
9.400000,1.00000000,travis_proxy_event_voltage
9.420000,1.00000000,travis_proxy_event_voltage
9.440000,1.00000000,travis_proxy_event_voltage
9.460000,1.00000000,travis_proxy_event_voltage
9.480000,1.00000000,travis_proxy_event_voltage
9.500000,1.00000000,travis_proxy_event_voltage
9.520000,1.00000000,travis_proxy_event_voltage
9.540000,1.00000000,travis_proxy_event_voltage
9.560000,1.00000000,travis_proxy_event_voltage
9.580000,1.00000000,travis_proxy_event_voltage
9.600000,1.00000000,travis_proxy_event_voltage
9.620000,1.00000000,travis_proxy_event_voltage
9.640000,1.00000000,travis_proxy_event_voltage
9.660000,1.00000000,travis_proxy_event_voltage
9.680000,1.00000000,travis_proxy_event_voltage
9.700000,1.00000000,travis_proxy_event_voltage
9.720000,1.00000000,travis_proxy_event_voltage
9.740000,1.00000000,travis_proxy_event_voltage
9.760000,1.00000000,travis_proxy_event_voltage
9.780000,1.00000000,travis_proxy_event_voltage
9.800000,1.00000000,travis_proxy_event_voltage
9.820000,1.00000000,travis_proxy_event_voltage
9.840000,1.00000000,travis_proxy_event_voltage
9.860000,1.00000000,travis_proxy_event_voltage
9.880000,1.00000000,travis_proxy_event_voltage
9.900000,1.00000000,travis_proxy_event_voltage
9.920000,1.00000000,travis_proxy_event_voltage
9.940000,1.00000000,travis_proxy_event_voltage
9.960000,1.00000000,travis_proxy_event_voltage
9.980000,1.00000000,travis_proxy_event_voltage
10.000000,1.00000000,travis_proxy_event_voltage
10.020000,1.00000000,travis_proxy_event_voltage
10.040000,1.00000000,travis_proxy_event_voltage
10.060000,1.00000000,travis_proxy_event_voltage
10.080000,1.00000000,travis_proxy_event_voltage
10.100000,1.00000000,travis_proxy_event_voltage
10.120000,1.00000000,travis_proxy_event_voltage
10.140000,1.00000000,travis_proxy_event_voltage
10.160000,1.00000000,travis_proxy_event_voltage
10.180000,1.00000000,travis_proxy_event_voltage
10.200000,1.00000000,travis_proxy_event_voltage
10.220000,1.00000000,travis_proxy_event_voltage
10.240000,1.00000000,travis_proxy_event_voltage
10.260000,1.00000000,travis_proxy_event_voltage
10.280000,1.00000000,travis_proxy_event_voltage
10.300000,1.00000000,travis_proxy_event_voltage
10.320000,1.00000000,travis_proxy_event_voltage
10.340000,1.00000000,travis_proxy_event_voltage
10.360000,1.00000000,travis_proxy_event_voltage
10.380000,1.00000000,travis_proxy_event_voltage
10.400000,1.00000000,travis_proxy_event_voltage
10.420000,1.00000000,travis_proxy_event_voltage
10.440000,1.00000000,travis_proxy_event_voltage
10.460000,1.00000000,travis_proxy_event_voltage
10.480000,1.00000000,travis_proxy_event_voltage
10.500000,1.00000000,travis_proxy_event_voltage
10.520000,1.00000000,travis_proxy_event_voltage
10.540000,1.00000000,travis_proxy_event_voltage
10.560000,1.00000000,travis_proxy_event_voltage
10.580000,1.00000000,travis_proxy_event_voltage
10.600000,1.00000000,travis_proxy_event_voltage
10.620000,1.00000000,travis_proxy_event_voltage
10.640000,1.00000000,travis_proxy_event_voltage
10.660000,1.00000000,travis_proxy_event_voltage
10.680000,1.00000000,travis_proxy_event_voltage
10.700000,1.00000000,travis_proxy_event_voltage
10.720000,1.00000000,travis_proxy_event_voltage
10.740000,1.00000000,travis_proxy_event_voltage
10.760000,1.00000000,travis_proxy_event_voltage
10.780000,1.00000000,travis_proxy_event_voltage
10.800000,1.00000000,travis_proxy_event_voltage
10.820000,1.00000000,travis_proxy_event_voltage
10.840000,1.00000000,travis_proxy_event_voltage
10.860000,1.00000000,travis_proxy_event_voltage
10.880000,1.00000000,travis_proxy_event_voltage
10.900000,1.00000000,travis_proxy_event_voltage
10.920000,1.00000000,travis_proxy_event_voltage
10.940000,1.00000000,travis_proxy_event_voltage
10.960000,1.00000000,travis_proxy_event_voltage
10.980000,1.00000000,travis_proxy_event_voltage
11.000000,1.00000000,travis_proxy_event_voltage
11.020000,1.00000000,travis_proxy_event_voltage
11.040000,1.00000000,travis_proxy_event_voltage
11.060000,1.00000000,travis_proxy_event_voltage
11.080000,1.00000000,travis_proxy_event_voltage
11.100000,1.00000000,travis_proxy_event_voltage
11.120000,1.00000000,travis_proxy_event_voltage
11.140000,1.00000000,travis_proxy_event_voltage
11.160000,1.00000000,travis_proxy_event_voltage
11.180000,1.00000000,travis_proxy_event_voltage
11.200000,1.00000000,travis_proxy_event_voltage
11.220000,1.00000000,travis_proxy_event_voltage
11.240000,1.00000000,travis_proxy_event_voltage
11.260000,1.00000000,travis_proxy_event_voltage
11.280000,1.00000000,travis_proxy_event_voltage
11.300000,1.00000000,travis_proxy_event_voltage
11.320000,1.00000000,travis_proxy_event_voltage
11.340000,1.00000000,travis_proxy_event_voltage
11.360000,1.00000000,travis_proxy_event_voltage
11.380000,1.00000000,travis_proxy_event_voltage
11.400000,1.00000000,travis_proxy_event_voltage
11.420000,1.00000000,travis_proxy_event_voltage
11.440000,1.00000000,travis_proxy_event_voltage
11.460000,1.00000000,travis_proxy_event_voltage
11.480000,1.00000000,travis_proxy_event_voltage
11.500000,1.00000000,travis_proxy_event_voltage
11.520000,1.00000000,travis_proxy_event_voltage
11.540000,1.00000000,travis_proxy_event_voltage
11.560000,1.00000000,travis_proxy_event_voltage
11.580000,1.00000000,travis_proxy_event_voltage
11.600000,1.00000000,travis_proxy_event_voltage
11.620000,1.00000000,travis_proxy_event_voltage
11.640000,1.00000000,travis_proxy_event_voltage
11.660000,1.00000000,travis_proxy_event_voltage
11.680000,1.00000000,travis_proxy_event_voltage
11.700000,1.00000000,travis_proxy_event_voltage
11.720000,1.00000000,travis_proxy_event_voltage
11.740000,1.00000000,travis_proxy_event_voltage
11.760000,1.00000000,travis_proxy_event_voltage
11.780000,1.00000000,travis_proxy_event_voltage
11.800000,1.00000000,travis_proxy_event_voltage
11.820000,1.00000000,travis_proxy_event_voltage
11.840000,1.00000000,travis_proxy_event_voltage
11.860000,1.00000000,travis_proxy_event_voltage
11.880000,1.00000000,travis_proxy_event_voltage
11.900000,1.00000000,travis_proxy_event_voltage
11.920000,1.00000000,travis_proxy_event_voltage
11.940000,1.00000000,travis_proxy_event_voltage
11.960000,1.00000000,travis_proxy_event_voltage
11.980000,1.00000000,travis_proxy_event_voltage
12.000000,1.00000000,travis_proxy_event_voltage
12.020000,1.00000000,travis_proxy_event_voltage
12.040000,1.00000000,travis_proxy_event_voltage
12.060000,1.00000000,travis_proxy_event_voltage
12.080000,1.00000000,travis_proxy_event_voltage
12.100000,1.00000000,travis_proxy_event_voltage
12.120000,1.00000000,travis_proxy_event_voltage
12.140000,1.00000000,travis_proxy_event_voltage
12.160000,1.00000000,travis_proxy_event_voltage
12.180000,1.00000000,travis_proxy_event_voltage
12.200000,1.00000000,travis_proxy_event_voltage
12.220000,1.00000000,travis_proxy_event_voltage
12.240000,1.00000000,travis_proxy_event_voltage
12.260000,1.00000000,travis_proxy_event_voltage
12.280000,1.00000000,travis_proxy_event_voltage
12.300000,1.00000000,travis_proxy_event_voltage
12.320000,1.00000000,travis_proxy_event_voltage
12.340000,1.00000000,travis_proxy_event_voltage
12.360000,1.00000000,travis_proxy_event_voltage
12.380000,1.00000000,travis_proxy_event_voltage
12.400000,1.00000000,travis_proxy_event_voltage
12.420000,1.00000000,travis_proxy_event_voltage
12.440000,1.00000000,travis_proxy_event_voltage
12.460000,1.00000000,travis_proxy_event_voltage
12.480000,1.00000000,travis_proxy_event_voltage
12.500000,1.00000000,travis_proxy_event_voltage
12.520000,1.00000000,travis_proxy_event_voltage
12.540000,1.00000000,travis_proxy_event_voltage
12.560000,1.00000000,travis_proxy_event_voltage
12.580000,1.00000000,travis_proxy_event_voltage
12.600000,1.00000000,travis_proxy_event_voltage
12.620000,1.00000000,travis_proxy_event_voltage
12.640000,1.00000000,travis_proxy_event_voltage
12.660000,1.00000000,travis_proxy_event_voltage
12.680000,1.00000000,travis_proxy_event_voltage
12.700000,1.00000000,travis_proxy_event_voltage
12.720000,1.00000000,travis_proxy_event_voltage
12.740000,1.00000000,travis_proxy_event_voltage
12.760000,1.00000000,travis_proxy_event_voltage
12.780000,1.00000000,travis_proxy_event_voltage
12.800000,1.00000000,travis_proxy_event_voltage
12.820000,1.00000000,travis_proxy_event_voltage
12.840000,1.00000000,travis_proxy_event_voltage
12.860000,1.00000000,travis_proxy_event_voltage
12.880000,1.00000000,travis_proxy_event_voltage
12.900000,1.00000000,travis_proxy_event_voltage
12.920000,1.00000000,travis_proxy_event_voltage
12.940000,1.00000000,travis_proxy_event_voltage
12.960000,1.00000000,travis_proxy_event_voltage
12.980000,1.00000000,travis_proxy_event_voltage
13.000000,1.00000000,travis_proxy_event_voltage
13.020000,1.00000000,travis_proxy_event_voltage
13.040000,1.00000000,travis_proxy_event_voltage
13.060000,1.00000000,travis_proxy_event_voltage
13.080000,1.00000000,travis_proxy_event_voltage
13.100000,1.00000000,travis_proxy_event_voltage
13.120000,1.00000000,travis_proxy_event_voltage
13.140000,1.00000000,travis_proxy_event_voltage
13.160000,1.00000000,travis_proxy_event_voltage
13.180000,1.00000000,travis_proxy_event_voltage
13.200000,1.00000000,travis_proxy_event_voltage
13.220000,1.00000000,travis_proxy_event_voltage
13.240000,1.00000000,travis_proxy_event_voltage
13.260000,1.00000000,travis_proxy_event_voltage
13.280000,1.00000000,travis_proxy_event_voltage
13.300000,1.00000000,travis_proxy_event_voltage
13.320000,1.00000000,travis_proxy_event_voltage
13.340000,1.00000000,travis_proxy_event_voltage
13.360000,1.00000000,travis_proxy_event_voltage
13.380000,1.00000000,travis_proxy_event_voltage
13.400000,1.00000000,travis_proxy_event_voltage
13.420000,1.00000000,travis_proxy_event_voltage
13.440000,1.00000000,travis_proxy_event_voltage
13.460000,1.00000000,travis_proxy_event_voltage
13.480000,1.00000000,travis_proxy_event_voltage
13.500000,1.00000000,travis_proxy_event_voltage
13.520000,1.00000000,travis_proxy_event_voltage
13.540000,1.00000000,travis_proxy_event_voltage
13.560000,1.00000000,travis_proxy_event_voltage
13.580000,1.00000000,travis_proxy_event_voltage
13.600000,1.00000000,travis_proxy_event_voltage
13.620000,1.00000000,travis_proxy_event_voltage
13.640000,1.00000000,travis_proxy_event_voltage
13.660000,1.00000000,travis_proxy_event_voltage
13.680000,1.00000000,travis_proxy_event_voltage
13.700000,1.00000000,travis_proxy_event_voltage
13.720000,1.00000000,travis_proxy_event_voltage
13.740000,1.00000000,travis_proxy_event_voltage
13.760000,1.00000000,travis_proxy_event_voltage
13.780000,1.00000000,travis_proxy_event_voltage
13.800000,1.00000000,travis_proxy_event_voltage
13.820000,1.00000000,travis_proxy_event_voltage
13.840000,1.00000000,travis_proxy_event_voltage
13.860000,1.00000000,travis_proxy_event_voltage
13.880000,1.00000000,travis_proxy_event_voltage
13.900000,1.00000000,travis_proxy_event_voltage
13.920000,1.00000000,travis_proxy_event_voltage
13.940000,1.00000000,travis_proxy_event_voltage
13.960000,1.00000000,travis_proxy_event_voltage
13.980000,1.00000000,travis_proxy_event_voltage
14.000000,1.00000000,travis_proxy_event_voltage
14.020000,1.00000000,travis_proxy_event_voltage
14.040000,1.00000000,travis_proxy_event_voltage
14.060000,1.00000000,travis_proxy_event_voltage
14.080000,1.00000000,travis_proxy_event_voltage
14.100000,1.00000000,travis_proxy_event_voltage
14.120000,1.00000000,travis_proxy_event_voltage
14.140000,1.00000000,travis_proxy_event_voltage
14.160000,1.00000000,travis_proxy_event_voltage
14.180000,1.00000000,travis_proxy_event_voltage
14.200000,1.00000000,travis_proxy_event_voltage
14.220000,1.00000000,travis_proxy_event_voltage
14.240000,1.00000000,travis_proxy_event_voltage
14.260000,1.00000000,travis_proxy_event_voltage
14.280000,1.00000000,travis_proxy_event_voltage
14.300000,1.00000000,travis_proxy_event_voltage
14.320000,1.00000000,travis_proxy_event_voltage
14.340000,1.00000000,travis_proxy_event_voltage
14.360000,1.00000000,travis_proxy_event_voltage
14.380000,1.00000000,travis_proxy_event_voltage
14.400000,1.00000000,travis_proxy_event_voltage
14.420000,1.00000000,travis_proxy_event_voltage
14.440000,1.00000000,travis_proxy_event_voltage
14.460000,1.00000000,travis_proxy_event_voltage
14.480000,1.00000000,travis_proxy_event_voltage
14.500000,1.00000000,travis_proxy_event_voltage
14.520000,1.00000000,travis_proxy_event_voltage
14.540000,1.00000000,travis_proxy_event_voltage
14.560000,1.00000000,travis_proxy_event_voltage
14.580000,1.00000000,travis_proxy_event_voltage
14.600000,1.00000000,travis_proxy_event_voltage
14.620000,1.00000000,travis_proxy_event_voltage
14.640000,1.00000000,travis_proxy_event_voltage
14.660000,1.00000000,travis_proxy_event_voltage
14.680000,1.00000000,travis_proxy_event_voltage
14.700000,1.00000000,travis_proxy_event_voltage
14.720000,1.00000000,travis_proxy_event_voltage
14.740000,1.00000000,travis_proxy_event_voltage
14.760000,1.00000000,travis_proxy_event_voltage
14.780000,1.00000000,travis_proxy_event_voltage
14.800000,1.00000000,travis_proxy_event_voltage
14.820000,1.00000000,travis_proxy_event_voltage
14.840000,1.00000000,travis_proxy_event_voltage
14.860000,1.00000000,travis_proxy_event_voltage
14.880000,1.00000000,travis_proxy_event_voltage
14.900000,1.00000000,travis_proxy_event_voltage
14.920000,1.00000000,travis_proxy_event_voltage
14.940000,1.00000000,travis_proxy_event_voltage
14.960000,1.00000000,travis_proxy_event_voltage
14.980000,1.00000000,travis_proxy_event_voltage
15.000000,1.00000000,travis_proxy_event_voltage
15.020000,1.00000000,travis_proxy_event_voltage
15.040000,1.00000000,travis_proxy_event_voltage
15.060000,1.00000000,travis_proxy_event_voltage
15.080000,1.00000000,travis_proxy_event_voltage
15.100000,1.00000000,travis_proxy_event_voltage
15.120000,1.00000000,travis_proxy_event_voltage
15.140000,1.00000000,travis_proxy_event_voltage
15.160000,1.00000000,travis_proxy_event_voltage
15.180000,1.00000000,travis_proxy_event_voltage
15.200000,1.00000000,travis_proxy_event_voltage
15.220000,1.00000000,travis_proxy_event_voltage
15.240000,1.00000000,travis_proxy_event_voltage
15.260000,1.00000000,travis_proxy_event_voltage
15.280000,1.00000000,travis_proxy_event_voltage
15.300000,1.00000000,travis_proxy_event_voltage
15.320000,1.00000000,travis_proxy_event_voltage
15.340000,1.00000000,travis_proxy_event_voltage
15.360000,1.00000000,travis_proxy_event_voltage
15.380000,1.00000000,travis_proxy_event_voltage
15.400000,1.00000000,travis_proxy_event_voltage
15.420000,1.00000000,travis_proxy_event_voltage
15.440000,1.00000000,travis_proxy_event_voltage
15.460000,1.00000000,travis_proxy_event_voltage
15.480000,1.00000000,travis_proxy_event_voltage
15.500000,1.00000000,travis_proxy_event_voltage
15.520000,1.00000000,travis_proxy_event_voltage
15.540000,1.00000000,travis_proxy_event_voltage
15.560000,1.00000000,travis_proxy_event_voltage
15.580000,1.00000000,travis_proxy_event_voltage
15.600000,1.00000000,travis_proxy_event_voltage
15.620000,1.00000000,travis_proxy_event_voltage
15.640000,1.00000000,travis_proxy_event_voltage
15.660000,1.00000000,travis_proxy_event_voltage
15.680000,1.00000000,travis_proxy_event_voltage
15.700000,1.00000000,travis_proxy_event_voltage
15.720000,1.00000000,travis_proxy_event_voltage
15.740000,1.00000000,travis_proxy_event_voltage
15.760000,1.00000000,travis_proxy_event_voltage
15.780000,1.00000000,travis_proxy_event_voltage
15.800000,1.00000000,travis_proxy_event_voltage
15.820000,1.00000000,travis_proxy_event_voltage
15.840000,1.00000000,travis_proxy_event_voltage
15.860000,1.00000000,travis_proxy_event_voltage
15.880000,1.00000000,travis_proxy_event_voltage
15.900000,1.00000000,travis_proxy_event_voltage
15.920000,1.00000000,travis_proxy_event_voltage
15.940000,1.00000000,travis_proxy_event_voltage
15.960000,1.00000000,travis_proxy_event_voltage
15.980000,1.00000000,travis_proxy_event_voltage
16.000000,1.00000000,travis_proxy_event_voltage
16.020000,1.00000000,travis_proxy_event_voltage
16.040000,1.00000000,travis_proxy_event_voltage
16.060000,1.00000000,travis_proxy_event_voltage
16.080000,1.00000000,travis_proxy_event_voltage
16.100000,1.00000000,travis_proxy_event_voltage
16.120000,1.00000000,travis_proxy_event_voltage
16.140000,1.00000000,travis_proxy_event_voltage
16.160000,1.00000000,travis_proxy_event_voltage
16.180000,1.00000000,travis_proxy_event_voltage
16.200000,1.00000000,travis_proxy_event_voltage
16.220000,1.00000000,travis_proxy_event_voltage
16.240000,1.00000000,travis_proxy_event_voltage
16.260000,1.00000000,travis_proxy_event_voltage
16.280000,1.00000000,travis_proxy_event_voltage
16.300000,1.00000000,travis_proxy_event_voltage
16.320000,1.00000000,travis_proxy_event_voltage
16.340000,1.00000000,travis_proxy_event_voltage
16.360000,1.00000000,travis_proxy_event_voltage
16.380000,1.00000000,travis_proxy_event_voltage
16.400000,1.00000000,travis_proxy_event_voltage
16.420000,1.00000000,travis_proxy_event_voltage
16.440000,1.00000000,travis_proxy_event_voltage
16.460000,1.00000000,travis_proxy_event_voltage
16.480000,1.00000000,travis_proxy_event_voltage
16.500000,1.00000000,travis_proxy_event_voltage
16.520000,1.00000000,travis_proxy_event_voltage
16.540000,1.00000000,travis_proxy_event_voltage
16.560000,1.00000000,travis_proxy_event_voltage
16.580000,1.00000000,travis_proxy_event_voltage
16.600000,1.00000000,travis_proxy_event_voltage
16.620000,1.00000000,travis_proxy_event_voltage
16.640000,1.00000000,travis_proxy_event_voltage
16.660000,1.00000000,travis_proxy_event_voltage
16.680000,1.00000000,travis_proxy_event_voltage
16.700000,1.00000000,travis_proxy_event_voltage
16.720000,1.00000000,travis_proxy_event_voltage
16.740000,1.00000000,travis_proxy_event_voltage
16.760000,1.00000000,travis_proxy_event_voltage
16.780000,1.00000000,travis_proxy_event_voltage
16.800000,1.00000000,travis_proxy_event_voltage
16.820000,1.00000000,travis_proxy_event_voltage
16.840000,1.00000000,travis_proxy_event_voltage
16.860000,1.00000000,travis_proxy_event_voltage
16.880000,1.00000000,travis_proxy_event_voltage
16.900000,1.00000000,travis_proxy_event_voltage
16.920000,1.00000000,travis_proxy_event_voltage
16.940000,1.00000000,travis_proxy_event_voltage
16.960000,1.00000000,travis_proxy_event_voltage
16.980000,1.00000000,travis_proxy_event_voltage
17.000000,1.00000000,travis_proxy_event_voltage
17.020000,1.00000000,travis_proxy_event_voltage
17.040000,1.00000000,travis_proxy_event_voltage
17.060000,1.00000000,travis_proxy_event_voltage
17.080000,1.00000000,travis_proxy_event_voltage
17.100000,1.00000000,travis_proxy_event_voltage
17.120000,1.00000000,travis_proxy_event_voltage
17.140000,1.00000000,travis_proxy_event_voltage
17.160000,1.00000000,travis_proxy_event_voltage
17.180000,1.00000000,travis_proxy_event_voltage
17.200000,1.00000000,travis_proxy_event_voltage
17.220000,1.00000000,travis_proxy_event_voltage
17.240000,1.00000000,travis_proxy_event_voltage
17.260000,1.00000000,travis_proxy_event_voltage
17.280000,1.00000000,travis_proxy_event_voltage
17.300000,1.00000000,travis_proxy_event_voltage
17.320000,1.00000000,travis_proxy_event_voltage
17.340000,1.00000000,travis_proxy_event_voltage
17.360000,1.00000000,travis_proxy_event_voltage
17.380000,1.00000000,travis_proxy_event_voltage
17.400000,1.00000000,travis_proxy_event_voltage
17.420000,1.00000000,travis_proxy_event_voltage
17.440000,1.00000000,travis_proxy_event_voltage
17.460000,1.00000000,travis_proxy_event_voltage
17.480000,1.00000000,travis_proxy_event_voltage
17.500000,1.00000000,travis_proxy_event_voltage
17.520000,1.00000000,travis_proxy_event_voltage
17.540000,1.00000000,travis_proxy_event_voltage
17.560000,1.00000000,travis_proxy_event_voltage
17.580000,1.00000000,travis_proxy_event_voltage
17.600000,1.00000000,travis_proxy_event_voltage
17.620000,1.00000000,travis_proxy_event_voltage
17.640000,1.00000000,travis_proxy_event_voltage
17.660000,1.00000000,travis_proxy_event_voltage
17.680000,1.00000000,travis_proxy_event_voltage
17.700000,1.00000000,travis_proxy_event_voltage
17.720000,1.00000000,travis_proxy_event_voltage
17.740000,1.00000000,travis_proxy_event_voltage
17.760000,1.00000000,travis_proxy_event_voltage
17.780000,1.00000000,travis_proxy_event_voltage
17.800000,1.00000000,travis_proxy_event_voltage
17.820000,1.00000000,travis_proxy_event_voltage
17.840000,1.00000000,travis_proxy_event_voltage
17.860000,1.00000000,travis_proxy_event_voltage
17.880000,1.00000000,travis_proxy_event_voltage
17.900000,1.00000000,travis_proxy_event_voltage
17.920000,1.00000000,travis_proxy_event_voltage
17.940000,1.00000000,travis_proxy_event_voltage
17.960000,1.00000000,travis_proxy_event_voltage
17.980000,1.00000000,travis_proxy_event_voltage
18.000000,1.00000000,travis_proxy_event_voltage
18.020000,1.00000000,travis_proxy_event_voltage
18.040000,1.00000000,travis_proxy_event_voltage
18.060000,1.00000000,travis_proxy_event_voltage
18.080000,1.00000000,travis_proxy_event_voltage
18.100000,1.00000000,travis_proxy_event_voltage
18.120000,1.00000000,travis_proxy_event_voltage
18.140000,1.00000000,travis_proxy_event_voltage
18.160000,1.00000000,travis_proxy_event_voltage
18.180000,1.00000000,travis_proxy_event_voltage
18.200000,1.00000000,travis_proxy_event_voltage
18.220000,1.00000000,travis_proxy_event_voltage
18.240000,1.00000000,travis_proxy_event_voltage
18.260000,1.00000000,travis_proxy_event_voltage
18.280000,1.00000000,travis_proxy_event_voltage
18.300000,1.00000000,travis_proxy_event_voltage
18.320000,1.00000000,travis_proxy_event_voltage
18.340000,1.00000000,travis_proxy_event_voltage
18.360000,1.00000000,travis_proxy_event_voltage
18.380000,1.00000000,travis_proxy_event_voltage
18.400000,1.00000000,travis_proxy_event_voltage
18.420000,1.00000000,travis_proxy_event_voltage
18.440000,1.00000000,travis_proxy_event_voltage
18.460000,1.00000000,travis_proxy_event_voltage
18.480000,1.00000000,travis_proxy_event_voltage
18.500000,1.00000000,travis_proxy_event_voltage
18.520000,1.00000000,travis_proxy_event_voltage
18.540000,1.00000000,travis_proxy_event_voltage
18.560000,1.00000000,travis_proxy_event_voltage
18.580000,1.00000000,travis_proxy_event_voltage
18.600000,1.00000000,travis_proxy_event_voltage
18.620000,1.00000000,travis_proxy_event_voltage
18.640000,1.00000000,travis_proxy_event_voltage
18.660000,1.00000000,travis_proxy_event_voltage
18.680000,1.00000000,travis_proxy_event_voltage
18.700000,1.00000000,travis_proxy_event_voltage
18.720000,1.00000000,travis_proxy_event_voltage
18.740000,1.00000000,travis_proxy_event_voltage
18.760000,1.00000000,travis_proxy_event_voltage
18.780000,1.00000000,travis_proxy_event_voltage
18.800000,1.00000000,travis_proxy_event_voltage
18.820000,1.00000000,travis_proxy_event_voltage
18.840000,1.00000000,travis_proxy_event_voltage
18.860000,1.00000000,travis_proxy_event_voltage
18.880000,1.00000000,travis_proxy_event_voltage
18.900000,1.00000000,travis_proxy_event_voltage
18.920000,1.00000000,travis_proxy_event_voltage
18.940000,1.00000000,travis_proxy_event_voltage
18.960000,1.00000000,travis_proxy_event_voltage
18.980000,1.00000000,travis_proxy_event_voltage
19.000000,1.00000000,travis_proxy_event_voltage
19.020000,1.00000000,travis_proxy_event_voltage
19.040000,1.00000000,travis_proxy_event_voltage
19.060000,1.00000000,travis_proxy_event_voltage
19.080000,1.00000000,travis_proxy_event_voltage
19.100000,1.00000000,travis_proxy_event_voltage
19.120000,1.00000000,travis_proxy_event_voltage
19.140000,1.00000000,travis_proxy_event_voltage
19.160000,1.00000000,travis_proxy_event_voltage
19.180000,1.00000000,travis_proxy_event_voltage
19.200000,1.00000000,travis_proxy_event_voltage
19.220000,1.00000000,travis_proxy_event_voltage
19.240000,1.00000000,travis_proxy_event_voltage
19.260000,1.00000000,travis_proxy_event_voltage
19.280000,1.00000000,travis_proxy_event_voltage
19.300000,1.00000000,travis_proxy_event_voltage
19.320000,1.00000000,travis_proxy_event_voltage
19.340000,1.00000000,travis_proxy_event_voltage
19.360000,1.00000000,travis_proxy_event_voltage
19.380000,1.00000000,travis_proxy_event_voltage
19.400000,1.00000000,travis_proxy_event_voltage
19.420000,1.00000000,travis_proxy_event_voltage
19.440000,1.00000000,travis_proxy_event_voltage
19.460000,1.00000000,travis_proxy_event_voltage
19.480000,1.00000000,travis_proxy_event_voltage
19.500000,1.00000000,travis_proxy_event_voltage
19.520000,1.00000000,travis_proxy_event_voltage
19.540000,1.00000000,travis_proxy_event_voltage
19.560000,1.00000000,travis_proxy_event_voltage
19.580000,1.00000000,travis_proxy_event_voltage
19.600000,1.00000000,travis_proxy_event_voltage
19.620000,1.00000000,travis_proxy_event_voltage
19.640000,1.00000000,travis_proxy_event_voltage
19.660000,1.00000000,travis_proxy_event_voltage
19.680000,1.00000000,travis_proxy_event_voltage
19.700000,1.00000000,travis_proxy_event_voltage
19.720000,1.00000000,travis_proxy_event_voltage
19.740000,1.00000000,travis_proxy_event_voltage
19.760000,1.00000000,travis_proxy_event_voltage
19.780000,1.00000000,travis_proxy_event_voltage
19.800000,1.00000000,travis_proxy_event_voltage
19.820000,1.00000000,travis_proxy_event_voltage
19.840000,1.00000000,travis_proxy_event_voltage
19.860000,1.00000000,travis_proxy_event_voltage
19.880000,1.00000000,travis_proxy_event_voltage
19.900000,1.00000000,travis_proxy_event_voltage
19.920000,1.00000000,travis_proxy_event_voltage
19.940000,1.00000000,travis_proxy_event_voltage
19.960000,1.00000000,travis_proxy_event_voltage
19.980000,1.00000000,travis_proxy_event_voltage
20.000000,1.00000000,travis_proxy_event_voltage
20.020000,1.00000000,travis_proxy_event_voltage
20.040000,1.00000000,travis_proxy_event_voltage
20.060000,1.00000000,travis_proxy_event_voltage
20.080000,1.00000000,travis_proxy_event_voltage
20.100000,1.00000000,travis_proxy_event_voltage
20.120000,1.00000000,travis_proxy_event_voltage
20.140000,1.00000000,travis_proxy_event_voltage
20.160000,1.00000000,travis_proxy_event_voltage
20.180000,1.00000000,travis_proxy_event_voltage
20.200000,1.00000000,travis_proxy_event_voltage
20.220000,1.00000000,travis_proxy_event_voltage
20.240000,1.00000000,travis_proxy_event_voltage
20.260000,1.00000000,travis_proxy_event_voltage
20.280000,1.00000000,travis_proxy_event_voltage
20.300000,1.00000000,travis_proxy_event_voltage
20.320000,1.00000000,travis_proxy_event_voltage
20.340000,1.00000000,travis_proxy_event_voltage
20.360000,1.00000000,travis_proxy_event_voltage
20.380000,1.00000000,travis_proxy_event_voltage
20.400000,1.00000000,travis_proxy_event_voltage
20.420000,1.00000000,travis_proxy_event_voltage
20.440000,1.00000000,travis_proxy_event_voltage
20.460000,1.00000000,travis_proxy_event_voltage
20.480000,1.00000000,travis_proxy_event_voltage
20.500000,1.00000000,travis_proxy_event_voltage
20.520000,1.00000000,travis_proxy_event_voltage
20.540000,1.00000000,travis_proxy_event_voltage
20.560000,1.00000000,travis_proxy_event_voltage
20.580000,1.00000000,travis_proxy_event_voltage
20.600000,1.00000000,travis_proxy_event_voltage
20.620000,1.00000000,travis_proxy_event_voltage
20.640000,1.00000000,travis_proxy_event_voltage
20.660000,1.00000000,travis_proxy_event_voltage
20.680000,1.00000000,travis_proxy_event_voltage
20.700000,1.00000000,travis_proxy_event_voltage
20.720000,1.00000000,travis_proxy_event_voltage
20.740000,1.00000000,travis_proxy_event_voltage
20.760000,1.00000000,travis_proxy_event_voltage
20.780000,1.00000000,travis_proxy_event_voltage
20.800000,1.00000000,travis_proxy_event_voltage
20.820000,1.00000000,travis_proxy_event_voltage
20.840000,1.00000000,travis_proxy_event_voltage
20.860000,1.00000000,travis_proxy_event_voltage
20.880000,1.00000000,travis_proxy_event_voltage
20.900000,1.00000000,travis_proxy_event_voltage
20.920000,1.00000000,travis_proxy_event_voltage
20.940000,1.00000000,travis_proxy_event_voltage
20.960000,1.00000000,travis_proxy_event_voltage
20.980000,1.00000000,travis_proxy_event_voltage
21.000000,1.00000000,travis_proxy_event_voltage
21.020000,1.00000000,travis_proxy_event_voltage
21.040000,1.00000000,travis_proxy_event_voltage
21.060000,1.00000000,travis_proxy_event_voltage
21.080000,1.00000000,travis_proxy_event_voltage
21.100000,1.00000000,travis_proxy_event_voltage
21.120000,1.00000000,travis_proxy_event_voltage
21.140000,1.00000000,travis_proxy_event_voltage
21.160000,1.00000000,travis_proxy_event_voltage
21.180000,1.00000000,travis_proxy_event_voltage
21.200000,1.00000000,travis_proxy_event_voltage
21.220000,1.00000000,travis_proxy_event_voltage
21.240000,1.00000000,travis_proxy_event_voltage
21.260000,1.00000000,travis_proxy_event_voltage
21.280000,1.00000000,travis_proxy_event_voltage
21.300000,1.00000000,travis_proxy_event_voltage
21.320000,1.00000000,travis_proxy_event_voltage
21.340000,1.00000000,travis_proxy_event_voltage
21.360000,1.00000000,travis_proxy_event_voltage
21.380000,1.00000000,travis_proxy_event_voltage
21.400000,1.00000000,travis_proxy_event_voltage
21.420000,1.00000000,travis_proxy_event_voltage
21.440000,1.00000000,travis_proxy_event_voltage
21.460000,1.00000000,travis_proxy_event_voltage
21.480000,1.00000000,travis_proxy_event_voltage
21.500000,1.00000000,travis_proxy_event_voltage
21.520000,1.00000000,travis_proxy_event_voltage
21.540000,1.00000000,travis_proxy_event_voltage
21.560000,1.00000000,travis_proxy_event_voltage
21.580000,1.00000000,travis_proxy_event_voltage
21.600000,1.00000000,travis_proxy_event_voltage
21.620000,1.00000000,travis_proxy_event_voltage
21.640000,1.00000000,travis_proxy_event_voltage
21.660000,1.00000000,travis_proxy_event_voltage
21.680000,1.00000000,travis_proxy_event_voltage
21.700000,1.00000000,travis_proxy_event_voltage
21.720000,1.00000000,travis_proxy_event_voltage
21.740000,1.00000000,travis_proxy_event_voltage
21.760000,1.00000000,travis_proxy_event_voltage
21.780000,1.00000000,travis_proxy_event_voltage
21.800000,1.00000000,travis_proxy_event_voltage
21.820000,1.00000000,travis_proxy_event_voltage
21.840000,1.00000000,travis_proxy_event_voltage
21.860000,1.00000000,travis_proxy_event_voltage
21.880000,1.00000000,travis_proxy_event_voltage
21.900000,1.00000000,travis_proxy_event_voltage
21.920000,1.00000000,travis_proxy_event_voltage
21.940000,1.00000000,travis_proxy_event_voltage
21.960000,1.00000000,travis_proxy_event_voltage
21.980000,1.00000000,travis_proxy_event_voltage
22.000000,1.00000000,travis_proxy_event_voltage
22.020000,1.00000000,travis_proxy_event_voltage
22.040000,1.00000000,travis_proxy_event_voltage
22.060000,1.00000000,travis_proxy_event_voltage
22.080000,1.00000000,travis_proxy_event_voltage
22.100000,1.00000000,travis_proxy_event_voltage
22.120000,1.00000000,travis_proxy_event_voltage
22.140000,1.00000000,travis_proxy_event_voltage
22.160000,1.00000000,travis_proxy_event_voltage
22.180000,1.00000000,travis_proxy_event_voltage
22.200000,1.00000000,travis_proxy_event_voltage
22.220000,1.00000000,travis_proxy_event_voltage
22.240000,1.00000000,travis_proxy_event_voltage
22.260000,1.00000000,travis_proxy_event_voltage
22.280000,1.00000000,travis_proxy_event_voltage
22.300000,1.00000000,travis_proxy_event_voltage
22.320000,1.00000000,travis_proxy_event_voltage
22.340000,1.00000000,travis_proxy_event_voltage
22.360000,1.00000000,travis_proxy_event_voltage
22.380000,1.00000000,travis_proxy_event_voltage
22.400000,1.00000000,travis_proxy_event_voltage
22.420000,1.00000000,travis_proxy_event_voltage
22.440000,1.00000000,travis_proxy_event_voltage
22.460000,1.00000000,travis_proxy_event_voltage
22.480000,1.00000000,travis_proxy_event_voltage
22.500000,1.00000000,travis_proxy_event_voltage
22.520000,1.00000000,travis_proxy_event_voltage
22.540000,1.00000000,travis_proxy_event_voltage
22.560000,1.00000000,travis_proxy_event_voltage
22.580000,1.00000000,travis_proxy_event_voltage
22.600000,1.00000000,travis_proxy_event_voltage
22.620000,1.00000000,travis_proxy_event_voltage
22.640000,1.00000000,travis_proxy_event_voltage
22.660000,1.00000000,travis_proxy_event_voltage
22.680000,1.00000000,travis_proxy_event_voltage
22.700000,1.00000000,travis_proxy_event_voltage
22.720000,1.00000000,travis_proxy_event_voltage
22.740000,1.00000000,travis_proxy_event_voltage
22.760000,1.00000000,travis_proxy_event_voltage
22.780000,1.00000000,travis_proxy_event_voltage
22.800000,1.00000000,travis_proxy_event_voltage
22.820000,1.00000000,travis_proxy_event_voltage
22.840000,1.00000000,travis_proxy_event_voltage
22.860000,1.00000000,travis_proxy_event_voltage
22.880000,1.00000000,travis_proxy_event_voltage
22.900000,1.00000000,travis_proxy_event_voltage
22.920000,1.00000000,travis_proxy_event_voltage
22.940000,1.00000000,travis_proxy_event_voltage
22.960000,1.00000000,travis_proxy_event_voltage
22.980000,1.00000000,travis_proxy_event_voltage
23.000000,1.00000000,travis_proxy_event_voltage
23.020000,1.00000000,travis_proxy_event_voltage
23.040000,1.00000000,travis_proxy_event_voltage
23.060000,1.00000000,travis_proxy_event_voltage
23.080000,1.00000000,travis_proxy_event_voltage
23.100000,1.00000000,travis_proxy_event_voltage
23.120000,1.00000000,travis_proxy_event_voltage
23.140000,1.00000000,travis_proxy_event_voltage
23.160000,1.00000000,travis_proxy_event_voltage
23.180000,1.00000000,travis_proxy_event_voltage
23.200000,1.00000000,travis_proxy_event_voltage
23.220000,1.00000000,travis_proxy_event_voltage
23.240000,1.00000000,travis_proxy_event_voltage
23.260000,1.00000000,travis_proxy_event_voltage
23.280000,1.00000000,travis_proxy_event_voltage
23.300000,1.00000000,travis_proxy_event_voltage
23.320000,1.00000000,travis_proxy_event_voltage
23.340000,1.00000000,travis_proxy_event_voltage
23.360000,1.00000000,travis_proxy_event_voltage
23.380000,1.00000000,travis_proxy_event_voltage
23.400000,1.00000000,travis_proxy_event_voltage
23.420000,1.00000000,travis_proxy_event_voltage
23.440000,1.00000000,travis_proxy_event_voltage
23.460000,1.00000000,travis_proxy_event_voltage
23.480000,1.00000000,travis_proxy_event_voltage
23.500000,1.00000000,travis_proxy_event_voltage
23.520000,1.00000000,travis_proxy_event_voltage
23.540000,1.00000000,travis_proxy_event_voltage
23.560000,1.00000000,travis_proxy_event_voltage
23.580000,1.00000000,travis_proxy_event_voltage
23.600000,1.00000000,travis_proxy_event_voltage
23.620000,1.00000000,travis_proxy_event_voltage
23.640000,1.00000000,travis_proxy_event_voltage
23.660000,1.00000000,travis_proxy_event_voltage
23.680000,1.00000000,travis_proxy_event_voltage
23.700000,1.00000000,travis_proxy_event_voltage
23.720000,1.00000000,travis_proxy_event_voltage
23.740000,1.00000000,travis_proxy_event_voltage
23.760000,1.00000000,travis_proxy_event_voltage
23.780000,1.00000000,travis_proxy_event_voltage
23.800000,1.00000000,travis_proxy_event_voltage
23.820000,1.00000000,travis_proxy_event_voltage
23.840000,1.00000000,travis_proxy_event_voltage
23.860000,1.00000000,travis_proxy_event_voltage
23.880000,1.00000000,travis_proxy_event_voltage
23.900000,1.00000000,travis_proxy_event_voltage
23.920000,1.00000000,travis_proxy_event_voltage
23.940000,1.00000000,travis_proxy_event_voltage
23.960000,1.00000000,travis_proxy_event_voltage
23.980000,1.00000000,travis_proxy_event_voltage
24.000000,1.00000000,travis_proxy_event_voltage
24.020000,1.00000000,travis_proxy_event_voltage
24.040000,1.00000000,travis_proxy_event_voltage
24.060000,1.00000000,travis_proxy_event_voltage
24.080000,1.00000000,travis_proxy_event_voltage
24.100000,1.00000000,travis_proxy_event_voltage
24.120000,1.00000000,travis_proxy_event_voltage
24.140000,1.00000000,travis_proxy_event_voltage
24.160000,1.00000000,travis_proxy_event_voltage
24.180000,1.00000000,travis_proxy_event_voltage
24.200000,1.00000000,travis_proxy_event_voltage
24.220000,1.00000000,travis_proxy_event_voltage
24.240000,1.00000000,travis_proxy_event_voltage
24.260000,1.00000000,travis_proxy_event_voltage
24.280000,1.00000000,travis_proxy_event_voltage
24.300000,1.00000000,travis_proxy_event_voltage
24.320000,1.00000000,travis_proxy_event_voltage
24.340000,1.00000000,travis_proxy_event_voltage
24.360000,1.00000000,travis_proxy_event_voltage
24.380000,1.00000000,travis_proxy_event_voltage
24.400000,1.00000000,travis_proxy_event_voltage
24.420000,1.00000000,travis_proxy_event_voltage
24.440000,1.00000000,travis_proxy_event_voltage
24.460000,1.00000000,travis_proxy_event_voltage
24.480000,1.00000000,travis_proxy_event_voltage
24.500000,1.00000000,travis_proxy_event_voltage
24.520000,1.00000000,travis_proxy_event_voltage
24.540000,1.00000000,travis_proxy_event_voltage
24.560000,1.00000000,travis_proxy_event_voltage
24.580000,1.00000000,travis_proxy_event_voltage
24.600000,1.00000000,travis_proxy_event_voltage
24.620000,1.00000000,travis_proxy_event_voltage
24.640000,1.00000000,travis_proxy_event_voltage
24.660000,1.00000000,travis_proxy_event_voltage
24.680000,1.00000000,travis_proxy_event_voltage
24.700000,1.00000000,travis_proxy_event_voltage
24.720000,1.00000000,travis_proxy_event_voltage
24.740000,1.00000000,travis_proxy_event_voltage
24.760000,1.00000000,travis_proxy_event_voltage
24.780000,1.00000000,travis_proxy_event_voltage
24.800000,1.00000000,travis_proxy_event_voltage
24.820000,1.00000000,travis_proxy_event_voltage
24.840000,1.00000000,travis_proxy_event_voltage
24.860000,1.00000000,travis_proxy_event_voltage
24.880000,1.00000000,travis_proxy_event_voltage
24.900000,1.00000000,travis_proxy_event_voltage
24.920000,1.00000000,travis_proxy_event_voltage
24.940000,1.00000000,travis_proxy_event_voltage
24.960000,1.00000000,travis_proxy_event_voltage
24.980000,1.00000000,travis_proxy_event_voltage
25.000000,1.00000000,travis_proxy_event_voltage
25.020000,1.00000000,travis_proxy_event_voltage
25.040000,1.00000000,travis_proxy_event_voltage
25.060000,1.00000000,travis_proxy_event_voltage
25.080000,1.00000000,travis_proxy_event_voltage
25.100000,1.00000000,travis_proxy_event_voltage
25.120000,1.00000000,travis_proxy_event_voltage
25.140000,1.00000000,travis_proxy_event_voltage
25.160000,1.00000000,travis_proxy_event_voltage
25.180000,1.00000000,travis_proxy_event_voltage
25.200000,1.00000000,travis_proxy_event_voltage
25.220000,1.00000000,travis_proxy_event_voltage
25.240000,1.00000000,travis_proxy_event_voltage
25.260000,1.00000000,travis_proxy_event_voltage
25.280000,1.00000000,travis_proxy_event_voltage
25.300000,1.00000000,travis_proxy_event_voltage
25.320000,1.00000000,travis_proxy_event_voltage
25.340000,1.00000000,travis_proxy_event_voltage
25.360000,1.00000000,travis_proxy_event_voltage
25.380000,1.00000000,travis_proxy_event_voltage
25.400000,1.00000000,travis_proxy_event_voltage
25.420000,1.00000000,travis_proxy_event_voltage
25.440000,1.00000000,travis_proxy_event_voltage
25.460000,1.00000000,travis_proxy_event_voltage
25.480000,1.00000000,travis_proxy_event_voltage
25.500000,1.00000000,travis_proxy_event_voltage
25.520000,1.00000000,travis_proxy_event_voltage
25.540000,1.00000000,travis_proxy_event_voltage
25.560000,1.00000000,travis_proxy_event_voltage
25.580000,1.00000000,travis_proxy_event_voltage
25.600000,1.00000000,travis_proxy_event_voltage
25.620000,1.00000000,travis_proxy_event_voltage
25.640000,1.00000000,travis_proxy_event_voltage
25.660000,1.00000000,travis_proxy_event_voltage
25.680000,1.00000000,travis_proxy_event_voltage
25.700000,1.00000000,travis_proxy_event_voltage
25.720000,1.00000000,travis_proxy_event_voltage
25.740000,1.00000000,travis_proxy_event_voltage
25.760000,1.00000000,travis_proxy_event_voltage
25.780000,1.00000000,travis_proxy_event_voltage
25.800000,1.00000000,travis_proxy_event_voltage
25.820000,1.00000000,travis_proxy_event_voltage
25.840000,1.00000000,travis_proxy_event_voltage
25.860000,1.00000000,travis_proxy_event_voltage
25.880000,1.00000000,travis_proxy_event_voltage
25.900000,1.00000000,travis_proxy_event_voltage
25.920000,1.00000000,travis_proxy_event_voltage
25.940000,1.00000000,travis_proxy_event_voltage
25.960000,1.00000000,travis_proxy_event_voltage
25.980000,1.00000000,travis_proxy_event_voltage
26.000000,1.00000000,travis_proxy_event_voltage
26.020000,1.00000000,travis_proxy_event_voltage
26.040000,1.00000000,travis_proxy_event_voltage
26.060000,1.00000000,travis_proxy_event_voltage
26.080000,1.00000000,travis_proxy_event_voltage
26.100000,1.00000000,travis_proxy_event_voltage
26.120000,1.00000000,travis_proxy_event_voltage
26.140000,1.00000000,travis_proxy_event_voltage
26.160000,1.00000000,travis_proxy_event_voltage
26.180000,1.00000000,travis_proxy_event_voltage
26.200000,1.00000000,travis_proxy_event_voltage
26.220000,1.00000000,travis_proxy_event_voltage
26.240000,1.00000000,travis_proxy_event_voltage
26.260000,1.00000000,travis_proxy_event_voltage
26.280000,1.00000000,travis_proxy_event_voltage
26.300000,1.00000000,travis_proxy_event_voltage
26.320000,1.00000000,travis_proxy_event_voltage
26.340000,1.00000000,travis_proxy_event_voltage
26.360000,1.00000000,travis_proxy_event_voltage
26.380000,1.00000000,travis_proxy_event_voltage
26.400000,1.00000000,travis_proxy_event_voltage
26.420000,1.00000000,travis_proxy_event_voltage
26.440000,1.00000000,travis_proxy_event_voltage
26.460000,1.00000000,travis_proxy_event_voltage
26.480000,1.00000000,travis_proxy_event_voltage
26.500000,1.00000000,travis_proxy_event_voltage
26.520000,1.00000000,travis_proxy_event_voltage
26.540000,1.00000000,travis_proxy_event_voltage
26.560000,1.00000000,travis_proxy_event_voltage
26.580000,1.00000000,travis_proxy_event_voltage
26.600000,1.00000000,travis_proxy_event_voltage
26.620000,1.00000000,travis_proxy_event_voltage
26.640000,1.00000000,travis_proxy_event_voltage
26.660000,1.00000000,travis_proxy_event_voltage
26.680000,1.00000000,travis_proxy_event_voltage
26.700000,1.00000000,travis_proxy_event_voltage
26.720000,1.00000000,travis_proxy_event_voltage
26.740000,1.00000000,travis_proxy_event_voltage
26.760000,1.00000000,travis_proxy_event_voltage
26.780000,1.00000000,travis_proxy_event_voltage
26.800000,1.00000000,travis_proxy_event_voltage
26.820000,1.00000000,travis_proxy_event_voltage
26.840000,1.00000000,travis_proxy_event_voltage
26.860000,1.00000000,travis_proxy_event_voltage
26.880000,1.00000000,travis_proxy_event_voltage
26.900000,1.00000000,travis_proxy_event_voltage
26.920000,1.00000000,travis_proxy_event_voltage
26.940000,1.00000000,travis_proxy_event_voltage
26.960000,1.00000000,travis_proxy_event_voltage
26.980000,1.00000000,travis_proxy_event_voltage
27.000000,1.00000000,travis_proxy_event_voltage
27.020000,1.00000000,travis_proxy_event_voltage
27.040000,1.00000000,travis_proxy_event_voltage
27.060000,1.00000000,travis_proxy_event_voltage
27.080000,1.00000000,travis_proxy_event_voltage
27.100000,1.00000000,travis_proxy_event_voltage
27.120000,1.00000000,travis_proxy_event_voltage
27.140000,1.00000000,travis_proxy_event_voltage
27.160000,1.00000000,travis_proxy_event_voltage
27.180000,1.00000000,travis_proxy_event_voltage
27.200000,1.00000000,travis_proxy_event_voltage
27.220000,1.00000000,travis_proxy_event_voltage
27.240000,1.00000000,travis_proxy_event_voltage
27.260000,1.00000000,travis_proxy_event_voltage
27.280000,1.00000000,travis_proxy_event_voltage
27.300000,1.00000000,travis_proxy_event_voltage
27.320000,1.00000000,travis_proxy_event_voltage
27.340000,1.00000000,travis_proxy_event_voltage
27.360000,1.00000000,travis_proxy_event_voltage
27.380000,1.00000000,travis_proxy_event_voltage
27.400000,1.00000000,travis_proxy_event_voltage
27.420000,1.00000000,travis_proxy_event_voltage
27.440000,1.00000000,travis_proxy_event_voltage
27.460000,1.00000000,travis_proxy_event_voltage
27.480000,1.00000000,travis_proxy_event_voltage
27.500000,1.00000000,travis_proxy_event_voltage
27.520000,1.00000000,travis_proxy_event_voltage
27.540000,1.00000000,travis_proxy_event_voltage
27.560000,1.00000000,travis_proxy_event_voltage
27.580000,1.00000000,travis_proxy_event_voltage
27.600000,1.00000000,travis_proxy_event_voltage
27.620000,1.00000000,travis_proxy_event_voltage
27.640000,1.00000000,travis_proxy_event_voltage
27.660000,1.00000000,travis_proxy_event_voltage
27.680000,1.00000000,travis_proxy_event_voltage
27.700000,1.00000000,travis_proxy_event_voltage
27.720000,1.00000000,travis_proxy_event_voltage
27.740000,1.00000000,travis_proxy_event_voltage
27.760000,1.00000000,travis_proxy_event_voltage
27.780000,1.00000000,travis_proxy_event_voltage
27.800000,1.00000000,travis_proxy_event_voltage
27.820000,1.00000000,travis_proxy_event_voltage
27.840000,1.00000000,travis_proxy_event_voltage
27.860000,1.00000000,travis_proxy_event_voltage
27.880000,1.00000000,travis_proxy_event_voltage
27.900000,1.00000000,travis_proxy_event_voltage
27.920000,1.00000000,travis_proxy_event_voltage
27.940000,1.00000000,travis_proxy_event_voltage
27.960000,1.00000000,travis_proxy_event_voltage
27.980000,1.00000000,travis_proxy_event_voltage
28.000000,1.00000000,travis_proxy_event_voltage
28.020000,1.00000000,travis_proxy_event_voltage
28.040000,1.00000000,travis_proxy_event_voltage
28.060000,1.00000000,travis_proxy_event_voltage
28.080000,1.00000000,travis_proxy_event_voltage
28.100000,1.00000000,travis_proxy_event_voltage
28.120000,1.00000000,travis_proxy_event_voltage
28.140000,1.00000000,travis_proxy_event_voltage
28.160000,1.00000000,travis_proxy_event_voltage
28.180000,1.00000000,travis_proxy_event_voltage
28.200000,1.00000000,travis_proxy_event_voltage
28.220000,1.00000000,travis_proxy_event_voltage
28.240000,1.00000000,travis_proxy_event_voltage
28.260000,1.00000000,travis_proxy_event_voltage
28.280000,1.00000000,travis_proxy_event_voltage
28.300000,1.00000000,travis_proxy_event_voltage
28.320000,1.00000000,travis_proxy_event_voltage
28.340000,1.00000000,travis_proxy_event_voltage
28.360000,1.00000000,travis_proxy_event_voltage
28.380000,1.00000000,travis_proxy_event_voltage
28.400000,1.00000000,travis_proxy_event_voltage
28.420000,1.00000000,travis_proxy_event_voltage
28.440000,1.00000000,travis_proxy_event_voltage
28.460000,1.00000000,travis_proxy_event_voltage
28.480000,1.00000000,travis_proxy_event_voltage
28.500000,1.00000000,travis_proxy_event_voltage
28.520000,1.00000000,travis_proxy_event_voltage
28.540000,1.00000000,travis_proxy_event_voltage
28.560000,1.00000000,travis_proxy_event_voltage
28.580000,1.00000000,travis_proxy_event_voltage
28.600000,1.00000000,travis_proxy_event_voltage
28.620000,1.00000000,travis_proxy_event_voltage
28.640000,1.00000000,travis_proxy_event_voltage
28.660000,1.00000000,travis_proxy_event_voltage
28.680000,1.00000000,travis_proxy_event_voltage
28.700000,1.00000000,travis_proxy_event_voltage
28.720000,1.00000000,travis_proxy_event_voltage
28.740000,1.00000000,travis_proxy_event_voltage
28.760000,1.00000000,travis_proxy_event_voltage
28.780000,1.00000000,travis_proxy_event_voltage
28.800000,1.00000000,travis_proxy_event_voltage
28.820000,1.00000000,travis_proxy_event_voltage
28.840000,1.00000000,travis_proxy_event_voltage
28.860000,1.00000000,travis_proxy_event_voltage
28.880000,1.00000000,travis_proxy_event_voltage
28.900000,1.00000000,travis_proxy_event_voltage
28.920000,1.00000000,travis_proxy_event_voltage
28.940000,1.00000000,travis_proxy_event_voltage
28.960000,1.00000000,travis_proxy_event_voltage
28.980000,1.00000000,travis_proxy_event_voltage
29.000000,1.00000000,travis_proxy_event_voltage
29.020000,1.00000000,travis_proxy_event_voltage
29.040000,1.00000000,travis_proxy_event_voltage
29.060000,1.00000000,travis_proxy_event_voltage
29.080000,1.00000000,travis_proxy_event_voltage
29.100000,1.00000000,travis_proxy_event_voltage
29.120000,1.00000000,travis_proxy_event_voltage
29.140000,1.00000000,travis_proxy_event_voltage
29.160000,1.00000000,travis_proxy_event_voltage
29.180000,1.00000000,travis_proxy_event_voltage
29.200000,1.00000000,travis_proxy_event_voltage
29.220000,1.00000000,travis_proxy_event_voltage
29.240000,1.00000000,travis_proxy_event_voltage
29.260000,1.00000000,travis_proxy_event_voltage
29.280000,1.00000000,travis_proxy_event_voltage
29.300000,1.00000000,travis_proxy_event_voltage
29.320000,1.00000000,travis_proxy_event_voltage
29.340000,1.00000000,travis_proxy_event_voltage
29.360000,1.00000000,travis_proxy_event_voltage
29.380000,1.00000000,travis_proxy_event_voltage
29.400000,1.00000000,travis_proxy_event_voltage
29.420000,1.00000000,travis_proxy_event_voltage
29.440000,1.00000000,travis_proxy_event_voltage
29.460000,1.00000000,travis_proxy_event_voltage
29.480000,1.00000000,travis_proxy_event_voltage
29.500000,1.00000000,travis_proxy_event_voltage
29.520000,1.00000000,travis_proxy_event_voltage
29.540000,1.00000000,travis_proxy_event_voltage
29.560000,1.00000000,travis_proxy_event_voltage
29.580000,1.00000000,travis_proxy_event_voltage
29.600000,1.00000000,travis_proxy_event_voltage
29.620000,1.00000000,travis_proxy_event_voltage
29.640000,1.00000000,travis_proxy_event_voltage
29.660000,1.00000000,travis_proxy_event_voltage
29.680000,1.00000000,travis_proxy_event_voltage
29.700000,1.00000000,travis_proxy_event_voltage
29.720000,1.00000000,travis_proxy_event_voltage
29.740000,1.00000000,travis_proxy_event_voltage
29.760000,1.00000000,travis_proxy_event_voltage
29.780000,1.00000000,travis_proxy_event_voltage
29.800000,1.00000000,travis_proxy_event_voltage
29.820000,1.00000000,travis_proxy_event_voltage
29.840000,1.00000000,travis_proxy_event_voltage
29.860000,1.00000000,travis_proxy_event_voltage
29.880000,1.00000000,travis_proxy_event_voltage
29.900000,1.00000000,travis_proxy_event_voltage
29.920000,1.00000000,travis_proxy_event_voltage
29.940000,1.00000000,travis_proxy_event_voltage
29.960000,1.00000000,travis_proxy_event_voltage
29.980000,1.00000000,travis_proxy_event_voltage
30.000000,0.38000000,travis_proxy_event_voltage
30.020000,0.38000000,travis_proxy_event_voltage
30.040000,0.38000000,travis_proxy_event_voltage
30.060000,1.00000000,travis_proxy_event_voltage
30.080000,1.00000000,travis_proxy_event_voltage
30.100000,1.00000000,travis_proxy_event_voltage
30.120000,1.00000000,travis_proxy_event_voltage
30.140000,1.00000000,travis_proxy_event_voltage
30.160000,1.00000000,travis_proxy_event_voltage
30.180000,1.00000000,travis_proxy_event_voltage
30.200000,1.00000000,travis_proxy_event_voltage
30.220000,1.00000000,travis_proxy_event_voltage
30.240000,1.00000000,travis_proxy_event_voltage
30.260000,1.00000000,travis_proxy_event_voltage
30.280000,1.00000000,travis_proxy_event_voltage
30.300000,1.00000000,travis_proxy_event_voltage
30.320000,1.00000000,travis_proxy_event_voltage
30.340000,1.00000000,travis_proxy_event_voltage
30.360000,1.00000000,travis_proxy_event_voltage
30.380000,1.00000000,travis_proxy_event_voltage
30.400000,1.00000000,travis_proxy_event_voltage
30.420000,1.00000000,travis_proxy_event_voltage
30.440000,1.00000000,travis_proxy_event_voltage
30.460000,1.00000000,travis_proxy_event_voltage
30.480000,1.00000000,travis_proxy_event_voltage
30.500000,1.00000000,travis_proxy_event_voltage
30.520000,1.00000000,travis_proxy_event_voltage
30.540000,1.00000000,travis_proxy_event_voltage
30.560000,1.00000000,travis_proxy_event_voltage
30.580000,1.00000000,travis_proxy_event_voltage
30.600000,1.00000000,travis_proxy_event_voltage
30.620000,1.00000000,travis_proxy_event_voltage
30.640000,1.00000000,travis_proxy_event_voltage
30.660000,1.00000000,travis_proxy_event_voltage
30.680000,1.00000000,travis_proxy_event_voltage
30.700000,1.00000000,travis_proxy_event_voltage
30.720000,1.00000000,travis_proxy_event_voltage
30.740000,1.00000000,travis_proxy_event_voltage
30.760000,1.00000000,travis_proxy_event_voltage
30.780000,1.00000000,travis_proxy_event_voltage
30.800000,1.00000000,travis_proxy_event_voltage
30.820000,1.00000000,travis_proxy_event_voltage
30.840000,1.00000000,travis_proxy_event_voltage
30.860000,1.00000000,travis_proxy_event_voltage
30.880000,1.00000000,travis_proxy_event_voltage
30.900000,1.00000000,travis_proxy_event_voltage
30.920000,1.00000000,travis_proxy_event_voltage
30.940000,1.00000000,travis_proxy_event_voltage
30.960000,1.00000000,travis_proxy_event_voltage
30.980000,1.00000000,travis_proxy_event_voltage
31.000000,1.00000000,travis_proxy_event_voltage
31.020000,1.00000000,travis_proxy_event_voltage
31.040000,1.00000000,travis_proxy_event_voltage
31.060000,1.00000000,travis_proxy_event_voltage
31.080000,1.00000000,travis_proxy_event_voltage
31.100000,1.00000000,travis_proxy_event_voltage
31.120000,1.00000000,travis_proxy_event_voltage
31.140000,1.00000000,travis_proxy_event_voltage
31.160000,1.00000000,travis_proxy_event_voltage
31.180000,1.00000000,travis_proxy_event_voltage
31.200000,1.00000000,travis_proxy_event_voltage
31.220000,1.00000000,travis_proxy_event_voltage
31.240000,1.00000000,travis_proxy_event_voltage
31.260000,1.00000000,travis_proxy_event_voltage
31.280000,1.00000000,travis_proxy_event_voltage
31.300000,1.00000000,travis_proxy_event_voltage
31.320000,1.00000000,travis_proxy_event_voltage
31.340000,1.00000000,travis_proxy_event_voltage
31.360000,1.00000000,travis_proxy_event_voltage
31.380000,1.00000000,travis_proxy_event_voltage
31.400000,1.00000000,travis_proxy_event_voltage
31.420000,1.00000000,travis_proxy_event_voltage
31.440000,1.00000000,travis_proxy_event_voltage
31.460000,1.00000000,travis_proxy_event_voltage
31.480000,1.00000000,travis_proxy_event_voltage
31.500000,1.00000000,travis_proxy_event_voltage
31.520000,1.00000000,travis_proxy_event_voltage
31.540000,1.00000000,travis_proxy_event_voltage
31.560000,1.00000000,travis_proxy_event_voltage
31.580000,1.00000000,travis_proxy_event_voltage
31.600000,1.00000000,travis_proxy_event_voltage
31.620000,1.00000000,travis_proxy_event_voltage
31.640000,1.00000000,travis_proxy_event_voltage
31.660000,1.00000000,travis_proxy_event_voltage
31.680000,1.00000000,travis_proxy_event_voltage
31.700000,1.00000000,travis_proxy_event_voltage
31.720000,1.00000000,travis_proxy_event_voltage
31.740000,1.00000000,travis_proxy_event_voltage
31.760000,1.00000000,travis_proxy_event_voltage
31.780000,1.00000000,travis_proxy_event_voltage
31.800000,1.00000000,travis_proxy_event_voltage
31.820000,1.00000000,travis_proxy_event_voltage
31.840000,1.00000000,travis_proxy_event_voltage
31.860000,1.00000000,travis_proxy_event_voltage
31.880000,1.00000000,travis_proxy_event_voltage
31.900000,1.00000000,travis_proxy_event_voltage
31.920000,1.00000000,travis_proxy_event_voltage
31.940000,1.00000000,travis_proxy_event_voltage
31.960000,1.00000000,travis_proxy_event_voltage
31.980000,1.00000000,travis_proxy_event_voltage
32.000000,1.00000000,travis_proxy_event_voltage
32.020000,1.00000000,travis_proxy_event_voltage
32.040000,1.00000000,travis_proxy_event_voltage
32.060000,1.00000000,travis_proxy_event_voltage
32.080000,1.00000000,travis_proxy_event_voltage
32.100000,1.00000000,travis_proxy_event_voltage
32.120000,1.00000000,travis_proxy_event_voltage
32.140000,1.00000000,travis_proxy_event_voltage
32.160000,1.00000000,travis_proxy_event_voltage
32.180000,1.00000000,travis_proxy_event_voltage
32.200000,1.00000000,travis_proxy_event_voltage
32.220000,1.00000000,travis_proxy_event_voltage
32.240000,1.00000000,travis_proxy_event_voltage
32.260000,1.00000000,travis_proxy_event_voltage
32.280000,1.00000000,travis_proxy_event_voltage
32.300000,1.00000000,travis_proxy_event_voltage
32.320000,1.00000000,travis_proxy_event_voltage
32.340000,1.00000000,travis_proxy_event_voltage
32.360000,1.00000000,travis_proxy_event_voltage
32.380000,1.00000000,travis_proxy_event_voltage
32.400000,1.00000000,travis_proxy_event_voltage
32.420000,1.00000000,travis_proxy_event_voltage
32.440000,1.00000000,travis_proxy_event_voltage
32.460000,1.00000000,travis_proxy_event_voltage
32.480000,1.00000000,travis_proxy_event_voltage
32.500000,1.00000000,travis_proxy_event_voltage
32.520000,1.00000000,travis_proxy_event_voltage
32.540000,1.00000000,travis_proxy_event_voltage
32.560000,1.00000000,travis_proxy_event_voltage
32.580000,1.00000000,travis_proxy_event_voltage
32.600000,1.00000000,travis_proxy_event_voltage
32.620000,1.00000000,travis_proxy_event_voltage
32.640000,1.00000000,travis_proxy_event_voltage
32.660000,1.00000000,travis_proxy_event_voltage
32.680000,1.00000000,travis_proxy_event_voltage
32.700000,1.00000000,travis_proxy_event_voltage
32.720000,1.00000000,travis_proxy_event_voltage
32.740000,1.00000000,travis_proxy_event_voltage
32.760000,1.00000000,travis_proxy_event_voltage
32.780000,1.00000000,travis_proxy_event_voltage
32.800000,1.00000000,travis_proxy_event_voltage
32.820000,1.00000000,travis_proxy_event_voltage
32.840000,1.00000000,travis_proxy_event_voltage
32.860000,1.00000000,travis_proxy_event_voltage
32.880000,1.00000000,travis_proxy_event_voltage
32.900000,1.00000000,travis_proxy_event_voltage
32.920000,1.00000000,travis_proxy_event_voltage
32.940000,1.00000000,travis_proxy_event_voltage
32.960000,1.00000000,travis_proxy_event_voltage
32.980000,1.00000000,travis_proxy_event_voltage
33.000000,1.00000000,travis_proxy_event_voltage
33.020000,1.00000000,travis_proxy_event_voltage
33.040000,1.00000000,travis_proxy_event_voltage
33.060000,1.00000000,travis_proxy_event_voltage
33.080000,1.00000000,travis_proxy_event_voltage
33.100000,1.00000000,travis_proxy_event_voltage
33.120000,1.00000000,travis_proxy_event_voltage
33.140000,1.00000000,travis_proxy_event_voltage
33.160000,1.00000000,travis_proxy_event_voltage
33.180000,1.00000000,travis_proxy_event_voltage
33.200000,1.00000000,travis_proxy_event_voltage
33.220000,1.00000000,travis_proxy_event_voltage
33.240000,1.00000000,travis_proxy_event_voltage
33.260000,1.00000000,travis_proxy_event_voltage
33.280000,1.00000000,travis_proxy_event_voltage
33.300000,1.00000000,travis_proxy_event_voltage
33.320000,1.00000000,travis_proxy_event_voltage
33.340000,1.00000000,travis_proxy_event_voltage
33.360000,1.00000000,travis_proxy_event_voltage
33.380000,1.00000000,travis_proxy_event_voltage
33.400000,1.00000000,travis_proxy_event_voltage
33.420000,1.00000000,travis_proxy_event_voltage
33.440000,1.00000000,travis_proxy_event_voltage
33.460000,1.00000000,travis_proxy_event_voltage
33.480000,1.00000000,travis_proxy_event_voltage
33.500000,1.00000000,travis_proxy_event_voltage
33.520000,1.00000000,travis_proxy_event_voltage
33.540000,1.00000000,travis_proxy_event_voltage
33.560000,1.00000000,travis_proxy_event_voltage
33.580000,1.00000000,travis_proxy_event_voltage
33.600000,1.00000000,travis_proxy_event_voltage
33.620000,1.00000000,travis_proxy_event_voltage
33.640000,1.00000000,travis_proxy_event_voltage
33.660000,1.00000000,travis_proxy_event_voltage
33.680000,1.00000000,travis_proxy_event_voltage
33.700000,1.00000000,travis_proxy_event_voltage
33.720000,1.00000000,travis_proxy_event_voltage
33.740000,1.00000000,travis_proxy_event_voltage
33.760000,1.00000000,travis_proxy_event_voltage
33.780000,1.00000000,travis_proxy_event_voltage
33.800000,1.00000000,travis_proxy_event_voltage
33.820000,1.00000000,travis_proxy_event_voltage
33.840000,1.00000000,travis_proxy_event_voltage
33.860000,1.00000000,travis_proxy_event_voltage
33.880000,1.00000000,travis_proxy_event_voltage
33.900000,1.00000000,travis_proxy_event_voltage
33.920000,1.00000000,travis_proxy_event_voltage
33.940000,1.00000000,travis_proxy_event_voltage
33.960000,1.00000000,travis_proxy_event_voltage
33.980000,1.00000000,travis_proxy_event_voltage
34.000000,1.00000000,travis_proxy_event_voltage
34.020000,1.00000000,travis_proxy_event_voltage
34.040000,1.00000000,travis_proxy_event_voltage
34.060000,1.00000000,travis_proxy_event_voltage
34.080000,1.00000000,travis_proxy_event_voltage
34.100000,1.00000000,travis_proxy_event_voltage
34.120000,1.00000000,travis_proxy_event_voltage
34.140000,1.00000000,travis_proxy_event_voltage
34.160000,1.00000000,travis_proxy_event_voltage
34.180000,1.00000000,travis_proxy_event_voltage
34.200000,1.00000000,travis_proxy_event_voltage
34.220000,1.00000000,travis_proxy_event_voltage
34.240000,1.00000000,travis_proxy_event_voltage
34.260000,1.00000000,travis_proxy_event_voltage
34.280000,1.00000000,travis_proxy_event_voltage
34.300000,1.00000000,travis_proxy_event_voltage
34.320000,1.00000000,travis_proxy_event_voltage
34.340000,1.00000000,travis_proxy_event_voltage
34.360000,1.00000000,travis_proxy_event_voltage
34.380000,1.00000000,travis_proxy_event_voltage
34.400000,1.00000000,travis_proxy_event_voltage
34.420000,1.00000000,travis_proxy_event_voltage
34.440000,1.00000000,travis_proxy_event_voltage
34.460000,1.00000000,travis_proxy_event_voltage
34.480000,1.00000000,travis_proxy_event_voltage
34.500000,1.00000000,travis_proxy_event_voltage
34.520000,1.00000000,travis_proxy_event_voltage
34.540000,1.00000000,travis_proxy_event_voltage
34.560000,1.00000000,travis_proxy_event_voltage
34.580000,1.00000000,travis_proxy_event_voltage
34.600000,1.00000000,travis_proxy_event_voltage
34.620000,1.00000000,travis_proxy_event_voltage
34.640000,1.00000000,travis_proxy_event_voltage
34.660000,1.00000000,travis_proxy_event_voltage
34.680000,1.00000000,travis_proxy_event_voltage
34.700000,1.00000000,travis_proxy_event_voltage
34.720000,1.00000000,travis_proxy_event_voltage
34.740000,1.00000000,travis_proxy_event_voltage
34.760000,1.00000000,travis_proxy_event_voltage
34.780000,1.00000000,travis_proxy_event_voltage
34.800000,1.00000000,travis_proxy_event_voltage
34.820000,1.00000000,travis_proxy_event_voltage
34.840000,1.00000000,travis_proxy_event_voltage
34.860000,1.00000000,travis_proxy_event_voltage
34.880000,1.00000000,travis_proxy_event_voltage
34.900000,1.00000000,travis_proxy_event_voltage
34.920000,1.00000000,travis_proxy_event_voltage
34.940000,1.00000000,travis_proxy_event_voltage
34.960000,1.00000000,travis_proxy_event_voltage
34.980000,1.00000000,travis_proxy_event_voltage
35.000000,1.00000000,travis_proxy_event_voltage
35.020000,1.00000000,travis_proxy_event_voltage
35.040000,1.00000000,travis_proxy_event_voltage
35.060000,1.00000000,travis_proxy_event_voltage
35.080000,1.00000000,travis_proxy_event_voltage
35.100000,1.00000000,travis_proxy_event_voltage
35.120000,1.00000000,travis_proxy_event_voltage
35.140000,1.00000000,travis_proxy_event_voltage
35.160000,1.00000000,travis_proxy_event_voltage
35.180000,1.00000000,travis_proxy_event_voltage
35.200000,1.00000000,travis_proxy_event_voltage
35.220000,1.00000000,travis_proxy_event_voltage
35.240000,1.00000000,travis_proxy_event_voltage
35.260000,1.00000000,travis_proxy_event_voltage
35.280000,1.00000000,travis_proxy_event_voltage
35.300000,1.00000000,travis_proxy_event_voltage
35.320000,1.00000000,travis_proxy_event_voltage
35.340000,1.00000000,travis_proxy_event_voltage
35.360000,1.00000000,travis_proxy_event_voltage
35.380000,1.00000000,travis_proxy_event_voltage
35.400000,1.00000000,travis_proxy_event_voltage
35.420000,1.00000000,travis_proxy_event_voltage
35.440000,1.00000000,travis_proxy_event_voltage
35.460000,1.00000000,travis_proxy_event_voltage
35.480000,1.00000000,travis_proxy_event_voltage
35.500000,1.00000000,travis_proxy_event_voltage
35.520000,1.00000000,travis_proxy_event_voltage
35.540000,1.00000000,travis_proxy_event_voltage
35.560000,1.00000000,travis_proxy_event_voltage
35.580000,1.00000000,travis_proxy_event_voltage
35.600000,1.00000000,travis_proxy_event_voltage
35.620000,1.00000000,travis_proxy_event_voltage
35.640000,1.00000000,travis_proxy_event_voltage
35.660000,1.00000000,travis_proxy_event_voltage
35.680000,1.00000000,travis_proxy_event_voltage
35.700000,1.00000000,travis_proxy_event_voltage
35.720000,1.00000000,travis_proxy_event_voltage
35.740000,1.00000000,travis_proxy_event_voltage
35.760000,1.00000000,travis_proxy_event_voltage
35.780000,1.00000000,travis_proxy_event_voltage
35.800000,1.00000000,travis_proxy_event_voltage
35.820000,1.00000000,travis_proxy_event_voltage
35.840000,1.00000000,travis_proxy_event_voltage
35.860000,1.00000000,travis_proxy_event_voltage
35.880000,1.00000000,travis_proxy_event_voltage
35.900000,1.00000000,travis_proxy_event_voltage
35.920000,1.00000000,travis_proxy_event_voltage
35.940000,1.00000000,travis_proxy_event_voltage
35.960000,1.00000000,travis_proxy_event_voltage
35.980000,1.00000000,travis_proxy_event_voltage
36.000000,1.00000000,travis_proxy_event_voltage
36.020000,1.00000000,travis_proxy_event_voltage
36.040000,1.00000000,travis_proxy_event_voltage
36.060000,1.00000000,travis_proxy_event_voltage
36.080000,1.00000000,travis_proxy_event_voltage
36.100000,1.00000000,travis_proxy_event_voltage
36.120000,1.00000000,travis_proxy_event_voltage
36.140000,1.00000000,travis_proxy_event_voltage
36.160000,1.00000000,travis_proxy_event_voltage
36.180000,1.00000000,travis_proxy_event_voltage
36.200000,1.00000000,travis_proxy_event_voltage
36.220000,1.00000000,travis_proxy_event_voltage
36.240000,1.00000000,travis_proxy_event_voltage
36.260000,1.00000000,travis_proxy_event_voltage
36.280000,1.00000000,travis_proxy_event_voltage
36.300000,1.00000000,travis_proxy_event_voltage
36.320000,1.00000000,travis_proxy_event_voltage
36.340000,1.00000000,travis_proxy_event_voltage
36.360000,1.00000000,travis_proxy_event_voltage
36.380000,1.00000000,travis_proxy_event_voltage
36.400000,1.00000000,travis_proxy_event_voltage
36.420000,1.00000000,travis_proxy_event_voltage
36.440000,1.00000000,travis_proxy_event_voltage
36.460000,1.00000000,travis_proxy_event_voltage
36.480000,1.00000000,travis_proxy_event_voltage
36.500000,1.00000000,travis_proxy_event_voltage
36.520000,1.00000000,travis_proxy_event_voltage
36.540000,1.00000000,travis_proxy_event_voltage
36.560000,1.00000000,travis_proxy_event_voltage
36.580000,1.00000000,travis_proxy_event_voltage
36.600000,1.00000000,travis_proxy_event_voltage
36.620000,1.00000000,travis_proxy_event_voltage
36.640000,1.00000000,travis_proxy_event_voltage
36.660000,1.00000000,travis_proxy_event_voltage
36.680000,1.00000000,travis_proxy_event_voltage
36.700000,1.00000000,travis_proxy_event_voltage
36.720000,1.00000000,travis_proxy_event_voltage
36.740000,1.00000000,travis_proxy_event_voltage
36.760000,1.00000000,travis_proxy_event_voltage
36.780000,1.00000000,travis_proxy_event_voltage
36.800000,1.00000000,travis_proxy_event_voltage
36.820000,1.00000000,travis_proxy_event_voltage
36.840000,1.00000000,travis_proxy_event_voltage
36.860000,1.00000000,travis_proxy_event_voltage
36.880000,1.00000000,travis_proxy_event_voltage
36.900000,1.00000000,travis_proxy_event_voltage
36.920000,1.00000000,travis_proxy_event_voltage
36.940000,1.00000000,travis_proxy_event_voltage
36.960000,1.00000000,travis_proxy_event_voltage
36.980000,1.00000000,travis_proxy_event_voltage
37.000000,1.00000000,travis_proxy_event_voltage
37.020000,1.00000000,travis_proxy_event_voltage
37.040000,1.00000000,travis_proxy_event_voltage
37.060000,1.00000000,travis_proxy_event_voltage
37.080000,1.00000000,travis_proxy_event_voltage
37.100000,1.00000000,travis_proxy_event_voltage
37.120000,1.00000000,travis_proxy_event_voltage
37.140000,1.00000000,travis_proxy_event_voltage
37.160000,1.00000000,travis_proxy_event_voltage
37.180000,1.00000000,travis_proxy_event_voltage
37.200000,1.00000000,travis_proxy_event_voltage
37.220000,1.00000000,travis_proxy_event_voltage
37.240000,1.00000000,travis_proxy_event_voltage
37.260000,1.00000000,travis_proxy_event_voltage
37.280000,1.00000000,travis_proxy_event_voltage
37.300000,1.00000000,travis_proxy_event_voltage
37.320000,1.00000000,travis_proxy_event_voltage
37.340000,1.00000000,travis_proxy_event_voltage
37.360000,1.00000000,travis_proxy_event_voltage
37.380000,1.00000000,travis_proxy_event_voltage
37.400000,1.00000000,travis_proxy_event_voltage
37.420000,1.00000000,travis_proxy_event_voltage
37.440000,1.00000000,travis_proxy_event_voltage
37.460000,1.00000000,travis_proxy_event_voltage
37.480000,1.00000000,travis_proxy_event_voltage
37.500000,1.00000000,travis_proxy_event_voltage
37.520000,1.00000000,travis_proxy_event_voltage
37.540000,1.00000000,travis_proxy_event_voltage
37.560000,1.00000000,travis_proxy_event_voltage
37.580000,1.00000000,travis_proxy_event_voltage
37.600000,1.00000000,travis_proxy_event_voltage
37.620000,1.00000000,travis_proxy_event_voltage
37.640000,1.00000000,travis_proxy_event_voltage
37.660000,1.00000000,travis_proxy_event_voltage
37.680000,1.00000000,travis_proxy_event_voltage
37.700000,1.00000000,travis_proxy_event_voltage
37.720000,1.00000000,travis_proxy_event_voltage
37.740000,1.00000000,travis_proxy_event_voltage
37.760000,1.00000000,travis_proxy_event_voltage
37.780000,1.00000000,travis_proxy_event_voltage
37.800000,1.00000000,travis_proxy_event_voltage
37.820000,1.00000000,travis_proxy_event_voltage
37.840000,1.00000000,travis_proxy_event_voltage
37.860000,1.00000000,travis_proxy_event_voltage
37.880000,1.00000000,travis_proxy_event_voltage
37.900000,1.00000000,travis_proxy_event_voltage
37.920000,1.00000000,travis_proxy_event_voltage
37.940000,1.00000000,travis_proxy_event_voltage
37.960000,1.00000000,travis_proxy_event_voltage
37.980000,1.00000000,travis_proxy_event_voltage
38.000000,1.00000000,travis_proxy_event_voltage
38.020000,1.00000000,travis_proxy_event_voltage
38.040000,1.00000000,travis_proxy_event_voltage
38.060000,1.00000000,travis_proxy_event_voltage
38.080000,1.00000000,travis_proxy_event_voltage
38.100000,1.00000000,travis_proxy_event_voltage
38.120000,1.00000000,travis_proxy_event_voltage
38.140000,1.00000000,travis_proxy_event_voltage
38.160000,1.00000000,travis_proxy_event_voltage
38.180000,1.00000000,travis_proxy_event_voltage
38.200000,1.00000000,travis_proxy_event_voltage
38.220000,1.00000000,travis_proxy_event_voltage
38.240000,1.00000000,travis_proxy_event_voltage
38.260000,1.00000000,travis_proxy_event_voltage
38.280000,1.00000000,travis_proxy_event_voltage
38.300000,1.00000000,travis_proxy_event_voltage
38.320000,1.00000000,travis_proxy_event_voltage
38.340000,1.00000000,travis_proxy_event_voltage
38.360000,1.00000000,travis_proxy_event_voltage
38.380000,1.00000000,travis_proxy_event_voltage
38.400000,1.00000000,travis_proxy_event_voltage
38.420000,1.00000000,travis_proxy_event_voltage
38.440000,1.00000000,travis_proxy_event_voltage
38.460000,1.00000000,travis_proxy_event_voltage
38.480000,1.00000000,travis_proxy_event_voltage
38.500000,1.00000000,travis_proxy_event_voltage
38.520000,1.00000000,travis_proxy_event_voltage
38.540000,1.00000000,travis_proxy_event_voltage
38.560000,1.00000000,travis_proxy_event_voltage
38.580000,1.00000000,travis_proxy_event_voltage
38.600000,1.00000000,travis_proxy_event_voltage
38.620000,1.00000000,travis_proxy_event_voltage
38.640000,1.00000000,travis_proxy_event_voltage
38.660000,1.00000000,travis_proxy_event_voltage
38.680000,1.00000000,travis_proxy_event_voltage
38.700000,1.00000000,travis_proxy_event_voltage
38.720000,1.00000000,travis_proxy_event_voltage
38.740000,1.00000000,travis_proxy_event_voltage
38.760000,1.00000000,travis_proxy_event_voltage
38.780000,1.00000000,travis_proxy_event_voltage
38.800000,1.00000000,travis_proxy_event_voltage
38.820000,1.00000000,travis_proxy_event_voltage
38.840000,1.00000000,travis_proxy_event_voltage
38.860000,1.00000000,travis_proxy_event_voltage
38.880000,1.00000000,travis_proxy_event_voltage
38.900000,1.00000000,travis_proxy_event_voltage
38.920000,1.00000000,travis_proxy_event_voltage
38.940000,1.00000000,travis_proxy_event_voltage
38.960000,1.00000000,travis_proxy_event_voltage
38.980000,1.00000000,travis_proxy_event_voltage
39.000000,1.00000000,travis_proxy_event_voltage
39.020000,1.00000000,travis_proxy_event_voltage
39.040000,1.00000000,travis_proxy_event_voltage
39.060000,1.00000000,travis_proxy_event_voltage
39.080000,1.00000000,travis_proxy_event_voltage
39.100000,1.00000000,travis_proxy_event_voltage
39.120000,1.00000000,travis_proxy_event_voltage
39.140000,1.00000000,travis_proxy_event_voltage
39.160000,1.00000000,travis_proxy_event_voltage
39.180000,1.00000000,travis_proxy_event_voltage
39.200000,1.00000000,travis_proxy_event_voltage
39.220000,1.00000000,travis_proxy_event_voltage
39.240000,1.00000000,travis_proxy_event_voltage
39.260000,1.00000000,travis_proxy_event_voltage
39.280000,1.00000000,travis_proxy_event_voltage
39.300000,1.00000000,travis_proxy_event_voltage
39.320000,1.00000000,travis_proxy_event_voltage
39.340000,1.00000000,travis_proxy_event_voltage
39.360000,1.00000000,travis_proxy_event_voltage
39.380000,1.00000000,travis_proxy_event_voltage
39.400000,1.00000000,travis_proxy_event_voltage
39.420000,1.00000000,travis_proxy_event_voltage
39.440000,1.00000000,travis_proxy_event_voltage
39.460000,1.00000000,travis_proxy_event_voltage
39.480000,1.00000000,travis_proxy_event_voltage
39.500000,1.00000000,travis_proxy_event_voltage
39.520000,1.00000000,travis_proxy_event_voltage
39.540000,1.00000000,travis_proxy_event_voltage
39.560000,1.00000000,travis_proxy_event_voltage
39.580000,1.00000000,travis_proxy_event_voltage
39.600000,1.00000000,travis_proxy_event_voltage
39.620000,1.00000000,travis_proxy_event_voltage
39.640000,1.00000000,travis_proxy_event_voltage
39.660000,1.00000000,travis_proxy_event_voltage
39.680000,1.00000000,travis_proxy_event_voltage
39.700000,1.00000000,travis_proxy_event_voltage
39.720000,1.00000000,travis_proxy_event_voltage
39.740000,1.00000000,travis_proxy_event_voltage
39.760000,1.00000000,travis_proxy_event_voltage
39.780000,1.00000000,travis_proxy_event_voltage
39.800000,1.00000000,travis_proxy_event_voltage
39.820000,1.00000000,travis_proxy_event_voltage
39.840000,1.00000000,travis_proxy_event_voltage
39.860000,1.00000000,travis_proxy_event_voltage
39.880000,1.00000000,travis_proxy_event_voltage
39.900000,1.00000000,travis_proxy_event_voltage
39.920000,1.00000000,travis_proxy_event_voltage
39.940000,1.00000000,travis_proxy_event_voltage
39.960000,1.00000000,travis_proxy_event_voltage
39.980000,1.00000000,travis_proxy_event_voltage
40.000000,1.00000000,travis_proxy_event_voltage
40.020000,1.00000000,travis_proxy_event_voltage
40.040000,1.00000000,travis_proxy_event_voltage
40.060000,1.00000000,travis_proxy_event_voltage
40.080000,1.00000000,travis_proxy_event_voltage
40.100000,1.00000000,travis_proxy_event_voltage
40.120000,1.00000000,travis_proxy_event_voltage
40.140000,1.00000000,travis_proxy_event_voltage
40.160000,1.00000000,travis_proxy_event_voltage
40.180000,1.00000000,travis_proxy_event_voltage
40.200000,1.00000000,travis_proxy_event_voltage
40.220000,1.00000000,travis_proxy_event_voltage
40.240000,1.00000000,travis_proxy_event_voltage
40.260000,1.00000000,travis_proxy_event_voltage
40.280000,1.00000000,travis_proxy_event_voltage
40.300000,1.00000000,travis_proxy_event_voltage
40.320000,1.00000000,travis_proxy_event_voltage
40.340000,1.00000000,travis_proxy_event_voltage
40.360000,1.00000000,travis_proxy_event_voltage
40.380000,1.00000000,travis_proxy_event_voltage
40.400000,1.00000000,travis_proxy_event_voltage
40.420000,1.00000000,travis_proxy_event_voltage
40.440000,1.00000000,travis_proxy_event_voltage
40.460000,1.00000000,travis_proxy_event_voltage
40.480000,1.00000000,travis_proxy_event_voltage
40.500000,1.00000000,travis_proxy_event_voltage
40.520000,1.00000000,travis_proxy_event_voltage
40.540000,1.00000000,travis_proxy_event_voltage
40.560000,1.00000000,travis_proxy_event_voltage
40.580000,1.00000000,travis_proxy_event_voltage
40.600000,1.00000000,travis_proxy_event_voltage
40.620000,1.00000000,travis_proxy_event_voltage
40.640000,1.00000000,travis_proxy_event_voltage
40.660000,1.00000000,travis_proxy_event_voltage
40.680000,1.00000000,travis_proxy_event_voltage
40.700000,1.00000000,travis_proxy_event_voltage
40.720000,1.00000000,travis_proxy_event_voltage
40.740000,1.00000000,travis_proxy_event_voltage
40.760000,1.00000000,travis_proxy_event_voltage
40.780000,1.00000000,travis_proxy_event_voltage
40.800000,1.00000000,travis_proxy_event_voltage
40.820000,1.00000000,travis_proxy_event_voltage
40.840000,1.00000000,travis_proxy_event_voltage
40.860000,1.00000000,travis_proxy_event_voltage
40.880000,1.00000000,travis_proxy_event_voltage
40.900000,1.00000000,travis_proxy_event_voltage
40.920000,1.00000000,travis_proxy_event_voltage
40.940000,1.00000000,travis_proxy_event_voltage
40.960000,1.00000000,travis_proxy_event_voltage
40.980000,1.00000000,travis_proxy_event_voltage
41.000000,1.00000000,travis_proxy_event_voltage
41.020000,1.00000000,travis_proxy_event_voltage
41.040000,1.00000000,travis_proxy_event_voltage
41.060000,1.00000000,travis_proxy_event_voltage
41.080000,1.00000000,travis_proxy_event_voltage
41.100000,1.00000000,travis_proxy_event_voltage
41.120000,1.00000000,travis_proxy_event_voltage
41.140000,1.00000000,travis_proxy_event_voltage
41.160000,1.00000000,travis_proxy_event_voltage
41.180000,1.00000000,travis_proxy_event_voltage
41.200000,1.00000000,travis_proxy_event_voltage
41.220000,1.00000000,travis_proxy_event_voltage
41.240000,1.00000000,travis_proxy_event_voltage
41.260000,1.00000000,travis_proxy_event_voltage
41.280000,1.00000000,travis_proxy_event_voltage
41.300000,1.00000000,travis_proxy_event_voltage
41.320000,1.00000000,travis_proxy_event_voltage
41.340000,1.00000000,travis_proxy_event_voltage
41.360000,1.00000000,travis_proxy_event_voltage
41.380000,1.00000000,travis_proxy_event_voltage
41.400000,1.00000000,travis_proxy_event_voltage
41.420000,1.00000000,travis_proxy_event_voltage
41.440000,1.00000000,travis_proxy_event_voltage
41.460000,1.00000000,travis_proxy_event_voltage
41.480000,1.00000000,travis_proxy_event_voltage
41.500000,1.00000000,travis_proxy_event_voltage
41.520000,1.00000000,travis_proxy_event_voltage
41.540000,1.00000000,travis_proxy_event_voltage
41.560000,1.00000000,travis_proxy_event_voltage
41.580000,1.00000000,travis_proxy_event_voltage
41.600000,1.00000000,travis_proxy_event_voltage
41.620000,1.00000000,travis_proxy_event_voltage
41.640000,1.00000000,travis_proxy_event_voltage
41.660000,1.00000000,travis_proxy_event_voltage
41.680000,1.00000000,travis_proxy_event_voltage
41.700000,1.00000000,travis_proxy_event_voltage
41.720000,1.00000000,travis_proxy_event_voltage
41.740000,1.00000000,travis_proxy_event_voltage
41.760000,1.00000000,travis_proxy_event_voltage
41.780000,1.00000000,travis_proxy_event_voltage
41.800000,1.00000000,travis_proxy_event_voltage
41.820000,1.00000000,travis_proxy_event_voltage
41.840000,1.00000000,travis_proxy_event_voltage
41.860000,1.00000000,travis_proxy_event_voltage
41.880000,1.00000000,travis_proxy_event_voltage
41.900000,1.00000000,travis_proxy_event_voltage
41.920000,1.00000000,travis_proxy_event_voltage
41.940000,1.00000000,travis_proxy_event_voltage
41.960000,1.00000000,travis_proxy_event_voltage
41.980000,1.00000000,travis_proxy_event_voltage
42.000000,1.00000000,travis_proxy_event_voltage
42.020000,1.00000000,travis_proxy_event_voltage
42.040000,1.00000000,travis_proxy_event_voltage
42.060000,1.00000000,travis_proxy_event_voltage
42.080000,1.00000000,travis_proxy_event_voltage
42.100000,1.00000000,travis_proxy_event_voltage
42.120000,1.00000000,travis_proxy_event_voltage
42.140000,1.00000000,travis_proxy_event_voltage
42.160000,1.00000000,travis_proxy_event_voltage
42.180000,1.00000000,travis_proxy_event_voltage
42.200000,1.00000000,travis_proxy_event_voltage
42.220000,1.00000000,travis_proxy_event_voltage
42.240000,1.00000000,travis_proxy_event_voltage
42.260000,1.00000000,travis_proxy_event_voltage
42.280000,1.00000000,travis_proxy_event_voltage
42.300000,1.00000000,travis_proxy_event_voltage
42.320000,1.00000000,travis_proxy_event_voltage
42.340000,1.00000000,travis_proxy_event_voltage
42.360000,1.00000000,travis_proxy_event_voltage
42.380000,1.00000000,travis_proxy_event_voltage
42.400000,1.00000000,travis_proxy_event_voltage
42.420000,1.00000000,travis_proxy_event_voltage
42.440000,1.00000000,travis_proxy_event_voltage
42.460000,1.00000000,travis_proxy_event_voltage
42.480000,1.00000000,travis_proxy_event_voltage
42.500000,1.00000000,travis_proxy_event_voltage
42.520000,1.00000000,travis_proxy_event_voltage
42.540000,1.00000000,travis_proxy_event_voltage
42.560000,1.00000000,travis_proxy_event_voltage
42.580000,1.00000000,travis_proxy_event_voltage
42.600000,1.00000000,travis_proxy_event_voltage
42.620000,1.00000000,travis_proxy_event_voltage
42.640000,1.00000000,travis_proxy_event_voltage
42.660000,1.00000000,travis_proxy_event_voltage
42.680000,1.00000000,travis_proxy_event_voltage
42.700000,1.00000000,travis_proxy_event_voltage
42.720000,1.00000000,travis_proxy_event_voltage
42.740000,1.00000000,travis_proxy_event_voltage
42.760000,1.00000000,travis_proxy_event_voltage
42.780000,1.00000000,travis_proxy_event_voltage
42.800000,1.00000000,travis_proxy_event_voltage
42.820000,1.00000000,travis_proxy_event_voltage
42.840000,1.00000000,travis_proxy_event_voltage
42.860000,1.00000000,travis_proxy_event_voltage
42.880000,1.00000000,travis_proxy_event_voltage
42.900000,1.00000000,travis_proxy_event_voltage
42.920000,1.00000000,travis_proxy_event_voltage
42.940000,1.00000000,travis_proxy_event_voltage
42.960000,1.00000000,travis_proxy_event_voltage
42.980000,1.00000000,travis_proxy_event_voltage
43.000000,1.00000000,travis_proxy_event_voltage
43.020000,1.00000000,travis_proxy_event_voltage
43.040000,1.00000000,travis_proxy_event_voltage
43.060000,1.00000000,travis_proxy_event_voltage
43.080000,1.00000000,travis_proxy_event_voltage
43.100000,1.00000000,travis_proxy_event_voltage
43.120000,1.00000000,travis_proxy_event_voltage
43.140000,1.00000000,travis_proxy_event_voltage
43.160000,1.00000000,travis_proxy_event_voltage
43.180000,1.00000000,travis_proxy_event_voltage
43.200000,1.00000000,travis_proxy_event_voltage
43.220000,1.00000000,travis_proxy_event_voltage
43.240000,1.00000000,travis_proxy_event_voltage
43.260000,1.00000000,travis_proxy_event_voltage
43.280000,1.00000000,travis_proxy_event_voltage
43.300000,1.00000000,travis_proxy_event_voltage
43.320000,1.00000000,travis_proxy_event_voltage
43.340000,1.00000000,travis_proxy_event_voltage
43.360000,1.00000000,travis_proxy_event_voltage
43.380000,1.00000000,travis_proxy_event_voltage
43.400000,1.00000000,travis_proxy_event_voltage
43.420000,1.00000000,travis_proxy_event_voltage
43.440000,1.00000000,travis_proxy_event_voltage
43.460000,1.00000000,travis_proxy_event_voltage
43.480000,1.00000000,travis_proxy_event_voltage
43.500000,1.00000000,travis_proxy_event_voltage
43.520000,1.00000000,travis_proxy_event_voltage
43.540000,1.00000000,travis_proxy_event_voltage
43.560000,1.00000000,travis_proxy_event_voltage
43.580000,1.00000000,travis_proxy_event_voltage
43.600000,1.00000000,travis_proxy_event_voltage
43.620000,1.00000000,travis_proxy_event_voltage
43.640000,1.00000000,travis_proxy_event_voltage
43.660000,1.00000000,travis_proxy_event_voltage
43.680000,1.00000000,travis_proxy_event_voltage
43.700000,1.00000000,travis_proxy_event_voltage
43.720000,1.00000000,travis_proxy_event_voltage
43.740000,1.00000000,travis_proxy_event_voltage
43.760000,1.00000000,travis_proxy_event_voltage
43.780000,1.00000000,travis_proxy_event_voltage
43.800000,1.00000000,travis_proxy_event_voltage
43.820000,1.00000000,travis_proxy_event_voltage
43.840000,1.00000000,travis_proxy_event_voltage
43.860000,1.00000000,travis_proxy_event_voltage
43.880000,1.00000000,travis_proxy_event_voltage
43.900000,1.00000000,travis_proxy_event_voltage
43.920000,1.00000000,travis_proxy_event_voltage
43.940000,1.00000000,travis_proxy_event_voltage
43.960000,1.00000000,travis_proxy_event_voltage
43.980000,1.00000000,travis_proxy_event_voltage
44.000000,1.00000000,travis_proxy_event_voltage
44.020000,1.00000000,travis_proxy_event_voltage
44.040000,1.00000000,travis_proxy_event_voltage
44.060000,1.00000000,travis_proxy_event_voltage
44.080000,1.00000000,travis_proxy_event_voltage
44.100000,1.00000000,travis_proxy_event_voltage
44.120000,1.00000000,travis_proxy_event_voltage
44.140000,1.00000000,travis_proxy_event_voltage
44.160000,1.00000000,travis_proxy_event_voltage
44.180000,1.00000000,travis_proxy_event_voltage
44.200000,1.00000000,travis_proxy_event_voltage
44.220000,1.00000000,travis_proxy_event_voltage
44.240000,1.00000000,travis_proxy_event_voltage
44.260000,1.00000000,travis_proxy_event_voltage
44.280000,1.00000000,travis_proxy_event_voltage
44.300000,1.00000000,travis_proxy_event_voltage
44.320000,1.00000000,travis_proxy_event_voltage
44.340000,1.00000000,travis_proxy_event_voltage
44.360000,1.00000000,travis_proxy_event_voltage
44.380000,1.00000000,travis_proxy_event_voltage
44.400000,1.00000000,travis_proxy_event_voltage
44.420000,1.00000000,travis_proxy_event_voltage
44.440000,1.00000000,travis_proxy_event_voltage
44.460000,1.00000000,travis_proxy_event_voltage
44.480000,1.00000000,travis_proxy_event_voltage
44.500000,1.00000000,travis_proxy_event_voltage
44.520000,1.00000000,travis_proxy_event_voltage
44.540000,1.00000000,travis_proxy_event_voltage
44.560000,1.00000000,travis_proxy_event_voltage
44.580000,1.00000000,travis_proxy_event_voltage
44.600000,1.00000000,travis_proxy_event_voltage
44.620000,1.00000000,travis_proxy_event_voltage
44.640000,1.00000000,travis_proxy_event_voltage
44.660000,1.00000000,travis_proxy_event_voltage
44.680000,1.00000000,travis_proxy_event_voltage
44.700000,1.00000000,travis_proxy_event_voltage
44.720000,1.00000000,travis_proxy_event_voltage
44.740000,1.00000000,travis_proxy_event_voltage
44.760000,1.00000000,travis_proxy_event_voltage
44.780000,1.00000000,travis_proxy_event_voltage
44.800000,1.00000000,travis_proxy_event_voltage
44.820000,1.00000000,travis_proxy_event_voltage
44.840000,1.00000000,travis_proxy_event_voltage
44.860000,1.00000000,travis_proxy_event_voltage
44.880000,1.00000000,travis_proxy_event_voltage
44.900000,1.00000000,travis_proxy_event_voltage
44.920000,1.00000000,travis_proxy_event_voltage
44.940000,1.00000000,travis_proxy_event_voltage
44.960000,1.00000000,travis_proxy_event_voltage
44.980000,1.00000000,travis_proxy_event_voltage
45.000000,1.00000000,travis_proxy_event_voltage
45.020000,1.00000000,travis_proxy_event_voltage
45.040000,1.00000000,travis_proxy_event_voltage
45.060000,1.00000000,travis_proxy_event_voltage
45.080000,1.00000000,travis_proxy_event_voltage
45.100000,1.00000000,travis_proxy_event_voltage
45.120000,1.00000000,travis_proxy_event_voltage
45.140000,1.00000000,travis_proxy_event_voltage
45.160000,1.00000000,travis_proxy_event_voltage
45.180000,1.00000000,travis_proxy_event_voltage
45.200000,1.00000000,travis_proxy_event_voltage
45.220000,1.00000000,travis_proxy_event_voltage
45.240000,1.00000000,travis_proxy_event_voltage
45.260000,1.00000000,travis_proxy_event_voltage
45.280000,1.00000000,travis_proxy_event_voltage
45.300000,1.00000000,travis_proxy_event_voltage
45.320000,1.00000000,travis_proxy_event_voltage
45.340000,1.00000000,travis_proxy_event_voltage
45.360000,1.00000000,travis_proxy_event_voltage
45.380000,1.00000000,travis_proxy_event_voltage
45.400000,1.00000000,travis_proxy_event_voltage
45.420000,1.00000000,travis_proxy_event_voltage
45.440000,1.00000000,travis_proxy_event_voltage
45.460000,1.00000000,travis_proxy_event_voltage
45.480000,1.00000000,travis_proxy_event_voltage
45.500000,1.00000000,travis_proxy_event_voltage
45.520000,1.00000000,travis_proxy_event_voltage
45.540000,1.00000000,travis_proxy_event_voltage
45.560000,1.00000000,travis_proxy_event_voltage
45.580000,1.00000000,travis_proxy_event_voltage
45.600000,1.00000000,travis_proxy_event_voltage
45.620000,1.00000000,travis_proxy_event_voltage
45.640000,1.00000000,travis_proxy_event_voltage
45.660000,1.00000000,travis_proxy_event_voltage
45.680000,1.00000000,travis_proxy_event_voltage
45.700000,1.00000000,travis_proxy_event_voltage
45.720000,1.00000000,travis_proxy_event_voltage
45.740000,1.00000000,travis_proxy_event_voltage
45.760000,1.00000000,travis_proxy_event_voltage
45.780000,1.00000000,travis_proxy_event_voltage
45.800000,1.00000000,travis_proxy_event_voltage
45.820000,1.00000000,travis_proxy_event_voltage
45.840000,1.00000000,travis_proxy_event_voltage
45.860000,1.00000000,travis_proxy_event_voltage
45.880000,1.00000000,travis_proxy_event_voltage
45.900000,1.00000000,travis_proxy_event_voltage
45.920000,1.00000000,travis_proxy_event_voltage
45.940000,1.00000000,travis_proxy_event_voltage
45.960000,1.00000000,travis_proxy_event_voltage
45.980000,1.00000000,travis_proxy_event_voltage
46.000000,1.00000000,travis_proxy_event_voltage
46.020000,1.00000000,travis_proxy_event_voltage
46.040000,1.00000000,travis_proxy_event_voltage
46.060000,1.00000000,travis_proxy_event_voltage
46.080000,1.00000000,travis_proxy_event_voltage
46.100000,1.00000000,travis_proxy_event_voltage
46.120000,1.00000000,travis_proxy_event_voltage
46.140000,1.00000000,travis_proxy_event_voltage
46.160000,1.00000000,travis_proxy_event_voltage
46.180000,1.00000000,travis_proxy_event_voltage
46.200000,1.00000000,travis_proxy_event_voltage
46.220000,1.00000000,travis_proxy_event_voltage
46.240000,1.00000000,travis_proxy_event_voltage
46.260000,1.00000000,travis_proxy_event_voltage
46.280000,1.00000000,travis_proxy_event_voltage
46.300000,1.00000000,travis_proxy_event_voltage
46.320000,1.00000000,travis_proxy_event_voltage
46.340000,1.00000000,travis_proxy_event_voltage
46.360000,1.00000000,travis_proxy_event_voltage
46.380000,1.00000000,travis_proxy_event_voltage
46.400000,0.35000000,travis_proxy_event_voltage
46.420000,0.35000000,travis_proxy_event_voltage
46.440000,0.35000000,travis_proxy_event_voltage
46.460000,1.00000000,travis_proxy_event_voltage
46.480000,1.00000000,travis_proxy_event_voltage
46.500000,1.00000000,travis_proxy_event_voltage
46.520000,1.00000000,travis_proxy_event_voltage
46.540000,1.00000000,travis_proxy_event_voltage
46.560000,1.00000000,travis_proxy_event_voltage
46.580000,1.00000000,travis_proxy_event_voltage
46.600000,1.00000000,travis_proxy_event_voltage
46.620000,1.00000000,travis_proxy_event_voltage
46.640000,1.00000000,travis_proxy_event_voltage
46.660000,1.00000000,travis_proxy_event_voltage
46.680000,1.00000000,travis_proxy_event_voltage
46.700000,1.00000000,travis_proxy_event_voltage
46.720000,1.00000000,travis_proxy_event_voltage
46.740000,1.00000000,travis_proxy_event_voltage
46.760000,1.00000000,travis_proxy_event_voltage
46.780000,1.00000000,travis_proxy_event_voltage
46.800000,1.00000000,travis_proxy_event_voltage
46.820000,1.00000000,travis_proxy_event_voltage
46.840000,1.00000000,travis_proxy_event_voltage
46.860000,1.00000000,travis_proxy_event_voltage
46.880000,1.00000000,travis_proxy_event_voltage
46.900000,1.00000000,travis_proxy_event_voltage
46.920000,1.00000000,travis_proxy_event_voltage
46.940000,1.00000000,travis_proxy_event_voltage
46.960000,1.00000000,travis_proxy_event_voltage
46.980000,1.00000000,travis_proxy_event_voltage
47.000000,1.00000000,travis_proxy_event_voltage
47.020000,1.00000000,travis_proxy_event_voltage
47.040000,1.00000000,travis_proxy_event_voltage
47.060000,1.00000000,travis_proxy_event_voltage
47.080000,1.00000000,travis_proxy_event_voltage
47.100000,1.00000000,travis_proxy_event_voltage
47.120000,1.00000000,travis_proxy_event_voltage
47.140000,1.00000000,travis_proxy_event_voltage
47.160000,1.00000000,travis_proxy_event_voltage
47.180000,1.00000000,travis_proxy_event_voltage
47.200000,1.00000000,travis_proxy_event_voltage
47.220000,1.00000000,travis_proxy_event_voltage
47.240000,1.00000000,travis_proxy_event_voltage
47.260000,1.00000000,travis_proxy_event_voltage
47.280000,1.00000000,travis_proxy_event_voltage
47.300000,1.00000000,travis_proxy_event_voltage
47.320000,1.00000000,travis_proxy_event_voltage
47.340000,1.00000000,travis_proxy_event_voltage
47.360000,1.00000000,travis_proxy_event_voltage
47.380000,1.00000000,travis_proxy_event_voltage
47.400000,1.00000000,travis_proxy_event_voltage
47.420000,1.00000000,travis_proxy_event_voltage
47.440000,1.00000000,travis_proxy_event_voltage
47.460000,1.00000000,travis_proxy_event_voltage
47.480000,1.00000000,travis_proxy_event_voltage
47.500000,1.00000000,travis_proxy_event_voltage
47.520000,1.00000000,travis_proxy_event_voltage
47.540000,1.00000000,travis_proxy_event_voltage
47.560000,1.00000000,travis_proxy_event_voltage
47.580000,1.00000000,travis_proxy_event_voltage
47.600000,1.00000000,travis_proxy_event_voltage
47.620000,1.00000000,travis_proxy_event_voltage
47.640000,1.00000000,travis_proxy_event_voltage
47.660000,1.00000000,travis_proxy_event_voltage
47.680000,1.00000000,travis_proxy_event_voltage
47.700000,1.00000000,travis_proxy_event_voltage
47.720000,1.00000000,travis_proxy_event_voltage
47.740000,1.00000000,travis_proxy_event_voltage
47.760000,1.00000000,travis_proxy_event_voltage
47.780000,1.00000000,travis_proxy_event_voltage
47.800000,1.00000000,travis_proxy_event_voltage
47.820000,1.00000000,travis_proxy_event_voltage
47.840000,1.00000000,travis_proxy_event_voltage
47.860000,1.00000000,travis_proxy_event_voltage
47.880000,1.00000000,travis_proxy_event_voltage
47.900000,1.00000000,travis_proxy_event_voltage
47.920000,1.00000000,travis_proxy_event_voltage
47.940000,1.00000000,travis_proxy_event_voltage
47.960000,1.00000000,travis_proxy_event_voltage
47.980000,1.00000000,travis_proxy_event_voltage
48.000000,1.00000000,travis_proxy_event_voltage
48.020000,1.00000000,travis_proxy_event_voltage
48.040000,1.00000000,travis_proxy_event_voltage
48.060000,1.00000000,travis_proxy_event_voltage
48.080000,1.00000000,travis_proxy_event_voltage
48.100000,1.00000000,travis_proxy_event_voltage
48.120000,1.00000000,travis_proxy_event_voltage
48.140000,1.00000000,travis_proxy_event_voltage
48.160000,1.00000000,travis_proxy_event_voltage
48.180000,1.00000000,travis_proxy_event_voltage
48.200000,1.00000000,travis_proxy_event_voltage
48.220000,1.00000000,travis_proxy_event_voltage
48.240000,1.00000000,travis_proxy_event_voltage
48.260000,1.00000000,travis_proxy_event_voltage
48.280000,1.00000000,travis_proxy_event_voltage
48.300000,1.00000000,travis_proxy_event_voltage
48.320000,1.00000000,travis_proxy_event_voltage
48.340000,1.00000000,travis_proxy_event_voltage
48.360000,1.00000000,travis_proxy_event_voltage
48.380000,1.00000000,travis_proxy_event_voltage
48.400000,1.00000000,travis_proxy_event_voltage
48.420000,1.00000000,travis_proxy_event_voltage
48.440000,1.00000000,travis_proxy_event_voltage
48.460000,1.00000000,travis_proxy_event_voltage
48.480000,1.00000000,travis_proxy_event_voltage
48.500000,1.00000000,travis_proxy_event_voltage
48.520000,1.00000000,travis_proxy_event_voltage
48.540000,1.00000000,travis_proxy_event_voltage
48.560000,1.00000000,travis_proxy_event_voltage
48.580000,1.00000000,travis_proxy_event_voltage
48.600000,1.00000000,travis_proxy_event_voltage
48.620000,1.00000000,travis_proxy_event_voltage
48.640000,1.00000000,travis_proxy_event_voltage
48.660000,1.00000000,travis_proxy_event_voltage
48.680000,1.00000000,travis_proxy_event_voltage
48.700000,1.00000000,travis_proxy_event_voltage
48.720000,1.00000000,travis_proxy_event_voltage
48.740000,1.00000000,travis_proxy_event_voltage
48.760000,1.00000000,travis_proxy_event_voltage
48.780000,1.00000000,travis_proxy_event_voltage
48.800000,1.00000000,travis_proxy_event_voltage
48.820000,1.00000000,travis_proxy_event_voltage
48.840000,1.00000000,travis_proxy_event_voltage
48.860000,1.00000000,travis_proxy_event_voltage
48.880000,1.00000000,travis_proxy_event_voltage
48.900000,1.00000000,travis_proxy_event_voltage
48.920000,1.00000000,travis_proxy_event_voltage
48.940000,1.00000000,travis_proxy_event_voltage
48.960000,1.00000000,travis_proxy_event_voltage
48.980000,1.00000000,travis_proxy_event_voltage
49.000000,1.00000000,travis_proxy_event_voltage
49.020000,1.00000000,travis_proxy_event_voltage
49.040000,1.00000000,travis_proxy_event_voltage
49.060000,1.00000000,travis_proxy_event_voltage
49.080000,1.00000000,travis_proxy_event_voltage
49.100000,1.00000000,travis_proxy_event_voltage
49.120000,1.00000000,travis_proxy_event_voltage
49.140000,1.00000000,travis_proxy_event_voltage
49.160000,1.00000000,travis_proxy_event_voltage
49.180000,1.00000000,travis_proxy_event_voltage
49.200000,1.00000000,travis_proxy_event_voltage
49.220000,1.00000000,travis_proxy_event_voltage
49.240000,1.00000000,travis_proxy_event_voltage
49.260000,1.00000000,travis_proxy_event_voltage
49.280000,1.00000000,travis_proxy_event_voltage
49.300000,1.00000000,travis_proxy_event_voltage
49.320000,1.00000000,travis_proxy_event_voltage
49.340000,1.00000000,travis_proxy_event_voltage
49.360000,1.00000000,travis_proxy_event_voltage
49.380000,1.00000000,travis_proxy_event_voltage
49.400000,1.00000000,travis_proxy_event_voltage
49.420000,1.00000000,travis_proxy_event_voltage
49.440000,1.00000000,travis_proxy_event_voltage
49.460000,1.00000000,travis_proxy_event_voltage
49.480000,1.00000000,travis_proxy_event_voltage
49.500000,1.00000000,travis_proxy_event_voltage
49.520000,1.00000000,travis_proxy_event_voltage
49.540000,1.00000000,travis_proxy_event_voltage
49.560000,1.00000000,travis_proxy_event_voltage
49.580000,1.00000000,travis_proxy_event_voltage
49.600000,1.00000000,travis_proxy_event_voltage
49.620000,1.00000000,travis_proxy_event_voltage
49.640000,1.00000000,travis_proxy_event_voltage
49.660000,1.00000000,travis_proxy_event_voltage
49.680000,1.00000000,travis_proxy_event_voltage
49.700000,1.00000000,travis_proxy_event_voltage
49.720000,1.00000000,travis_proxy_event_voltage
49.740000,1.00000000,travis_proxy_event_voltage
49.760000,1.00000000,travis_proxy_event_voltage
49.780000,1.00000000,travis_proxy_event_voltage
49.800000,1.00000000,travis_proxy_event_voltage
49.820000,1.00000000,travis_proxy_event_voltage
49.840000,1.00000000,travis_proxy_event_voltage
49.860000,1.00000000,travis_proxy_event_voltage
49.880000,1.00000000,travis_proxy_event_voltage
49.900000,1.00000000,travis_proxy_event_voltage
49.920000,1.00000000,travis_proxy_event_voltage
49.940000,1.00000000,travis_proxy_event_voltage
49.960000,1.00000000,travis_proxy_event_voltage
49.980000,1.00000000,travis_proxy_event_voltage
50.000000,1.00000000,travis_proxy_event_voltage
50.020000,1.00000000,travis_proxy_event_voltage
50.040000,1.00000000,travis_proxy_event_voltage
50.060000,1.00000000,travis_proxy_event_voltage
50.080000,1.00000000,travis_proxy_event_voltage
50.100000,1.00000000,travis_proxy_event_voltage
50.120000,1.00000000,travis_proxy_event_voltage
50.140000,1.00000000,travis_proxy_event_voltage
50.160000,1.00000000,travis_proxy_event_voltage
50.180000,1.00000000,travis_proxy_event_voltage
50.200000,1.00000000,travis_proxy_event_voltage
50.220000,1.00000000,travis_proxy_event_voltage
50.240000,1.00000000,travis_proxy_event_voltage
50.260000,1.00000000,travis_proxy_event_voltage
50.280000,1.00000000,travis_proxy_event_voltage
50.300000,1.00000000,travis_proxy_event_voltage
50.320000,1.00000000,travis_proxy_event_voltage
50.340000,1.00000000,travis_proxy_event_voltage
50.360000,1.00000000,travis_proxy_event_voltage
50.380000,1.00000000,travis_proxy_event_voltage
50.400000,1.00000000,travis_proxy_event_voltage
50.420000,1.00000000,travis_proxy_event_voltage
50.440000,1.00000000,travis_proxy_event_voltage
50.460000,1.00000000,travis_proxy_event_voltage
50.480000,1.00000000,travis_proxy_event_voltage
50.500000,1.00000000,travis_proxy_event_voltage
50.520000,1.00000000,travis_proxy_event_voltage
50.540000,1.00000000,travis_proxy_event_voltage
50.560000,1.00000000,travis_proxy_event_voltage
50.580000,1.00000000,travis_proxy_event_voltage
50.600000,1.00000000,travis_proxy_event_voltage
50.620000,1.00000000,travis_proxy_event_voltage
50.640000,1.00000000,travis_proxy_event_voltage
50.660000,1.00000000,travis_proxy_event_voltage
50.680000,1.00000000,travis_proxy_event_voltage
50.700000,1.00000000,travis_proxy_event_voltage
50.720000,1.00000000,travis_proxy_event_voltage
50.740000,1.00000000,travis_proxy_event_voltage
50.760000,1.00000000,travis_proxy_event_voltage
50.780000,1.00000000,travis_proxy_event_voltage
50.800000,1.00000000,travis_proxy_event_voltage
50.820000,1.00000000,travis_proxy_event_voltage
50.840000,1.00000000,travis_proxy_event_voltage
50.860000,1.00000000,travis_proxy_event_voltage
50.880000,1.00000000,travis_proxy_event_voltage
50.900000,1.00000000,travis_proxy_event_voltage
50.920000,1.00000000,travis_proxy_event_voltage
50.940000,1.00000000,travis_proxy_event_voltage
50.960000,1.00000000,travis_proxy_event_voltage
50.980000,1.00000000,travis_proxy_event_voltage
51.000000,1.00000000,travis_proxy_event_voltage
51.020000,1.00000000,travis_proxy_event_voltage
51.040000,1.00000000,travis_proxy_event_voltage
51.060000,1.00000000,travis_proxy_event_voltage
51.080000,1.00000000,travis_proxy_event_voltage
51.100000,1.00000000,travis_proxy_event_voltage
51.120000,1.00000000,travis_proxy_event_voltage
51.140000,1.00000000,travis_proxy_event_voltage
51.160000,1.00000000,travis_proxy_event_voltage
51.180000,1.00000000,travis_proxy_event_voltage
51.200000,1.00000000,travis_proxy_event_voltage
51.220000,1.00000000,travis_proxy_event_voltage
51.240000,1.00000000,travis_proxy_event_voltage
51.260000,1.00000000,travis_proxy_event_voltage
51.280000,1.00000000,travis_proxy_event_voltage
51.300000,1.00000000,travis_proxy_event_voltage
51.320000,1.00000000,travis_proxy_event_voltage
51.340000,1.00000000,travis_proxy_event_voltage
51.360000,1.00000000,travis_proxy_event_voltage
51.380000,1.00000000,travis_proxy_event_voltage
51.400000,1.00000000,travis_proxy_event_voltage
51.420000,1.00000000,travis_proxy_event_voltage
51.440000,1.00000000,travis_proxy_event_voltage
51.460000,1.00000000,travis_proxy_event_voltage
51.480000,1.00000000,travis_proxy_event_voltage
51.500000,1.00000000,travis_proxy_event_voltage
51.520000,1.00000000,travis_proxy_event_voltage
51.540000,1.00000000,travis_proxy_event_voltage
51.560000,1.00000000,travis_proxy_event_voltage
51.580000,1.00000000,travis_proxy_event_voltage
51.600000,1.00000000,travis_proxy_event_voltage
51.620000,1.00000000,travis_proxy_event_voltage
51.640000,1.00000000,travis_proxy_event_voltage
51.660000,1.00000000,travis_proxy_event_voltage
51.680000,1.00000000,travis_proxy_event_voltage
51.700000,1.00000000,travis_proxy_event_voltage
51.720000,1.00000000,travis_proxy_event_voltage
51.740000,1.00000000,travis_proxy_event_voltage
51.760000,1.00000000,travis_proxy_event_voltage
51.780000,1.00000000,travis_proxy_event_voltage
51.800000,1.00000000,travis_proxy_event_voltage
51.820000,1.00000000,travis_proxy_event_voltage
51.840000,1.00000000,travis_proxy_event_voltage
51.860000,1.00000000,travis_proxy_event_voltage
51.880000,1.00000000,travis_proxy_event_voltage
51.900000,1.00000000,travis_proxy_event_voltage
51.920000,1.00000000,travis_proxy_event_voltage
51.940000,1.00000000,travis_proxy_event_voltage
51.960000,1.00000000,travis_proxy_event_voltage
51.980000,1.00000000,travis_proxy_event_voltage
52.000000,1.00000000,travis_proxy_event_voltage
52.020000,1.00000000,travis_proxy_event_voltage
52.040000,1.00000000,travis_proxy_event_voltage
52.060000,1.00000000,travis_proxy_event_voltage
52.080000,1.00000000,travis_proxy_event_voltage
52.100000,1.00000000,travis_proxy_event_voltage
52.120000,1.00000000,travis_proxy_event_voltage
52.140000,1.00000000,travis_proxy_event_voltage
52.160000,1.00000000,travis_proxy_event_voltage
52.180000,1.00000000,travis_proxy_event_voltage
52.200000,1.00000000,travis_proxy_event_voltage
52.220000,1.00000000,travis_proxy_event_voltage
52.240000,1.00000000,travis_proxy_event_voltage
52.260000,1.00000000,travis_proxy_event_voltage
52.280000,1.00000000,travis_proxy_event_voltage
52.300000,1.00000000,travis_proxy_event_voltage
52.320000,1.00000000,travis_proxy_event_voltage
52.340000,1.00000000,travis_proxy_event_voltage
52.360000,1.00000000,travis_proxy_event_voltage
52.380000,1.00000000,travis_proxy_event_voltage
52.400000,1.00000000,travis_proxy_event_voltage
52.420000,1.00000000,travis_proxy_event_voltage
52.440000,1.00000000,travis_proxy_event_voltage
52.460000,1.00000000,travis_proxy_event_voltage
52.480000,1.00000000,travis_proxy_event_voltage
52.500000,1.00000000,travis_proxy_event_voltage
52.520000,1.00000000,travis_proxy_event_voltage
52.540000,1.00000000,travis_proxy_event_voltage
52.560000,1.00000000,travis_proxy_event_voltage
52.580000,1.00000000,travis_proxy_event_voltage
52.600000,1.00000000,travis_proxy_event_voltage
52.620000,1.00000000,travis_proxy_event_voltage
52.640000,1.00000000,travis_proxy_event_voltage
52.660000,1.00000000,travis_proxy_event_voltage
52.680000,1.00000000,travis_proxy_event_voltage
52.700000,1.00000000,travis_proxy_event_voltage
52.720000,1.00000000,travis_proxy_event_voltage
52.740000,1.00000000,travis_proxy_event_voltage
52.760000,1.00000000,travis_proxy_event_voltage
52.780000,1.00000000,travis_proxy_event_voltage
52.800000,1.00000000,travis_proxy_event_voltage
52.820000,1.00000000,travis_proxy_event_voltage
52.840000,1.00000000,travis_proxy_event_voltage
52.860000,1.00000000,travis_proxy_event_voltage
52.880000,1.00000000,travis_proxy_event_voltage
52.900000,1.00000000,travis_proxy_event_voltage
52.920000,1.00000000,travis_proxy_event_voltage
52.940000,1.00000000,travis_proxy_event_voltage
52.960000,1.00000000,travis_proxy_event_voltage
52.980000,1.00000000,travis_proxy_event_voltage
53.000000,1.00000000,travis_proxy_event_voltage
53.020000,1.00000000,travis_proxy_event_voltage
53.040000,1.00000000,travis_proxy_event_voltage
53.060000,1.00000000,travis_proxy_event_voltage
53.080000,1.00000000,travis_proxy_event_voltage
53.100000,1.00000000,travis_proxy_event_voltage
53.120000,1.00000000,travis_proxy_event_voltage
53.140000,1.00000000,travis_proxy_event_voltage
53.160000,1.00000000,travis_proxy_event_voltage
53.180000,1.00000000,travis_proxy_event_voltage
53.200000,1.00000000,travis_proxy_event_voltage
53.220000,1.00000000,travis_proxy_event_voltage
53.240000,1.00000000,travis_proxy_event_voltage
53.260000,1.00000000,travis_proxy_event_voltage
53.280000,1.00000000,travis_proxy_event_voltage
53.300000,1.00000000,travis_proxy_event_voltage
53.320000,1.00000000,travis_proxy_event_voltage
53.340000,1.00000000,travis_proxy_event_voltage
53.360000,1.00000000,travis_proxy_event_voltage
53.380000,1.00000000,travis_proxy_event_voltage
53.400000,1.00000000,travis_proxy_event_voltage
53.420000,1.00000000,travis_proxy_event_voltage
53.440000,1.00000000,travis_proxy_event_voltage
53.460000,1.00000000,travis_proxy_event_voltage
53.480000,1.00000000,travis_proxy_event_voltage
53.500000,1.00000000,travis_proxy_event_voltage
53.520000,1.00000000,travis_proxy_event_voltage
53.540000,1.00000000,travis_proxy_event_voltage
53.560000,1.00000000,travis_proxy_event_voltage
53.580000,1.00000000,travis_proxy_event_voltage
53.600000,1.00000000,travis_proxy_event_voltage
53.620000,1.00000000,travis_proxy_event_voltage
53.640000,1.00000000,travis_proxy_event_voltage
53.660000,1.00000000,travis_proxy_event_voltage
53.680000,1.00000000,travis_proxy_event_voltage
53.700000,1.00000000,travis_proxy_event_voltage
53.720000,1.00000000,travis_proxy_event_voltage
53.740000,1.00000000,travis_proxy_event_voltage
53.760000,1.00000000,travis_proxy_event_voltage
53.780000,1.00000000,travis_proxy_event_voltage
53.800000,1.00000000,travis_proxy_event_voltage
53.820000,1.00000000,travis_proxy_event_voltage
53.840000,1.00000000,travis_proxy_event_voltage
53.860000,1.00000000,travis_proxy_event_voltage
53.880000,1.00000000,travis_proxy_event_voltage
53.900000,1.00000000,travis_proxy_event_voltage
53.920000,1.00000000,travis_proxy_event_voltage
53.940000,1.00000000,travis_proxy_event_voltage
53.960000,1.00000000,travis_proxy_event_voltage
53.980000,1.00000000,travis_proxy_event_voltage
54.000000,1.00000000,travis_proxy_event_voltage
54.020000,1.00000000,travis_proxy_event_voltage
54.040000,1.00000000,travis_proxy_event_voltage
54.060000,1.00000000,travis_proxy_event_voltage
54.080000,1.00000000,travis_proxy_event_voltage
54.100000,1.00000000,travis_proxy_event_voltage
54.120000,1.00000000,travis_proxy_event_voltage
54.140000,1.00000000,travis_proxy_event_voltage
54.160000,1.00000000,travis_proxy_event_voltage
54.180000,1.00000000,travis_proxy_event_voltage
54.200000,1.00000000,travis_proxy_event_voltage
54.220000,1.00000000,travis_proxy_event_voltage
54.240000,1.00000000,travis_proxy_event_voltage
54.260000,1.00000000,travis_proxy_event_voltage
54.280000,1.00000000,travis_proxy_event_voltage
54.300000,1.00000000,travis_proxy_event_voltage
54.320000,1.00000000,travis_proxy_event_voltage
54.340000,1.00000000,travis_proxy_event_voltage
54.360000,1.00000000,travis_proxy_event_voltage
54.380000,1.00000000,travis_proxy_event_voltage
54.400000,1.00000000,travis_proxy_event_voltage
54.420000,1.00000000,travis_proxy_event_voltage
54.440000,1.00000000,travis_proxy_event_voltage
54.460000,1.00000000,travis_proxy_event_voltage
54.480000,1.00000000,travis_proxy_event_voltage
54.500000,1.00000000,travis_proxy_event_voltage
54.520000,1.00000000,travis_proxy_event_voltage
54.540000,1.00000000,travis_proxy_event_voltage
54.560000,1.00000000,travis_proxy_event_voltage
54.580000,1.00000000,travis_proxy_event_voltage
54.600000,1.00000000,travis_proxy_event_voltage
54.620000,1.00000000,travis_proxy_event_voltage
54.640000,1.00000000,travis_proxy_event_voltage
54.660000,1.00000000,travis_proxy_event_voltage
54.680000,1.00000000,travis_proxy_event_voltage
54.700000,1.00000000,travis_proxy_event_voltage
54.720000,1.00000000,travis_proxy_event_voltage
54.740000,1.00000000,travis_proxy_event_voltage
54.760000,1.00000000,travis_proxy_event_voltage
54.780000,1.00000000,travis_proxy_event_voltage
54.800000,1.00000000,travis_proxy_event_voltage
54.820000,1.00000000,travis_proxy_event_voltage
54.840000,1.00000000,travis_proxy_event_voltage
54.860000,1.00000000,travis_proxy_event_voltage
54.880000,1.00000000,travis_proxy_event_voltage
54.900000,1.00000000,travis_proxy_event_voltage
54.920000,1.00000000,travis_proxy_event_voltage
54.940000,1.00000000,travis_proxy_event_voltage
54.960000,1.00000000,travis_proxy_event_voltage
54.980000,1.00000000,travis_proxy_event_voltage
55.000000,1.00000000,travis_proxy_event_voltage
55.020000,1.00000000,travis_proxy_event_voltage
55.040000,1.00000000,travis_proxy_event_voltage
55.060000,1.00000000,travis_proxy_event_voltage
55.080000,1.00000000,travis_proxy_event_voltage
55.100000,1.00000000,travis_proxy_event_voltage
55.120000,1.00000000,travis_proxy_event_voltage
55.140000,1.00000000,travis_proxy_event_voltage
55.160000,1.00000000,travis_proxy_event_voltage
55.180000,1.00000000,travis_proxy_event_voltage
55.200000,1.00000000,travis_proxy_event_voltage
55.220000,1.00000000,travis_proxy_event_voltage
55.240000,1.00000000,travis_proxy_event_voltage
55.260000,1.00000000,travis_proxy_event_voltage
55.280000,1.00000000,travis_proxy_event_voltage
55.300000,1.00000000,travis_proxy_event_voltage
55.320000,1.00000000,travis_proxy_event_voltage
55.340000,1.00000000,travis_proxy_event_voltage
55.360000,1.00000000,travis_proxy_event_voltage
55.380000,1.00000000,travis_proxy_event_voltage
55.400000,1.00000000,travis_proxy_event_voltage
55.420000,1.00000000,travis_proxy_event_voltage
55.440000,1.00000000,travis_proxy_event_voltage
55.460000,1.00000000,travis_proxy_event_voltage
55.480000,1.00000000,travis_proxy_event_voltage
55.500000,1.00000000,travis_proxy_event_voltage
55.520000,1.00000000,travis_proxy_event_voltage
55.540000,1.00000000,travis_proxy_event_voltage
55.560000,1.00000000,travis_proxy_event_voltage
55.580000,1.00000000,travis_proxy_event_voltage
55.600000,1.00000000,travis_proxy_event_voltage
55.620000,1.00000000,travis_proxy_event_voltage
55.640000,1.00000000,travis_proxy_event_voltage
55.660000,1.00000000,travis_proxy_event_voltage
55.680000,1.00000000,travis_proxy_event_voltage
55.700000,1.00000000,travis_proxy_event_voltage
55.720000,1.00000000,travis_proxy_event_voltage
55.740000,1.00000000,travis_proxy_event_voltage
55.760000,1.00000000,travis_proxy_event_voltage
55.780000,1.00000000,travis_proxy_event_voltage
55.800000,1.00000000,travis_proxy_event_voltage
55.820000,1.00000000,travis_proxy_event_voltage
55.840000,1.00000000,travis_proxy_event_voltage
55.860000,1.00000000,travis_proxy_event_voltage
55.880000,1.00000000,travis_proxy_event_voltage
55.900000,1.00000000,travis_proxy_event_voltage
55.920000,1.00000000,travis_proxy_event_voltage
55.940000,1.00000000,travis_proxy_event_voltage
55.960000,1.00000000,travis_proxy_event_voltage
55.980000,1.00000000,travis_proxy_event_voltage
56.000000,1.00000000,travis_proxy_event_voltage
56.020000,1.00000000,travis_proxy_event_voltage
56.040000,1.00000000,travis_proxy_event_voltage
56.060000,1.00000000,travis_proxy_event_voltage
56.080000,1.00000000,travis_proxy_event_voltage
56.100000,1.00000000,travis_proxy_event_voltage
56.120000,1.00000000,travis_proxy_event_voltage
56.140000,1.00000000,travis_proxy_event_voltage
56.160000,1.00000000,travis_proxy_event_voltage
56.180000,1.00000000,travis_proxy_event_voltage
56.200000,1.00000000,travis_proxy_event_voltage
56.220000,1.00000000,travis_proxy_event_voltage
56.240000,1.00000000,travis_proxy_event_voltage
56.260000,1.00000000,travis_proxy_event_voltage
56.280000,1.00000000,travis_proxy_event_voltage
56.300000,1.00000000,travis_proxy_event_voltage
56.320000,1.00000000,travis_proxy_event_voltage
56.340000,1.00000000,travis_proxy_event_voltage
56.360000,1.00000000,travis_proxy_event_voltage
56.380000,1.00000000,travis_proxy_event_voltage
56.400000,1.00000000,travis_proxy_event_voltage
56.420000,1.00000000,travis_proxy_event_voltage
56.440000,1.00000000,travis_proxy_event_voltage
56.460000,1.00000000,travis_proxy_event_voltage
56.480000,1.00000000,travis_proxy_event_voltage
56.500000,1.00000000,travis_proxy_event_voltage
56.520000,1.00000000,travis_proxy_event_voltage
56.540000,1.00000000,travis_proxy_event_voltage
56.560000,1.00000000,travis_proxy_event_voltage
56.580000,1.00000000,travis_proxy_event_voltage
56.600000,1.00000000,travis_proxy_event_voltage
56.620000,1.00000000,travis_proxy_event_voltage
56.640000,1.00000000,travis_proxy_event_voltage
56.660000,1.00000000,travis_proxy_event_voltage
56.680000,1.00000000,travis_proxy_event_voltage
56.700000,1.00000000,travis_proxy_event_voltage
56.720000,1.00000000,travis_proxy_event_voltage
56.740000,1.00000000,travis_proxy_event_voltage
56.760000,1.00000000,travis_proxy_event_voltage
56.780000,1.00000000,travis_proxy_event_voltage
56.800000,1.00000000,travis_proxy_event_voltage
56.820000,1.00000000,travis_proxy_event_voltage
56.840000,1.00000000,travis_proxy_event_voltage
56.860000,1.00000000,travis_proxy_event_voltage
56.880000,1.00000000,travis_proxy_event_voltage
56.900000,1.00000000,travis_proxy_event_voltage
56.920000,1.00000000,travis_proxy_event_voltage
56.940000,1.00000000,travis_proxy_event_voltage
56.960000,1.00000000,travis_proxy_event_voltage
56.980000,1.00000000,travis_proxy_event_voltage
57.000000,1.00000000,travis_proxy_event_voltage
57.020000,1.00000000,travis_proxy_event_voltage
57.040000,1.00000000,travis_proxy_event_voltage
57.060000,1.00000000,travis_proxy_event_voltage
57.080000,1.00000000,travis_proxy_event_voltage
57.100000,1.00000000,travis_proxy_event_voltage
57.120000,1.00000000,travis_proxy_event_voltage
57.140000,1.00000000,travis_proxy_event_voltage
57.160000,1.00000000,travis_proxy_event_voltage
57.180000,1.00000000,travis_proxy_event_voltage
57.200000,1.00000000,travis_proxy_event_voltage
57.220000,1.00000000,travis_proxy_event_voltage
57.240000,1.00000000,travis_proxy_event_voltage
57.260000,1.00000000,travis_proxy_event_voltage
57.280000,1.00000000,travis_proxy_event_voltage
57.300000,1.00000000,travis_proxy_event_voltage
57.320000,1.00000000,travis_proxy_event_voltage
57.340000,1.00000000,travis_proxy_event_voltage
57.360000,1.00000000,travis_proxy_event_voltage
57.380000,1.00000000,travis_proxy_event_voltage
57.400000,1.00000000,travis_proxy_event_voltage
57.420000,1.00000000,travis_proxy_event_voltage
57.440000,1.00000000,travis_proxy_event_voltage
57.460000,1.00000000,travis_proxy_event_voltage
57.480000,1.00000000,travis_proxy_event_voltage
57.500000,1.00000000,travis_proxy_event_voltage
57.520000,1.00000000,travis_proxy_event_voltage
57.540000,1.00000000,travis_proxy_event_voltage
57.560000,1.00000000,travis_proxy_event_voltage
57.580000,1.00000000,travis_proxy_event_voltage
57.600000,1.00000000,travis_proxy_event_voltage
57.620000,1.00000000,travis_proxy_event_voltage
57.640000,1.00000000,travis_proxy_event_voltage
57.660000,1.00000000,travis_proxy_event_voltage
57.680000,1.00000000,travis_proxy_event_voltage
57.700000,1.00000000,travis_proxy_event_voltage
57.720000,1.00000000,travis_proxy_event_voltage
57.740000,1.00000000,travis_proxy_event_voltage
57.760000,1.00000000,travis_proxy_event_voltage
57.780000,1.00000000,travis_proxy_event_voltage
57.800000,1.00000000,travis_proxy_event_voltage
57.820000,1.00000000,travis_proxy_event_voltage
57.840000,1.00000000,travis_proxy_event_voltage
57.860000,1.00000000,travis_proxy_event_voltage
57.880000,1.00000000,travis_proxy_event_voltage
57.900000,1.00000000,travis_proxy_event_voltage
57.920000,1.00000000,travis_proxy_event_voltage
57.940000,1.00000000,travis_proxy_event_voltage
57.960000,1.00000000,travis_proxy_event_voltage
57.980000,1.00000000,travis_proxy_event_voltage
58.000000,1.00000000,travis_proxy_event_voltage
58.020000,1.00000000,travis_proxy_event_voltage
58.040000,1.00000000,travis_proxy_event_voltage
58.060000,1.00000000,travis_proxy_event_voltage
58.080000,1.00000000,travis_proxy_event_voltage
58.100000,1.00000000,travis_proxy_event_voltage
58.120000,1.00000000,travis_proxy_event_voltage
58.140000,1.00000000,travis_proxy_event_voltage
58.160000,1.00000000,travis_proxy_event_voltage
58.180000,1.00000000,travis_proxy_event_voltage
58.200000,1.00000000,travis_proxy_event_voltage
58.220000,1.00000000,travis_proxy_event_voltage
58.240000,1.00000000,travis_proxy_event_voltage
58.260000,1.00000000,travis_proxy_event_voltage
58.280000,1.00000000,travis_proxy_event_voltage
58.300000,1.00000000,travis_proxy_event_voltage
58.320000,1.00000000,travis_proxy_event_voltage
58.340000,1.00000000,travis_proxy_event_voltage
58.360000,1.00000000,travis_proxy_event_voltage
58.380000,1.00000000,travis_proxy_event_voltage
58.400000,1.00000000,travis_proxy_event_voltage
58.420000,1.00000000,travis_proxy_event_voltage
58.440000,1.00000000,travis_proxy_event_voltage
58.460000,1.00000000,travis_proxy_event_voltage
58.480000,1.00000000,travis_proxy_event_voltage
58.500000,1.00000000,travis_proxy_event_voltage
58.520000,1.00000000,travis_proxy_event_voltage
58.540000,1.00000000,travis_proxy_event_voltage
58.560000,1.00000000,travis_proxy_event_voltage
58.580000,1.00000000,travis_proxy_event_voltage
58.600000,1.00000000,travis_proxy_event_voltage
58.620000,1.00000000,travis_proxy_event_voltage
58.640000,1.00000000,travis_proxy_event_voltage
58.660000,1.00000000,travis_proxy_event_voltage
58.680000,1.00000000,travis_proxy_event_voltage
58.700000,1.00000000,travis_proxy_event_voltage
58.720000,1.00000000,travis_proxy_event_voltage
58.740000,1.00000000,travis_proxy_event_voltage
58.760000,1.00000000,travis_proxy_event_voltage
58.780000,1.00000000,travis_proxy_event_voltage
58.800000,1.00000000,travis_proxy_event_voltage
58.820000,1.00000000,travis_proxy_event_voltage
58.840000,1.00000000,travis_proxy_event_voltage
58.860000,1.00000000,travis_proxy_event_voltage
58.880000,1.00000000,travis_proxy_event_voltage
58.900000,1.00000000,travis_proxy_event_voltage
58.920000,1.00000000,travis_proxy_event_voltage
58.940000,1.00000000,travis_proxy_event_voltage
58.960000,1.00000000,travis_proxy_event_voltage
58.980000,1.00000000,travis_proxy_event_voltage
59.000000,1.00000000,travis_proxy_event_voltage
59.020000,1.00000000,travis_proxy_event_voltage
59.040000,1.00000000,travis_proxy_event_voltage
59.060000,1.00000000,travis_proxy_event_voltage
59.080000,1.00000000,travis_proxy_event_voltage
59.100000,1.00000000,travis_proxy_event_voltage
59.120000,1.00000000,travis_proxy_event_voltage
59.140000,1.00000000,travis_proxy_event_voltage
59.160000,1.00000000,travis_proxy_event_voltage
59.180000,1.00000000,travis_proxy_event_voltage
59.200000,1.00000000,travis_proxy_event_voltage
59.220000,1.00000000,travis_proxy_event_voltage
59.240000,1.00000000,travis_proxy_event_voltage
59.260000,1.00000000,travis_proxy_event_voltage
59.280000,1.00000000,travis_proxy_event_voltage
59.300000,1.00000000,travis_proxy_event_voltage
59.320000,1.00000000,travis_proxy_event_voltage
59.340000,1.00000000,travis_proxy_event_voltage
59.360000,1.00000000,travis_proxy_event_voltage
59.380000,1.00000000,travis_proxy_event_voltage
59.400000,1.00000000,travis_proxy_event_voltage
59.420000,1.00000000,travis_proxy_event_voltage
59.440000,1.00000000,travis_proxy_event_voltage
59.460000,1.00000000,travis_proxy_event_voltage
59.480000,1.00000000,travis_proxy_event_voltage
59.500000,1.00000000,travis_proxy_event_voltage
59.520000,1.00000000,travis_proxy_event_voltage
59.540000,1.00000000,travis_proxy_event_voltage
59.560000,1.00000000,travis_proxy_event_voltage
59.580000,1.00000000,travis_proxy_event_voltage
59.600000,1.00000000,travis_proxy_event_voltage
59.620000,1.00000000,travis_proxy_event_voltage
59.640000,1.00000000,travis_proxy_event_voltage
59.660000,1.00000000,travis_proxy_event_voltage
59.680000,1.00000000,travis_proxy_event_voltage
59.700000,1.00000000,travis_proxy_event_voltage
59.720000,1.00000000,travis_proxy_event_voltage
59.740000,1.00000000,travis_proxy_event_voltage
59.760000,1.00000000,travis_proxy_event_voltage
59.780000,1.00000000,travis_proxy_event_voltage
59.800000,1.00000000,travis_proxy_event_voltage
59.820000,1.00000000,travis_proxy_event_voltage
59.840000,1.00000000,travis_proxy_event_voltage
59.860000,1.00000000,travis_proxy_event_voltage
59.880000,1.00000000,travis_proxy_event_voltage
59.900000,1.00000000,travis_proxy_event_voltage
59.920000,1.00000000,travis_proxy_event_voltage
59.940000,1.00000000,travis_proxy_event_voltage
59.960000,1.00000000,travis_proxy_event_voltage
59.980000,1.00000000,travis_proxy_event_voltage
60.000000,1.00000000,travis_proxy_event_voltage
60.020000,1.00000000,travis_proxy_event_voltage
60.040000,1.00000000,travis_proxy_event_voltage
60.060000,1.00000000,travis_proxy_event_voltage
60.080000,1.00000000,travis_proxy_event_voltage
60.100000,1.00000000,travis_proxy_event_voltage
60.120000,1.00000000,travis_proxy_event_voltage
60.140000,1.00000000,travis_proxy_event_voltage
60.160000,1.00000000,travis_proxy_event_voltage
60.180000,1.00000000,travis_proxy_event_voltage
60.200000,1.00000000,travis_proxy_event_voltage
60.220000,1.00000000,travis_proxy_event_voltage
60.240000,1.00000000,travis_proxy_event_voltage
60.260000,1.00000000,travis_proxy_event_voltage
60.280000,1.00000000,travis_proxy_event_voltage
60.300000,1.00000000,travis_proxy_event_voltage
60.320000,1.00000000,travis_proxy_event_voltage
60.340000,1.00000000,travis_proxy_event_voltage
60.360000,1.00000000,travis_proxy_event_voltage
60.380000,1.00000000,travis_proxy_event_voltage
60.400000,1.00000000,travis_proxy_event_voltage
60.420000,1.00000000,travis_proxy_event_voltage
60.440000,1.00000000,travis_proxy_event_voltage
60.460000,1.00000000,travis_proxy_event_voltage
60.480000,1.00000000,travis_proxy_event_voltage
60.500000,1.00000000,travis_proxy_event_voltage
60.520000,1.00000000,travis_proxy_event_voltage
60.540000,1.00000000,travis_proxy_event_voltage
60.560000,1.00000000,travis_proxy_event_voltage
60.580000,1.00000000,travis_proxy_event_voltage
60.600000,1.00000000,travis_proxy_event_voltage
60.620000,1.00000000,travis_proxy_event_voltage
60.640000,1.00000000,travis_proxy_event_voltage
60.660000,1.00000000,travis_proxy_event_voltage
60.680000,1.00000000,travis_proxy_event_voltage
60.700000,1.00000000,travis_proxy_event_voltage
60.720000,1.00000000,travis_proxy_event_voltage
60.740000,1.00000000,travis_proxy_event_voltage
60.760000,1.00000000,travis_proxy_event_voltage
60.780000,1.00000000,travis_proxy_event_voltage
60.800000,1.00000000,travis_proxy_event_voltage
60.820000,1.00000000,travis_proxy_event_voltage
60.840000,1.00000000,travis_proxy_event_voltage
60.860000,1.00000000,travis_proxy_event_voltage
60.880000,1.00000000,travis_proxy_event_voltage
60.900000,1.00000000,travis_proxy_event_voltage
60.920000,1.00000000,travis_proxy_event_voltage
60.940000,1.00000000,travis_proxy_event_voltage
60.960000,1.00000000,travis_proxy_event_voltage
60.980000,1.00000000,travis_proxy_event_voltage
61.000000,1.00000000,travis_proxy_event_voltage
61.020000,1.00000000,travis_proxy_event_voltage
61.040000,1.00000000,travis_proxy_event_voltage
61.060000,1.00000000,travis_proxy_event_voltage
61.080000,1.00000000,travis_proxy_event_voltage
61.100000,1.00000000,travis_proxy_event_voltage
61.120000,1.00000000,travis_proxy_event_voltage
61.140000,1.00000000,travis_proxy_event_voltage
61.160000,1.00000000,travis_proxy_event_voltage
61.180000,1.00000000,travis_proxy_event_voltage
61.200000,1.00000000,travis_proxy_event_voltage
61.220000,1.00000000,travis_proxy_event_voltage
61.240000,1.00000000,travis_proxy_event_voltage
61.260000,1.00000000,travis_proxy_event_voltage
61.280000,1.00000000,travis_proxy_event_voltage
61.300000,1.00000000,travis_proxy_event_voltage
61.320000,1.00000000,travis_proxy_event_voltage
61.340000,1.00000000,travis_proxy_event_voltage
61.360000,1.00000000,travis_proxy_event_voltage
61.380000,1.00000000,travis_proxy_event_voltage
61.400000,1.00000000,travis_proxy_event_voltage
61.420000,1.00000000,travis_proxy_event_voltage
61.440000,1.00000000,travis_proxy_event_voltage
61.460000,1.00000000,travis_proxy_event_voltage
61.480000,1.00000000,travis_proxy_event_voltage
61.500000,1.00000000,travis_proxy_event_voltage
61.520000,1.00000000,travis_proxy_event_voltage
61.540000,1.00000000,travis_proxy_event_voltage
61.560000,1.00000000,travis_proxy_event_voltage
61.580000,1.00000000,travis_proxy_event_voltage
61.600000,1.00000000,travis_proxy_event_voltage
61.620000,1.00000000,travis_proxy_event_voltage
61.640000,1.00000000,travis_proxy_event_voltage
61.660000,1.00000000,travis_proxy_event_voltage
61.680000,1.00000000,travis_proxy_event_voltage
61.700000,1.00000000,travis_proxy_event_voltage
61.720000,1.00000000,travis_proxy_event_voltage
61.740000,1.00000000,travis_proxy_event_voltage
61.760000,1.00000000,travis_proxy_event_voltage
61.780000,1.00000000,travis_proxy_event_voltage
61.800000,1.00000000,travis_proxy_event_voltage
61.820000,1.00000000,travis_proxy_event_voltage
61.840000,1.00000000,travis_proxy_event_voltage
61.860000,1.00000000,travis_proxy_event_voltage
61.880000,1.00000000,travis_proxy_event_voltage
61.900000,1.00000000,travis_proxy_event_voltage
61.920000,1.00000000,travis_proxy_event_voltage
61.940000,1.00000000,travis_proxy_event_voltage
61.960000,1.00000000,travis_proxy_event_voltage
61.980000,1.00000000,travis_proxy_event_voltage
62.000000,1.00000000,travis_proxy_event_voltage
62.020000,1.00000000,travis_proxy_event_voltage
62.040000,1.00000000,travis_proxy_event_voltage
62.060000,1.00000000,travis_proxy_event_voltage
62.080000,1.00000000,travis_proxy_event_voltage
62.100000,1.00000000,travis_proxy_event_voltage
62.120000,1.00000000,travis_proxy_event_voltage
62.140000,1.00000000,travis_proxy_event_voltage
62.160000,1.00000000,travis_proxy_event_voltage
62.180000,1.00000000,travis_proxy_event_voltage
62.200000,1.00000000,travis_proxy_event_voltage
62.220000,1.00000000,travis_proxy_event_voltage
62.240000,1.00000000,travis_proxy_event_voltage
62.260000,1.00000000,travis_proxy_event_voltage
62.280000,1.00000000,travis_proxy_event_voltage
62.300000,1.00000000,travis_proxy_event_voltage
62.320000,1.00000000,travis_proxy_event_voltage
62.340000,1.00000000,travis_proxy_event_voltage
62.360000,1.00000000,travis_proxy_event_voltage
62.380000,1.00000000,travis_proxy_event_voltage
62.400000,1.00000000,travis_proxy_event_voltage
62.420000,1.00000000,travis_proxy_event_voltage
62.440000,1.00000000,travis_proxy_event_voltage
62.460000,1.00000000,travis_proxy_event_voltage
62.480000,1.00000000,travis_proxy_event_voltage
62.500000,1.00000000,travis_proxy_event_voltage
62.520000,1.00000000,travis_proxy_event_voltage
62.540000,1.00000000,travis_proxy_event_voltage
62.560000,1.00000000,travis_proxy_event_voltage
62.580000,1.00000000,travis_proxy_event_voltage
62.600000,1.00000000,travis_proxy_event_voltage
62.620000,1.00000000,travis_proxy_event_voltage
62.640000,1.00000000,travis_proxy_event_voltage
62.660000,1.00000000,travis_proxy_event_voltage
62.680000,1.00000000,travis_proxy_event_voltage
62.700000,1.00000000,travis_proxy_event_voltage
62.720000,1.00000000,travis_proxy_event_voltage
62.740000,1.00000000,travis_proxy_event_voltage
62.760000,1.00000000,travis_proxy_event_voltage
62.780000,1.00000000,travis_proxy_event_voltage
62.800000,0.40000000,travis_proxy_event_voltage
62.820000,0.40000000,travis_proxy_event_voltage
62.840000,0.40000000,travis_proxy_event_voltage
62.860000,0.40000000,travis_proxy_event_voltage
62.880000,1.00000000,travis_proxy_event_voltage
62.900000,1.00000000,travis_proxy_event_voltage
62.920000,1.00000000,travis_proxy_event_voltage
62.940000,1.00000000,travis_proxy_event_voltage
62.960000,1.00000000,travis_proxy_event_voltage
62.980000,1.00000000,travis_proxy_event_voltage
63.000000,1.00000000,travis_proxy_event_voltage
63.020000,1.00000000,travis_proxy_event_voltage
63.040000,1.00000000,travis_proxy_event_voltage
63.060000,1.00000000,travis_proxy_event_voltage
63.080000,1.00000000,travis_proxy_event_voltage
63.100000,1.00000000,travis_proxy_event_voltage
63.120000,1.00000000,travis_proxy_event_voltage
63.140000,1.00000000,travis_proxy_event_voltage
63.160000,1.00000000,travis_proxy_event_voltage
63.180000,1.00000000,travis_proxy_event_voltage
63.200000,1.00000000,travis_proxy_event_voltage
63.220000,1.00000000,travis_proxy_event_voltage
63.240000,1.00000000,travis_proxy_event_voltage
63.260000,1.00000000,travis_proxy_event_voltage
63.280000,1.00000000,travis_proxy_event_voltage
63.300000,1.00000000,travis_proxy_event_voltage
63.320000,1.00000000,travis_proxy_event_voltage
63.340000,1.00000000,travis_proxy_event_voltage
63.360000,1.00000000,travis_proxy_event_voltage
63.380000,1.00000000,travis_proxy_event_voltage
63.400000,1.00000000,travis_proxy_event_voltage
63.420000,1.00000000,travis_proxy_event_voltage
63.440000,1.00000000,travis_proxy_event_voltage
63.460000,1.00000000,travis_proxy_event_voltage
63.480000,1.00000000,travis_proxy_event_voltage
63.500000,1.00000000,travis_proxy_event_voltage
63.520000,1.00000000,travis_proxy_event_voltage
63.540000,1.00000000,travis_proxy_event_voltage
63.560000,1.00000000,travis_proxy_event_voltage
63.580000,1.00000000,travis_proxy_event_voltage
63.600000,1.00000000,travis_proxy_event_voltage
63.620000,1.00000000,travis_proxy_event_voltage
63.640000,1.00000000,travis_proxy_event_voltage
63.660000,1.00000000,travis_proxy_event_voltage
63.680000,1.00000000,travis_proxy_event_voltage
63.700000,1.00000000,travis_proxy_event_voltage
63.720000,1.00000000,travis_proxy_event_voltage
63.740000,1.00000000,travis_proxy_event_voltage
63.760000,1.00000000,travis_proxy_event_voltage
63.780000,1.00000000,travis_proxy_event_voltage
63.800000,1.00000000,travis_proxy_event_voltage
63.820000,1.00000000,travis_proxy_event_voltage
63.840000,1.00000000,travis_proxy_event_voltage
63.860000,1.00000000,travis_proxy_event_voltage
63.880000,1.00000000,travis_proxy_event_voltage
63.900000,1.00000000,travis_proxy_event_voltage
63.920000,1.00000000,travis_proxy_event_voltage
63.940000,1.00000000,travis_proxy_event_voltage
63.960000,1.00000000,travis_proxy_event_voltage
63.980000,1.00000000,travis_proxy_event_voltage
64.000000,1.00000000,travis_proxy_event_voltage
64.020000,1.00000000,travis_proxy_event_voltage
64.040000,1.00000000,travis_proxy_event_voltage
64.060000,1.00000000,travis_proxy_event_voltage
64.080000,1.00000000,travis_proxy_event_voltage
64.100000,1.00000000,travis_proxy_event_voltage
64.120000,1.00000000,travis_proxy_event_voltage
64.140000,1.00000000,travis_proxy_event_voltage
64.160000,1.00000000,travis_proxy_event_voltage
64.180000,1.00000000,travis_proxy_event_voltage
64.200000,1.00000000,travis_proxy_event_voltage
64.220000,1.00000000,travis_proxy_event_voltage
64.240000,1.00000000,travis_proxy_event_voltage
64.260000,1.00000000,travis_proxy_event_voltage
64.280000,1.00000000,travis_proxy_event_voltage
64.300000,1.00000000,travis_proxy_event_voltage
64.320000,1.00000000,travis_proxy_event_voltage
64.340000,1.00000000,travis_proxy_event_voltage
64.360000,1.00000000,travis_proxy_event_voltage
64.380000,1.00000000,travis_proxy_event_voltage
64.400000,1.00000000,travis_proxy_event_voltage
64.420000,1.00000000,travis_proxy_event_voltage
64.440000,1.00000000,travis_proxy_event_voltage
64.460000,1.00000000,travis_proxy_event_voltage
64.480000,1.00000000,travis_proxy_event_voltage
64.500000,1.00000000,travis_proxy_event_voltage
64.520000,1.00000000,travis_proxy_event_voltage
64.540000,1.00000000,travis_proxy_event_voltage
64.560000,1.00000000,travis_proxy_event_voltage
64.580000,1.00000000,travis_proxy_event_voltage
64.600000,1.00000000,travis_proxy_event_voltage
64.620000,1.00000000,travis_proxy_event_voltage
64.640000,1.00000000,travis_proxy_event_voltage
64.660000,1.00000000,travis_proxy_event_voltage
64.680000,1.00000000,travis_proxy_event_voltage
64.700000,1.00000000,travis_proxy_event_voltage
64.720000,1.00000000,travis_proxy_event_voltage
64.740000,1.00000000,travis_proxy_event_voltage
64.760000,1.00000000,travis_proxy_event_voltage
64.780000,1.00000000,travis_proxy_event_voltage
64.800000,1.00000000,travis_proxy_event_voltage
64.820000,1.00000000,travis_proxy_event_voltage
64.840000,1.00000000,travis_proxy_event_voltage
64.860000,1.00000000,travis_proxy_event_voltage
64.880000,1.00000000,travis_proxy_event_voltage
64.900000,1.00000000,travis_proxy_event_voltage
64.920000,1.00000000,travis_proxy_event_voltage
64.940000,1.00000000,travis_proxy_event_voltage
64.960000,1.00000000,travis_proxy_event_voltage
64.980000,1.00000000,travis_proxy_event_voltage
65.000000,1.00000000,travis_proxy_event_voltage
65.020000,1.00000000,travis_proxy_event_voltage
65.040000,1.00000000,travis_proxy_event_voltage
65.060000,1.00000000,travis_proxy_event_voltage
65.080000,1.00000000,travis_proxy_event_voltage
65.100000,1.00000000,travis_proxy_event_voltage
65.120000,1.00000000,travis_proxy_event_voltage
65.140000,1.00000000,travis_proxy_event_voltage
65.160000,1.00000000,travis_proxy_event_voltage
65.180000,1.00000000,travis_proxy_event_voltage
65.200000,1.00000000,travis_proxy_event_voltage
65.220000,1.00000000,travis_proxy_event_voltage
65.240000,1.00000000,travis_proxy_event_voltage
65.260000,1.00000000,travis_proxy_event_voltage
65.280000,1.00000000,travis_proxy_event_voltage
65.300000,1.00000000,travis_proxy_event_voltage
65.320000,1.00000000,travis_proxy_event_voltage
65.340000,1.00000000,travis_proxy_event_voltage
65.360000,1.00000000,travis_proxy_event_voltage
65.380000,1.00000000,travis_proxy_event_voltage
65.400000,1.00000000,travis_proxy_event_voltage
65.420000,1.00000000,travis_proxy_event_voltage
65.440000,1.00000000,travis_proxy_event_voltage
65.460000,1.00000000,travis_proxy_event_voltage
65.480000,1.00000000,travis_proxy_event_voltage
65.500000,1.00000000,travis_proxy_event_voltage
65.520000,1.00000000,travis_proxy_event_voltage
65.540000,1.00000000,travis_proxy_event_voltage
65.560000,1.00000000,travis_proxy_event_voltage
65.580000,1.00000000,travis_proxy_event_voltage
65.600000,1.00000000,travis_proxy_event_voltage
65.620000,1.00000000,travis_proxy_event_voltage
65.640000,1.00000000,travis_proxy_event_voltage
65.660000,1.00000000,travis_proxy_event_voltage
65.680000,1.00000000,travis_proxy_event_voltage
65.700000,1.00000000,travis_proxy_event_voltage
65.720000,1.00000000,travis_proxy_event_voltage
65.740000,1.00000000,travis_proxy_event_voltage
65.760000,1.00000000,travis_proxy_event_voltage
65.780000,1.00000000,travis_proxy_event_voltage
65.800000,1.00000000,travis_proxy_event_voltage
65.820000,1.00000000,travis_proxy_event_voltage
65.840000,1.00000000,travis_proxy_event_voltage
65.860000,1.00000000,travis_proxy_event_voltage
65.880000,1.00000000,travis_proxy_event_voltage
65.900000,1.00000000,travis_proxy_event_voltage
65.920000,1.00000000,travis_proxy_event_voltage
65.940000,1.00000000,travis_proxy_event_voltage
65.960000,1.00000000,travis_proxy_event_voltage
65.980000,1.00000000,travis_proxy_event_voltage
66.000000,1.00000000,travis_proxy_event_voltage
66.020000,1.00000000,travis_proxy_event_voltage
66.040000,1.00000000,travis_proxy_event_voltage
66.060000,1.00000000,travis_proxy_event_voltage
66.080000,1.00000000,travis_proxy_event_voltage
66.100000,1.00000000,travis_proxy_event_voltage
66.120000,1.00000000,travis_proxy_event_voltage
66.140000,1.00000000,travis_proxy_event_voltage
66.160000,1.00000000,travis_proxy_event_voltage
66.180000,1.00000000,travis_proxy_event_voltage
66.200000,1.00000000,travis_proxy_event_voltage
66.220000,1.00000000,travis_proxy_event_voltage
66.240000,1.00000000,travis_proxy_event_voltage
66.260000,1.00000000,travis_proxy_event_voltage
66.280000,1.00000000,travis_proxy_event_voltage
66.300000,1.00000000,travis_proxy_event_voltage
66.320000,1.00000000,travis_proxy_event_voltage
66.340000,1.00000000,travis_proxy_event_voltage
66.360000,1.00000000,travis_proxy_event_voltage
66.380000,1.00000000,travis_proxy_event_voltage
66.400000,1.00000000,travis_proxy_event_voltage
66.420000,1.00000000,travis_proxy_event_voltage
66.440000,1.00000000,travis_proxy_event_voltage
66.460000,1.00000000,travis_proxy_event_voltage
66.480000,1.00000000,travis_proxy_event_voltage
66.500000,1.00000000,travis_proxy_event_voltage
66.520000,1.00000000,travis_proxy_event_voltage
66.540000,1.00000000,travis_proxy_event_voltage
66.560000,1.00000000,travis_proxy_event_voltage
66.580000,1.00000000,travis_proxy_event_voltage
66.600000,1.00000000,travis_proxy_event_voltage
66.620000,1.00000000,travis_proxy_event_voltage
66.640000,1.00000000,travis_proxy_event_voltage
66.660000,1.00000000,travis_proxy_event_voltage
66.680000,1.00000000,travis_proxy_event_voltage
66.700000,1.00000000,travis_proxy_event_voltage
66.720000,1.00000000,travis_proxy_event_voltage
66.740000,1.00000000,travis_proxy_event_voltage
66.760000,1.00000000,travis_proxy_event_voltage
66.780000,1.00000000,travis_proxy_event_voltage
66.800000,1.00000000,travis_proxy_event_voltage
66.820000,1.00000000,travis_proxy_event_voltage
66.840000,1.00000000,travis_proxy_event_voltage
66.860000,1.00000000,travis_proxy_event_voltage
66.880000,1.00000000,travis_proxy_event_voltage
66.900000,1.00000000,travis_proxy_event_voltage
66.920000,1.00000000,travis_proxy_event_voltage
66.940000,1.00000000,travis_proxy_event_voltage
66.960000,1.00000000,travis_proxy_event_voltage
66.980000,1.00000000,travis_proxy_event_voltage
67.000000,1.00000000,travis_proxy_event_voltage
67.020000,1.00000000,travis_proxy_event_voltage
67.040000,1.00000000,travis_proxy_event_voltage
67.060000,1.00000000,travis_proxy_event_voltage
67.080000,1.00000000,travis_proxy_event_voltage
67.100000,1.00000000,travis_proxy_event_voltage
67.120000,1.00000000,travis_proxy_event_voltage
67.140000,1.00000000,travis_proxy_event_voltage
67.160000,1.00000000,travis_proxy_event_voltage
67.180000,1.00000000,travis_proxy_event_voltage
67.200000,1.00000000,travis_proxy_event_voltage
67.220000,1.00000000,travis_proxy_event_voltage
67.240000,1.00000000,travis_proxy_event_voltage
67.260000,1.00000000,travis_proxy_event_voltage
67.280000,1.00000000,travis_proxy_event_voltage
67.300000,1.00000000,travis_proxy_event_voltage
67.320000,1.00000000,travis_proxy_event_voltage
67.340000,1.00000000,travis_proxy_event_voltage
67.360000,1.00000000,travis_proxy_event_voltage
67.380000,1.00000000,travis_proxy_event_voltage
67.400000,1.00000000,travis_proxy_event_voltage
67.420000,1.00000000,travis_proxy_event_voltage
67.440000,1.00000000,travis_proxy_event_voltage
67.460000,1.00000000,travis_proxy_event_voltage
67.480000,1.00000000,travis_proxy_event_voltage
67.500000,1.00000000,travis_proxy_event_voltage
67.520000,1.00000000,travis_proxy_event_voltage
67.540000,1.00000000,travis_proxy_event_voltage
67.560000,1.00000000,travis_proxy_event_voltage
67.580000,1.00000000,travis_proxy_event_voltage
67.600000,1.00000000,travis_proxy_event_voltage
67.620000,1.00000000,travis_proxy_event_voltage
67.640000,1.00000000,travis_proxy_event_voltage
67.660000,1.00000000,travis_proxy_event_voltage
67.680000,1.00000000,travis_proxy_event_voltage
67.700000,1.00000000,travis_proxy_event_voltage
67.720000,1.00000000,travis_proxy_event_voltage
67.740000,1.00000000,travis_proxy_event_voltage
67.760000,1.00000000,travis_proxy_event_voltage
67.780000,1.00000000,travis_proxy_event_voltage
67.800000,1.00000000,travis_proxy_event_voltage
67.820000,1.00000000,travis_proxy_event_voltage
67.840000,1.00000000,travis_proxy_event_voltage
67.860000,1.00000000,travis_proxy_event_voltage
67.880000,1.00000000,travis_proxy_event_voltage
67.900000,1.00000000,travis_proxy_event_voltage
67.920000,1.00000000,travis_proxy_event_voltage
67.940000,1.00000000,travis_proxy_event_voltage
67.960000,1.00000000,travis_proxy_event_voltage
67.980000,1.00000000,travis_proxy_event_voltage
68.000000,1.00000000,travis_proxy_event_voltage
68.020000,1.00000000,travis_proxy_event_voltage
68.040000,1.00000000,travis_proxy_event_voltage
68.060000,1.00000000,travis_proxy_event_voltage
68.080000,1.00000000,travis_proxy_event_voltage
68.100000,1.00000000,travis_proxy_event_voltage
68.120000,1.00000000,travis_proxy_event_voltage
68.140000,1.00000000,travis_proxy_event_voltage
68.160000,1.00000000,travis_proxy_event_voltage
68.180000,1.00000000,travis_proxy_event_voltage
68.200000,1.00000000,travis_proxy_event_voltage
68.220000,1.00000000,travis_proxy_event_voltage
68.240000,1.00000000,travis_proxy_event_voltage
68.260000,1.00000000,travis_proxy_event_voltage
68.280000,1.00000000,travis_proxy_event_voltage
68.300000,1.00000000,travis_proxy_event_voltage
68.320000,1.00000000,travis_proxy_event_voltage
68.340000,1.00000000,travis_proxy_event_voltage
68.360000,1.00000000,travis_proxy_event_voltage
68.380000,1.00000000,travis_proxy_event_voltage
68.400000,1.00000000,travis_proxy_event_voltage
68.420000,1.00000000,travis_proxy_event_voltage
68.440000,1.00000000,travis_proxy_event_voltage
68.460000,1.00000000,travis_proxy_event_voltage
68.480000,1.00000000,travis_proxy_event_voltage
68.500000,1.00000000,travis_proxy_event_voltage
68.520000,1.00000000,travis_proxy_event_voltage
68.540000,1.00000000,travis_proxy_event_voltage
68.560000,1.00000000,travis_proxy_event_voltage
68.580000,1.00000000,travis_proxy_event_voltage
68.600000,1.00000000,travis_proxy_event_voltage
68.620000,1.00000000,travis_proxy_event_voltage
68.640000,1.00000000,travis_proxy_event_voltage
68.660000,1.00000000,travis_proxy_event_voltage
68.680000,1.00000000,travis_proxy_event_voltage
68.700000,1.00000000,travis_proxy_event_voltage
68.720000,1.00000000,travis_proxy_event_voltage
68.740000,1.00000000,travis_proxy_event_voltage
68.760000,1.00000000,travis_proxy_event_voltage
68.780000,1.00000000,travis_proxy_event_voltage
68.800000,1.00000000,travis_proxy_event_voltage
68.820000,1.00000000,travis_proxy_event_voltage
68.840000,1.00000000,travis_proxy_event_voltage
68.860000,1.00000000,travis_proxy_event_voltage
68.880000,1.00000000,travis_proxy_event_voltage
68.900000,1.00000000,travis_proxy_event_voltage
68.920000,1.00000000,travis_proxy_event_voltage
68.940000,1.00000000,travis_proxy_event_voltage
68.960000,1.00000000,travis_proxy_event_voltage
68.980000,1.00000000,travis_proxy_event_voltage
69.000000,1.00000000,travis_proxy_event_voltage
69.020000,1.00000000,travis_proxy_event_voltage
69.040000,1.00000000,travis_proxy_event_voltage
69.060000,1.00000000,travis_proxy_event_voltage
69.080000,1.00000000,travis_proxy_event_voltage
69.100000,1.00000000,travis_proxy_event_voltage
69.120000,1.00000000,travis_proxy_event_voltage
69.140000,1.00000000,travis_proxy_event_voltage
69.160000,1.00000000,travis_proxy_event_voltage
69.180000,1.00000000,travis_proxy_event_voltage
69.200000,1.00000000,travis_proxy_event_voltage
69.220000,1.00000000,travis_proxy_event_voltage
69.240000,1.00000000,travis_proxy_event_voltage
69.260000,1.00000000,travis_proxy_event_voltage
69.280000,1.00000000,travis_proxy_event_voltage
69.300000,1.00000000,travis_proxy_event_voltage
69.320000,1.00000000,travis_proxy_event_voltage
69.340000,1.00000000,travis_proxy_event_voltage
69.360000,1.00000000,travis_proxy_event_voltage
69.380000,1.00000000,travis_proxy_event_voltage
69.400000,1.00000000,travis_proxy_event_voltage
69.420000,1.00000000,travis_proxy_event_voltage
69.440000,1.00000000,travis_proxy_event_voltage
69.460000,1.00000000,travis_proxy_event_voltage
69.480000,1.00000000,travis_proxy_event_voltage
69.500000,1.00000000,travis_proxy_event_voltage
69.520000,1.00000000,travis_proxy_event_voltage
69.540000,1.00000000,travis_proxy_event_voltage
69.560000,1.00000000,travis_proxy_event_voltage
69.580000,1.00000000,travis_proxy_event_voltage
69.600000,1.00000000,travis_proxy_event_voltage
69.620000,1.00000000,travis_proxy_event_voltage
69.640000,1.00000000,travis_proxy_event_voltage
69.660000,1.00000000,travis_proxy_event_voltage
69.680000,1.00000000,travis_proxy_event_voltage
69.700000,1.00000000,travis_proxy_event_voltage
69.720000,1.00000000,travis_proxy_event_voltage
69.740000,1.00000000,travis_proxy_event_voltage
69.760000,1.00000000,travis_proxy_event_voltage
69.780000,1.00000000,travis_proxy_event_voltage
69.800000,1.00000000,travis_proxy_event_voltage
69.820000,1.00000000,travis_proxy_event_voltage
69.840000,1.00000000,travis_proxy_event_voltage
69.860000,1.00000000,travis_proxy_event_voltage
69.880000,1.00000000,travis_proxy_event_voltage
69.900000,1.00000000,travis_proxy_event_voltage
69.920000,1.00000000,travis_proxy_event_voltage
69.940000,1.00000000,travis_proxy_event_voltage
69.960000,1.00000000,travis_proxy_event_voltage
69.980000,1.00000000,travis_proxy_event_voltage
70.000000,1.00000000,travis_proxy_event_voltage
70.020000,1.00000000,travis_proxy_event_voltage
70.040000,1.00000000,travis_proxy_event_voltage
70.060000,1.00000000,travis_proxy_event_voltage
70.080000,1.00000000,travis_proxy_event_voltage
70.100000,1.00000000,travis_proxy_event_voltage
70.120000,1.00000000,travis_proxy_event_voltage
70.140000,1.00000000,travis_proxy_event_voltage
70.160000,1.00000000,travis_proxy_event_voltage
70.180000,1.00000000,travis_proxy_event_voltage
70.200000,1.00000000,travis_proxy_event_voltage
70.220000,1.00000000,travis_proxy_event_voltage
70.240000,1.00000000,travis_proxy_event_voltage
70.260000,1.00000000,travis_proxy_event_voltage
70.280000,1.00000000,travis_proxy_event_voltage
70.300000,1.00000000,travis_proxy_event_voltage
70.320000,1.00000000,travis_proxy_event_voltage
70.340000,1.00000000,travis_proxy_event_voltage
70.360000,1.00000000,travis_proxy_event_voltage
70.380000,1.00000000,travis_proxy_event_voltage
70.400000,1.00000000,travis_proxy_event_voltage
70.420000,1.00000000,travis_proxy_event_voltage
70.440000,1.00000000,travis_proxy_event_voltage
70.460000,1.00000000,travis_proxy_event_voltage
70.480000,1.00000000,travis_proxy_event_voltage
70.500000,1.00000000,travis_proxy_event_voltage
70.520000,1.00000000,travis_proxy_event_voltage
70.540000,1.00000000,travis_proxy_event_voltage
70.560000,1.00000000,travis_proxy_event_voltage
70.580000,1.00000000,travis_proxy_event_voltage
70.600000,1.00000000,travis_proxy_event_voltage
70.620000,1.00000000,travis_proxy_event_voltage
70.640000,1.00000000,travis_proxy_event_voltage
70.660000,1.00000000,travis_proxy_event_voltage
70.680000,1.00000000,travis_proxy_event_voltage
70.700000,1.00000000,travis_proxy_event_voltage
70.720000,1.00000000,travis_proxy_event_voltage
70.740000,1.00000000,travis_proxy_event_voltage
70.760000,1.00000000,travis_proxy_event_voltage
70.780000,1.00000000,travis_proxy_event_voltage
70.800000,1.00000000,travis_proxy_event_voltage
70.820000,1.00000000,travis_proxy_event_voltage
70.840000,1.00000000,travis_proxy_event_voltage
70.860000,1.00000000,travis_proxy_event_voltage
70.880000,1.00000000,travis_proxy_event_voltage
70.900000,1.00000000,travis_proxy_event_voltage
70.920000,1.00000000,travis_proxy_event_voltage
70.940000,1.00000000,travis_proxy_event_voltage
70.960000,1.00000000,travis_proxy_event_voltage
70.980000,1.00000000,travis_proxy_event_voltage
71.000000,1.00000000,travis_proxy_event_voltage
71.020000,1.00000000,travis_proxy_event_voltage
71.040000,1.00000000,travis_proxy_event_voltage
71.060000,1.00000000,travis_proxy_event_voltage
71.080000,1.00000000,travis_proxy_event_voltage
71.100000,1.00000000,travis_proxy_event_voltage
71.120000,1.00000000,travis_proxy_event_voltage
71.140000,1.00000000,travis_proxy_event_voltage
71.160000,1.00000000,travis_proxy_event_voltage
71.180000,1.00000000,travis_proxy_event_voltage
71.200000,1.00000000,travis_proxy_event_voltage
71.220000,1.00000000,travis_proxy_event_voltage
71.240000,1.00000000,travis_proxy_event_voltage
71.260000,1.00000000,travis_proxy_event_voltage
71.280000,1.00000000,travis_proxy_event_voltage
71.300000,1.00000000,travis_proxy_event_voltage
71.320000,1.00000000,travis_proxy_event_voltage
71.340000,1.00000000,travis_proxy_event_voltage
71.360000,1.00000000,travis_proxy_event_voltage
71.380000,1.00000000,travis_proxy_event_voltage
71.400000,1.00000000,travis_proxy_event_voltage
71.420000,1.00000000,travis_proxy_event_voltage
71.440000,1.00000000,travis_proxy_event_voltage
71.460000,1.00000000,travis_proxy_event_voltage
71.480000,1.00000000,travis_proxy_event_voltage
71.500000,1.00000000,travis_proxy_event_voltage
71.520000,1.00000000,travis_proxy_event_voltage
71.540000,1.00000000,travis_proxy_event_voltage
71.560000,1.00000000,travis_proxy_event_voltage
71.580000,1.00000000,travis_proxy_event_voltage
71.600000,1.00000000,travis_proxy_event_voltage
71.620000,1.00000000,travis_proxy_event_voltage
71.640000,1.00000000,travis_proxy_event_voltage
71.660000,1.00000000,travis_proxy_event_voltage
71.680000,1.00000000,travis_proxy_event_voltage
71.700000,1.00000000,travis_proxy_event_voltage
71.720000,1.00000000,travis_proxy_event_voltage
71.740000,1.00000000,travis_proxy_event_voltage
71.760000,1.00000000,travis_proxy_event_voltage
71.780000,1.00000000,travis_proxy_event_voltage
71.800000,1.00000000,travis_proxy_event_voltage
71.820000,1.00000000,travis_proxy_event_voltage
71.840000,1.00000000,travis_proxy_event_voltage
71.860000,1.00000000,travis_proxy_event_voltage
71.880000,1.00000000,travis_proxy_event_voltage
71.900000,1.00000000,travis_proxy_event_voltage
71.920000,1.00000000,travis_proxy_event_voltage
71.940000,1.00000000,travis_proxy_event_voltage
71.960000,1.00000000,travis_proxy_event_voltage
71.980000,1.00000000,travis_proxy_event_voltage
72.000000,1.00000000,travis_proxy_event_voltage
72.020000,1.00000000,travis_proxy_event_voltage
72.040000,1.00000000,travis_proxy_event_voltage
72.060000,1.00000000,travis_proxy_event_voltage
72.080000,1.00000000,travis_proxy_event_voltage
72.100000,1.00000000,travis_proxy_event_voltage
72.120000,1.00000000,travis_proxy_event_voltage
72.140000,1.00000000,travis_proxy_event_voltage
72.160000,1.00000000,travis_proxy_event_voltage
72.180000,1.00000000,travis_proxy_event_voltage
72.200000,1.00000000,travis_proxy_event_voltage
72.220000,1.00000000,travis_proxy_event_voltage
72.240000,1.00000000,travis_proxy_event_voltage
72.260000,1.00000000,travis_proxy_event_voltage
72.280000,1.00000000,travis_proxy_event_voltage
72.300000,1.00000000,travis_proxy_event_voltage
72.320000,1.00000000,travis_proxy_event_voltage
72.340000,1.00000000,travis_proxy_event_voltage
72.360000,1.00000000,travis_proxy_event_voltage
72.380000,1.00000000,travis_proxy_event_voltage
72.400000,1.00000000,travis_proxy_event_voltage
72.420000,1.00000000,travis_proxy_event_voltage
72.440000,1.00000000,travis_proxy_event_voltage
72.460000,1.00000000,travis_proxy_event_voltage
72.480000,1.00000000,travis_proxy_event_voltage
72.500000,1.00000000,travis_proxy_event_voltage
72.520000,1.00000000,travis_proxy_event_voltage
72.540000,1.00000000,travis_proxy_event_voltage
72.560000,1.00000000,travis_proxy_event_voltage
72.580000,1.00000000,travis_proxy_event_voltage
72.600000,1.00000000,travis_proxy_event_voltage
72.620000,1.00000000,travis_proxy_event_voltage
72.640000,1.00000000,travis_proxy_event_voltage
72.660000,1.00000000,travis_proxy_event_voltage
72.680000,1.00000000,travis_proxy_event_voltage
72.700000,1.00000000,travis_proxy_event_voltage
72.720000,1.00000000,travis_proxy_event_voltage
72.740000,1.00000000,travis_proxy_event_voltage
72.760000,1.00000000,travis_proxy_event_voltage
72.780000,1.00000000,travis_proxy_event_voltage
72.800000,1.00000000,travis_proxy_event_voltage
72.820000,1.00000000,travis_proxy_event_voltage
72.840000,1.00000000,travis_proxy_event_voltage
72.860000,1.00000000,travis_proxy_event_voltage
72.880000,1.00000000,travis_proxy_event_voltage
72.900000,1.00000000,travis_proxy_event_voltage
72.920000,1.00000000,travis_proxy_event_voltage
72.940000,1.00000000,travis_proxy_event_voltage
72.960000,1.00000000,travis_proxy_event_voltage
72.980000,1.00000000,travis_proxy_event_voltage
73.000000,1.00000000,travis_proxy_event_voltage
73.020000,1.00000000,travis_proxy_event_voltage
73.040000,1.00000000,travis_proxy_event_voltage
73.060000,1.00000000,travis_proxy_event_voltage
73.080000,1.00000000,travis_proxy_event_voltage
73.100000,1.00000000,travis_proxy_event_voltage
73.120000,1.00000000,travis_proxy_event_voltage
73.140000,1.00000000,travis_proxy_event_voltage
73.160000,1.00000000,travis_proxy_event_voltage
73.180000,1.00000000,travis_proxy_event_voltage
73.200000,1.00000000,travis_proxy_event_voltage
73.220000,1.00000000,travis_proxy_event_voltage
73.240000,1.00000000,travis_proxy_event_voltage
73.260000,1.00000000,travis_proxy_event_voltage
73.280000,1.00000000,travis_proxy_event_voltage
73.300000,1.00000000,travis_proxy_event_voltage
73.320000,1.00000000,travis_proxy_event_voltage
73.340000,1.00000000,travis_proxy_event_voltage
73.360000,1.00000000,travis_proxy_event_voltage
73.380000,1.00000000,travis_proxy_event_voltage
73.400000,1.00000000,travis_proxy_event_voltage
73.420000,1.00000000,travis_proxy_event_voltage
73.440000,1.00000000,travis_proxy_event_voltage
73.460000,1.00000000,travis_proxy_event_voltage
73.480000,1.00000000,travis_proxy_event_voltage
73.500000,1.00000000,travis_proxy_event_voltage
73.520000,1.00000000,travis_proxy_event_voltage
73.540000,1.00000000,travis_proxy_event_voltage
73.560000,1.00000000,travis_proxy_event_voltage
73.580000,1.00000000,travis_proxy_event_voltage
73.600000,1.00000000,travis_proxy_event_voltage
73.620000,1.00000000,travis_proxy_event_voltage
73.640000,1.00000000,travis_proxy_event_voltage
73.660000,1.00000000,travis_proxy_event_voltage
73.680000,1.00000000,travis_proxy_event_voltage
73.700000,1.00000000,travis_proxy_event_voltage
73.720000,1.00000000,travis_proxy_event_voltage
73.740000,1.00000000,travis_proxy_event_voltage
73.760000,1.00000000,travis_proxy_event_voltage
73.780000,1.00000000,travis_proxy_event_voltage
73.800000,1.00000000,travis_proxy_event_voltage
73.820000,1.00000000,travis_proxy_event_voltage
73.840000,1.00000000,travis_proxy_event_voltage
73.860000,1.00000000,travis_proxy_event_voltage
73.880000,1.00000000,travis_proxy_event_voltage
73.900000,1.00000000,travis_proxy_event_voltage
73.920000,1.00000000,travis_proxy_event_voltage
73.940000,1.00000000,travis_proxy_event_voltage
73.960000,1.00000000,travis_proxy_event_voltage
73.980000,1.00000000,travis_proxy_event_voltage
74.000000,1.00000000,travis_proxy_event_voltage
74.020000,1.00000000,travis_proxy_event_voltage
74.040000,1.00000000,travis_proxy_event_voltage
74.060000,1.00000000,travis_proxy_event_voltage
74.080000,1.00000000,travis_proxy_event_voltage
74.100000,1.00000000,travis_proxy_event_voltage
74.120000,1.00000000,travis_proxy_event_voltage
74.140000,1.00000000,travis_proxy_event_voltage
74.160000,1.00000000,travis_proxy_event_voltage
74.180000,1.00000000,travis_proxy_event_voltage
74.200000,1.00000000,travis_proxy_event_voltage
74.220000,1.00000000,travis_proxy_event_voltage
74.240000,1.00000000,travis_proxy_event_voltage
74.260000,1.00000000,travis_proxy_event_voltage
74.280000,1.00000000,travis_proxy_event_voltage
74.300000,1.00000000,travis_proxy_event_voltage
74.320000,1.00000000,travis_proxy_event_voltage
74.340000,1.00000000,travis_proxy_event_voltage
74.360000,1.00000000,travis_proxy_event_voltage
74.380000,1.00000000,travis_proxy_event_voltage
74.400000,1.00000000,travis_proxy_event_voltage
74.420000,1.00000000,travis_proxy_event_voltage
74.440000,1.00000000,travis_proxy_event_voltage
74.460000,1.00000000,travis_proxy_event_voltage
74.480000,1.00000000,travis_proxy_event_voltage
74.500000,1.00000000,travis_proxy_event_voltage
74.520000,1.00000000,travis_proxy_event_voltage
74.540000,1.00000000,travis_proxy_event_voltage
74.560000,1.00000000,travis_proxy_event_voltage
74.580000,1.00000000,travis_proxy_event_voltage
74.600000,1.00000000,travis_proxy_event_voltage
74.620000,1.00000000,travis_proxy_event_voltage
74.640000,1.00000000,travis_proxy_event_voltage
74.660000,1.00000000,travis_proxy_event_voltage
74.680000,1.00000000,travis_proxy_event_voltage
74.700000,1.00000000,travis_proxy_event_voltage
74.720000,1.00000000,travis_proxy_event_voltage
74.740000,1.00000000,travis_proxy_event_voltage
74.760000,1.00000000,travis_proxy_event_voltage
74.780000,1.00000000,travis_proxy_event_voltage
74.800000,1.00000000,travis_proxy_event_voltage
74.820000,1.00000000,travis_proxy_event_voltage
74.840000,1.00000000,travis_proxy_event_voltage
74.860000,1.00000000,travis_proxy_event_voltage
74.880000,1.00000000,travis_proxy_event_voltage
74.900000,1.00000000,travis_proxy_event_voltage
74.920000,1.00000000,travis_proxy_event_voltage
74.940000,1.00000000,travis_proxy_event_voltage
74.960000,1.00000000,travis_proxy_event_voltage
74.980000,1.00000000,travis_proxy_event_voltage
75.000000,1.00000000,travis_proxy_event_voltage
75.020000,1.00000000,travis_proxy_event_voltage
75.040000,1.00000000,travis_proxy_event_voltage
75.060000,1.00000000,travis_proxy_event_voltage
75.080000,1.00000000,travis_proxy_event_voltage
75.100000,1.00000000,travis_proxy_event_voltage
75.120000,1.00000000,travis_proxy_event_voltage
75.140000,1.00000000,travis_proxy_event_voltage
75.160000,1.00000000,travis_proxy_event_voltage
75.180000,1.00000000,travis_proxy_event_voltage
75.200000,1.00000000,travis_proxy_event_voltage
75.220000,1.00000000,travis_proxy_event_voltage
75.240000,1.00000000,travis_proxy_event_voltage
75.260000,1.00000000,travis_proxy_event_voltage
75.280000,1.00000000,travis_proxy_event_voltage
75.300000,1.00000000,travis_proxy_event_voltage
75.320000,1.00000000,travis_proxy_event_voltage
75.340000,1.00000000,travis_proxy_event_voltage
75.360000,1.00000000,travis_proxy_event_voltage
75.380000,1.00000000,travis_proxy_event_voltage
75.400000,1.00000000,travis_proxy_event_voltage
75.420000,1.00000000,travis_proxy_event_voltage
75.440000,1.00000000,travis_proxy_event_voltage
75.460000,1.00000000,travis_proxy_event_voltage
75.480000,1.00000000,travis_proxy_event_voltage
75.500000,1.00000000,travis_proxy_event_voltage
75.520000,1.00000000,travis_proxy_event_voltage
75.540000,1.00000000,travis_proxy_event_voltage
75.560000,1.00000000,travis_proxy_event_voltage
75.580000,1.00000000,travis_proxy_event_voltage
75.600000,1.00000000,travis_proxy_event_voltage
75.620000,1.00000000,travis_proxy_event_voltage
75.640000,1.00000000,travis_proxy_event_voltage
75.660000,1.00000000,travis_proxy_event_voltage
75.680000,1.00000000,travis_proxy_event_voltage
75.700000,1.00000000,travis_proxy_event_voltage
75.720000,1.00000000,travis_proxy_event_voltage
75.740000,1.00000000,travis_proxy_event_voltage
75.760000,1.00000000,travis_proxy_event_voltage
75.780000,1.00000000,travis_proxy_event_voltage
75.800000,1.00000000,travis_proxy_event_voltage
75.820000,1.00000000,travis_proxy_event_voltage
75.840000,1.00000000,travis_proxy_event_voltage
75.860000,1.00000000,travis_proxy_event_voltage
75.880000,1.00000000,travis_proxy_event_voltage
75.900000,1.00000000,travis_proxy_event_voltage
75.920000,1.00000000,travis_proxy_event_voltage
75.940000,1.00000000,travis_proxy_event_voltage
75.960000,1.00000000,travis_proxy_event_voltage
75.980000,1.00000000,travis_proxy_event_voltage
76.000000,1.00000000,travis_proxy_event_voltage
76.020000,1.00000000,travis_proxy_event_voltage
76.040000,1.00000000,travis_proxy_event_voltage
76.060000,1.00000000,travis_proxy_event_voltage
76.080000,1.00000000,travis_proxy_event_voltage
76.100000,1.00000000,travis_proxy_event_voltage
76.120000,1.00000000,travis_proxy_event_voltage
76.140000,1.00000000,travis_proxy_event_voltage
76.160000,1.00000000,travis_proxy_event_voltage
76.180000,1.00000000,travis_proxy_event_voltage
76.200000,1.00000000,travis_proxy_event_voltage
76.220000,1.00000000,travis_proxy_event_voltage
76.240000,1.00000000,travis_proxy_event_voltage
76.260000,1.00000000,travis_proxy_event_voltage
76.280000,1.00000000,travis_proxy_event_voltage
76.300000,1.00000000,travis_proxy_event_voltage
76.320000,1.00000000,travis_proxy_event_voltage
76.340000,1.00000000,travis_proxy_event_voltage
76.360000,1.00000000,travis_proxy_event_voltage
76.380000,1.00000000,travis_proxy_event_voltage
76.400000,1.00000000,travis_proxy_event_voltage
76.420000,1.00000000,travis_proxy_event_voltage
76.440000,1.00000000,travis_proxy_event_voltage
76.460000,1.00000000,travis_proxy_event_voltage
76.480000,1.00000000,travis_proxy_event_voltage
76.500000,1.00000000,travis_proxy_event_voltage
76.520000,1.00000000,travis_proxy_event_voltage
76.540000,1.00000000,travis_proxy_event_voltage
76.560000,1.00000000,travis_proxy_event_voltage
76.580000,1.00000000,travis_proxy_event_voltage
76.600000,1.00000000,travis_proxy_event_voltage
76.620000,1.00000000,travis_proxy_event_voltage
76.640000,1.00000000,travis_proxy_event_voltage
76.660000,1.00000000,travis_proxy_event_voltage
76.680000,1.00000000,travis_proxy_event_voltage
76.700000,1.00000000,travis_proxy_event_voltage
76.720000,1.00000000,travis_proxy_event_voltage
76.740000,1.00000000,travis_proxy_event_voltage
76.760000,1.00000000,travis_proxy_event_voltage
76.780000,1.00000000,travis_proxy_event_voltage
76.800000,1.00000000,travis_proxy_event_voltage
76.820000,1.00000000,travis_proxy_event_voltage
76.840000,1.00000000,travis_proxy_event_voltage
76.860000,1.00000000,travis_proxy_event_voltage
76.880000,1.00000000,travis_proxy_event_voltage
76.900000,1.00000000,travis_proxy_event_voltage
76.920000,1.00000000,travis_proxy_event_voltage
76.940000,1.00000000,travis_proxy_event_voltage
76.960000,1.00000000,travis_proxy_event_voltage
76.980000,1.00000000,travis_proxy_event_voltage
77.000000,1.00000000,travis_proxy_event_voltage
77.020000,1.00000000,travis_proxy_event_voltage
77.040000,1.00000000,travis_proxy_event_voltage
77.060000,1.00000000,travis_proxy_event_voltage
77.080000,1.00000000,travis_proxy_event_voltage
77.100000,1.00000000,travis_proxy_event_voltage
77.120000,1.00000000,travis_proxy_event_voltage
77.140000,1.00000000,travis_proxy_event_voltage
77.160000,1.00000000,travis_proxy_event_voltage
77.180000,1.00000000,travis_proxy_event_voltage
77.200000,1.00000000,travis_proxy_event_voltage
77.220000,1.00000000,travis_proxy_event_voltage
77.240000,1.00000000,travis_proxy_event_voltage
77.260000,1.00000000,travis_proxy_event_voltage
77.280000,1.00000000,travis_proxy_event_voltage
77.300000,1.00000000,travis_proxy_event_voltage
77.320000,1.00000000,travis_proxy_event_voltage
77.340000,1.00000000,travis_proxy_event_voltage
77.360000,1.00000000,travis_proxy_event_voltage
77.380000,1.00000000,travis_proxy_event_voltage
77.400000,1.00000000,travis_proxy_event_voltage
77.420000,1.00000000,travis_proxy_event_voltage
77.440000,1.00000000,travis_proxy_event_voltage
77.460000,1.00000000,travis_proxy_event_voltage
77.480000,1.00000000,travis_proxy_event_voltage
77.500000,1.00000000,travis_proxy_event_voltage
77.520000,1.00000000,travis_proxy_event_voltage
77.540000,1.00000000,travis_proxy_event_voltage
77.560000,1.00000000,travis_proxy_event_voltage
77.580000,1.00000000,travis_proxy_event_voltage
77.600000,1.00000000,travis_proxy_event_voltage
77.620000,1.00000000,travis_proxy_event_voltage
77.640000,1.00000000,travis_proxy_event_voltage
77.660000,1.00000000,travis_proxy_event_voltage
77.680000,1.00000000,travis_proxy_event_voltage
77.700000,1.00000000,travis_proxy_event_voltage
77.720000,1.00000000,travis_proxy_event_voltage
77.740000,1.00000000,travis_proxy_event_voltage
77.760000,1.00000000,travis_proxy_event_voltage
77.780000,1.00000000,travis_proxy_event_voltage
77.800000,1.00000000,travis_proxy_event_voltage
77.820000,1.00000000,travis_proxy_event_voltage
77.840000,1.00000000,travis_proxy_event_voltage
77.860000,1.00000000,travis_proxy_event_voltage
77.880000,1.00000000,travis_proxy_event_voltage
77.900000,1.00000000,travis_proxy_event_voltage
77.920000,1.00000000,travis_proxy_event_voltage
77.940000,1.00000000,travis_proxy_event_voltage
77.960000,1.00000000,travis_proxy_event_voltage
77.980000,1.00000000,travis_proxy_event_voltage
78.000000,1.00000000,travis_proxy_event_voltage
78.020000,1.00000000,travis_proxy_event_voltage
78.040000,1.00000000,travis_proxy_event_voltage
78.060000,1.00000000,travis_proxy_event_voltage
78.080000,1.00000000,travis_proxy_event_voltage
78.100000,1.00000000,travis_proxy_event_voltage
78.120000,1.00000000,travis_proxy_event_voltage
78.140000,1.00000000,travis_proxy_event_voltage
78.160000,1.00000000,travis_proxy_event_voltage
78.180000,1.00000000,travis_proxy_event_voltage
78.200000,1.00000000,travis_proxy_event_voltage
78.220000,1.00000000,travis_proxy_event_voltage
78.240000,1.00000000,travis_proxy_event_voltage
78.260000,1.00000000,travis_proxy_event_voltage
78.280000,1.00000000,travis_proxy_event_voltage
78.300000,1.00000000,travis_proxy_event_voltage
78.320000,1.00000000,travis_proxy_event_voltage
78.340000,1.00000000,travis_proxy_event_voltage
78.360000,1.00000000,travis_proxy_event_voltage
78.380000,1.00000000,travis_proxy_event_voltage
78.400000,1.00000000,travis_proxy_event_voltage
78.420000,1.00000000,travis_proxy_event_voltage
78.440000,1.00000000,travis_proxy_event_voltage
78.460000,1.00000000,travis_proxy_event_voltage
78.480000,1.00000000,travis_proxy_event_voltage
78.500000,1.00000000,travis_proxy_event_voltage
78.520000,1.00000000,travis_proxy_event_voltage
78.540000,1.00000000,travis_proxy_event_voltage
78.560000,1.00000000,travis_proxy_event_voltage
78.580000,1.00000000,travis_proxy_event_voltage
78.600000,1.00000000,travis_proxy_event_voltage
78.620000,1.00000000,travis_proxy_event_voltage
78.640000,1.00000000,travis_proxy_event_voltage
78.660000,1.00000000,travis_proxy_event_voltage
78.680000,1.00000000,travis_proxy_event_voltage
78.700000,1.00000000,travis_proxy_event_voltage
78.720000,1.00000000,travis_proxy_event_voltage
78.740000,1.00000000,travis_proxy_event_voltage
78.760000,1.00000000,travis_proxy_event_voltage
78.780000,1.00000000,travis_proxy_event_voltage
78.800000,1.00000000,travis_proxy_event_voltage
78.820000,1.00000000,travis_proxy_event_voltage
78.840000,1.00000000,travis_proxy_event_voltage
78.860000,1.00000000,travis_proxy_event_voltage
78.880000,1.00000000,travis_proxy_event_voltage
78.900000,1.00000000,travis_proxy_event_voltage
78.920000,1.00000000,travis_proxy_event_voltage
78.940000,1.00000000,travis_proxy_event_voltage
78.960000,1.00000000,travis_proxy_event_voltage
78.980000,1.00000000,travis_proxy_event_voltage
79.000000,1.00000000,travis_proxy_event_voltage
79.020000,1.00000000,travis_proxy_event_voltage
79.040000,1.00000000,travis_proxy_event_voltage
79.060000,1.00000000,travis_proxy_event_voltage
79.080000,1.00000000,travis_proxy_event_voltage
79.100000,1.00000000,travis_proxy_event_voltage
79.120000,1.00000000,travis_proxy_event_voltage
79.140000,1.00000000,travis_proxy_event_voltage
79.160000,1.00000000,travis_proxy_event_voltage
79.180000,1.00000000,travis_proxy_event_voltage
79.200000,0.25000000,travis_proxy_event_voltage
79.220000,0.25000000,travis_proxy_event_voltage
79.240000,0.25000000,travis_proxy_event_voltage
79.260000,1.00000000,travis_proxy_event_voltage
79.280000,1.00000000,travis_proxy_event_voltage
79.300000,1.00000000,travis_proxy_event_voltage
79.320000,1.00000000,travis_proxy_event_voltage
79.340000,1.00000000,travis_proxy_event_voltage
79.360000,1.00000000,travis_proxy_event_voltage
79.380000,1.00000000,travis_proxy_event_voltage
79.400000,1.00000000,travis_proxy_event_voltage
79.420000,1.00000000,travis_proxy_event_voltage
79.440000,1.00000000,travis_proxy_event_voltage
79.460000,1.00000000,travis_proxy_event_voltage
79.480000,1.00000000,travis_proxy_event_voltage
79.500000,1.00000000,travis_proxy_event_voltage
79.520000,1.00000000,travis_proxy_event_voltage
79.540000,1.00000000,travis_proxy_event_voltage
79.560000,1.00000000,travis_proxy_event_voltage
79.580000,1.00000000,travis_proxy_event_voltage
79.600000,1.00000000,travis_proxy_event_voltage
79.620000,1.00000000,travis_proxy_event_voltage
79.640000,1.00000000,travis_proxy_event_voltage
79.660000,1.00000000,travis_proxy_event_voltage
79.680000,1.00000000,travis_proxy_event_voltage
79.700000,1.00000000,travis_proxy_event_voltage
79.720000,1.00000000,travis_proxy_event_voltage
79.740000,1.00000000,travis_proxy_event_voltage
79.760000,1.00000000,travis_proxy_event_voltage
79.780000,1.00000000,travis_proxy_event_voltage
79.800000,1.00000000,travis_proxy_event_voltage
79.820000,1.00000000,travis_proxy_event_voltage
79.840000,1.00000000,travis_proxy_event_voltage
79.860000,1.00000000,travis_proxy_event_voltage
79.880000,1.00000000,travis_proxy_event_voltage
79.900000,1.00000000,travis_proxy_event_voltage
79.920000,1.00000000,travis_proxy_event_voltage
79.940000,1.00000000,travis_proxy_event_voltage
79.960000,1.00000000,travis_proxy_event_voltage
79.980000,1.00000000,travis_proxy_event_voltage
80.000000,1.00000000,travis_proxy_event_voltage
80.020000,1.00000000,travis_proxy_event_voltage
80.040000,1.00000000,travis_proxy_event_voltage
80.060000,1.00000000,travis_proxy_event_voltage
80.080000,1.00000000,travis_proxy_event_voltage
80.100000,1.00000000,travis_proxy_event_voltage
80.120000,1.00000000,travis_proxy_event_voltage
80.140000,1.00000000,travis_proxy_event_voltage
80.160000,1.00000000,travis_proxy_event_voltage
80.180000,1.00000000,travis_proxy_event_voltage
80.200000,1.00000000,travis_proxy_event_voltage
80.220000,1.00000000,travis_proxy_event_voltage
80.240000,1.00000000,travis_proxy_event_voltage
80.260000,1.00000000,travis_proxy_event_voltage
80.280000,1.00000000,travis_proxy_event_voltage
80.300000,1.00000000,travis_proxy_event_voltage
80.320000,1.00000000,travis_proxy_event_voltage
80.340000,1.00000000,travis_proxy_event_voltage
80.360000,1.00000000,travis_proxy_event_voltage
80.380000,1.00000000,travis_proxy_event_voltage
80.400000,1.00000000,travis_proxy_event_voltage
80.420000,1.00000000,travis_proxy_event_voltage
80.440000,1.00000000,travis_proxy_event_voltage
80.460000,1.00000000,travis_proxy_event_voltage
80.480000,1.00000000,travis_proxy_event_voltage
80.500000,1.00000000,travis_proxy_event_voltage
80.520000,1.00000000,travis_proxy_event_voltage
80.540000,1.00000000,travis_proxy_event_voltage
80.560000,1.00000000,travis_proxy_event_voltage
80.580000,1.00000000,travis_proxy_event_voltage
80.600000,1.00000000,travis_proxy_event_voltage
80.620000,1.00000000,travis_proxy_event_voltage
80.640000,1.00000000,travis_proxy_event_voltage
80.660000,1.00000000,travis_proxy_event_voltage
80.680000,1.00000000,travis_proxy_event_voltage
80.700000,1.00000000,travis_proxy_event_voltage
80.720000,1.00000000,travis_proxy_event_voltage
80.740000,1.00000000,travis_proxy_event_voltage
80.760000,1.00000000,travis_proxy_event_voltage
80.780000,1.00000000,travis_proxy_event_voltage
80.800000,1.00000000,travis_proxy_event_voltage
80.820000,1.00000000,travis_proxy_event_voltage
80.840000,1.00000000,travis_proxy_event_voltage
80.860000,1.00000000,travis_proxy_event_voltage
80.880000,1.00000000,travis_proxy_event_voltage
80.900000,1.00000000,travis_proxy_event_voltage
80.920000,1.00000000,travis_proxy_event_voltage
80.940000,1.00000000,travis_proxy_event_voltage
80.960000,1.00000000,travis_proxy_event_voltage
80.980000,1.00000000,travis_proxy_event_voltage
81.000000,1.00000000,travis_proxy_event_voltage
81.020000,1.00000000,travis_proxy_event_voltage
81.040000,1.00000000,travis_proxy_event_voltage
81.060000,1.00000000,travis_proxy_event_voltage
81.080000,1.00000000,travis_proxy_event_voltage
81.100000,1.00000000,travis_proxy_event_voltage
81.120000,1.00000000,travis_proxy_event_voltage
81.140000,1.00000000,travis_proxy_event_voltage
81.160000,1.00000000,travis_proxy_event_voltage
81.180000,1.00000000,travis_proxy_event_voltage
81.200000,1.00000000,travis_proxy_event_voltage
81.220000,1.00000000,travis_proxy_event_voltage
81.240000,1.00000000,travis_proxy_event_voltage
81.260000,1.00000000,travis_proxy_event_voltage
81.280000,1.00000000,travis_proxy_event_voltage
81.300000,1.00000000,travis_proxy_event_voltage
81.320000,1.00000000,travis_proxy_event_voltage
81.340000,1.00000000,travis_proxy_event_voltage
81.360000,1.00000000,travis_proxy_event_voltage
81.380000,1.00000000,travis_proxy_event_voltage
81.400000,1.00000000,travis_proxy_event_voltage
81.420000,1.00000000,travis_proxy_event_voltage
81.440000,1.00000000,travis_proxy_event_voltage
81.460000,1.00000000,travis_proxy_event_voltage
81.480000,1.00000000,travis_proxy_event_voltage
81.500000,1.00000000,travis_proxy_event_voltage
81.520000,1.00000000,travis_proxy_event_voltage
81.540000,1.00000000,travis_proxy_event_voltage
81.560000,1.00000000,travis_proxy_event_voltage
81.580000,1.00000000,travis_proxy_event_voltage
81.600000,1.00000000,travis_proxy_event_voltage
81.620000,1.00000000,travis_proxy_event_voltage
81.640000,1.00000000,travis_proxy_event_voltage
81.660000,1.00000000,travis_proxy_event_voltage
81.680000,1.00000000,travis_proxy_event_voltage
81.700000,1.00000000,travis_proxy_event_voltage
81.720000,1.00000000,travis_proxy_event_voltage
81.740000,1.00000000,travis_proxy_event_voltage
81.760000,1.00000000,travis_proxy_event_voltage
81.780000,1.00000000,travis_proxy_event_voltage
81.800000,1.00000000,travis_proxy_event_voltage
81.820000,1.00000000,travis_proxy_event_voltage
81.840000,1.00000000,travis_proxy_event_voltage
81.860000,1.00000000,travis_proxy_event_voltage
81.880000,1.00000000,travis_proxy_event_voltage
81.900000,1.00000000,travis_proxy_event_voltage
81.920000,1.00000000,travis_proxy_event_voltage
81.940000,1.00000000,travis_proxy_event_voltage
81.960000,1.00000000,travis_proxy_event_voltage
81.980000,1.00000000,travis_proxy_event_voltage
82.000000,1.00000000,travis_proxy_event_voltage
82.020000,1.00000000,travis_proxy_event_voltage
82.040000,1.00000000,travis_proxy_event_voltage
82.060000,1.00000000,travis_proxy_event_voltage
82.080000,1.00000000,travis_proxy_event_voltage
82.100000,1.00000000,travis_proxy_event_voltage
82.120000,1.00000000,travis_proxy_event_voltage
82.140000,1.00000000,travis_proxy_event_voltage
82.160000,1.00000000,travis_proxy_event_voltage
82.180000,1.00000000,travis_proxy_event_voltage
82.200000,1.00000000,travis_proxy_event_voltage
82.220000,1.00000000,travis_proxy_event_voltage
82.240000,1.00000000,travis_proxy_event_voltage
82.260000,1.00000000,travis_proxy_event_voltage
82.280000,1.00000000,travis_proxy_event_voltage
82.300000,1.00000000,travis_proxy_event_voltage
82.320000,1.00000000,travis_proxy_event_voltage
82.340000,1.00000000,travis_proxy_event_voltage
82.360000,1.00000000,travis_proxy_event_voltage
82.380000,1.00000000,travis_proxy_event_voltage
82.400000,1.00000000,travis_proxy_event_voltage
82.420000,1.00000000,travis_proxy_event_voltage
82.440000,1.00000000,travis_proxy_event_voltage
82.460000,1.00000000,travis_proxy_event_voltage
82.480000,1.00000000,travis_proxy_event_voltage
82.500000,1.00000000,travis_proxy_event_voltage
82.520000,1.00000000,travis_proxy_event_voltage
82.540000,1.00000000,travis_proxy_event_voltage
82.560000,1.00000000,travis_proxy_event_voltage
82.580000,1.00000000,travis_proxy_event_voltage
82.600000,1.00000000,travis_proxy_event_voltage
82.620000,1.00000000,travis_proxy_event_voltage
82.640000,1.00000000,travis_proxy_event_voltage
82.660000,1.00000000,travis_proxy_event_voltage
82.680000,1.00000000,travis_proxy_event_voltage
82.700000,1.00000000,travis_proxy_event_voltage
82.720000,1.00000000,travis_proxy_event_voltage
82.740000,1.00000000,travis_proxy_event_voltage
82.760000,1.00000000,travis_proxy_event_voltage
82.780000,1.00000000,travis_proxy_event_voltage
82.800000,1.00000000,travis_proxy_event_voltage
82.820000,1.00000000,travis_proxy_event_voltage
82.840000,1.00000000,travis_proxy_event_voltage
82.860000,1.00000000,travis_proxy_event_voltage
82.880000,1.00000000,travis_proxy_event_voltage
82.900000,1.00000000,travis_proxy_event_voltage
82.920000,1.00000000,travis_proxy_event_voltage
82.940000,1.00000000,travis_proxy_event_voltage
82.960000,1.00000000,travis_proxy_event_voltage
82.980000,1.00000000,travis_proxy_event_voltage
83.000000,1.00000000,travis_proxy_event_voltage
83.020000,1.00000000,travis_proxy_event_voltage
83.040000,1.00000000,travis_proxy_event_voltage
83.060000,1.00000000,travis_proxy_event_voltage
83.080000,1.00000000,travis_proxy_event_voltage
83.100000,1.00000000,travis_proxy_event_voltage
83.120000,1.00000000,travis_proxy_event_voltage
83.140000,1.00000000,travis_proxy_event_voltage
83.160000,1.00000000,travis_proxy_event_voltage
83.180000,1.00000000,travis_proxy_event_voltage
83.200000,1.00000000,travis_proxy_event_voltage
83.220000,1.00000000,travis_proxy_event_voltage
83.240000,1.00000000,travis_proxy_event_voltage
83.260000,1.00000000,travis_proxy_event_voltage
83.280000,1.00000000,travis_proxy_event_voltage
83.300000,1.00000000,travis_proxy_event_voltage
83.320000,1.00000000,travis_proxy_event_voltage
83.340000,1.00000000,travis_proxy_event_voltage
83.360000,1.00000000,travis_proxy_event_voltage
83.380000,1.00000000,travis_proxy_event_voltage
83.400000,1.00000000,travis_proxy_event_voltage
83.420000,1.00000000,travis_proxy_event_voltage
83.440000,1.00000000,travis_proxy_event_voltage
83.460000,1.00000000,travis_proxy_event_voltage
83.480000,1.00000000,travis_proxy_event_voltage
83.500000,1.00000000,travis_proxy_event_voltage
83.520000,1.00000000,travis_proxy_event_voltage
83.540000,1.00000000,travis_proxy_event_voltage
83.560000,1.00000000,travis_proxy_event_voltage
83.580000,1.00000000,travis_proxy_event_voltage
83.600000,1.00000000,travis_proxy_event_voltage
83.620000,1.00000000,travis_proxy_event_voltage
83.640000,1.00000000,travis_proxy_event_voltage
83.660000,1.00000000,travis_proxy_event_voltage
83.680000,1.00000000,travis_proxy_event_voltage
83.700000,1.00000000,travis_proxy_event_voltage
83.720000,1.00000000,travis_proxy_event_voltage
83.740000,1.00000000,travis_proxy_event_voltage
83.760000,1.00000000,travis_proxy_event_voltage
83.780000,1.00000000,travis_proxy_event_voltage
83.800000,1.00000000,travis_proxy_event_voltage
83.820000,1.00000000,travis_proxy_event_voltage
83.840000,1.00000000,travis_proxy_event_voltage
83.860000,1.00000000,travis_proxy_event_voltage
83.880000,1.00000000,travis_proxy_event_voltage
83.900000,1.00000000,travis_proxy_event_voltage
83.920000,1.00000000,travis_proxy_event_voltage
83.940000,1.00000000,travis_proxy_event_voltage
83.960000,1.00000000,travis_proxy_event_voltage
83.980000,1.00000000,travis_proxy_event_voltage
84.000000,1.00000000,travis_proxy_event_voltage
84.020000,1.00000000,travis_proxy_event_voltage
84.040000,1.00000000,travis_proxy_event_voltage
84.060000,1.00000000,travis_proxy_event_voltage
84.080000,1.00000000,travis_proxy_event_voltage
84.100000,1.00000000,travis_proxy_event_voltage
84.120000,1.00000000,travis_proxy_event_voltage
84.140000,1.00000000,travis_proxy_event_voltage
84.160000,1.00000000,travis_proxy_event_voltage
84.180000,1.00000000,travis_proxy_event_voltage
84.200000,1.00000000,travis_proxy_event_voltage
84.220000,1.00000000,travis_proxy_event_voltage
84.240000,1.00000000,travis_proxy_event_voltage
84.260000,1.00000000,travis_proxy_event_voltage
84.280000,1.00000000,travis_proxy_event_voltage
84.300000,1.00000000,travis_proxy_event_voltage
84.320000,1.00000000,travis_proxy_event_voltage
84.340000,1.00000000,travis_proxy_event_voltage
84.360000,1.00000000,travis_proxy_event_voltage
84.380000,1.00000000,travis_proxy_event_voltage
84.400000,1.00000000,travis_proxy_event_voltage
84.420000,1.00000000,travis_proxy_event_voltage
84.440000,1.00000000,travis_proxy_event_voltage
84.460000,1.00000000,travis_proxy_event_voltage
84.480000,1.00000000,travis_proxy_event_voltage
84.500000,1.00000000,travis_proxy_event_voltage
84.520000,1.00000000,travis_proxy_event_voltage
84.540000,1.00000000,travis_proxy_event_voltage
84.560000,1.00000000,travis_proxy_event_voltage
84.580000,1.00000000,travis_proxy_event_voltage
84.600000,1.00000000,travis_proxy_event_voltage
84.620000,1.00000000,travis_proxy_event_voltage
84.640000,1.00000000,travis_proxy_event_voltage
84.660000,1.00000000,travis_proxy_event_voltage
84.680000,1.00000000,travis_proxy_event_voltage
84.700000,1.00000000,travis_proxy_event_voltage
84.720000,1.00000000,travis_proxy_event_voltage
84.740000,1.00000000,travis_proxy_event_voltage
84.760000,1.00000000,travis_proxy_event_voltage
84.780000,1.00000000,travis_proxy_event_voltage
84.800000,1.00000000,travis_proxy_event_voltage
84.820000,1.00000000,travis_proxy_event_voltage
84.840000,1.00000000,travis_proxy_event_voltage
84.860000,1.00000000,travis_proxy_event_voltage
84.880000,1.00000000,travis_proxy_event_voltage
84.900000,1.00000000,travis_proxy_event_voltage
84.920000,1.00000000,travis_proxy_event_voltage
84.940000,1.00000000,travis_proxy_event_voltage
84.960000,1.00000000,travis_proxy_event_voltage
84.980000,1.00000000,travis_proxy_event_voltage
85.000000,1.00000000,travis_proxy_event_voltage
85.020000,1.00000000,travis_proxy_event_voltage
85.040000,1.00000000,travis_proxy_event_voltage
85.060000,1.00000000,travis_proxy_event_voltage
85.080000,1.00000000,travis_proxy_event_voltage
85.100000,1.00000000,travis_proxy_event_voltage
85.120000,1.00000000,travis_proxy_event_voltage
85.140000,1.00000000,travis_proxy_event_voltage
85.160000,1.00000000,travis_proxy_event_voltage
85.180000,1.00000000,travis_proxy_event_voltage
85.200000,1.00000000,travis_proxy_event_voltage
85.220000,1.00000000,travis_proxy_event_voltage
85.240000,1.00000000,travis_proxy_event_voltage
85.260000,1.00000000,travis_proxy_event_voltage
85.280000,1.00000000,travis_proxy_event_voltage
85.300000,1.00000000,travis_proxy_event_voltage
85.320000,1.00000000,travis_proxy_event_voltage
85.340000,1.00000000,travis_proxy_event_voltage
85.360000,1.00000000,travis_proxy_event_voltage
85.380000,1.00000000,travis_proxy_event_voltage
85.400000,1.00000000,travis_proxy_event_voltage
85.420000,1.00000000,travis_proxy_event_voltage
85.440000,1.00000000,travis_proxy_event_voltage
85.460000,1.00000000,travis_proxy_event_voltage
85.480000,1.00000000,travis_proxy_event_voltage
85.500000,1.00000000,travis_proxy_event_voltage
85.520000,1.00000000,travis_proxy_event_voltage
85.540000,1.00000000,travis_proxy_event_voltage
85.560000,1.00000000,travis_proxy_event_voltage
85.580000,1.00000000,travis_proxy_event_voltage
85.600000,1.00000000,travis_proxy_event_voltage
85.620000,1.00000000,travis_proxy_event_voltage
85.640000,1.00000000,travis_proxy_event_voltage
85.660000,1.00000000,travis_proxy_event_voltage
85.680000,1.00000000,travis_proxy_event_voltage
85.700000,1.00000000,travis_proxy_event_voltage
85.720000,1.00000000,travis_proxy_event_voltage
85.740000,1.00000000,travis_proxy_event_voltage
85.760000,1.00000000,travis_proxy_event_voltage
85.780000,1.00000000,travis_proxy_event_voltage
85.800000,1.00000000,travis_proxy_event_voltage
85.820000,1.00000000,travis_proxy_event_voltage
85.840000,1.00000000,travis_proxy_event_voltage
85.860000,1.00000000,travis_proxy_event_voltage
85.880000,1.00000000,travis_proxy_event_voltage
85.900000,1.00000000,travis_proxy_event_voltage
85.920000,1.00000000,travis_proxy_event_voltage
85.940000,1.00000000,travis_proxy_event_voltage
85.960000,1.00000000,travis_proxy_event_voltage
85.980000,1.00000000,travis_proxy_event_voltage
86.000000,1.00000000,travis_proxy_event_voltage
86.020000,1.00000000,travis_proxy_event_voltage
86.040000,1.00000000,travis_proxy_event_voltage
86.060000,1.00000000,travis_proxy_event_voltage
86.080000,1.00000000,travis_proxy_event_voltage
86.100000,1.00000000,travis_proxy_event_voltage
86.120000,1.00000000,travis_proxy_event_voltage
86.140000,1.00000000,travis_proxy_event_voltage
86.160000,1.00000000,travis_proxy_event_voltage
86.180000,1.00000000,travis_proxy_event_voltage
86.200000,1.00000000,travis_proxy_event_voltage
86.220000,1.00000000,travis_proxy_event_voltage
86.240000,1.00000000,travis_proxy_event_voltage
86.260000,1.00000000,travis_proxy_event_voltage
86.280000,1.00000000,travis_proxy_event_voltage
86.300000,1.00000000,travis_proxy_event_voltage
86.320000,1.00000000,travis_proxy_event_voltage
86.340000,1.00000000,travis_proxy_event_voltage
86.360000,1.00000000,travis_proxy_event_voltage
86.380000,1.00000000,travis_proxy_event_voltage
86.400000,1.00000000,travis_proxy_event_voltage
86.420000,1.00000000,travis_proxy_event_voltage
86.440000,1.00000000,travis_proxy_event_voltage
86.460000,1.00000000,travis_proxy_event_voltage
86.480000,1.00000000,travis_proxy_event_voltage
86.500000,1.00000000,travis_proxy_event_voltage
86.520000,1.00000000,travis_proxy_event_voltage
86.540000,1.00000000,travis_proxy_event_voltage
86.560000,1.00000000,travis_proxy_event_voltage
86.580000,1.00000000,travis_proxy_event_voltage
86.600000,1.00000000,travis_proxy_event_voltage
86.620000,1.00000000,travis_proxy_event_voltage
86.640000,1.00000000,travis_proxy_event_voltage
86.660000,1.00000000,travis_proxy_event_voltage
86.680000,1.00000000,travis_proxy_event_voltage
86.700000,1.00000000,travis_proxy_event_voltage
86.720000,1.00000000,travis_proxy_event_voltage
86.740000,1.00000000,travis_proxy_event_voltage
86.760000,1.00000000,travis_proxy_event_voltage
86.780000,1.00000000,travis_proxy_event_voltage
86.800000,1.00000000,travis_proxy_event_voltage
86.820000,1.00000000,travis_proxy_event_voltage
86.840000,1.00000000,travis_proxy_event_voltage
86.860000,1.00000000,travis_proxy_event_voltage
86.880000,1.00000000,travis_proxy_event_voltage
86.900000,1.00000000,travis_proxy_event_voltage
86.920000,1.00000000,travis_proxy_event_voltage
86.940000,1.00000000,travis_proxy_event_voltage
86.960000,1.00000000,travis_proxy_event_voltage
86.980000,1.00000000,travis_proxy_event_voltage
87.000000,1.00000000,travis_proxy_event_voltage
87.020000,1.00000000,travis_proxy_event_voltage
87.040000,1.00000000,travis_proxy_event_voltage
87.060000,1.00000000,travis_proxy_event_voltage
87.080000,1.00000000,travis_proxy_event_voltage
87.100000,1.00000000,travis_proxy_event_voltage
87.120000,1.00000000,travis_proxy_event_voltage
87.140000,1.00000000,travis_proxy_event_voltage
87.160000,1.00000000,travis_proxy_event_voltage
87.180000,1.00000000,travis_proxy_event_voltage
87.200000,1.00000000,travis_proxy_event_voltage
87.220000,1.00000000,travis_proxy_event_voltage
87.240000,1.00000000,travis_proxy_event_voltage
87.260000,1.00000000,travis_proxy_event_voltage
87.280000,1.00000000,travis_proxy_event_voltage
87.300000,1.00000000,travis_proxy_event_voltage
87.320000,1.00000000,travis_proxy_event_voltage
87.340000,1.00000000,travis_proxy_event_voltage
87.360000,1.00000000,travis_proxy_event_voltage
87.380000,1.00000000,travis_proxy_event_voltage
87.400000,1.00000000,travis_proxy_event_voltage
87.420000,1.00000000,travis_proxy_event_voltage
87.440000,1.00000000,travis_proxy_event_voltage
87.460000,1.00000000,travis_proxy_event_voltage
87.480000,1.00000000,travis_proxy_event_voltage
87.500000,1.00000000,travis_proxy_event_voltage
87.520000,1.00000000,travis_proxy_event_voltage
87.540000,1.00000000,travis_proxy_event_voltage
87.560000,1.00000000,travis_proxy_event_voltage
87.580000,1.00000000,travis_proxy_event_voltage
87.600000,1.00000000,travis_proxy_event_voltage
87.620000,1.00000000,travis_proxy_event_voltage
87.640000,1.00000000,travis_proxy_event_voltage
87.660000,1.00000000,travis_proxy_event_voltage
87.680000,1.00000000,travis_proxy_event_voltage
87.700000,1.00000000,travis_proxy_event_voltage
87.720000,1.00000000,travis_proxy_event_voltage
87.740000,1.00000000,travis_proxy_event_voltage
87.760000,1.00000000,travis_proxy_event_voltage
87.780000,1.00000000,travis_proxy_event_voltage
87.800000,1.00000000,travis_proxy_event_voltage
87.820000,1.00000000,travis_proxy_event_voltage
87.840000,1.00000000,travis_proxy_event_voltage
87.860000,1.00000000,travis_proxy_event_voltage
87.880000,1.00000000,travis_proxy_event_voltage
87.900000,1.00000000,travis_proxy_event_voltage
87.920000,1.00000000,travis_proxy_event_voltage
87.940000,1.00000000,travis_proxy_event_voltage
87.960000,1.00000000,travis_proxy_event_voltage
87.980000,1.00000000,travis_proxy_event_voltage
88.000000,1.00000000,travis_proxy_event_voltage
88.020000,1.00000000,travis_proxy_event_voltage
88.040000,1.00000000,travis_proxy_event_voltage
88.060000,1.00000000,travis_proxy_event_voltage
88.080000,1.00000000,travis_proxy_event_voltage
88.100000,1.00000000,travis_proxy_event_voltage
88.120000,1.00000000,travis_proxy_event_voltage
88.140000,1.00000000,travis_proxy_event_voltage
88.160000,1.00000000,travis_proxy_event_voltage
88.180000,1.00000000,travis_proxy_event_voltage
88.200000,1.00000000,travis_proxy_event_voltage
88.220000,1.00000000,travis_proxy_event_voltage
88.240000,1.00000000,travis_proxy_event_voltage
88.260000,1.00000000,travis_proxy_event_voltage
88.280000,1.00000000,travis_proxy_event_voltage
88.300000,1.00000000,travis_proxy_event_voltage
88.320000,1.00000000,travis_proxy_event_voltage
88.340000,1.00000000,travis_proxy_event_voltage
88.360000,1.00000000,travis_proxy_event_voltage
88.380000,1.00000000,travis_proxy_event_voltage
88.400000,1.00000000,travis_proxy_event_voltage
88.420000,1.00000000,travis_proxy_event_voltage
88.440000,1.00000000,travis_proxy_event_voltage
88.460000,1.00000000,travis_proxy_event_voltage
88.480000,1.00000000,travis_proxy_event_voltage
88.500000,1.00000000,travis_proxy_event_voltage
88.520000,1.00000000,travis_proxy_event_voltage
88.540000,1.00000000,travis_proxy_event_voltage
88.560000,1.00000000,travis_proxy_event_voltage
88.580000,1.00000000,travis_proxy_event_voltage
88.600000,1.00000000,travis_proxy_event_voltage
88.620000,1.00000000,travis_proxy_event_voltage
88.640000,1.00000000,travis_proxy_event_voltage
88.660000,1.00000000,travis_proxy_event_voltage
88.680000,1.00000000,travis_proxy_event_voltage
88.700000,1.00000000,travis_proxy_event_voltage
88.720000,1.00000000,travis_proxy_event_voltage
88.740000,1.00000000,travis_proxy_event_voltage
88.760000,1.00000000,travis_proxy_event_voltage
88.780000,1.00000000,travis_proxy_event_voltage
88.800000,1.00000000,travis_proxy_event_voltage
88.820000,1.00000000,travis_proxy_event_voltage
88.840000,1.00000000,travis_proxy_event_voltage
88.860000,1.00000000,travis_proxy_event_voltage
88.880000,1.00000000,travis_proxy_event_voltage
88.900000,1.00000000,travis_proxy_event_voltage
88.920000,1.00000000,travis_proxy_event_voltage
88.940000,1.00000000,travis_proxy_event_voltage
88.960000,1.00000000,travis_proxy_event_voltage
88.980000,1.00000000,travis_proxy_event_voltage
89.000000,1.00000000,travis_proxy_event_voltage
89.020000,1.00000000,travis_proxy_event_voltage
89.040000,1.00000000,travis_proxy_event_voltage
89.060000,1.00000000,travis_proxy_event_voltage
89.080000,1.00000000,travis_proxy_event_voltage
89.100000,1.00000000,travis_proxy_event_voltage
89.120000,1.00000000,travis_proxy_event_voltage
89.140000,1.00000000,travis_proxy_event_voltage
89.160000,1.00000000,travis_proxy_event_voltage
89.180000,1.00000000,travis_proxy_event_voltage
89.200000,1.00000000,travis_proxy_event_voltage
89.220000,1.00000000,travis_proxy_event_voltage
89.240000,1.00000000,travis_proxy_event_voltage
89.260000,1.00000000,travis_proxy_event_voltage
89.280000,1.00000000,travis_proxy_event_voltage
89.300000,1.00000000,travis_proxy_event_voltage
89.320000,1.00000000,travis_proxy_event_voltage
89.340000,1.00000000,travis_proxy_event_voltage
89.360000,1.00000000,travis_proxy_event_voltage
89.380000,1.00000000,travis_proxy_event_voltage
89.400000,1.00000000,travis_proxy_event_voltage
89.420000,1.00000000,travis_proxy_event_voltage
89.440000,1.00000000,travis_proxy_event_voltage
89.460000,1.00000000,travis_proxy_event_voltage
89.480000,1.00000000,travis_proxy_event_voltage
89.500000,1.00000000,travis_proxy_event_voltage
89.520000,1.00000000,travis_proxy_event_voltage
89.540000,1.00000000,travis_proxy_event_voltage
89.560000,1.00000000,travis_proxy_event_voltage
89.580000,1.00000000,travis_proxy_event_voltage
89.600000,1.00000000,travis_proxy_event_voltage
89.620000,1.00000000,travis_proxy_event_voltage
89.640000,1.00000000,travis_proxy_event_voltage
89.660000,1.00000000,travis_proxy_event_voltage
89.680000,1.00000000,travis_proxy_event_voltage
89.700000,1.00000000,travis_proxy_event_voltage
89.720000,1.00000000,travis_proxy_event_voltage
89.740000,1.00000000,travis_proxy_event_voltage
89.760000,1.00000000,travis_proxy_event_voltage
89.780000,1.00000000,travis_proxy_event_voltage
89.800000,1.00000000,travis_proxy_event_voltage
89.820000,1.00000000,travis_proxy_event_voltage
89.840000,1.00000000,travis_proxy_event_voltage
89.860000,1.00000000,travis_proxy_event_voltage
89.880000,1.00000000,travis_proxy_event_voltage
89.900000,1.00000000,travis_proxy_event_voltage
89.920000,1.00000000,travis_proxy_event_voltage
89.940000,1.00000000,travis_proxy_event_voltage
89.960000,1.00000000,travis_proxy_event_voltage
89.980000,1.00000000,travis_proxy_event_voltage
90.000000,1.00000000,travis_proxy_event_voltage
90.020000,1.00000000,travis_proxy_event_voltage
90.040000,1.00000000,travis_proxy_event_voltage
90.060000,1.00000000,travis_proxy_event_voltage
90.080000,1.00000000,travis_proxy_event_voltage
90.100000,1.00000000,travis_proxy_event_voltage
90.120000,1.00000000,travis_proxy_event_voltage
90.140000,1.00000000,travis_proxy_event_voltage
90.160000,1.00000000,travis_proxy_event_voltage
90.180000,1.00000000,travis_proxy_event_voltage
90.200000,1.00000000,travis_proxy_event_voltage
90.220000,1.00000000,travis_proxy_event_voltage
90.240000,1.00000000,travis_proxy_event_voltage
90.260000,1.00000000,travis_proxy_event_voltage
90.280000,1.00000000,travis_proxy_event_voltage
90.300000,1.00000000,travis_proxy_event_voltage
90.320000,1.00000000,travis_proxy_event_voltage
90.340000,1.00000000,travis_proxy_event_voltage
90.360000,1.00000000,travis_proxy_event_voltage
90.380000,1.00000000,travis_proxy_event_voltage
90.400000,1.00000000,travis_proxy_event_voltage
90.420000,1.00000000,travis_proxy_event_voltage
90.440000,1.00000000,travis_proxy_event_voltage
90.460000,1.00000000,travis_proxy_event_voltage
90.480000,1.00000000,travis_proxy_event_voltage
90.500000,1.00000000,travis_proxy_event_voltage
90.520000,1.00000000,travis_proxy_event_voltage
90.540000,1.00000000,travis_proxy_event_voltage
90.560000,1.00000000,travis_proxy_event_voltage
90.580000,1.00000000,travis_proxy_event_voltage
90.600000,1.00000000,travis_proxy_event_voltage
90.620000,1.00000000,travis_proxy_event_voltage
90.640000,1.00000000,travis_proxy_event_voltage
90.660000,1.00000000,travis_proxy_event_voltage
90.680000,1.00000000,travis_proxy_event_voltage
90.700000,1.00000000,travis_proxy_event_voltage
90.720000,1.00000000,travis_proxy_event_voltage
90.740000,1.00000000,travis_proxy_event_voltage
90.760000,1.00000000,travis_proxy_event_voltage
90.780000,1.00000000,travis_proxy_event_voltage
90.800000,1.00000000,travis_proxy_event_voltage
90.820000,1.00000000,travis_proxy_event_voltage
90.840000,1.00000000,travis_proxy_event_voltage
90.860000,1.00000000,travis_proxy_event_voltage
90.880000,1.00000000,travis_proxy_event_voltage
90.900000,1.00000000,travis_proxy_event_voltage
90.920000,1.00000000,travis_proxy_event_voltage
90.940000,1.00000000,travis_proxy_event_voltage
90.960000,1.00000000,travis_proxy_event_voltage
90.980000,1.00000000,travis_proxy_event_voltage
91.000000,1.00000000,travis_proxy_event_voltage
91.020000,1.00000000,travis_proxy_event_voltage
91.040000,1.00000000,travis_proxy_event_voltage
91.060000,1.00000000,travis_proxy_event_voltage
91.080000,1.00000000,travis_proxy_event_voltage
91.100000,1.00000000,travis_proxy_event_voltage
91.120000,1.00000000,travis_proxy_event_voltage
91.140000,1.00000000,travis_proxy_event_voltage
91.160000,1.00000000,travis_proxy_event_voltage
91.180000,1.00000000,travis_proxy_event_voltage
91.200000,1.00000000,travis_proxy_event_voltage
91.220000,1.00000000,travis_proxy_event_voltage
91.240000,1.00000000,travis_proxy_event_voltage
91.260000,1.00000000,travis_proxy_event_voltage
91.280000,1.00000000,travis_proxy_event_voltage
91.300000,1.00000000,travis_proxy_event_voltage
91.320000,1.00000000,travis_proxy_event_voltage
91.340000,1.00000000,travis_proxy_event_voltage
91.360000,1.00000000,travis_proxy_event_voltage
91.380000,1.00000000,travis_proxy_event_voltage
91.400000,1.00000000,travis_proxy_event_voltage
91.420000,1.00000000,travis_proxy_event_voltage
91.440000,1.00000000,travis_proxy_event_voltage
91.460000,1.00000000,travis_proxy_event_voltage
91.480000,1.00000000,travis_proxy_event_voltage
91.500000,1.00000000,travis_proxy_event_voltage
91.520000,1.00000000,travis_proxy_event_voltage
91.540000,1.00000000,travis_proxy_event_voltage
91.560000,1.00000000,travis_proxy_event_voltage
91.580000,1.00000000,travis_proxy_event_voltage
91.600000,1.00000000,travis_proxy_event_voltage
91.620000,1.00000000,travis_proxy_event_voltage
91.640000,1.00000000,travis_proxy_event_voltage
91.660000,1.00000000,travis_proxy_event_voltage
91.680000,1.00000000,travis_proxy_event_voltage
91.700000,1.00000000,travis_proxy_event_voltage
91.720000,1.00000000,travis_proxy_event_voltage
91.740000,1.00000000,travis_proxy_event_voltage
91.760000,1.00000000,travis_proxy_event_voltage
91.780000,1.00000000,travis_proxy_event_voltage
91.800000,1.00000000,travis_proxy_event_voltage
91.820000,1.00000000,travis_proxy_event_voltage
91.840000,1.00000000,travis_proxy_event_voltage
91.860000,1.00000000,travis_proxy_event_voltage
91.880000,1.00000000,travis_proxy_event_voltage
91.900000,1.00000000,travis_proxy_event_voltage
91.920000,1.00000000,travis_proxy_event_voltage
91.940000,1.00000000,travis_proxy_event_voltage
91.960000,1.00000000,travis_proxy_event_voltage
91.980000,1.00000000,travis_proxy_event_voltage
92.000000,1.00000000,travis_proxy_event_voltage
92.020000,1.00000000,travis_proxy_event_voltage
92.040000,1.00000000,travis_proxy_event_voltage
92.060000,1.00000000,travis_proxy_event_voltage
92.080000,1.00000000,travis_proxy_event_voltage
92.100000,1.00000000,travis_proxy_event_voltage
92.120000,1.00000000,travis_proxy_event_voltage
92.140000,1.00000000,travis_proxy_event_voltage
92.160000,1.00000000,travis_proxy_event_voltage
92.180000,1.00000000,travis_proxy_event_voltage
92.200000,1.00000000,travis_proxy_event_voltage
92.220000,1.00000000,travis_proxy_event_voltage
92.240000,1.00000000,travis_proxy_event_voltage
92.260000,1.00000000,travis_proxy_event_voltage
92.280000,1.00000000,travis_proxy_event_voltage
92.300000,1.00000000,travis_proxy_event_voltage
92.320000,1.00000000,travis_proxy_event_voltage
92.340000,1.00000000,travis_proxy_event_voltage
92.360000,1.00000000,travis_proxy_event_voltage
92.380000,1.00000000,travis_proxy_event_voltage
92.400000,1.00000000,travis_proxy_event_voltage
92.420000,1.00000000,travis_proxy_event_voltage
92.440000,1.00000000,travis_proxy_event_voltage
92.460000,1.00000000,travis_proxy_event_voltage
92.480000,1.00000000,travis_proxy_event_voltage
92.500000,1.00000000,travis_proxy_event_voltage
92.520000,1.00000000,travis_proxy_event_voltage
92.540000,1.00000000,travis_proxy_event_voltage
92.560000,1.00000000,travis_proxy_event_voltage
92.580000,1.00000000,travis_proxy_event_voltage
92.600000,1.00000000,travis_proxy_event_voltage
92.620000,1.00000000,travis_proxy_event_voltage
92.640000,1.00000000,travis_proxy_event_voltage
92.660000,1.00000000,travis_proxy_event_voltage
92.680000,1.00000000,travis_proxy_event_voltage
92.700000,1.00000000,travis_proxy_event_voltage
92.720000,1.00000000,travis_proxy_event_voltage
92.740000,1.00000000,travis_proxy_event_voltage
92.760000,1.00000000,travis_proxy_event_voltage
92.780000,1.00000000,travis_proxy_event_voltage
92.800000,1.00000000,travis_proxy_event_voltage
92.820000,1.00000000,travis_proxy_event_voltage
92.840000,1.00000000,travis_proxy_event_voltage
92.860000,1.00000000,travis_proxy_event_voltage
92.880000,1.00000000,travis_proxy_event_voltage
92.900000,1.00000000,travis_proxy_event_voltage
92.920000,1.00000000,travis_proxy_event_voltage
92.940000,1.00000000,travis_proxy_event_voltage
92.960000,1.00000000,travis_proxy_event_voltage
92.980000,1.00000000,travis_proxy_event_voltage
93.000000,1.00000000,travis_proxy_event_voltage
93.020000,1.00000000,travis_proxy_event_voltage
93.040000,1.00000000,travis_proxy_event_voltage
93.060000,1.00000000,travis_proxy_event_voltage
93.080000,1.00000000,travis_proxy_event_voltage
93.100000,1.00000000,travis_proxy_event_voltage
93.120000,1.00000000,travis_proxy_event_voltage
93.140000,1.00000000,travis_proxy_event_voltage
93.160000,1.00000000,travis_proxy_event_voltage
93.180000,1.00000000,travis_proxy_event_voltage
93.200000,1.00000000,travis_proxy_event_voltage
93.220000,1.00000000,travis_proxy_event_voltage
93.240000,1.00000000,travis_proxy_event_voltage
93.260000,1.00000000,travis_proxy_event_voltage
93.280000,1.00000000,travis_proxy_event_voltage
93.300000,1.00000000,travis_proxy_event_voltage
93.320000,1.00000000,travis_proxy_event_voltage
93.340000,1.00000000,travis_proxy_event_voltage
93.360000,1.00000000,travis_proxy_event_voltage
93.380000,1.00000000,travis_proxy_event_voltage
93.400000,1.00000000,travis_proxy_event_voltage
93.420000,1.00000000,travis_proxy_event_voltage
93.440000,1.00000000,travis_proxy_event_voltage
93.460000,1.00000000,travis_proxy_event_voltage
93.480000,1.00000000,travis_proxy_event_voltage
93.500000,1.00000000,travis_proxy_event_voltage
93.520000,1.00000000,travis_proxy_event_voltage
93.540000,1.00000000,travis_proxy_event_voltage
93.560000,1.00000000,travis_proxy_event_voltage
93.580000,1.00000000,travis_proxy_event_voltage
93.600000,1.00000000,travis_proxy_event_voltage
93.620000,1.00000000,travis_proxy_event_voltage
93.640000,1.00000000,travis_proxy_event_voltage
93.660000,1.00000000,travis_proxy_event_voltage
93.680000,1.00000000,travis_proxy_event_voltage
93.700000,1.00000000,travis_proxy_event_voltage
93.720000,1.00000000,travis_proxy_event_voltage
93.740000,1.00000000,travis_proxy_event_voltage
93.760000,1.00000000,travis_proxy_event_voltage
93.780000,1.00000000,travis_proxy_event_voltage
93.800000,1.00000000,travis_proxy_event_voltage
93.820000,1.00000000,travis_proxy_event_voltage
93.840000,1.00000000,travis_proxy_event_voltage
93.860000,1.00000000,travis_proxy_event_voltage
93.880000,1.00000000,travis_proxy_event_voltage
93.900000,1.00000000,travis_proxy_event_voltage
93.920000,1.00000000,travis_proxy_event_voltage
93.940000,1.00000000,travis_proxy_event_voltage
93.960000,1.00000000,travis_proxy_event_voltage
93.980000,1.00000000,travis_proxy_event_voltage
94.000000,1.00000000,travis_proxy_event_voltage
94.020000,1.00000000,travis_proxy_event_voltage
94.040000,1.00000000,travis_proxy_event_voltage
94.060000,1.00000000,travis_proxy_event_voltage
94.080000,1.00000000,travis_proxy_event_voltage
94.100000,1.00000000,travis_proxy_event_voltage
94.120000,1.00000000,travis_proxy_event_voltage
94.140000,1.00000000,travis_proxy_event_voltage
94.160000,1.00000000,travis_proxy_event_voltage
94.180000,1.00000000,travis_proxy_event_voltage
94.200000,1.00000000,travis_proxy_event_voltage
94.220000,1.00000000,travis_proxy_event_voltage
94.240000,1.00000000,travis_proxy_event_voltage
94.260000,1.00000000,travis_proxy_event_voltage
94.280000,1.00000000,travis_proxy_event_voltage
94.300000,1.00000000,travis_proxy_event_voltage
94.320000,1.00000000,travis_proxy_event_voltage
94.340000,1.00000000,travis_proxy_event_voltage
94.360000,1.00000000,travis_proxy_event_voltage
94.380000,1.00000000,travis_proxy_event_voltage
94.400000,1.00000000,travis_proxy_event_voltage
94.420000,1.00000000,travis_proxy_event_voltage
94.440000,1.00000000,travis_proxy_event_voltage
94.460000,1.00000000,travis_proxy_event_voltage
94.480000,1.00000000,travis_proxy_event_voltage
94.500000,1.00000000,travis_proxy_event_voltage
94.520000,1.00000000,travis_proxy_event_voltage
94.540000,1.00000000,travis_proxy_event_voltage
94.560000,1.00000000,travis_proxy_event_voltage
94.580000,1.00000000,travis_proxy_event_voltage
94.600000,1.00000000,travis_proxy_event_voltage
94.620000,1.00000000,travis_proxy_event_voltage
94.640000,1.00000000,travis_proxy_event_voltage
94.660000,1.00000000,travis_proxy_event_voltage
94.680000,1.00000000,travis_proxy_event_voltage
94.700000,1.00000000,travis_proxy_event_voltage
94.720000,1.00000000,travis_proxy_event_voltage
94.740000,1.00000000,travis_proxy_event_voltage
94.760000,1.00000000,travis_proxy_event_voltage
94.780000,1.00000000,travis_proxy_event_voltage
94.800000,1.00000000,travis_proxy_event_voltage
94.820000,1.00000000,travis_proxy_event_voltage
94.840000,1.00000000,travis_proxy_event_voltage
94.860000,1.00000000,travis_proxy_event_voltage
94.880000,1.00000000,travis_proxy_event_voltage
94.900000,1.00000000,travis_proxy_event_voltage
94.920000,1.00000000,travis_proxy_event_voltage
94.940000,1.00000000,travis_proxy_event_voltage
94.960000,1.00000000,travis_proxy_event_voltage
94.980000,1.00000000,travis_proxy_event_voltage
95.000000,1.00000000,travis_proxy_event_voltage
95.020000,1.00000000,travis_proxy_event_voltage
95.040000,1.00000000,travis_proxy_event_voltage
95.060000,1.00000000,travis_proxy_event_voltage
95.080000,1.00000000,travis_proxy_event_voltage
95.100000,1.00000000,travis_proxy_event_voltage
95.120000,1.00000000,travis_proxy_event_voltage
95.140000,1.00000000,travis_proxy_event_voltage
95.160000,1.00000000,travis_proxy_event_voltage
95.180000,1.00000000,travis_proxy_event_voltage
95.200000,1.00000000,travis_proxy_event_voltage
95.220000,1.00000000,travis_proxy_event_voltage
95.240000,1.00000000,travis_proxy_event_voltage
95.260000,1.00000000,travis_proxy_event_voltage
95.280000,1.00000000,travis_proxy_event_voltage
95.300000,1.00000000,travis_proxy_event_voltage
95.320000,1.00000000,travis_proxy_event_voltage
95.340000,1.00000000,travis_proxy_event_voltage
95.360000,1.00000000,travis_proxy_event_voltage
95.380000,1.00000000,travis_proxy_event_voltage
95.400000,1.00000000,travis_proxy_event_voltage
95.420000,1.00000000,travis_proxy_event_voltage
95.440000,1.00000000,travis_proxy_event_voltage
95.460000,1.00000000,travis_proxy_event_voltage
95.480000,1.00000000,travis_proxy_event_voltage
95.500000,1.00000000,travis_proxy_event_voltage
95.520000,1.00000000,travis_proxy_event_voltage
95.540000,1.00000000,travis_proxy_event_voltage
95.560000,1.00000000,travis_proxy_event_voltage
95.580000,1.00000000,travis_proxy_event_voltage
95.600000,0.32000000,travis_proxy_event_voltage
95.620000,0.32000000,travis_proxy_event_voltage
95.640000,0.32000000,travis_proxy_event_voltage
95.660000,1.00000000,travis_proxy_event_voltage
95.680000,1.00000000,travis_proxy_event_voltage
95.700000,1.00000000,travis_proxy_event_voltage
95.720000,1.00000000,travis_proxy_event_voltage
95.740000,1.00000000,travis_proxy_event_voltage
95.760000,1.00000000,travis_proxy_event_voltage
95.780000,1.00000000,travis_proxy_event_voltage
95.800000,1.00000000,travis_proxy_event_voltage
95.820000,1.00000000,travis_proxy_event_voltage
95.840000,1.00000000,travis_proxy_event_voltage
95.860000,1.00000000,travis_proxy_event_voltage
95.880000,1.00000000,travis_proxy_event_voltage
95.900000,1.00000000,travis_proxy_event_voltage
95.920000,1.00000000,travis_proxy_event_voltage
95.940000,1.00000000,travis_proxy_event_voltage
95.960000,1.00000000,travis_proxy_event_voltage
95.980000,1.00000000,travis_proxy_event_voltage
96.000000,1.00000000,travis_proxy_event_voltage
96.020000,1.00000000,travis_proxy_event_voltage
96.040000,1.00000000,travis_proxy_event_voltage
96.060000,1.00000000,travis_proxy_event_voltage
96.080000,1.00000000,travis_proxy_event_voltage
96.100000,1.00000000,travis_proxy_event_voltage
96.120000,1.00000000,travis_proxy_event_voltage
96.140000,1.00000000,travis_proxy_event_voltage
96.160000,1.00000000,travis_proxy_event_voltage
96.180000,1.00000000,travis_proxy_event_voltage
96.200000,1.00000000,travis_proxy_event_voltage
96.220000,1.00000000,travis_proxy_event_voltage
96.240000,1.00000000,travis_proxy_event_voltage
96.260000,1.00000000,travis_proxy_event_voltage
96.280000,1.00000000,travis_proxy_event_voltage
96.300000,1.00000000,travis_proxy_event_voltage
96.320000,1.00000000,travis_proxy_event_voltage
96.340000,1.00000000,travis_proxy_event_voltage
96.360000,1.00000000,travis_proxy_event_voltage
96.380000,1.00000000,travis_proxy_event_voltage
96.400000,1.00000000,travis_proxy_event_voltage
96.420000,1.00000000,travis_proxy_event_voltage
96.440000,1.00000000,travis_proxy_event_voltage
96.460000,1.00000000,travis_proxy_event_voltage
96.480000,1.00000000,travis_proxy_event_voltage
96.500000,1.00000000,travis_proxy_event_voltage
96.520000,1.00000000,travis_proxy_event_voltage
96.540000,1.00000000,travis_proxy_event_voltage
96.560000,1.00000000,travis_proxy_event_voltage
96.580000,1.00000000,travis_proxy_event_voltage
96.600000,1.00000000,travis_proxy_event_voltage
96.620000,1.00000000,travis_proxy_event_voltage
96.640000,1.00000000,travis_proxy_event_voltage
96.660000,1.00000000,travis_proxy_event_voltage
96.680000,1.00000000,travis_proxy_event_voltage
96.700000,1.00000000,travis_proxy_event_voltage
96.720000,1.00000000,travis_proxy_event_voltage
96.740000,1.00000000,travis_proxy_event_voltage
96.760000,1.00000000,travis_proxy_event_voltage
96.780000,1.00000000,travis_proxy_event_voltage
96.800000,1.00000000,travis_proxy_event_voltage
96.820000,1.00000000,travis_proxy_event_voltage
96.840000,1.00000000,travis_proxy_event_voltage
96.860000,1.00000000,travis_proxy_event_voltage
96.880000,1.00000000,travis_proxy_event_voltage
96.900000,1.00000000,travis_proxy_event_voltage
96.920000,1.00000000,travis_proxy_event_voltage
96.940000,1.00000000,travis_proxy_event_voltage
96.960000,1.00000000,travis_proxy_event_voltage
96.980000,1.00000000,travis_proxy_event_voltage
97.000000,1.00000000,travis_proxy_event_voltage
97.020000,1.00000000,travis_proxy_event_voltage
97.040000,1.00000000,travis_proxy_event_voltage
97.060000,1.00000000,travis_proxy_event_voltage
97.080000,1.00000000,travis_proxy_event_voltage
97.100000,1.00000000,travis_proxy_event_voltage
97.120000,1.00000000,travis_proxy_event_voltage
97.140000,1.00000000,travis_proxy_event_voltage
97.160000,1.00000000,travis_proxy_event_voltage
97.180000,1.00000000,travis_proxy_event_voltage
97.200000,1.00000000,travis_proxy_event_voltage
97.220000,1.00000000,travis_proxy_event_voltage
97.240000,1.00000000,travis_proxy_event_voltage
97.260000,1.00000000,travis_proxy_event_voltage
97.280000,1.00000000,travis_proxy_event_voltage
97.300000,1.00000000,travis_proxy_event_voltage
97.320000,1.00000000,travis_proxy_event_voltage
97.340000,1.00000000,travis_proxy_event_voltage
97.360000,1.00000000,travis_proxy_event_voltage
97.380000,1.00000000,travis_proxy_event_voltage
97.400000,1.00000000,travis_proxy_event_voltage
97.420000,1.00000000,travis_proxy_event_voltage
97.440000,1.00000000,travis_proxy_event_voltage
97.460000,1.00000000,travis_proxy_event_voltage
97.480000,1.00000000,travis_proxy_event_voltage
97.500000,1.00000000,travis_proxy_event_voltage
97.520000,1.00000000,travis_proxy_event_voltage
97.540000,1.00000000,travis_proxy_event_voltage
97.560000,1.00000000,travis_proxy_event_voltage
97.580000,1.00000000,travis_proxy_event_voltage
97.600000,1.00000000,travis_proxy_event_voltage
97.620000,1.00000000,travis_proxy_event_voltage
97.640000,1.00000000,travis_proxy_event_voltage
97.660000,1.00000000,travis_proxy_event_voltage
97.680000,1.00000000,travis_proxy_event_voltage
97.700000,1.00000000,travis_proxy_event_voltage
97.720000,1.00000000,travis_proxy_event_voltage
97.740000,1.00000000,travis_proxy_event_voltage
97.760000,1.00000000,travis_proxy_event_voltage
97.780000,1.00000000,travis_proxy_event_voltage
97.800000,1.00000000,travis_proxy_event_voltage
97.820000,1.00000000,travis_proxy_event_voltage
97.840000,1.00000000,travis_proxy_event_voltage
97.860000,1.00000000,travis_proxy_event_voltage
97.880000,1.00000000,travis_proxy_event_voltage
97.900000,1.00000000,travis_proxy_event_voltage
97.920000,1.00000000,travis_proxy_event_voltage
97.940000,1.00000000,travis_proxy_event_voltage
97.960000,1.00000000,travis_proxy_event_voltage
97.980000,1.00000000,travis_proxy_event_voltage
98.000000,1.00000000,travis_proxy_event_voltage
98.020000,1.00000000,travis_proxy_event_voltage
98.040000,1.00000000,travis_proxy_event_voltage
98.060000,1.00000000,travis_proxy_event_voltage
98.080000,1.00000000,travis_proxy_event_voltage
98.100000,1.00000000,travis_proxy_event_voltage
98.120000,1.00000000,travis_proxy_event_voltage
98.140000,1.00000000,travis_proxy_event_voltage
98.160000,1.00000000,travis_proxy_event_voltage
98.180000,1.00000000,travis_proxy_event_voltage
98.200000,1.00000000,travis_proxy_event_voltage
98.220000,1.00000000,travis_proxy_event_voltage
98.240000,1.00000000,travis_proxy_event_voltage
98.260000,1.00000000,travis_proxy_event_voltage
98.280000,1.00000000,travis_proxy_event_voltage
98.300000,1.00000000,travis_proxy_event_voltage
98.320000,1.00000000,travis_proxy_event_voltage
98.340000,1.00000000,travis_proxy_event_voltage
98.360000,1.00000000,travis_proxy_event_voltage
98.380000,1.00000000,travis_proxy_event_voltage
98.400000,1.00000000,travis_proxy_event_voltage
98.420000,1.00000000,travis_proxy_event_voltage
98.440000,1.00000000,travis_proxy_event_voltage
98.460000,1.00000000,travis_proxy_event_voltage
98.480000,1.00000000,travis_proxy_event_voltage
98.500000,1.00000000,travis_proxy_event_voltage
98.520000,1.00000000,travis_proxy_event_voltage
98.540000,1.00000000,travis_proxy_event_voltage
98.560000,1.00000000,travis_proxy_event_voltage
98.580000,1.00000000,travis_proxy_event_voltage
98.600000,1.00000000,travis_proxy_event_voltage
98.620000,1.00000000,travis_proxy_event_voltage
98.640000,1.00000000,travis_proxy_event_voltage
98.660000,1.00000000,travis_proxy_event_voltage
98.680000,1.00000000,travis_proxy_event_voltage
98.700000,1.00000000,travis_proxy_event_voltage
98.720000,1.00000000,travis_proxy_event_voltage
98.740000,1.00000000,travis_proxy_event_voltage
98.760000,1.00000000,travis_proxy_event_voltage
98.780000,1.00000000,travis_proxy_event_voltage
98.800000,1.00000000,travis_proxy_event_voltage
98.820000,1.00000000,travis_proxy_event_voltage
98.840000,1.00000000,travis_proxy_event_voltage
98.860000,1.00000000,travis_proxy_event_voltage
98.880000,1.00000000,travis_proxy_event_voltage
98.900000,1.00000000,travis_proxy_event_voltage
98.920000,1.00000000,travis_proxy_event_voltage
98.940000,1.00000000,travis_proxy_event_voltage
98.960000,1.00000000,travis_proxy_event_voltage
98.980000,1.00000000,travis_proxy_event_voltage
99.000000,1.00000000,travis_proxy_event_voltage
99.020000,1.00000000,travis_proxy_event_voltage
99.040000,1.00000000,travis_proxy_event_voltage
99.060000,1.00000000,travis_proxy_event_voltage
99.080000,1.00000000,travis_proxy_event_voltage
99.100000,1.00000000,travis_proxy_event_voltage
99.120000,1.00000000,travis_proxy_event_voltage
99.140000,1.00000000,travis_proxy_event_voltage
99.160000,1.00000000,travis_proxy_event_voltage
99.180000,1.00000000,travis_proxy_event_voltage
99.200000,1.00000000,travis_proxy_event_voltage
99.220000,1.00000000,travis_proxy_event_voltage
99.240000,1.00000000,travis_proxy_event_voltage
99.260000,1.00000000,travis_proxy_event_voltage
99.280000,1.00000000,travis_proxy_event_voltage
99.300000,1.00000000,travis_proxy_event_voltage
99.320000,1.00000000,travis_proxy_event_voltage
99.340000,1.00000000,travis_proxy_event_voltage
99.360000,1.00000000,travis_proxy_event_voltage
99.380000,1.00000000,travis_proxy_event_voltage
99.400000,1.00000000,travis_proxy_event_voltage
99.420000,1.00000000,travis_proxy_event_voltage
99.440000,1.00000000,travis_proxy_event_voltage
99.460000,1.00000000,travis_proxy_event_voltage
99.480000,1.00000000,travis_proxy_event_voltage
99.500000,1.00000000,travis_proxy_event_voltage
99.520000,1.00000000,travis_proxy_event_voltage
99.540000,1.00000000,travis_proxy_event_voltage
99.560000,1.00000000,travis_proxy_event_voltage
99.580000,1.00000000,travis_proxy_event_voltage
99.600000,1.00000000,travis_proxy_event_voltage
99.620000,1.00000000,travis_proxy_event_voltage
99.640000,1.00000000,travis_proxy_event_voltage
99.660000,1.00000000,travis_proxy_event_voltage
99.680000,1.00000000,travis_proxy_event_voltage
99.700000,1.00000000,travis_proxy_event_voltage
99.720000,1.00000000,travis_proxy_event_voltage
99.740000,1.00000000,travis_proxy_event_voltage
99.760000,1.00000000,travis_proxy_event_voltage
99.780000,1.00000000,travis_proxy_event_voltage
99.800000,1.00000000,travis_proxy_event_voltage
99.820000,1.00000000,travis_proxy_event_voltage
99.840000,1.00000000,travis_proxy_event_voltage
99.860000,1.00000000,travis_proxy_event_voltage
99.880000,1.00000000,travis_proxy_event_voltage
99.900000,1.00000000,travis_proxy_event_voltage
99.920000,1.00000000,travis_proxy_event_voltage
99.940000,1.00000000,travis_proxy_event_voltage
99.960000,1.00000000,travis_proxy_event_voltage
99.980000,1.00000000,travis_proxy_event_voltage
100.000000,1.00000000,travis_proxy_event_voltage
100.020000,1.00000000,travis_proxy_event_voltage
100.040000,1.00000000,travis_proxy_event_voltage
100.060000,1.00000000,travis_proxy_event_voltage
100.080000,1.00000000,travis_proxy_event_voltage
100.100000,1.00000000,travis_proxy_event_voltage
100.120000,1.00000000,travis_proxy_event_voltage
100.140000,1.00000000,travis_proxy_event_voltage
100.160000,1.00000000,travis_proxy_event_voltage
100.180000,1.00000000,travis_proxy_event_voltage
100.200000,1.00000000,travis_proxy_event_voltage
100.220000,1.00000000,travis_proxy_event_voltage
100.240000,1.00000000,travis_proxy_event_voltage
100.260000,1.00000000,travis_proxy_event_voltage
100.280000,1.00000000,travis_proxy_event_voltage
100.300000,1.00000000,travis_proxy_event_voltage
100.320000,1.00000000,travis_proxy_event_voltage
100.340000,1.00000000,travis_proxy_event_voltage
100.360000,1.00000000,travis_proxy_event_voltage
100.380000,1.00000000,travis_proxy_event_voltage
100.400000,1.00000000,travis_proxy_event_voltage
100.420000,1.00000000,travis_proxy_event_voltage
100.440000,1.00000000,travis_proxy_event_voltage
100.460000,1.00000000,travis_proxy_event_voltage
100.480000,1.00000000,travis_proxy_event_voltage
100.500000,1.00000000,travis_proxy_event_voltage
100.520000,1.00000000,travis_proxy_event_voltage
100.540000,1.00000000,travis_proxy_event_voltage
100.560000,1.00000000,travis_proxy_event_voltage
100.580000,1.00000000,travis_proxy_event_voltage
100.600000,1.00000000,travis_proxy_event_voltage
100.620000,1.00000000,travis_proxy_event_voltage
100.640000,1.00000000,travis_proxy_event_voltage
100.660000,1.00000000,travis_proxy_event_voltage
100.680000,1.00000000,travis_proxy_event_voltage
100.700000,1.00000000,travis_proxy_event_voltage
100.720000,1.00000000,travis_proxy_event_voltage
100.740000,1.00000000,travis_proxy_event_voltage
100.760000,1.00000000,travis_proxy_event_voltage
100.780000,1.00000000,travis_proxy_event_voltage
100.800000,1.00000000,travis_proxy_event_voltage
100.820000,1.00000000,travis_proxy_event_voltage
100.840000,1.00000000,travis_proxy_event_voltage
100.860000,1.00000000,travis_proxy_event_voltage
100.880000,1.00000000,travis_proxy_event_voltage
100.900000,1.00000000,travis_proxy_event_voltage
100.920000,1.00000000,travis_proxy_event_voltage
100.940000,1.00000000,travis_proxy_event_voltage
100.960000,1.00000000,travis_proxy_event_voltage
100.980000,1.00000000,travis_proxy_event_voltage
101.000000,1.00000000,travis_proxy_event_voltage
101.020000,1.00000000,travis_proxy_event_voltage
101.040000,1.00000000,travis_proxy_event_voltage
101.060000,1.00000000,travis_proxy_event_voltage
101.080000,1.00000000,travis_proxy_event_voltage
101.100000,1.00000000,travis_proxy_event_voltage
101.120000,1.00000000,travis_proxy_event_voltage
101.140000,1.00000000,travis_proxy_event_voltage
101.160000,1.00000000,travis_proxy_event_voltage
101.180000,1.00000000,travis_proxy_event_voltage
101.200000,1.00000000,travis_proxy_event_voltage
101.220000,1.00000000,travis_proxy_event_voltage
101.240000,1.00000000,travis_proxy_event_voltage
101.260000,1.00000000,travis_proxy_event_voltage
101.280000,1.00000000,travis_proxy_event_voltage
101.300000,1.00000000,travis_proxy_event_voltage
101.320000,1.00000000,travis_proxy_event_voltage
101.340000,1.00000000,travis_proxy_event_voltage
101.360000,1.00000000,travis_proxy_event_voltage
101.380000,1.00000000,travis_proxy_event_voltage
101.400000,1.00000000,travis_proxy_event_voltage
101.420000,1.00000000,travis_proxy_event_voltage
101.440000,1.00000000,travis_proxy_event_voltage
101.460000,1.00000000,travis_proxy_event_voltage
101.480000,1.00000000,travis_proxy_event_voltage
101.500000,1.00000000,travis_proxy_event_voltage
101.520000,1.00000000,travis_proxy_event_voltage
101.540000,1.00000000,travis_proxy_event_voltage
101.560000,1.00000000,travis_proxy_event_voltage
101.580000,1.00000000,travis_proxy_event_voltage
101.600000,1.00000000,travis_proxy_event_voltage
101.620000,1.00000000,travis_proxy_event_voltage
101.640000,1.00000000,travis_proxy_event_voltage
101.660000,1.00000000,travis_proxy_event_voltage
101.680000,1.00000000,travis_proxy_event_voltage
101.700000,1.00000000,travis_proxy_event_voltage
101.720000,1.00000000,travis_proxy_event_voltage
101.740000,1.00000000,travis_proxy_event_voltage
101.760000,1.00000000,travis_proxy_event_voltage
101.780000,1.00000000,travis_proxy_event_voltage
101.800000,1.00000000,travis_proxy_event_voltage
101.820000,1.00000000,travis_proxy_event_voltage
101.840000,1.00000000,travis_proxy_event_voltage
101.860000,1.00000000,travis_proxy_event_voltage
101.880000,1.00000000,travis_proxy_event_voltage
101.900000,1.00000000,travis_proxy_event_voltage
101.920000,1.00000000,travis_proxy_event_voltage
101.940000,1.00000000,travis_proxy_event_voltage
101.960000,1.00000000,travis_proxy_event_voltage
101.980000,1.00000000,travis_proxy_event_voltage
102.000000,1.00000000,travis_proxy_event_voltage
102.020000,1.00000000,travis_proxy_event_voltage
102.040000,1.00000000,travis_proxy_event_voltage
102.060000,1.00000000,travis_proxy_event_voltage
102.080000,1.00000000,travis_proxy_event_voltage
102.100000,1.00000000,travis_proxy_event_voltage
102.120000,1.00000000,travis_proxy_event_voltage
102.140000,1.00000000,travis_proxy_event_voltage
102.160000,1.00000000,travis_proxy_event_voltage
102.180000,1.00000000,travis_proxy_event_voltage
102.200000,1.00000000,travis_proxy_event_voltage
102.220000,1.00000000,travis_proxy_event_voltage
102.240000,1.00000000,travis_proxy_event_voltage
102.260000,1.00000000,travis_proxy_event_voltage
102.280000,1.00000000,travis_proxy_event_voltage
102.300000,1.00000000,travis_proxy_event_voltage
102.320000,1.00000000,travis_proxy_event_voltage
102.340000,1.00000000,travis_proxy_event_voltage
102.360000,1.00000000,travis_proxy_event_voltage
102.380000,1.00000000,travis_proxy_event_voltage
102.400000,1.00000000,travis_proxy_event_voltage
102.420000,1.00000000,travis_proxy_event_voltage
102.440000,1.00000000,travis_proxy_event_voltage
102.460000,1.00000000,travis_proxy_event_voltage
102.480000,1.00000000,travis_proxy_event_voltage
102.500000,1.00000000,travis_proxy_event_voltage
102.520000,1.00000000,travis_proxy_event_voltage
102.540000,1.00000000,travis_proxy_event_voltage
102.560000,1.00000000,travis_proxy_event_voltage
102.580000,1.00000000,travis_proxy_event_voltage
102.600000,1.00000000,travis_proxy_event_voltage
102.620000,1.00000000,travis_proxy_event_voltage
102.640000,1.00000000,travis_proxy_event_voltage
102.660000,1.00000000,travis_proxy_event_voltage
102.680000,1.00000000,travis_proxy_event_voltage
102.700000,1.00000000,travis_proxy_event_voltage
102.720000,1.00000000,travis_proxy_event_voltage
102.740000,1.00000000,travis_proxy_event_voltage
102.760000,1.00000000,travis_proxy_event_voltage
102.780000,1.00000000,travis_proxy_event_voltage
102.800000,1.00000000,travis_proxy_event_voltage
102.820000,1.00000000,travis_proxy_event_voltage
102.840000,1.00000000,travis_proxy_event_voltage
102.860000,1.00000000,travis_proxy_event_voltage
102.880000,1.00000000,travis_proxy_event_voltage
102.900000,1.00000000,travis_proxy_event_voltage
102.920000,1.00000000,travis_proxy_event_voltage
102.940000,1.00000000,travis_proxy_event_voltage
102.960000,1.00000000,travis_proxy_event_voltage
102.980000,1.00000000,travis_proxy_event_voltage
103.000000,1.00000000,travis_proxy_event_voltage
103.020000,1.00000000,travis_proxy_event_voltage
103.040000,1.00000000,travis_proxy_event_voltage
103.060000,1.00000000,travis_proxy_event_voltage
103.080000,1.00000000,travis_proxy_event_voltage
103.100000,1.00000000,travis_proxy_event_voltage
103.120000,1.00000000,travis_proxy_event_voltage
103.140000,1.00000000,travis_proxy_event_voltage
103.160000,1.00000000,travis_proxy_event_voltage
103.180000,1.00000000,travis_proxy_event_voltage
103.200000,1.00000000,travis_proxy_event_voltage
103.220000,1.00000000,travis_proxy_event_voltage
103.240000,1.00000000,travis_proxy_event_voltage
103.260000,1.00000000,travis_proxy_event_voltage
103.280000,1.00000000,travis_proxy_event_voltage
103.300000,1.00000000,travis_proxy_event_voltage
103.320000,1.00000000,travis_proxy_event_voltage
103.340000,1.00000000,travis_proxy_event_voltage
103.360000,1.00000000,travis_proxy_event_voltage
103.380000,1.00000000,travis_proxy_event_voltage
103.400000,1.00000000,travis_proxy_event_voltage
103.420000,1.00000000,travis_proxy_event_voltage
103.440000,1.00000000,travis_proxy_event_voltage
103.460000,1.00000000,travis_proxy_event_voltage
103.480000,1.00000000,travis_proxy_event_voltage
103.500000,1.00000000,travis_proxy_event_voltage
103.520000,1.00000000,travis_proxy_event_voltage
103.540000,1.00000000,travis_proxy_event_voltage
103.560000,1.00000000,travis_proxy_event_voltage
103.580000,1.00000000,travis_proxy_event_voltage
103.600000,1.00000000,travis_proxy_event_voltage
103.620000,1.00000000,travis_proxy_event_voltage
103.640000,1.00000000,travis_proxy_event_voltage
103.660000,1.00000000,travis_proxy_event_voltage
103.680000,1.00000000,travis_proxy_event_voltage
103.700000,1.00000000,travis_proxy_event_voltage
103.720000,1.00000000,travis_proxy_event_voltage
103.740000,1.00000000,travis_proxy_event_voltage
103.760000,1.00000000,travis_proxy_event_voltage
103.780000,1.00000000,travis_proxy_event_voltage
103.800000,1.00000000,travis_proxy_event_voltage
103.820000,1.00000000,travis_proxy_event_voltage
103.840000,1.00000000,travis_proxy_event_voltage
103.860000,1.00000000,travis_proxy_event_voltage
103.880000,1.00000000,travis_proxy_event_voltage
103.900000,1.00000000,travis_proxy_event_voltage
103.920000,1.00000000,travis_proxy_event_voltage
103.940000,1.00000000,travis_proxy_event_voltage
103.960000,1.00000000,travis_proxy_event_voltage
103.980000,1.00000000,travis_proxy_event_voltage
104.000000,1.00000000,travis_proxy_event_voltage
104.020000,1.00000000,travis_proxy_event_voltage
104.040000,1.00000000,travis_proxy_event_voltage
104.060000,1.00000000,travis_proxy_event_voltage
104.080000,1.00000000,travis_proxy_event_voltage
104.100000,1.00000000,travis_proxy_event_voltage
104.120000,1.00000000,travis_proxy_event_voltage
104.140000,1.00000000,travis_proxy_event_voltage
104.160000,1.00000000,travis_proxy_event_voltage
104.180000,1.00000000,travis_proxy_event_voltage
104.200000,1.00000000,travis_proxy_event_voltage
104.220000,1.00000000,travis_proxy_event_voltage
104.240000,1.00000000,travis_proxy_event_voltage
104.260000,1.00000000,travis_proxy_event_voltage
104.280000,1.00000000,travis_proxy_event_voltage
104.300000,1.00000000,travis_proxy_event_voltage
104.320000,1.00000000,travis_proxy_event_voltage
104.340000,1.00000000,travis_proxy_event_voltage
104.360000,1.00000000,travis_proxy_event_voltage
104.380000,1.00000000,travis_proxy_event_voltage
104.400000,1.00000000,travis_proxy_event_voltage
104.420000,1.00000000,travis_proxy_event_voltage
104.440000,1.00000000,travis_proxy_event_voltage
104.460000,1.00000000,travis_proxy_event_voltage
104.480000,1.00000000,travis_proxy_event_voltage
104.500000,1.00000000,travis_proxy_event_voltage
104.520000,1.00000000,travis_proxy_event_voltage
104.540000,1.00000000,travis_proxy_event_voltage
104.560000,1.00000000,travis_proxy_event_voltage
104.580000,1.00000000,travis_proxy_event_voltage
104.600000,1.00000000,travis_proxy_event_voltage
104.620000,1.00000000,travis_proxy_event_voltage
104.640000,1.00000000,travis_proxy_event_voltage
104.660000,1.00000000,travis_proxy_event_voltage
104.680000,1.00000000,travis_proxy_event_voltage
104.700000,1.00000000,travis_proxy_event_voltage
104.720000,1.00000000,travis_proxy_event_voltage
104.740000,1.00000000,travis_proxy_event_voltage
104.760000,1.00000000,travis_proxy_event_voltage
104.780000,1.00000000,travis_proxy_event_voltage
104.800000,1.00000000,travis_proxy_event_voltage
104.820000,1.00000000,travis_proxy_event_voltage
104.840000,1.00000000,travis_proxy_event_voltage
104.860000,1.00000000,travis_proxy_event_voltage
104.880000,1.00000000,travis_proxy_event_voltage
104.900000,1.00000000,travis_proxy_event_voltage
104.920000,1.00000000,travis_proxy_event_voltage
104.940000,1.00000000,travis_proxy_event_voltage
104.960000,1.00000000,travis_proxy_event_voltage
104.980000,1.00000000,travis_proxy_event_voltage
105.000000,1.00000000,travis_proxy_event_voltage
105.020000,1.00000000,travis_proxy_event_voltage
105.040000,1.00000000,travis_proxy_event_voltage
105.060000,1.00000000,travis_proxy_event_voltage
105.080000,1.00000000,travis_proxy_event_voltage
105.100000,1.00000000,travis_proxy_event_voltage
105.120000,1.00000000,travis_proxy_event_voltage
105.140000,1.00000000,travis_proxy_event_voltage
105.160000,1.00000000,travis_proxy_event_voltage
105.180000,1.00000000,travis_proxy_event_voltage
105.200000,1.00000000,travis_proxy_event_voltage
105.220000,1.00000000,travis_proxy_event_voltage
105.240000,1.00000000,travis_proxy_event_voltage
105.260000,1.00000000,travis_proxy_event_voltage
105.280000,1.00000000,travis_proxy_event_voltage
105.300000,1.00000000,travis_proxy_event_voltage
105.320000,1.00000000,travis_proxy_event_voltage
105.340000,1.00000000,travis_proxy_event_voltage
105.360000,1.00000000,travis_proxy_event_voltage
105.380000,1.00000000,travis_proxy_event_voltage
105.400000,1.00000000,travis_proxy_event_voltage
105.420000,1.00000000,travis_proxy_event_voltage
105.440000,1.00000000,travis_proxy_event_voltage
105.460000,1.00000000,travis_proxy_event_voltage
105.480000,1.00000000,travis_proxy_event_voltage
105.500000,1.00000000,travis_proxy_event_voltage
105.520000,1.00000000,travis_proxy_event_voltage
105.540000,1.00000000,travis_proxy_event_voltage
105.560000,1.00000000,travis_proxy_event_voltage
105.580000,1.00000000,travis_proxy_event_voltage
105.600000,1.00000000,travis_proxy_event_voltage
105.620000,1.00000000,travis_proxy_event_voltage
105.640000,1.00000000,travis_proxy_event_voltage
105.660000,1.00000000,travis_proxy_event_voltage
105.680000,1.00000000,travis_proxy_event_voltage
105.700000,1.00000000,travis_proxy_event_voltage
105.720000,1.00000000,travis_proxy_event_voltage
105.740000,1.00000000,travis_proxy_event_voltage
105.760000,1.00000000,travis_proxy_event_voltage
105.780000,1.00000000,travis_proxy_event_voltage
105.800000,1.00000000,travis_proxy_event_voltage
105.820000,1.00000000,travis_proxy_event_voltage
105.840000,1.00000000,travis_proxy_event_voltage
105.860000,1.00000000,travis_proxy_event_voltage
105.880000,1.00000000,travis_proxy_event_voltage
105.900000,1.00000000,travis_proxy_event_voltage
105.920000,1.00000000,travis_proxy_event_voltage
105.940000,1.00000000,travis_proxy_event_voltage
105.960000,1.00000000,travis_proxy_event_voltage
105.980000,1.00000000,travis_proxy_event_voltage
106.000000,1.00000000,travis_proxy_event_voltage
106.020000,1.00000000,travis_proxy_event_voltage
106.040000,1.00000000,travis_proxy_event_voltage
106.060000,1.00000000,travis_proxy_event_voltage
106.080000,1.00000000,travis_proxy_event_voltage
106.100000,1.00000000,travis_proxy_event_voltage
106.120000,1.00000000,travis_proxy_event_voltage
106.140000,1.00000000,travis_proxy_event_voltage
106.160000,1.00000000,travis_proxy_event_voltage
106.180000,1.00000000,travis_proxy_event_voltage
106.200000,1.00000000,travis_proxy_event_voltage
106.220000,1.00000000,travis_proxy_event_voltage
106.240000,1.00000000,travis_proxy_event_voltage
106.260000,1.00000000,travis_proxy_event_voltage
106.280000,1.00000000,travis_proxy_event_voltage
106.300000,1.00000000,travis_proxy_event_voltage
106.320000,1.00000000,travis_proxy_event_voltage
106.340000,1.00000000,travis_proxy_event_voltage
106.360000,1.00000000,travis_proxy_event_voltage
106.380000,1.00000000,travis_proxy_event_voltage
106.400000,1.00000000,travis_proxy_event_voltage
106.420000,1.00000000,travis_proxy_event_voltage
106.440000,1.00000000,travis_proxy_event_voltage
106.460000,1.00000000,travis_proxy_event_voltage
106.480000,1.00000000,travis_proxy_event_voltage
106.500000,1.00000000,travis_proxy_event_voltage
106.520000,1.00000000,travis_proxy_event_voltage
106.540000,1.00000000,travis_proxy_event_voltage
106.560000,1.00000000,travis_proxy_event_voltage
106.580000,1.00000000,travis_proxy_event_voltage
106.600000,1.00000000,travis_proxy_event_voltage
106.620000,1.00000000,travis_proxy_event_voltage
106.640000,1.00000000,travis_proxy_event_voltage
106.660000,1.00000000,travis_proxy_event_voltage
106.680000,1.00000000,travis_proxy_event_voltage
106.700000,1.00000000,travis_proxy_event_voltage
106.720000,1.00000000,travis_proxy_event_voltage
106.740000,1.00000000,travis_proxy_event_voltage
106.760000,1.00000000,travis_proxy_event_voltage
106.780000,1.00000000,travis_proxy_event_voltage
106.800000,1.00000000,travis_proxy_event_voltage
106.820000,1.00000000,travis_proxy_event_voltage
106.840000,1.00000000,travis_proxy_event_voltage
106.860000,1.00000000,travis_proxy_event_voltage
106.880000,1.00000000,travis_proxy_event_voltage
106.900000,1.00000000,travis_proxy_event_voltage
106.920000,1.00000000,travis_proxy_event_voltage
106.940000,1.00000000,travis_proxy_event_voltage
106.960000,1.00000000,travis_proxy_event_voltage
106.980000,1.00000000,travis_proxy_event_voltage
107.000000,1.00000000,travis_proxy_event_voltage
107.020000,1.00000000,travis_proxy_event_voltage
107.040000,1.00000000,travis_proxy_event_voltage
107.060000,1.00000000,travis_proxy_event_voltage
107.080000,1.00000000,travis_proxy_event_voltage
107.100000,1.00000000,travis_proxy_event_voltage
107.120000,1.00000000,travis_proxy_event_voltage
107.140000,1.00000000,travis_proxy_event_voltage
107.160000,1.00000000,travis_proxy_event_voltage
107.180000,1.00000000,travis_proxy_event_voltage
107.200000,1.00000000,travis_proxy_event_voltage
107.220000,1.00000000,travis_proxy_event_voltage
107.240000,1.00000000,travis_proxy_event_voltage
107.260000,1.00000000,travis_proxy_event_voltage
107.280000,1.00000000,travis_proxy_event_voltage
107.300000,1.00000000,travis_proxy_event_voltage
107.320000,1.00000000,travis_proxy_event_voltage
107.340000,1.00000000,travis_proxy_event_voltage
107.360000,1.00000000,travis_proxy_event_voltage
107.380000,1.00000000,travis_proxy_event_voltage
107.400000,1.00000000,travis_proxy_event_voltage
107.420000,1.00000000,travis_proxy_event_voltage
107.440000,1.00000000,travis_proxy_event_voltage
107.460000,1.00000000,travis_proxy_event_voltage
107.480000,1.00000000,travis_proxy_event_voltage
107.500000,1.00000000,travis_proxy_event_voltage
107.520000,1.00000000,travis_proxy_event_voltage
107.540000,1.00000000,travis_proxy_event_voltage
107.560000,1.00000000,travis_proxy_event_voltage
107.580000,1.00000000,travis_proxy_event_voltage
107.600000,1.00000000,travis_proxy_event_voltage
107.620000,1.00000000,travis_proxy_event_voltage
107.640000,1.00000000,travis_proxy_event_voltage
107.660000,1.00000000,travis_proxy_event_voltage
107.680000,1.00000000,travis_proxy_event_voltage
107.700000,1.00000000,travis_proxy_event_voltage
107.720000,1.00000000,travis_proxy_event_voltage
107.740000,1.00000000,travis_proxy_event_voltage
107.760000,1.00000000,travis_proxy_event_voltage
107.780000,1.00000000,travis_proxy_event_voltage
107.800000,1.00000000,travis_proxy_event_voltage
107.820000,1.00000000,travis_proxy_event_voltage
107.840000,1.00000000,travis_proxy_event_voltage
107.860000,1.00000000,travis_proxy_event_voltage
107.880000,1.00000000,travis_proxy_event_voltage
107.900000,1.00000000,travis_proxy_event_voltage
107.920000,1.00000000,travis_proxy_event_voltage
107.940000,1.00000000,travis_proxy_event_voltage
107.960000,1.00000000,travis_proxy_event_voltage
107.980000,1.00000000,travis_proxy_event_voltage
108.000000,1.00000000,travis_proxy_event_voltage
108.020000,1.00000000,travis_proxy_event_voltage
108.040000,1.00000000,travis_proxy_event_voltage
108.060000,1.00000000,travis_proxy_event_voltage
108.080000,1.00000000,travis_proxy_event_voltage
108.100000,1.00000000,travis_proxy_event_voltage
108.120000,1.00000000,travis_proxy_event_voltage
108.140000,1.00000000,travis_proxy_event_voltage
108.160000,1.00000000,travis_proxy_event_voltage
108.180000,1.00000000,travis_proxy_event_voltage
108.200000,1.00000000,travis_proxy_event_voltage
108.220000,1.00000000,travis_proxy_event_voltage
108.240000,1.00000000,travis_proxy_event_voltage
108.260000,1.00000000,travis_proxy_event_voltage
108.280000,1.00000000,travis_proxy_event_voltage
108.300000,1.00000000,travis_proxy_event_voltage
108.320000,1.00000000,travis_proxy_event_voltage
108.340000,1.00000000,travis_proxy_event_voltage
108.360000,1.00000000,travis_proxy_event_voltage
108.380000,1.00000000,travis_proxy_event_voltage
108.400000,1.00000000,travis_proxy_event_voltage
108.420000,1.00000000,travis_proxy_event_voltage
108.440000,1.00000000,travis_proxy_event_voltage
108.460000,1.00000000,travis_proxy_event_voltage
108.480000,1.00000000,travis_proxy_event_voltage
108.500000,1.00000000,travis_proxy_event_voltage
108.520000,1.00000000,travis_proxy_event_voltage
108.540000,1.00000000,travis_proxy_event_voltage
108.560000,1.00000000,travis_proxy_event_voltage
108.580000,1.00000000,travis_proxy_event_voltage
108.600000,1.00000000,travis_proxy_event_voltage
108.620000,1.00000000,travis_proxy_event_voltage
108.640000,1.00000000,travis_proxy_event_voltage
108.660000,1.00000000,travis_proxy_event_voltage
108.680000,1.00000000,travis_proxy_event_voltage
108.700000,1.00000000,travis_proxy_event_voltage
108.720000,1.00000000,travis_proxy_event_voltage
108.740000,1.00000000,travis_proxy_event_voltage
108.760000,1.00000000,travis_proxy_event_voltage
108.780000,1.00000000,travis_proxy_event_voltage
108.800000,1.00000000,travis_proxy_event_voltage
108.820000,1.00000000,travis_proxy_event_voltage
108.840000,1.00000000,travis_proxy_event_voltage
108.860000,1.00000000,travis_proxy_event_voltage
108.880000,1.00000000,travis_proxy_event_voltage
108.900000,1.00000000,travis_proxy_event_voltage
108.920000,1.00000000,travis_proxy_event_voltage
108.940000,1.00000000,travis_proxy_event_voltage
108.960000,1.00000000,travis_proxy_event_voltage
108.980000,1.00000000,travis_proxy_event_voltage
109.000000,1.00000000,travis_proxy_event_voltage
109.020000,1.00000000,travis_proxy_event_voltage
109.040000,1.00000000,travis_proxy_event_voltage
109.060000,1.00000000,travis_proxy_event_voltage
109.080000,1.00000000,travis_proxy_event_voltage
109.100000,1.00000000,travis_proxy_event_voltage
109.120000,1.00000000,travis_proxy_event_voltage
109.140000,1.00000000,travis_proxy_event_voltage
109.160000,1.00000000,travis_proxy_event_voltage
109.180000,1.00000000,travis_proxy_event_voltage
109.200000,1.00000000,travis_proxy_event_voltage
109.220000,1.00000000,travis_proxy_event_voltage
109.240000,1.00000000,travis_proxy_event_voltage
109.260000,1.00000000,travis_proxy_event_voltage
109.280000,1.00000000,travis_proxy_event_voltage
109.300000,1.00000000,travis_proxy_event_voltage
109.320000,1.00000000,travis_proxy_event_voltage
109.340000,1.00000000,travis_proxy_event_voltage
109.360000,1.00000000,travis_proxy_event_voltage
109.380000,1.00000000,travis_proxy_event_voltage
109.400000,1.00000000,travis_proxy_event_voltage
109.420000,1.00000000,travis_proxy_event_voltage
109.440000,1.00000000,travis_proxy_event_voltage
109.460000,1.00000000,travis_proxy_event_voltage
109.480000,1.00000000,travis_proxy_event_voltage
109.500000,1.00000000,travis_proxy_event_voltage
109.520000,1.00000000,travis_proxy_event_voltage
109.540000,1.00000000,travis_proxy_event_voltage
109.560000,1.00000000,travis_proxy_event_voltage
109.580000,1.00000000,travis_proxy_event_voltage
109.600000,1.00000000,travis_proxy_event_voltage
109.620000,1.00000000,travis_proxy_event_voltage
109.640000,1.00000000,travis_proxy_event_voltage
109.660000,1.00000000,travis_proxy_event_voltage
109.680000,1.00000000,travis_proxy_event_voltage
109.700000,1.00000000,travis_proxy_event_voltage
109.720000,1.00000000,travis_proxy_event_voltage
109.740000,1.00000000,travis_proxy_event_voltage
109.760000,1.00000000,travis_proxy_event_voltage
109.780000,1.00000000,travis_proxy_event_voltage
109.800000,1.00000000,travis_proxy_event_voltage
109.820000,1.00000000,travis_proxy_event_voltage
109.840000,1.00000000,travis_proxy_event_voltage
109.860000,1.00000000,travis_proxy_event_voltage
109.880000,1.00000000,travis_proxy_event_voltage
109.900000,1.00000000,travis_proxy_event_voltage
109.920000,1.00000000,travis_proxy_event_voltage
109.940000,1.00000000,travis_proxy_event_voltage
109.960000,1.00000000,travis_proxy_event_voltage
109.980000,1.00000000,travis_proxy_event_voltage
110.000000,1.00000000,travis_proxy_event_voltage
110.020000,1.00000000,travis_proxy_event_voltage
110.040000,1.00000000,travis_proxy_event_voltage
110.060000,1.00000000,travis_proxy_event_voltage
110.080000,1.00000000,travis_proxy_event_voltage
110.100000,1.00000000,travis_proxy_event_voltage
110.120000,1.00000000,travis_proxy_event_voltage
110.140000,1.00000000,travis_proxy_event_voltage
110.160000,1.00000000,travis_proxy_event_voltage
110.180000,1.00000000,travis_proxy_event_voltage
110.200000,1.00000000,travis_proxy_event_voltage
110.220000,1.00000000,travis_proxy_event_voltage
110.240000,1.00000000,travis_proxy_event_voltage
110.260000,1.00000000,travis_proxy_event_voltage
110.280000,1.00000000,travis_proxy_event_voltage
110.300000,1.00000000,travis_proxy_event_voltage
110.320000,1.00000000,travis_proxy_event_voltage
110.340000,1.00000000,travis_proxy_event_voltage
110.360000,1.00000000,travis_proxy_event_voltage
110.380000,1.00000000,travis_proxy_event_voltage
110.400000,1.00000000,travis_proxy_event_voltage
110.420000,1.00000000,travis_proxy_event_voltage
110.440000,1.00000000,travis_proxy_event_voltage
110.460000,1.00000000,travis_proxy_event_voltage
110.480000,1.00000000,travis_proxy_event_voltage
110.500000,1.00000000,travis_proxy_event_voltage
110.520000,1.00000000,travis_proxy_event_voltage
110.540000,1.00000000,travis_proxy_event_voltage
110.560000,1.00000000,travis_proxy_event_voltage
110.580000,1.00000000,travis_proxy_event_voltage
110.600000,1.00000000,travis_proxy_event_voltage
110.620000,1.00000000,travis_proxy_event_voltage
110.640000,1.00000000,travis_proxy_event_voltage
110.660000,1.00000000,travis_proxy_event_voltage
110.680000,1.00000000,travis_proxy_event_voltage
110.700000,1.00000000,travis_proxy_event_voltage
110.720000,1.00000000,travis_proxy_event_voltage
110.740000,1.00000000,travis_proxy_event_voltage
110.760000,1.00000000,travis_proxy_event_voltage
110.780000,1.00000000,travis_proxy_event_voltage
110.800000,1.00000000,travis_proxy_event_voltage
110.820000,1.00000000,travis_proxy_event_voltage
110.840000,1.00000000,travis_proxy_event_voltage
110.860000,1.00000000,travis_proxy_event_voltage
110.880000,1.00000000,travis_proxy_event_voltage
110.900000,1.00000000,travis_proxy_event_voltage
110.920000,1.00000000,travis_proxy_event_voltage
110.940000,1.00000000,travis_proxy_event_voltage
110.960000,1.00000000,travis_proxy_event_voltage
110.980000,1.00000000,travis_proxy_event_voltage
111.000000,1.00000000,travis_proxy_event_voltage
111.020000,1.00000000,travis_proxy_event_voltage
111.040000,1.00000000,travis_proxy_event_voltage
111.060000,1.00000000,travis_proxy_event_voltage
111.080000,1.00000000,travis_proxy_event_voltage
111.100000,1.00000000,travis_proxy_event_voltage
111.120000,1.00000000,travis_proxy_event_voltage
111.140000,1.00000000,travis_proxy_event_voltage
111.160000,1.00000000,travis_proxy_event_voltage
111.180000,1.00000000,travis_proxy_event_voltage
111.200000,1.00000000,travis_proxy_event_voltage
111.220000,1.00000000,travis_proxy_event_voltage
111.240000,1.00000000,travis_proxy_event_voltage
111.260000,1.00000000,travis_proxy_event_voltage
111.280000,1.00000000,travis_proxy_event_voltage
111.300000,1.00000000,travis_proxy_event_voltage
111.320000,1.00000000,travis_proxy_event_voltage
111.340000,1.00000000,travis_proxy_event_voltage
111.360000,1.00000000,travis_proxy_event_voltage
111.380000,1.00000000,travis_proxy_event_voltage
111.400000,1.00000000,travis_proxy_event_voltage
111.420000,1.00000000,travis_proxy_event_voltage
111.440000,1.00000000,travis_proxy_event_voltage
111.460000,1.00000000,travis_proxy_event_voltage
111.480000,1.00000000,travis_proxy_event_voltage
111.500000,1.00000000,travis_proxy_event_voltage
111.520000,1.00000000,travis_proxy_event_voltage
111.540000,1.00000000,travis_proxy_event_voltage
111.560000,1.00000000,travis_proxy_event_voltage
111.580000,1.00000000,travis_proxy_event_voltage
111.600000,1.00000000,travis_proxy_event_voltage
111.620000,1.00000000,travis_proxy_event_voltage
111.640000,1.00000000,travis_proxy_event_voltage
111.660000,1.00000000,travis_proxy_event_voltage
111.680000,1.00000000,travis_proxy_event_voltage
111.700000,1.00000000,travis_proxy_event_voltage
111.720000,1.00000000,travis_proxy_event_voltage
111.740000,1.00000000,travis_proxy_event_voltage
111.760000,1.00000000,travis_proxy_event_voltage
111.780000,1.00000000,travis_proxy_event_voltage
111.800000,1.00000000,travis_proxy_event_voltage
111.820000,1.00000000,travis_proxy_event_voltage
111.840000,1.00000000,travis_proxy_event_voltage
111.860000,1.00000000,travis_proxy_event_voltage
111.880000,1.00000000,travis_proxy_event_voltage
111.900000,1.00000000,travis_proxy_event_voltage
111.920000,1.00000000,travis_proxy_event_voltage
111.940000,1.00000000,travis_proxy_event_voltage
111.960000,1.00000000,travis_proxy_event_voltage
111.980000,1.00000000,travis_proxy_event_voltage
112.000000,0.37000000,travis_proxy_event_voltage
112.020000,0.37000000,travis_proxy_event_voltage
112.040000,0.37000000,travis_proxy_event_voltage
112.060000,0.37000000,travis_proxy_event_voltage
112.080000,1.00000000,travis_proxy_event_voltage
112.100000,1.00000000,travis_proxy_event_voltage
112.120000,1.00000000,travis_proxy_event_voltage
112.140000,1.00000000,travis_proxy_event_voltage
112.160000,1.00000000,travis_proxy_event_voltage
112.180000,1.00000000,travis_proxy_event_voltage
112.200000,1.00000000,travis_proxy_event_voltage
112.220000,1.00000000,travis_proxy_event_voltage
112.240000,1.00000000,travis_proxy_event_voltage
112.260000,1.00000000,travis_proxy_event_voltage
112.280000,1.00000000,travis_proxy_event_voltage
112.300000,1.00000000,travis_proxy_event_voltage
112.320000,1.00000000,travis_proxy_event_voltage
112.340000,1.00000000,travis_proxy_event_voltage
112.360000,1.00000000,travis_proxy_event_voltage
112.380000,1.00000000,travis_proxy_event_voltage
112.400000,1.00000000,travis_proxy_event_voltage
112.420000,1.00000000,travis_proxy_event_voltage
112.440000,1.00000000,travis_proxy_event_voltage
112.460000,1.00000000,travis_proxy_event_voltage
112.480000,1.00000000,travis_proxy_event_voltage
112.500000,1.00000000,travis_proxy_event_voltage
112.520000,1.00000000,travis_proxy_event_voltage
112.540000,1.00000000,travis_proxy_event_voltage
112.560000,1.00000000,travis_proxy_event_voltage
112.580000,1.00000000,travis_proxy_event_voltage
112.600000,1.00000000,travis_proxy_event_voltage
112.620000,1.00000000,travis_proxy_event_voltage
112.640000,1.00000000,travis_proxy_event_voltage
112.660000,1.00000000,travis_proxy_event_voltage
112.680000,1.00000000,travis_proxy_event_voltage
112.700000,1.00000000,travis_proxy_event_voltage
112.720000,1.00000000,travis_proxy_event_voltage
112.740000,1.00000000,travis_proxy_event_voltage
112.760000,1.00000000,travis_proxy_event_voltage
112.780000,1.00000000,travis_proxy_event_voltage
112.800000,1.00000000,travis_proxy_event_voltage
112.820000,1.00000000,travis_proxy_event_voltage
112.840000,1.00000000,travis_proxy_event_voltage
112.860000,1.00000000,travis_proxy_event_voltage
112.880000,1.00000000,travis_proxy_event_voltage
112.900000,1.00000000,travis_proxy_event_voltage
112.920000,1.00000000,travis_proxy_event_voltage
112.940000,1.00000000,travis_proxy_event_voltage
112.960000,1.00000000,travis_proxy_event_voltage
112.980000,1.00000000,travis_proxy_event_voltage
113.000000,1.00000000,travis_proxy_event_voltage
113.020000,1.00000000,travis_proxy_event_voltage
113.040000,1.00000000,travis_proxy_event_voltage
113.060000,1.00000000,travis_proxy_event_voltage
113.080000,1.00000000,travis_proxy_event_voltage
113.100000,1.00000000,travis_proxy_event_voltage
113.120000,1.00000000,travis_proxy_event_voltage
113.140000,1.00000000,travis_proxy_event_voltage
113.160000,1.00000000,travis_proxy_event_voltage
113.180000,1.00000000,travis_proxy_event_voltage
113.200000,1.00000000,travis_proxy_event_voltage
113.220000,1.00000000,travis_proxy_event_voltage
113.240000,1.00000000,travis_proxy_event_voltage
113.260000,1.00000000,travis_proxy_event_voltage
113.280000,1.00000000,travis_proxy_event_voltage
113.300000,1.00000000,travis_proxy_event_voltage
113.320000,1.00000000,travis_proxy_event_voltage
113.340000,1.00000000,travis_proxy_event_voltage
113.360000,1.00000000,travis_proxy_event_voltage
113.380000,1.00000000,travis_proxy_event_voltage
113.400000,1.00000000,travis_proxy_event_voltage
113.420000,1.00000000,travis_proxy_event_voltage
113.440000,1.00000000,travis_proxy_event_voltage
113.460000,1.00000000,travis_proxy_event_voltage
113.480000,1.00000000,travis_proxy_event_voltage
113.500000,1.00000000,travis_proxy_event_voltage
113.520000,1.00000000,travis_proxy_event_voltage
113.540000,1.00000000,travis_proxy_event_voltage
113.560000,1.00000000,travis_proxy_event_voltage
113.580000,1.00000000,travis_proxy_event_voltage
113.600000,1.00000000,travis_proxy_event_voltage
113.620000,1.00000000,travis_proxy_event_voltage
113.640000,1.00000000,travis_proxy_event_voltage
113.660000,1.00000000,travis_proxy_event_voltage
113.680000,1.00000000,travis_proxy_event_voltage
113.700000,1.00000000,travis_proxy_event_voltage
113.720000,1.00000000,travis_proxy_event_voltage
113.740000,1.00000000,travis_proxy_event_voltage
113.760000,1.00000000,travis_proxy_event_voltage
113.780000,1.00000000,travis_proxy_event_voltage
113.800000,1.00000000,travis_proxy_event_voltage
113.820000,1.00000000,travis_proxy_event_voltage
113.840000,1.00000000,travis_proxy_event_voltage
113.860000,1.00000000,travis_proxy_event_voltage
113.880000,1.00000000,travis_proxy_event_voltage
113.900000,1.00000000,travis_proxy_event_voltage
113.920000,1.00000000,travis_proxy_event_voltage
113.940000,1.00000000,travis_proxy_event_voltage
113.960000,1.00000000,travis_proxy_event_voltage
113.980000,1.00000000,travis_proxy_event_voltage
114.000000,1.00000000,travis_proxy_event_voltage
114.020000,1.00000000,travis_proxy_event_voltage
114.040000,1.00000000,travis_proxy_event_voltage
114.060000,1.00000000,travis_proxy_event_voltage
